Date,Close,High,Low,Open,Volume
2005-01-03,0.9490668177604676,0.9763585868465924,0.9387193722884624,0.9714099522075648,691992000
2005-01-04,0.9588134288787842,0.9817561904585912,0.944267346644445,0.9565637498815416,1096810400
2005-01-05,0.967211365699768,0.9784581643019248,0.960463126369022,0.9666109304665595,680433600
2005-01-06,0.9679609537124634,0.9733588627541346,0.9496662044635186,0.9697597561969742,705555200
2005-01-07,1.0384399890899658,1.044138519339943,0.9709602812903104,0.9747089481725396,2227450400
2005-01-10,1.034091591835022,1.0601834976499591,1.0178961567055231,1.0471370942658762,1725309600
2005-01-11,0.9681106805801392,1.0369398961655498,0.9618126177534924,1.0234443189673312,2611627200
2005-01-12,0.981606900691986,0.98820477896586,0.9492161424694971,0.9814566417700014,1919702400
2005-01-13,1.0466878414154053,1.1159671419388222,1.045638230881654,1.1053199767734174,3164716800
2005-01-14,1.0526853799819946,1.0754786961517029,1.0375404560935884,1.0534352733969028,1770742400
2005-01-18,1.0594332218170166,1.060183114950174,1.0159459269759743,1.0474365333805506,1006460000
2005-01-19,1.047886610031128,1.0715792688601968,1.045937548582557,1.0570339848634889,751895200
2005-01-20,1.0565845966339111,1.0687315519079166,1.0417394858683549,1.0444384422074526,914922400
2005-01-21,1.0570343732833862,1.0736790838740204,1.0496865991234152,1.0693308833506894,911332800
2005-01-24,1.0610827207565308,1.0763787023949127,1.0579336893922553,1.064382111185852,841629600
2005-01-25,1.080427169799805,1.0922735018798786,1.0637824615802474,1.0702300824341862,969231200
2005-01-26,1.08342707157135,1.090924305068023,1.0679815272525397,1.0895748771170108,739496800
2005-01-27,1.0892748832702637,1.093473625657058,1.0729299899162774,1.0820765672507318,496227200
2005-01-28,1.1093684434890747,1.1093684434890747,1.0862753102947755,1.0889750667141536,801612000
2005-01-31,1.1531556844711304,1.1680015946079694,1.1173168593562997,1.118366570174056,1681097600
2005-02-01,1.1626025438308716,1.1662016514091242,1.1483569731156806,1.1554050294156963,678395200
2005-02-02,1.1940934658050537,1.1982922088308834,1.16500198177894,1.1689009075441454,1020062400
2005-02-03,1.1668014526367188,1.191094556337344,1.1596039371922489,1.1861459203551756,731651200
2005-02-04,1.1822468042373655,1.1835963320230587,1.1626026209054394,1.1677015154803432,563556000
2005-02-07,1.1837464570999146,1.1898942601946,1.1621531158441691,1.183596098051371,524456800
2005-02-08,1.2131381034851074,1.2203356196638229,1.1814971220223958,1.1856959651022725,890019200
2005-02-09,1.1807472705841064,1.2294830429361794,1.1711506153724949,1.2152374682229012,1191456000
2005-02-10,1.1750495433807373,1.1888449405659125,1.1495572694968086,1.1804474550188064,1093019200
2005-02-11,1.2177867889404297,1.2260340149831506,1.1837467726320383,1.1975421689601962,1201054400
2005-02-14,1.2690709829330444,1.2714701210431454,1.2303828537630976,1.2405791406780744,1271463200
2005-02-15,1.325754165649414,1.335800895223756,1.2896147296424758,1.2995120010881174,2312217600
2005-02-16,1.351545810699463,1.352595420857135,1.3098581182225673,1.3218548069488811,1639243200
2005-02-17,1.3167566061019895,1.3627924973075591,1.3113578959984906,1.35934364953293,1518473600
2005-02-18,1.3017617464065552,1.3175070058886975,1.29336426133529,1.3157075018994615,1163254400
2005-02-22,1.2789684534072876,1.3241050115837951,1.2789684534072876,1.29411337797828,1219293600
2005-02-23,1.3230551481246948,1.3263536378165397,1.282867230651256,1.30041129168143,1345181600
2005-02-24,1.3335521221160889,1.3392498508427593,1.3155571817963685,1.3268039819564732,1519028000
2005-02-25,1.33445143699646,1.3482476332415756,1.322454744609403,1.3438986320394453,915510400
2005-02-28,1.345397710800171,1.353795190840215,1.3184056676630884,1.3399989017493206,651610400
2005-03-01,1.334601640701294,1.3528955947748664,1.3244045527004824,1.349297287949138,468188000
2005-03-02,1.3232042789459229,1.3462974049952705,1.32200511056216,1.3271032029137666,458161200
2005-03-03,1.253325581550598,1.3319018066129598,1.2362308972420422,1.330702638023591,1411653600
2005-03-04,1.2839173078536987,1.289914754662821,1.25512563901717,1.2824175207011848,756618800
2005-03-07,1.2821171283721924,1.2971125906291712,1.2701205383336462,1.283616114004893,450632000
2005-03-08,1.215537190437317,1.264422417123744,1.202641144807468,1.2566252667630713,1021451200
2005-03-09,1.180147409439087,1.208038816502959,1.1645524110741323,1.1888447105460331,1322465200
2005-03-10,1.1945430040359497,1.2074390445655934,1.172649846985765,1.1855458875154083,777109200
2005-03-11,1.207738757133484,1.217336308716897,1.1936436483652284,1.2059392537513007,632830800
2005-03-14,1.20923912525177,1.2233351405875337,1.1852466382192386,1.2152373721423084,605385200
2005-03-15,1.2284331321716309,1.2338318442283651,1.2071396027522354,1.2188364785221064,508608800
2005-03-16,1.2350311279296875,1.268920887823222,1.223035334777932,1.235931380517196,697813200
2005-03-17,1.2671217918395996,1.2860161787755249,1.239229486689857,1.2455276490371303,801920000
2005-03-18,1.2884153127670288,1.3028111409763368,1.274619018757584,1.2995117508121532,940150400
2005-03-21,1.3106085062026978,1.3187061740444066,1.2854160510011454,1.2983120958273968,541128000
2005-03-22,1.284516453742981,1.3184062047551477,1.2800178948443466,1.310908072692628,551415200
2005-03-23,1.2761189937591553,1.301611263779059,1.2602233766962485,1.2731194203047826,609823200
2005-03-24,1.2746191024780271,1.2896145659780354,1.2746191024780271,1.2869156107894877,352704800
2005-03-28,1.2755193710327148,1.2884154137471029,1.273719767233139,1.2821172509251464,275410800
2005-03-29,1.2521257400512695,1.2845166093586518,1.2446285080335735,1.2764188419788505,461356000
2005-03-30,1.283616065979004,1.283616065979004,1.2542248769660334,1.2617230082375532,394959600
2005-03-31,1.2497262954711914,1.2752185598624917,1.2473271577881409,1.2731191392045205,636134800
2005-04-01,1.2263333797454834,1.2650223037629154,1.2167367286873922,1.2623225480399125,641284000
2005-04-04,1.2323318719863892,1.2389298519256482,1.2044404659372852,1.2293331997199577,580014400
2005-04-05,1.2563238143920898,1.2668207144625143,1.232331343271348,1.2362303663391443,556239600
2005-04-06,1.269520878791809,1.2839167064670671,1.2641221681223886,1.2716202995253356,414825600
2005-04-07,1.30640971660614,1.3121082458032494,1.2671220491976785,1.2695211875505623,506987600
2005-04-08,1.311808466911316,1.3331019966597215,1.3058101203242984,1.3106084972761594,649950000
2005-04-11,1.257224678993225,1.3271035071963675,1.2569248618020703,1.324104834755285,821662800
2005-04-12,1.279417634010315,1.2953132516999792,1.2599237092832487,1.2743195401865908,981061200
2005-04-13,1.23083233833313,1.2893150186022508,1.2113384118945212,1.2881158497669325,1371946800
2005-04-14,1.1174659729003906,1.1864455467401775,1.1048697472896558,1.1639519506511928,2753192400
2005-04-15,1.0601837635040283,1.1171665668475708,1.0580843417433523,1.098272271531184,1728087200
2005-04-18,1.0682809352874756,1.0886751083910522,1.0196955413068844,1.0496863658176177,1327177600
2005-04-19,1.112367868423462,1.12286467294064,1.075778260459576,1.097672221972331,1081642800
2005-04-20,1.0649816989898682,1.131861854951436,1.062882378010081,1.1294627167795994,945131600
2005-04-21,1.1150670051574707,1.1159671575706034,1.0766786881055492,1.0916740540669825,759592400
2005-04-22,1.0646820068359375,1.1096691062832194,1.0466878677984577,1.104869928422758,839129200
2005-04-25,1.109068512916565,1.1102684823960185,1.0829767097077778,1.09437286600297,746460400
2005-04-26,1.0853756666183472,1.1249639414993369,1.0832762459357967,1.1030699829527395,810507600
2005-04-27,1.07817804813385,1.0904736527296863,1.0649813905283323,1.0763784447614424,613888800
2005-04-28,1.065881848335266,1.0898743288983743,1.0568839298431063,1.088374542341818,575106000
2005-04-29,1.081477165222168,1.0865760606190855,1.0562846077137182,1.084176121122753,671630400
2005-05-02,1.0925735235214231,1.0991722054144626,1.0802779138578398,1.0859755423698203,465920000
2005-05-03,1.085975170135498,1.101870783426239,1.080577260596595,1.091673697647498,496739600
2005-05-04,1.1141672134399414,1.1156660987554845,1.0826766069905824,1.0829764240960422,448176400
2005-05-05,1.100071668624878,1.1177660924263997,1.0937736041688797,1.1171664579079863,387366000
2005-05-06,1.1168664693832395,1.1195654246958948,1.103370791866816,1.1063695643658296,326247600
2005-05-09,1.1087684631347656,1.123164289843876,1.1021705844470144,1.1180661975054835,355695200
2005-05-10,1.092273473739624,1.1171661066904612,1.0895745186196926,1.1021707436775858,440263600
2005-05-11,1.0679813623428345,1.0697809663880498,0.9930035331274116,1.0556849523027838,2041981200
2005-05-12,1.023594856262207,1.0673809859615784,1.0196958307393176,1.0622828917151486,970242000
2005-05-13,1.0427887439727783,1.056584137825722,1.0217950351759733,1.0256939597651442,702713200
2005-05-16,1.0661816596984863,1.070680218918883,1.0355904959830848,1.0364906482931522,474294800
2005-05-17,1.06048321723938,1.0634827908618008,1.035890397433183,1.0538853365198453,588344400
2005-05-18,1.074879169464111,1.126464153446437,1.0493868951443872,1.0631822925653975,636722800
2005-05-19,1.1261632442474363,1.130062168837193,1.073079287854122,1.073079287854122,793161600
2005-05-20,1.1261632442474363,1.1291628174323871,1.1153666227301724,1.1171661263869832,452650800
2005-05-23,1.192443609237671,1.1966423504632795,1.1351610184807412,1.1351610184807412,1042574400
2005-05-24,1.190644145011902,1.199341344775665,1.170550590359717,1.183146814451275,593460000
2005-05-25,1.193043231964111,1.1981421252778504,1.1792478399982775,1.1846457495941043,396006800
2005-05-26,1.2218352556228638,1.2278335020322813,1.1978427705147756,1.1978427705147756,525520800
2005-05-27,1.2164360284805298,1.2233346251494397,1.1999416823551308,1.2188360670093576,316008000
2005-05-31,1.192443609237671,1.22183489792282,1.1870448987425444,1.2194356601249952,404205200
2005-06-01,1.2086389064788818,1.2224342970543272,1.195442249148471,1.1963425012923594,453812800
2005-06-02,1.2008415460586548,1.2092391317932056,1.1876457832306002,1.2011413633041754,373973600
2005-06-03,1.1468570232391355,1.1570541095203273,1.1327619137041296,1.144457885477485,956869200
2005-06-06,1.1372604370117188,1.1585539621062044,1.1264638159384712,1.1495569447216578,811966400
2005-06-07,1.0958728790283203,1.1315622431147585,1.0931739231746294,1.1276633175337505,745264800
2005-06-08,1.1072689294815063,1.1171662002483218,1.0967721244404822,1.0985716282162667,404006400
2005-06-09,1.1291625499725342,1.137859848602661,1.104269922479029,1.1096686323824918,390255600
2005-06-10,1.073979735374451,1.1216648891449277,1.0652816322564234,1.1216648891449277,678932800
2005-06-13,1.07667875289917,1.0979722839623416,1.0742796143280635,1.0763789356572244,435772400
2005-06-14,1.0796772241592407,1.0841757829079794,1.072179893193732,1.0772779861528536,347846800
2005-06-15,1.1135671138763428,1.118666008322916,1.088675279212307,1.10577006487949,563343200
2005-06-16,1.1390602588653564,1.1420590316541388,1.1042703501306033,1.115366790487064,547674400
2005-06-17,1.1489567756652832,1.1558552747540276,1.1345609438804565,1.1537559535270998,596125600
2005-06-20,1.1279628276824951,1.1423586564657449,1.123164451668507,1.1351611424977124,323716400
2005-06-21,1.1354612112045288,1.145358483331194,1.121065379232129,1.1312624685900456,370526800
2005-06-22,1.1561552286148071,1.157654214822761,1.1438588167096475,1.1474579252400725,424925200
2005-06-23,1.1663517951965332,1.1930432277523266,1.1591534812627615,1.1645521916866188,674254000
2005-06-24,1.1324615478515625,1.1732499056631538,1.1300624093436828,1.172349653113652,410709600
2005-06-27,1.1126677989959717,1.1426585290931226,1.1000714721221625,1.1048698487894302,600171600
2005-06-28,1.1189658641815186,1.127363348707368,1.1147671219185935,1.12436467611633,350299600
2005-06-29,1.0907745361328125,1.1183662255264974,1.0832764038191045,1.116566621716138,448358400
2005-06-30,1.1039708852767944,1.1144676945529313,1.0889754148520427,1.0979725369373785,418390000
2005-07-01,1.0946725606918335,1.108768571659001,1.088374498509274,1.1045698301686635,250000800
2005-07-05,1.1390602588653564,1.1441583527969332,1.0946727956389586,1.0961725824570094,454269200
2005-07-06,1.1213648319244385,1.1444579609113832,1.1156663037560464,1.1309623846625396,394626400
2005-07-07,1.1285631656646729,1.1324611888953742,1.103670434761489,1.1039702519005,383723200
2005-07-08,1.1471569538116455,1.1480572061701502,1.1237641069988222,1.1357606979463186,290735200
2005-07-11,1.1426585912704468,1.1591538440921536,1.133061937519625,1.150756359123276,388788400
2005-07-12,1.1468570232391355,1.151656199715448,1.1369606550517437,1.146557306204237,387038400
2005-07-13,1.1501567363739014,1.154655296126046,1.1366603563760402,1.148357132282391,684835200
2005-07-14,1.222134709358215,1.2599234834137434,1.206539812626488,1.223334778826325,2096060400
2005-07-15,1.246128797531128,1.246728332075994,1.2134381979366224,1.228733386300306,687682800
2005-07-18,1.2443286180496216,1.2626225718526571,1.2407294103239568,1.2419294799188634,586297600
2005-07-19,1.2953132390975952,1.2965132086632565,1.231732470758048,1.2452280490558263,671062000
2005-07-20,1.3085094690322876,1.3136084655866045,1.2791182626685371,1.285416428370886,453395600
2005-07-21,1.2983118295669556,1.3208053244907088,1.286615756782688,1.3106082374204842,404264000
2005-07-22,1.3196061849594116,1.3196061849594116,1.3013114313058538,1.3028112179000602,301106400
2005-07-25,1.3139077425003052,1.3280037553105866,1.3115086043434054,1.3193056531944696,294627200
2005-07-26,1.3085094690322876,1.3229053049536417,1.3004117988132824,1.3199066312889534,268592800
2005-07-27,1.3193058967590332,1.321705836206252,1.279718408061305,1.3145075194534714,283749200
2005-07-28,1.313608169555664,1.319606516592748,1.2986128024925805,1.315107155679384,251311200
2005-07-29,1.2791177034378052,1.3310024933638136,1.2674217300406057,1.3064095760393877,562080400
2005-08-01,1.2821171283721924,1.2920135968942152,1.26202277248615,1.2767184175954105,314249600
2005-08-02,1.2953132390975952,1.3046100751335463,1.2779186356381471,1.286316120161802,296875600
2005-08-03,1.2962121963500977,1.2989119518663237,1.2827166221571735,1.2953128451113505,258322400
2005-08-04,1.2809171676635742,1.289614467759168,1.2683209432447895,1.286315878476702,269304000
2005-08-05,1.289314866065979,1.3004113058491458,1.2602233879378677,1.274319501308074,241931200
2005-08-08,1.2791177034378052,1.2971127407369305,1.27791853481405,1.2896146083171536,176383200
2005-08-09,1.3142074346542358,1.3163067554212196,1.2869155639421683,1.287515098159586,380839200
2005-08-10,1.3010118007659912,1.3313023488708924,1.2989123795294593,1.31960637425753,360945200
2005-08-11,1.3196061849594116,1.3232044915358867,1.297112689541016,1.3013114313058538,271983600
2005-08-12,1.382587432861328,1.3861858398597426,1.300411293158925,1.3034108666107829,916036800
2005-08-15,1.4299728870391846,1.4494668112801017,1.3930843596033793,1.3939837111019977,1086727600
2005-08-16,1.3870861530303955,1.4245751194888263,1.3858861833622382,1.421275728457476,537622400
2005-08-17,1.4140779972076416,1.422775298353727,1.3906842482311252,1.3915845006362166,499724400
2005-08-18,1.3885849714279177,1.4095786819955065,1.3720906210165924,1.4068797266007431,442559600
2005-08-19,1.3744899034500122,1.4005818104555494,1.372690299346934,1.3879854826872735,376569200
2005-08-22,1.3756890296936035,1.4020815539569549,1.3573950740142822,1.3840865145420571,387732800
2005-08-23,1.3717901706695557,1.3825875952630826,1.3591939427891653,1.3750895617058811,295604400
2005-08-24,1.372690200805664,1.413177936670145,1.3672914889899064,1.3675913061953242,572070800
2005-08-25,1.3813875913619995,1.3942836361549535,1.3738894578846828,1.3831871954516328,276253600
2005-08-26,1.3717901706695557,1.3897851108467096,1.360393912459132,1.383187229727344,261058000
2005-08-29,1.3747895956039429,1.3804881245157687,1.357394992516078,1.3576948097157429,256295200
2005-08-30,1.3966827392578125,1.4032807201526976,1.3771888140021051,1.379288235263333,518761600
2005-08-31,1.406279683113098,1.4104784237062855,1.3876851174777365,1.4053794310053678,402956400
2005-09-01,1.387385606765747,1.4146774767012371,1.3822866129388238,1.409578482874314,356367200
2005-09-02,1.386185646057129,1.4035810474005888,1.3831868738717996,1.3885847839324663,222378800
2005-09-06,1.463563084602356,1.465962223276064,1.396083380246639,1.4005819404452158,818619200
2005-09-07,1.4599637985229492,1.481557945971428,1.4371712831545684,1.4710610398361808,963074000
2005-09-08,1.492954134941101,1.5031512240724698,1.4737600264240696,1.4800581902588286,702640400
2005-09-09,1.5388402938842771,1.5400402632966232,1.4932536691348153,1.5016511525855587,615641600
2005-09-12,1.541539430618286,1.548438029254647,1.5169474125519085,1.5325424118780937,452796400
2005-09-13,1.524145007133484,1.5382410212872368,1.509149541323458,1.530143253521044,492884000
2005-09-14,1.487856149673462,1.5352415897707827,1.483357589598648,1.5313425640830811,474426400
2005-09-15,1.4956527948379517,1.5049505305628736,1.4794582632520872,1.4995518194694613,415156000
2005-09-16,1.5358413457870483,1.5358413457870483,1.4980526745837923,1.5064501570734048,591004400
2005-09-19,1.5787285566329956,1.5862266894762092,1.531042606050515,1.531042606050515,783731200
2005-09-20,1.5952236652374268,1.6138182373458816,1.5871259983190311,1.5892254193994062,819828800
2005-09-21,1.5628324747085571,1.5910244928072046,1.5553352450480122,1.5883255381802308,434747600
2005-09-22,1.5565351247787476,1.5736307142256083,1.5391405189320757,1.5559354902843152,463727600
2005-09-23,1.595523238182068,1.6045203552970306,1.5547357933839934,1.5625328410702524,558457200
2005-09-26,1.614717721939087,1.6363109669315308,1.5991227229073215,1.6204162508082542,546562800
2005-09-27,1.602720856666565,1.6267141382350514,1.6024210395015337,1.6171166854593997,341703600
2005-09-28,1.5319427251815796,1.5928245353460144,1.5172470778603373,1.5916245658332744,1125544000
2005-09-29,1.5697311162948608,1.5772284467547557,1.5238447790509466,1.5364410029732651,636846000
2005-09-30,1.6078203916549685,1.6090195606126627,1.5559355872803,1.5694320692248946,531633200
2005-10-03,1.6327126026153564,1.6357113751195564,1.609919288787531,1.624315118629266,507553200
2005-10-04,1.6120188236236572,1.6600045927968985,1.6087194328524443,1.6480079002388066,539459200
2005-10-05,1.5829275846481323,1.630313826694256,1.5820282329935973,1.6294135740863716,610769600
2005-10-06,1.5505369901657104,1.604220474205558,1.52564435983082,1.5955231745826726,757537200
2005-10-07,1.5385404825210571,1.5574348704094636,1.5160469872292268,1.5511368078505945,677882800
2005-10-10,1.51064932346344,1.5568355902604945,1.507949567020186,1.5523361296629592,507505600
2005-10-11,1.5472381114959717,1.5556355967603417,1.51154874906944,1.5364414877359545,1225884800
2005-10-12,1.4770591259002686,1.5085497386479918,1.4356712431988556,1.4590640896208331,2697486400
2005-10-13,1.6117186546325684,1.61801671663909,1.477658547628094,1.4827567404288715,1865575600
2005-10-14,1.619516134262085,1.6300130405475894,1.5832272386792323,1.6204163867771582,1035552000
2005-10-17,1.602720856666565,1.626414421175918,1.5799283453466777,1.6189162891908764,616834400
2005-10-18,1.565832495689392,1.618017005064291,1.5655326784933472,1.5970232944570952,609588000
2005-10-19,1.6477080583572388,1.6483076927643392,1.5358417048937232,1.5616337926600974,1008683200
2005-10-20,1.6836974620819092,1.6944940856160486,1.6300130604723495,1.6336121685642062,1357762000
2005-10-21,1.6693017482757568,1.7088901405503836,1.6603047276653815,1.7046912973517012,796726000
2005-10-24,1.7031910419464111,1.7031910419464111,1.652206504322124,1.6570048806262416,609753200
2005-10-25,1.682497262954712,1.70499066071353,1.670201654340742,1.6914951826513402,465127600
2005-10-26,1.7103897333145142,1.7262843511302566,1.6770995095138297,1.687896133231621,631593200
2005-10-27,1.6618040800094604,1.7097890449634374,1.6618040800094604,1.709189410589495,411541200
2005-10-28,1.633611798286438,1.692394280689393,1.6246147808904683,1.6806983082334763,769787200
2005-10-31,1.727184176445007,1.7388801481799692,1.6420091802561567,1.655505656524182,940844800
2005-11-01,1.7244842052459717,1.743679107898224,1.7055898204546505,1.7166871582265886,749686000
2005-11-02,1.7979624271392822,1.7994622135653862,1.7274838771837218,1.7310830843098826,857060400
2005-11-03,1.854946255683899,1.869041366202544,1.801561582684908,1.8072602109812703,884382800
2005-11-04,1.833952784538269,1.836651840231163,1.7880664352171027,1.8099593987184932,878035200
2005-11-07,1.806360125541687,1.8495476130387551,1.8036610702452092,1.824954596397343,638831200
2005-11-08,1.7964640855789185,1.8108599181854692,1.7724706975482514,1.7979630716952868,473765600
2005-11-09,1.8027623891830444,1.835751900624208,1.799463097678739,1.799463097678739,552930000
2005-11-10,1.8348519802093504,1.835451614592074,1.769771528396541,1.818656646368651,665344400
2005-11-11,1.8456491231918335,1.8627440135354272,1.839650775554172,1.8456491231918335,425448800
2005-11-14,1.8429499864578247,1.858844804429024,1.8267546505149068,1.845648842059938,369933200
2005-11-15,1.8678423166275024,1.8918346972194953,1.843249300647051,1.8474481424359712,536841200
2005-11-16,1.9479191303253176,1.9512176211986587,1.8921352929296351,1.8939349976009836,784515200
2005-11-17,1.9350218772888184,1.9758094183690176,1.9269241122632947,1.9671120191089235,676205600
2005-11-18,1.9362213611602783,1.9623141651767313,1.930523733544145,1.9587149575143787,524960800
2005-11-21,1.9482183456420896,1.9551160438693205,1.9110291970292417,1.9440197031968545,511711200
2005-11-22,1.9950038194656372,2.002202034113872,1.935022167734789,1.9446187194695308,540282400
2005-11-23,2.012698173522949,2.0387899648819645,2.0001020534689204,2.005799678552329,485853200
2005-11-25,2.079580068588257,2.0855776159339343,2.024395865846176,2.029195145036429,395012800
2005-11-28,2.0891764163970947,2.131463561616251,2.0714818933239556,2.1209666545432855,1018519600
2005-11-29,2.0423898696899414,2.1083698642872344,2.0198962756392143,2.099073029960756,891433200
2005-11-30,2.0339927673339844,2.06488385014495,2.0249956483689107,2.052287523212563,595674800
2005-12-01,2.1473586559295654,2.1512575805387373,2.063683537377394,2.0678823792641943,812893200
2005-12-02,2.1782493591308594,2.1815478479800445,2.120366335598287,2.1674517383645213,895762000
2005-12-05,2.153956413269043,2.1752499371451273,2.1440591441299297,2.15785533747536,583671200
2005-12-06,2.220836877822876,2.244229625584691,2.19984306795632,2.2172376701327514,857029600
2005-12-07,2.2178378105163574,2.233133796000897,2.1929458710495866,2.226235296336565,679464800
2005-12-08,2.2217369079589844,2.224436765027893,2.177350136559654,2.1953451794483083,790479200
2005-12-09,2.2292346954345703,2.237032546138227,2.199843397263995,2.225635487205659,555402400
2005-12-12,2.246628999710083,2.2598247600387924,2.2361320946095065,2.2454297309551485,524994400
2005-12-13,2.248727798461914,2.263123625690629,2.225634771744786,2.2448288743634484,493816400
2005-12-14,2.159654378890991,2.1983424941594105,2.1074699904113476,2.1752494717443054,1450716400
2005-12-15,2.164753675460815,2.1851478540663485,2.1398609370338777,2.179749141814616,561162000
2005-12-16,2.132662773132324,2.168352122689758,2.131162986769105,2.163553647216887,671171200
2005-12-19,2.140761375427246,2.1773500939807837,2.1305643848682845,2.1326638064975727,529295200
2005-12-20,2.162654161453247,2.170751929166138,2.1329631473533035,2.148258330175494,479108000
2005-12-21,2.2043418884277344,2.2076411792191464,2.175550225611438,2.1773497295639355,475736800
2005-12-22,2.219935894012451,2.234032002627202,2.20733977184405,2.2166374053974467,370610800
2005-12-23,2.199842929840088,2.2271348008683782,2.198343143273144,2.224435945852706,229857600
2005-12-27,2.2262349128723145,2.2547266565783164,2.2178374284985556,2.219337215243515,590590000
2005-12-28,2.2064411640167236,2.242130522537399,2.198943031164578,2.23343312088644,398115200
2005-12-29,2.142859697341919,2.213938677401337,2.1419595452533065,2.2127386080910294,490025200
2005-12-30,2.1560561656951904,2.172251499293539,2.1095699863732316,2.1266648716381114,624262800
2006-01-03,2.241830348968506,2.241830348968506,2.1668526328304893,2.170751557357774,807234400
2006-01-04,2.2484281063079834,2.278718746656889,2.2343319959499035,2.2532263817510105,619603600
2006-01-05,2.230734348297119,2.246329247920132,2.211839957766346,2.244229826702974,449422400
2006-01-06,2.2883167266845703,2.300313419644908,2.235832396254082,2.2568262085110096,704457600
2006-01-09,2.280818223953247,2.315308510416069,2.271521389050269,2.301212398470789,675040800
2006-01-10,2.4250757694244385,2.4559668526906404,2.274220762384747,2.2868168892909364,2279869200
2006-01-11,2.516248941421509,2.5432400975287783,2.476960374898177,2.514449437582175,1493794400
2006-01-12,2.527944803237915,2.591225950627454,2.507851345650342,2.548338978965966,1280809600
2006-01-13,2.5669331550598145,2.579529278518696,2.537242149612613,2.548938120942062,776305600
2006-01-17,2.5405406951904297,2.5906258735423022,2.5153482474993916,2.5702317012993996,835623600
2006-01-18,2.4739606380462646,2.520747334355849,2.4547665323296037,2.4916559581763966,1200637200
2006-01-19,2.370491743087769,2.449068869825927,2.3614948252488697,2.4367724614561728,1695848000
2006-01-20,2.2820184230804443,2.400482750426795,2.2742205734763647,2.377690237470351,1134758800
2006-01-23,2.329404830932617,2.386087799581878,2.2793196425100057,2.28231821489741,1059730000
2006-01-24,2.2805185317993164,2.3818889703080166,2.272420765274216,2.3620942297015244,1142254400
2006-01-25,2.2253355979919434,2.324305908265747,2.196843653605312,2.321007218262205,1275786400
2006-01-26,2.1692521572113037,2.262224926190894,2.157256265068407,2.235232967598383,1181387200
2006-01-27,2.1602542400360107,2.2073398411494862,2.132362739982357,2.1878458228756785,953864800
2006-01-30,2.24932861328125,2.2973143955425575,2.1254655318009936,2.1344634540973852,1398401200
2006-01-31,2.2646241188049316,2.289516856932057,2.2118400698668186,2.2643244016848314,913542000
2006-02-01,2.2619242668151855,2.293115066004227,2.2385313175822694,2.247828954280238,521186400
2006-02-02,2.162353992462158,2.2601250171121374,2.1608542059502485,2.25232716835151,707322000
2006-02-03,2.154855966567993,2.1830479901828954,2.1305636683720643,2.1665527402833265,692123600
2006-02-06,2.018397331237793,2.1746512840618877,2.001602358271667,2.1599557327694954,1651767600
2006-02-07,2.0273947715759277,2.083778224933281,1.9998031798364375,2.0474884305472707,1388830800
2006-02-08,2.0636839866638184,2.0717817549227626,1.979409215420657,2.05408643147841,953114400
2006-02-09,1.9479191303253176,2.076280778588411,1.9353227993209912,2.0723816520476936,1149764000
2006-02-10,2.018697738647461,2.0294943623119877,1.886437196744532,1.9548163471847737,1760477600
2006-02-13,1.9407202005386353,2.001902735398406,1.938620979434457,1.998303527216259,883498000
2006-02-14,2.0285940170288086,2.042390213163288,1.9494182504510351,1.9524170231001068,1160938800
2006-02-15,2.0759801864624023,2.087976878959742,2.001902612409568,2.014198221160221,1159771200
2006-02-16,2.1164679527282715,2.129663914864468,2.0837783651423587,2.0966744099476493,948175200
2006-02-17,2.108069658279419,2.1260646912245766,2.0876756880317595,2.1083695754951717,575999200
2006-02-21,2.0717813968658447,2.123365369027117,2.059784705222226,2.1170673061260272,779606800
2006-02-22,2.1389620304107666,2.1494589391267938,2.0393912562015384,2.069382995995562,978238800
2006-02-23,2.151857852935791,2.1893467229080956,2.142260296994076,2.153057922825743,856917600
2006-02-24,2.143160343170166,2.186047118970379,2.1353622925432374,2.1635543207552184,534744000
2006-02-27,2.129063606262207,2.1629534530762835,2.1188666204520357,2.1590543287972963,791240800
2006-02-28,2.054085493087769,2.1713507180572935,2.0423895229043154,2.146758508231491,1266980400
2006-03-01,2.072380542755127,2.08407751569241,2.0399906810936628,2.06458269427146,763817600
2006-03-02,2.087676763534546,2.099073823816298,2.059485531789396,2.0690828876377236,625273600
2006-03-03,2.0309929847717285,2.0966740687028813,2.0252953572591768,2.0813778868925303,737668400
2006-03-06,1.963814616203308,2.0309945370427243,1.9476200716519592,2.0300951849326863,912665600
2006-03-07,1.9887055158615112,2.0064008345316533,1.9518170941173112,1.9722104668747644,872877600
2006-03-08,1.9692121744155884,2.015398442957402,1.9599153376638896,1.988106566101414,653251200
2006-03-09,1.9173277616500857,1.993505574816281,1.9137293537295943,1.978810023635952,799304800
2006-03-10,1.895134210586548,1.9341220547592863,1.8729403322904377,1.920926095114926,1043142800
2006-03-13,1.9698119163513184,1.987806757225608,1.9431204733446448,1.9509175236345715,861187600
2006-03-14,2.0189969539642334,2.0189969539642334,1.96441341390086,1.9725109797425833,642020400
2006-03-15,1.986305832862854,2.0405898413294787,1.9650123137395163,2.0306925743994513,891996000
2006-03-16,1.9287246465682983,2.006401438920322,1.928424729215948,2.004901651946721,749638400
2006-03-17,1.939220666885376,1.965612180552274,1.922725420261227,1.9419195213986424,812042000
2006-03-20,1.9191267490386963,1.963213590917391,1.9155275412401247,1.9560161763793225,605441200
2006-03-21,1.8537464141845703,1.929623690315705,1.8411502878193733,1.8537464141845703,1345366400
2006-03-22,1.8495477437973025,1.8969338763344217,1.837551051801256,1.8642432910688271,1345895600
2006-03-23,1.8042606115341189,1.8564452142770385,1.7877661631154702,1.8540458761712049,1427826400
2006-03-24,1.7982637882232666,1.8276550911703096,1.7703714715580916,1.806961192132794,1071980000
2006-03-27,1.7847671508789062,1.8408506956666837,1.7814686605822894,1.8099596082708949,1108072000
2006-03-28,1.7607744932174685,1.8036612672734964,1.7469782968903045,1.7883660850245024,1370322800
2006-03-29,1.8693410158157349,1.8750396439065,1.7295833781763208,1.7733702966084834,2346834000
2006-03-30,1.8819375038146973,1.8984327541587007,1.8453487965799136,1.8840369247945272,1390650800
2006-03-31,1.8810380697250368,1.9077303063005264,1.8666422409935075,1.896933685016624,815357200
2006-04-03,1.878939151763916,1.923026001144381,1.8777392821523469,1.9095305212449272,815791200
2006-04-04,1.834552526473999,1.8660430463604287,1.830953318178293,1.8624438380647232,931924000
2006-04-05,2.015697956085205,2.015697956085205,1.923925062747608,1.9407200313882256,2233408800
2006-04-06,2.136561870574951,2.1608541671416757,2.0453886268593804,2.0483881998293283,2663768800
2006-04-07,2.0930745601654053,2.1356616068286582,2.053486285468314,2.127264124349241,1545238800
2006-04-10,2.0594851970672607,2.1272647098233057,2.0528872162057485,2.1080704016699703,903515200
2006-04-11,2.0390913486480713,2.0783797232627967,2.011499551249154,2.0690828854302357,939316000
2006-04-12,2.0007028579711914,2.0444899916383807,1.9884064464357931,2.039691714307066,739894400
2006-04-13,1.9935057163238523,2.0225963027342035,1.9737111678602113,1.989606790111317,734678000
2006-04-17,1.9437192678451536,2.0046010686642894,1.929923074220155,1.9947037993246164,721938000
2006-04-18,1.986006736755371,1.993504868803599,1.943119968133579,1.9506170991228169,794844400
2006-04-19,1.9689126014709473,2.009400243399373,1.9635136886206332,2.004002331608328,1086033200
2006-04-20,2.0282938480377197,2.099372632330386,1.9854068839238903,2.0846770879718415,1666982800
2006-04-21,2.0105998516082764,2.058585621434981,1.993505165115678,2.0450893421233376,788986800
2006-04-24,1.9719109535217283,2.007000879940358,1.9644138212830944,2.0049014586762897,707028000
2006-04-25,1.9845068454742432,1.997102969871281,1.9662128938175285,1.978208783275724,529062800
2006-04-26,2.0438899993896484,2.0477881235358977,1.991405671901496,1.998903003945902,710886400
2006-04-27,2.0801784992218018,2.0951737603902023,2.0198961358297134,2.0312933912240867,845947200
2006-04-28,2.111069917678833,2.1383617925562195,2.075380758451908,2.0807786694563406,760037600
2006-05-01,2.087376594543457,2.145559556301022,2.0741808324782647,2.12246632199846,750380400
2006-05-02,2.147958755493164,2.1587553794026015,2.1026726382454632,2.103871907192122,771663200
2006-05-03,2.1335623264312744,2.157855424173362,2.1047714708677807,2.154256216857296,686991200
2006-05-04,2.1332623958587646,2.1860464266223194,2.113168742384943,2.135961250493259,860420400
2006-05-05,2.1560561656951904,2.166852787811675,2.1338622860294163,2.155156614028659,563911600
2006-05-08,2.1560561656951904,2.2133387669218227,2.1509579721415397,2.189046467265638,594851600
2006-05-09,2.1302645206451416,2.176150874886845,2.1179679090939025,2.1539571908354853,531666800
2006-05-10,2.1173689365386963,2.1392619071618992,2.087677111927934,2.13806203726876,459888800
2006-05-11,2.0438899993896484,2.1245655526950022,2.0258949609579653,2.123065765947208,812688800
2006-05-12,2.0303943157196045,2.060085339915452,2.0052018526820765,2.034892876877924,641774000
2006-05-15,2.033093214035034,2.0507883407135012,2.0129995489934607,2.0204968833910595,529177600
2006-05-16,1.9488179683685305,2.0468889334359317,1.9419202701828069,2.042390373685118,936740000
2006-05-17,1.9572157859802248,1.9704125512033288,1.9215264183930636,1.9407205301928905,754194000
2006-05-18,1.8948348760604856,1.987207422826976,1.8930353718614257,1.9698120153575336,658442400
2006-05-19,1.9347224235534668,1.9458187616853568,1.8840368063644073,1.897233366191325,985866000
2006-05-22,1.9008320569992063,1.9191268126262424,1.8825381022194576,1.915527604708416,718975600
2006-05-23,1.8939346075057983,1.9551161448306928,1.889436047495611,1.9452196731896072,694414000
2006-05-24,1.8996331691741943,1.908930207188992,1.84624867834239,1.8891364616834585,916031200
2006-05-25,1.92932391166687,1.9329231197913077,1.8981331103931316,1.9272246905963508,463372000
2006-05-26,1.9059312343597412,1.936221684184408,1.8936348237307483,1.9287245515922389,432950000
2006-05-30,1.836052417755127,1.898433225969602,1.836052417755127,1.8981333086122316,563402000
2006-05-31,1.7925649881362915,1.8531468856216295,1.7601741176126753,1.8522467332330956,1280977600
2006-06-01,1.864543080329895,1.8678425711801565,1.785066794686052,1.794964065965895,942508000
2006-06-02,1.8492481708526611,1.8924348685976704,1.825855217739731,1.8891363783199808,685787200
2006-06-05,1.7994621992111206,1.833952281441944,1.798562847913254,1.833952281441944,605785600
2006-06-06,1.7910652160644531,1.8183570919215208,1.76677291387199,1.8060604816336627,726037200
2006-06-07,1.7562758922576904,1.811459274779633,1.7499778290776713,1.8024621560720735,750506400
2006-06-08,1.8222562074661257,1.827354201872706,1.7139880442780582,1.7526769827035236,1397482800
2006-06-09,1.7766692638397217,1.846248276389088,1.7724704215880829,1.83485201948438,775838000
2006-06-12,1.7094894647598269,1.791365099953692,1.708290395987312,1.7814686281845478,717785600
2006-06-13,1.7493767738342283,1.772469797451078,1.7202854062557968,1.727783336207775,1080643200
2006-06-14,1.7277839183807373,1.762873841955971,1.7001923277075237,1.747878377422822,878136000
2006-06-15,1.7808679342269895,1.7916645569079972,1.7019920846432066,1.7184871361850018,1190383600
2006-06-16,1.726284384727478,1.7751705112291154,1.725085315990611,1.7682720119141226,838101600
2006-06-19,1.7154875993728638,1.7448788955954369,1.7094892530753023,1.7343819897865305,704575200
2006-06-20,1.723585605621338,1.749978132774609,1.7181868929938908,1.7277842483993906,672974400
2006-06-21,1.735282301902771,1.760774675378726,1.7184873311471265,1.731683293792914,863296000
2006-06-22,1.7868661880493164,1.791965182453301,1.7415802785064671,1.7454784024677354,965633200
2006-06-23,1.7643723487854004,1.8045612605186243,1.7613737769033462,1.7910647839785194,660203600
2006-06-26,1.7691725492477417,1.7754706146111343,1.7505778701421335,1.7745704619623182,466536000
2006-06-27,1.7223854064941406,1.776069808416828,1.7214860549160849,1.7721708830759872,550611600
2006-06-28,1.6800981760025024,1.7184871923159617,1.661804220647861,1.718186674362219,850704400
2006-06-29,1.768571376800537,1.7721705844127325,1.6911951202337918,1.7022916592947206,873398400
2006-06-30,1.7175865173339844,1.731982344018411,1.6944934914899752,1.7271840688098803,739695600
2006-07-03,1.737980842590332,1.744878538999212,1.719686090333446,1.7250848011097566,194770800
2006-07-05,1.7094894647598269,1.72748450588082,1.6962937019066495,1.7139880248282244,518240800
2006-07-06,1.6726007461547852,1.7214858646977445,1.6678015688129084,1.7121890290092925,633208800
2006-07-07,1.661503791809082,1.6959939870190184,1.639610625930198,1.6639037312639535,799360800
2006-07-10,1.6495075225830078,1.6941938965303065,1.6345121589098257,1.6705012319372683,529345600
2006-07-11,1.6690013408660889,1.679198427779928,1.6354114080011892,1.6528060087524192,825022800
2006-07-12,1.5883259773254397,1.6567051193770568,1.5871260078117562,1.6546056982841253,927329200
2006-07-13,1.5670316219329834,1.6231151548204623,1.5418391698865512,1.5604337417864025,1249906000
2006-07-14,1.5196466445922852,1.5862269979292611,1.5043514596854417,1.574530120643836,993036800
2006-07-17,1.5706310272216797,1.5928247095448955,1.5490376800911654,1.5514368185317666,1024542400
2006-07-18,1.5865265130996704,1.6150174559434176,1.555035896661671,1.5943235622206149,1000448400
2006-07-19,1.6225157976150513,1.6519070967959724,1.5703312807387364,1.5883262213367677,1390743200
2006-07-20,1.81445837020874,1.8471489653849065,1.7910656145719002,1.828254770398564,1972146400
2006-07-21,1.8210551738739016,1.8339520137553411,1.7886653179011676,1.79406402765345,891892400
2006-07-24,1.8420497179031372,1.8624436950553724,1.812358704338489,1.8372512410382844,722856400
2006-07-25,1.8573455810546875,1.8621438573970783,1.822855292010735,1.8528470217983584,589069600
2006-07-26,1.91552734375,1.938620572960489,1.8498472639696164,1.859444816756612,898427600
2006-07-27,1.9014322757720947,1.950017673000725,1.8852367429389536,1.9344217745051608,735044800
2006-07-28,1.967113256454468,1.9698123129489609,1.9044319188672432,1.917627684351668,691507600
2006-07-31,2.038191080093384,2.058284533781144,1.9878059856681771,2.004301233382737,892841600
2006-08-01,2.014798879623413,2.03729147927675,1.9776097293972537,2.0159979483705097,711765600
2006-08-02,2.044189929962158,2.059784829190201,2.024695104656174,2.028893746772326,550768400
2006-08-03,2.087076425552368,2.0993728333766453,2.0336927533340248,2.0366915256021594,841044400
2006-08-04,2.048388957977295,2.057685795676644,1.948218559971183,2.0109000881193784,1852866400
2006-08-07,2.015697956085205,2.0873763900066393,1.9887057990841464,2.03099313799041,1245512800
2006-08-08,1.942819356918335,2.012699084420066,1.9347225911484491,2.0120986492047184,997864000
2006-08-09,1.9071298837661743,1.967412054095119,1.9014322564521933,1.9623140611126224,955838800
2006-08-10,1.921525955200195,1.9437196358919089,1.8804386852804584,1.8969339370915344,697760000
2006-08-11,1.9089298248291016,1.9233256554450044,1.8768394736229193,1.8963334980666644,777529200
2006-08-14,1.9176262617111208,1.9560154617322183,1.9074300783329816,1.920925551005372,717620400
2006-08-15,1.9929040670394895,1.9944038533426975,1.9434193277158347,1.959613856444654,861352800
2006-08-16,2.0387909412384033,2.0414899967072637,1.989306188787215,2.0123994202982476,781284000
2006-08-17,2.02709436416626,2.059184504426775,2.0147979588257634,2.0393899686597368,581148400
2006-08-18,2.036691188812256,2.051386732148044,2.017197170174985,2.0306928444206997,536354000
2006-08-21,1.9962035417556765,2.018697135001395,1.983907134877357,2.018396416908176,526226400
2006-08-22,2.0279951095581055,2.0489889281686597,1.9944051599507329,1.999803873628598,576968000
2006-08-23,2.018697738647461,2.0588856605832517,2.007600396799792,2.0393908335454847,536258800
2006-08-24,2.0336928367614746,2.045089092822149,1.9875065764732032,2.0360919748014785,655191600
2006-08-25,2.0618836879730225,2.0708806041578667,2.018697008718693,2.0195963599771733,543958800
2006-08-28,2.0088000297546387,2.0576851433744427,1.9998029120612288,2.0543866540335967,738161200
2006-08-29,1.9938048124313352,2.017197761783861,1.9530166592415883,2.0090999944803265,947332400
2006-08-30,2.0082004070281982,2.033992491598773,1.9998029236156072,2.0195966627401907,680142400
2006-08-31,2.0348923206329346,2.0483888012661793,1.9992029576992747,2.017797632734694,574697200
2006-09-01,2.050787925720215,2.0588856939174756,2.0339929550681006,2.053786698702922,408494800
2006-09-05,2.1437597274780273,2.144359361899549,2.055885955810745,2.0684820826874093,1012457600
2006-09-06,2.100271701812744,2.150057156200262,2.0903752350528797,2.131762206987579,974103200
2006-09-07,2.183346748352051,2.2037409138665796,2.106870079207472,2.117366979001914,1267957600
2006-09-08,2.174950122833252,2.206440834585463,2.1566553701341618,2.2004424893687813,895921600
2006-09-11,2.1743509769439697,2.211239403433573,2.1419601086922886,2.1722515558398543,949124400
2006-09-12,2.1782493591308594,2.2028413703809617,2.142859727114419,2.18364726856108,1684687200
2006-09-13,2.2253355979919434,2.2289346057306956,2.168352710277798,2.1848477619900986,1146138000
2006-09-14,2.2244365215301514,2.239431788326964,2.203141989352507,2.2109400406291813,801729600
2006-09-15,2.2223362922668457,2.2487278080833475,2.198043196068854,2.237331553612857,981853600
2006-09-18,2.216038465499878,2.245129242186912,2.1983433448862963,2.213338809389431,705278000
2006-09-19,2.21243953704834,2.2301338574475236,2.1833479584735476,2.2223368082539934,710049200
2006-09-20,2.2571253776550293,2.2697217019935105,2.2259345841659153,2.230733860820413,822791200
2006-09-21,2.23883056640625,2.2811186974961917,2.2199361805035056,2.2568256010027263,794124800
2006-09-22,2.1893460750579834,2.229533989225431,2.1767499498135927,2.228333919690592,665112000
2006-09-25,2.271820306777954,2.2751195955678902,2.2109385281345144,2.213637382002367,858992400
2006-09-26,2.3276054859161377,2.3327036804177026,2.282318566921423,2.2847179057097815,1102948000
2006-09-27,2.2916154861450195,2.323405911494479,2.273920169465371,2.3144079942228686,810373200
2006-09-28,2.309609651565552,2.323705762104611,2.277819424600188,2.309909568811064,723609600
2006-09-29,2.3087103366851807,2.324904867139484,2.2997124187542735,2.312609260938362,405812400
2006-10-02,2.245128870010376,2.2754201117174104,2.228333704288361,2.2523270841937846,712639200
2006-10-03,2.2217369079589844,2.2478295199356633,2.195045462278701,2.232834251497395,790708800
2006-10-04,2.260725498199463,2.26312463696649,2.194145243018276,2.2223372758083855,829082800
2006-10-05,2.244229555130005,2.2841177525818614,2.2232359461343254,2.2352326373520897,683883200
2006-10-06,2.225935459136963,2.2505284831903443,2.213639047216203,2.2319338065187293,466958800
2006-10-09,2.238231658935547,2.2517279380581954,2.205241154837168,2.213338922310757,438222400
2006-10-10,2.2136390209198,2.2367320574296876,2.191745854083874,2.235532988603164,531588400
2006-10-11,2.1962435245513916,2.218737117640715,2.177349138602023,2.2019421523994493,571855200
2006-10-12,2.2571253776550293,2.2610245021323707,2.207340115015282,2.2076406329018283,592855200
2006-10-13,2.2499282360076904,2.3057110495616815,2.241530752171718,2.268222189481319,684196800
2006-10-16,2.2613251209259033,2.2757209545122263,2.2430303615192377,2.25502705635106,508692800
2006-10-17,2.2280352115631104,2.2574265174625174,2.220537876858203,2.250528817372965,480925200
2006-10-18,2.235231399536133,2.260423836507081,2.2166367386576646,2.2418291756286126,1133907600
2006-10-19,2.3689916133880615,2.3977832679126636,2.3440998840298968,2.37708937884223,1512977200
2006-10-20,2.3977839946746826,2.3989840644181437,2.359395777712429,2.3683928971871797,639413600
2006-10-23,2.443070411682129,2.45626617086809,2.3917851593754627,2.398983574247059,832507200
2006-10-24,2.430774450302124,2.4496688412745997,2.4052820784190185,2.4355727270584326,463212400
2006-10-25,2.4496686458587646,2.4592651986058423,2.429574186770615,2.439771174752786,485214800
2006-10-26,2.464962959289551,2.4772593640393663,2.433172537552984,2.456265560869948,432756800
2006-10-27,2.411579847335815,2.4727613671307025,2.3995831568477346,2.4517675592001424,594966400
2006-10-30,2.4118802547454834,2.426276087239949,2.38428865957244,2.3989842092031064,499917600
2006-10-31,2.4316723346710205,2.4496673632383983,2.406179978169034,2.4427696693776584,501474400
2006-11-01,2.374091148376465,2.4406715893596,2.350097963992228,2.4322741049628007,611192400
2006-11-02,2.36869215965271,2.378889146701851,2.3542963307902407,2.3668926560184267,465483200
2006-11-03,2.347999334335327,2.3851884923599767,2.3330038643315576,2.3800902968383872,431888800
2006-11-06,2.390587329864502,2.4010842394961025,2.352198099791603,2.367794006056701,434576800
2006-11-07,2.414578437805176,2.429274183553775,2.403182182389637,2.4127789342181893,525932400
2006-11-08,2.4727611541748047,2.479958567212435,2.3959837431457456,2.399882667218594,690916800
2006-11-09,2.499453544616699,2.539941172796803,2.4628640399069384,2.486256985176498,923053600
2006-11-10,2.4928555488586426,2.507251381426346,2.4742618744561464,2.505752395314023,373864400
2006-11-13,2.529744863510132,2.5327436364412033,2.4784604006267807,2.495855005448813,450674000
2006-11-14,2.5492382049560547,2.5492382049560547,2.51624870580672,2.54323985938661,588954800
2006-11-15,2.520747423171997,2.5762305214814214,2.5192476364735903,2.5507381518447847,655323200
2006-11-16,2.567533493041992,2.5882275893512734,2.5378424771416643,2.5453398100282816,693940800
2006-11-17,2.574730634689331,2.577430490895682,2.5492382660437203,2.5534371080429485,466424000
2006-11-20,2.5933241844177246,2.6092197949090257,2.555235703733093,2.561234047314716,570794000
2006-11-21,2.6572065353393555,2.6572065353393555,2.6125194595946333,2.621817095831844,622666800
2006-11-22,2.708491086959839,2.721686847603916,2.6347132326215585,2.668902803968523,671941200
2006-11-24,2.748079538345337,2.791566748924917,2.684198951052289,2.685098302589187,518677600
2006-11-27,2.6853981018066406,2.793965972703255,2.6841990331247234,2.7744721471424687,1074836000
2006-11-28,2.753476858139038,2.758275132412299,2.696493196750708,2.7099896695469528,1036173600
2006-11-29,2.7531774044036865,2.793666040538199,2.706691423202891,2.789167481155982,1157083200
2006-11-30,2.748978853225708,2.7795700190530495,2.730984615101841,2.765474105404124,870486400
2006-12-01,2.7387824058532715,2.769072850645092,2.7021926969596803,2.753177234394386,795079600
2006-12-04,2.7327845096588135,2.7606758209487476,2.7141898349712297,2.7555778268537816,709536800
2006-12-05,2.7372829914093018,2.769073227174406,2.725286298268065,2.7486792492579726,662838400
2006-12-06,2.6940948963165283,2.7408813885047705,2.6892966205530713,2.718387994301614,638184400
2006-12-07,2.610419511795044,2.714188871472243,2.6062206705663487,2.7000929618448217,1004827600
2006-12-08,2.64700984954834,2.6808997064653375,2.6092210674018173,2.616118765461157,784277200
2006-12-11,2.6617047786712646,2.6782000275150257,2.6407111714177445,2.6662033372928096,499780400
2006-12-12,2.5834290981292725,2.6644045774,2.5651343406460763,2.6575068790206364,1026620000
2006-12-13,2.6707026958465576,2.6713023303254855,2.6137198017059453,2.637712388489523,857052000
2006-12-14,2.6557064056396484,2.6991938066026235,2.647009205743551,2.6707018678361933,832330800
2006-12-15,2.63081431388855,2.675801308630074,2.619118139725988,2.6698029625798103,739939200
2006-12-18,2.5633344650268555,2.639211738954548,2.536941943209448,2.62811519943407,721576800
2006-12-19,2.5885262489318848,2.5996227855874596,2.5078507195240376,2.541140129279001,911405600
2006-12-20,2.5420408248901367,2.5993234241496737,2.541441190536978,2.5933250785000435,567691600
2006-12-21,2.486257314682007,2.563634174870089,2.4652635044598656,2.5402414267120568,903599200
2006-12-22,2.4652633666992188,2.520447545248921,2.447269130855628,2.503052142902684,613303600
2006-12-26,2.444569826126098,2.4763610621804397,2.4259759532666716,2.46376473489904,490688800
2006-12-27,2.4448697566986084,2.459264783601862,2.30241226671155,2.343799245408513,1935754800
2006-12-28,2.4253742694854736,2.4367713210978215,2.388785579416847,2.405880255882672,1119876800
2006-12-29,2.544440507888794,2.561235478881181,2.500053941845948,2.517748264454788,1076429200
2007-01-03,2.5132501125335693,2.596625546763146,2.4562672088883937,2.587928142508069,1238319600
2007-01-04,2.569032907485962,2.5777301080092014,2.513848729700049,2.5207472274263094,847260400
2007-01-05,2.5507378578186035,2.585227341975531,2.531244036587225,2.5723313001010006,834741600
2007-01-08,2.5633344650268555,2.595124897532983,2.557635836195097,2.578030012096773,797106800
2007-01-09,2.776270627975464,2.788567037282644,2.553736992707589,2.592725841978339,3349298400
2007-01-10,2.9091315269470215,2.933123909781207,2.802663088250645,2.8416517364417473,2952880000
2007-01-11,2.873142719268799,2.9025340186830695,2.8521491055830466,2.877341562133058,1440252800
2007-01-12,2.8377528190612793,2.8509485796020133,2.7960651152837896,2.836852466527457,1312690400
2007-01-16,2.9121286869049072,2.9166272439912615,2.8626441585315745,2.8695418526318495,1244076400
2007-01-17,2.847649097442627,2.9271253745438863,2.843750973659279,2.9259263060621983,1646260000
2007-01-18,2.6713016033172607,2.762474849806888,2.6707019690015263,2.7621749325431253,2364605600
2007-01-19,2.6542069911956787,2.688697279844523,2.642810734642376,2.6581061162352175,1364473600
2007-01-22,2.6029229164123535,2.6740019186511925,2.568733343529438,2.6734014833851525,1454026000
2007-01-23,2.57023286819458,2.624516712367469,2.5645352388573124,2.5711330207527485,1207424400
2007-01-24,2.6002237796783447,2.6137192565586047,2.5816291083545138,2.599623344477266,927813600
2007-01-25,2.5867278575897217,2.6542074588212663,2.580129876161392,2.612519948608478,905973600
2007-01-26,2.560635566711426,2.6203175105408714,2.5489387914579695,2.6125196603719,986874000
2007-01-29,2.5774309635162354,2.5987244940671883,2.565134352549394,2.588227587356118,901664400
2007-01-30,2.5657339096069336,2.5939259385660347,2.556736790082436,2.592126434576401,577970400
2007-01-31,2.571131944656372,2.579229710477106,2.529744164641983,2.545039343890238,856069200
2007-02-01,2.5414412021636963,2.587326744687051,2.5414412021636963,2.5861276761870515,664342000
2007-02-02,2.5417418479919434,2.556737115847331,2.510251124796484,2.5228474541170405,621530000
2007-02-05,2.5174484252929688,2.5561373607202555,2.5174484252929688,2.528245048827702,578852400
2007-02-06,2.5237462520599365,2.533343806000194,2.485058121113077,2.532743370756711,864393600
2007-02-07,2.583728551864624,2.590626249006319,2.505751859554366,2.5336433662538176,1066825200
2007-02-08,2.584627866744995,2.594525137024814,2.5615348367274944,2.562134270866301,679030800
2007-02-09,2.497354745864868,2.5852279207699063,2.495555241885505,2.57563116684881,860540800
2007-02-12,2.545640468597412,2.5546375881895886,2.5081514025002063,2.532143988361794,724071600
2007-02-13,2.54024076461792,2.557935079560215,2.528244075947184,2.5540369565892664,580986000
2007-02-14,2.5582361221313477,2.5684325087458104,2.53634216081659,2.5381418646980975,507981600
2007-02-15,2.5555357933044434,2.567832198264531,2.5426397541574777,2.562434289312141,363661200
2007-02-16,2.544140338897705,2.5615349412822797,2.539041344485459,2.556736464798916,399868000
2007-02-20,2.576231002807617,2.5840288539948,2.5240463843834213,2.538742134485876,617702400
2007-02-21,2.675201416015625,2.6838986191289744,2.578030592833464,2.5786302273483,1155313600
2007-02-22,2.6844990253448486,2.723486880673662,2.655107924903374,2.723187163525427,838224800
2007-02-23,2.6713016033172607,2.7093908956033737,2.664703623726266,2.6740014593265027,517893600
2007-02-26,2.6545071601867676,2.6991944408719624,2.627515802398713,2.6943951630704173,615848800
2007-02-27,2.517148017883301,2.6116197567959336,2.501553120493651,2.588227010287862,1145813200
2007-02-28,2.537542819976806,2.5672338365787573,2.4892573282242165,2.4892573282242165,919475200
2007-03-01,2.611020565032959,2.6485094268887495,2.5117495398897973,2.520147024123465,1415528800
2007-03-02,2.561534881591797,2.6254162625486512,2.5555365358626054,2.6023230319148776,860000400
2007-03-05,2.588826894760132,2.6587058298019857,2.572031924930117,2.5759310503794115,838899600
2007-03-06,2.6449100971221924,2.6485093047875727,2.621217432233403,2.6332133228980816,723186800
2007-03-07,2.63081431388855,2.668303175855427,2.6227165467206937,2.6407115848714846,626284400
2007-03-08,2.639211654663086,2.6608048984228216,2.623016121207865,2.6569067745493467,511011200
2007-03-09,2.638313055038452,2.664704582474396,2.621218165276882,2.6632055962516272,451836000
2007-03-12,2.6952953338623047,2.6988945419732446,2.6389120780472797,2.641311216434852,729408400
2007-03-13,2.6512084007263184,2.717188202933154,2.6512084007263184,2.6814988459864506,867890800
2007-03-14,2.6991944313049316,2.6991944313049316,2.6368128296383513,2.6572068070981243,796586000
2007-03-15,2.686298131942749,2.7099907972702355,2.678500082103811,2.697994105536194,559498800
2007-03-16,2.686896562576294,2.6988932498296903,2.678798998891988,2.6853967764578828,571704000
2007-03-19,2.733084201812744,2.7456805296434896,2.6868979333824625,2.706391959479517,712961200
2007-03-20,2.7435810565948486,2.754377680004188,2.7309847290015057,2.739682131321817,488916400
2007-03-21,2.8152592182159424,2.819158143103922,2.748678979303918,2.758875967260665,686896000
2007-03-22,2.817958116531372,2.8299546076134976,2.789167258696765,2.8110604194609707,561492400
2007-03-23,2.804762840270996,2.8212580946095245,2.7981650588745492,2.7996648458637092,450884000
2007-03-26,2.874641180038452,2.8761409667134537,2.7981644727456603,2.818858365514066,864987200
2007-03-27,2.8629448413848877,2.904032103754107,2.849148647682852,2.870442172109334,932052800
2007-03-28,2.796365737915039,2.8611466943051487,2.7936668817695747,2.8455507894710816,942337200
2007-03-29,2.811659812927246,2.824856573583266,2.7660741885760127,2.824856573583266,725723600
2007-03-30,2.7864677906036377,2.839552556337209,2.7816695138413974,2.8275558633724485,600558000
2007-04-02,2.8086607456207275,2.826654778069976,2.7897663608607774,2.8233562892287924,501992400
2007-04-03,2.834153652191162,2.856046814520596,2.811959971922483,2.8233570296783403,583934400
2007-04-04,2.8272550106048584,2.8533468062634695,2.8230561697537877,2.847348462190511,476784000
2007-04-05,2.8395533561706543,2.8395533561706543,2.8047633371970053,2.822758381712915,355516000
2007-04-09,2.8086607456207275,2.8581452858620486,2.7903657948875153,2.855446431259369,413341600
2007-04-10,2.826655626296997,2.8269563444594348,2.8014631724611965,2.8092610226546872,352466800
2007-04-11,2.7768709659576416,2.8176583165727074,2.7690729160800824,2.816158529886713,549018400
2007-04-12,2.76487398147583,2.7684731888446685,2.720787144860952,2.7603754227413115,656675600
2007-04-13,2.7063918113708496,2.7411818198275513,2.700993900283519,2.726186354354501,719941600
2007-04-16,2.7420811653137207,2.744180586534632,2.7066915225109827,2.716289076875547,609033600
2007-04-17,2.709690809249878,2.7681734786559757,2.6901961856909,2.759175559666682,751920400
2007-04-18,2.7111902236938477,2.724686703888034,2.687197838117751,2.703992808338775,464044000
2007-04-19,2.7072913646698,2.7366826546880567,2.69409480538905,2.70489142602191,425913600
2007-04-20,2.728285789489746,2.734583852986644,2.715689462284121,2.725885850298554,522779600
2007-04-23,2.804462432861328,2.8131596336053515,2.7417811224806825,2.7468791156331935,780290000
2007-04-24,2.796365737915039,2.8908377157190985,2.7381829642497006,2.8179591898331955,1055252800
2007-04-25,2.859645366668701,2.861145353372365,2.8131593932565804,2.826055434841795,1187144000
2007-04-26,2.9643149375915527,3.0740818744317906,2.94811960242219,3.0464902816667094,1737778000
2007-04-27,2.9967052936553955,2.997605446130695,2.9298259268167492,2.9445214765691965,699403600
2007-04-30,2.9931070804595947,3.0290961638015412,2.9892081546494587,3.001804283766174,616509600
2007-05-01,2.983209133148194,3.009601655533466,2.955617542189414,2.986808340986886,532523600
2007-05-02,3.01080060005188,3.015299159188302,2.9832090102299667,2.9886077216596525,505145200
2007-05-03,3.0111005306243896,3.042591045353681,2.9994043569028217,3.0209978012341567,576077600
2007-05-04,3.02339768409729,3.0470903550914015,3.0141008464152983,3.023097766732207,381987200
2007-05-07,3.1166698932647705,3.1295657373016144,3.029395555432711,3.031494776446611,861557200
2007-05-08,3.1508591175079346,3.1535581730303504,3.101673480531388,3.103173267262225,783997200
2007-05-09,3.205442428588867,3.2078415664804476,3.145759894326455,3.146360329487671,717757600
2007-05-10,3.2192375659942627,3.2642245512218646,3.176650519314676,3.1979440426544694,1197257600
2007-05-11,3.261225938796997,3.2729229147777437,3.202443544107864,3.2312352071153656,653696400
2007-05-14,3.279820442199707,3.2990145495194394,3.2465302212253717,3.2876182923065085,651946400
2007-05-15,3.2246365547180176,3.305012379609859,3.193445759797366,3.28611799234085,954514400
2007-05-16,3.2192375659942627,3.2639248341945533,3.1016728112373317,3.254926916598418,1126767600
2007-05-17,3.282219409942627,3.2951162541035743,3.2135405514389346,3.2135405514389346,735291200
2007-05-18,3.299614429473877,3.318208899252499,3.292116297728941,3.3059124917499294,621345200
2007-05-21,3.358396530151367,3.3724916391951307,3.300513504618585,3.308311352760465,639892400
2007-05-22,3.405183792114258,3.411482056987393,3.3592976350240367,3.3736932685960435,572409600
2007-05-23,3.385688543319702,3.4489694811851286,3.376690625423198,3.4195783916206506,911374800
2007-05-24,3.319706916809082,3.432773088602557,3.310110368092423,3.3832887570326373,887362000
2007-05-25,3.4075820446014404,3.412380320646352,3.3440011830880327,3.358996646628538,632959600
2007-05-29,3.429476499557495,3.4447714821549247,3.379691024878761,3.432475272358295,645694000
2007-05-30,3.562037229537964,3.5653359201028043,3.404884135351121,3.4279769714235786,1478444800
2007-05-31,3.6346142292022705,3.6640053218030832,3.5851294796831827,3.601024294680312,1297066400
2007-06-01,3.5509390830993652,3.634614406632547,3.547640793704663,3.631915150980042,885262000
2007-06-04,3.638812780380249,3.6508094719451254,3.535943552753134,3.5578375148590338,886673200
2007-06-05,3.67900013923645,3.679600374114799,3.61391970258326,3.641211369430231,920785600
2007-06-06,3.7080912590026855,3.7203878651590903,3.657406849954547,3.667903552347462,1112241200
2007-06-07,3.7209877967834473,3.827156505921298,3.694596278871971,3.748580585442991,1915079600
2007-06-08,3.73358416557312,3.7737726767675936,3.667603972073587,3.773471958669581,1241682400
2007-06-11,3.6046223640441895,3.783368611799864,3.5851285467587717,3.7788702541928063,1874258400
2007-06-12,3.610322952270508,3.650211163174283,3.548241255552933,3.5794318623906443,1426566400
2007-06-13,3.523948431015014,3.634615131884851,3.460967388250452,3.633415862890282,1721353200
2007-06-14,3.56143569946289,3.5824291063640445,3.491556581080709,3.514949326010239,973266000
2007-06-15,3.613921403884888,3.619019999151039,3.5947270927183936,3.6175204123080538,811218800
2007-06-18,3.751579999923706,3.754278855333076,3.67510308677302,3.697295766795799,910604800
2007-06-19,3.7086923122406006,3.749179940681829,3.686198918379757,3.739582588453811,943026000
2007-06-20,3.645410299301147,3.738682957599781,3.643911113551174,3.7149902969052873,897512000
2007-06-21,3.7158899307250977,3.7275867037679062,3.620518645379033,3.6499097357676575,867045200
2007-06-22,3.688897132873535,3.732384326760167,3.670302666583345,3.714389294456592,631876000
2007-06-25,3.669105052947998,3.751580319418096,3.630716033810479,3.72458815921281,965403600
2007-06-26,3.588427782058716,3.7188889964068776,3.560536275756166,3.718289161844517,1345005200
2007-06-27,3.655609130859375,3.660107891897833,3.5767332565276932,3.617220904602508,974696800
2007-06-28,3.615719795227051,3.6736026282795806,3.5989248281785966,3.6697037036878535,838143600
2007-06-29,3.660104990005493,3.7188875530312986,3.631614060622096,3.658005569852059,1137841600
2007-07-02,3.636714220046997,3.6616065573472865,3.5779316252103555,3.6304159561783207,994862400
2007-07-03,3.813961982727051,3.8208596812352904,3.643912452000932,3.658907918820569,1162481600
2007-07-05,3.981311559677124,3.987910141858881,3.8595475170479494,3.8628470083506783,1453051600
2007-07-06,3.967814683914185,3.9990056803407312,3.9108320029015897,3.992707417515221,874694800
2007-07-09,3.908731698989868,3.985808820177143,3.874241620303061,3.9702131252750865,995820000
2007-07-10,3.969313859939575,4.033794059292761,3.8631451675424873,3.8652445880554898,1255007600
2007-07-11,3.9705123901367183,4.009801141685178,3.938122534819618,3.960915840883673,821772000
2007-07-12,4.020898818969727,4.025997412658006,3.970513517485696,4.014300638902542,704608800
2007-07-13,4.130667209625244,4.134265416670912,4.034395750605919,4.049691133727488,907606000
2007-07-16,4.1417646408081055,4.198147908651473,4.123769597473653,4.150461844662674,936112800
2007-07-17,4.166055202484131,4.186749094217827,4.123768067607415,4.147761449818774,709959600
2007-07-18,4.142363548278809,4.151960903503125,4.07998194059185,4.1444629697341275,756856800
2007-07-19,4.198744773864746,4.223038067501602,4.188248072099486,4.20774188960304,732891600
2007-07-20,4.311212539672852,4.324108582719631,4.198745958461093,4.2482315104653825,1167773600
2007-07-23,4.309712886810303,4.355299513341984,4.226637400452404,4.298016112680189,1036490000
2007-07-24,4.045492649078369,4.228737745847599,4.023298765108133,4.165156869141179,1795292800
2007-07-25,4.116570472717285,4.149560972989373,4.048790769346007,4.1192693278051475,1496182800
2007-07-26,4.378692150115967,4.453669467450293,4.107573337753949,4.375992494192081,2186629200
2007-07-27,4.314212799072266,4.466267313701018,4.312113777742376,4.384391467003896,1161098400
2007-07-30,4.241631031036377,4.362195325111785,4.185848041758531,4.3286054045133975,1106988400
2007-07-31,3.951618194580078,4.303113514965623,3.944420582817234,4.287817338646255,1762392800
2007-08-01,4.048790454864502,4.060186910159668,3.83195468361201,4.008002508928794,1750156800
2007-08-02,4.093477249145508,4.107573361283293,4.023297807006919,4.0982755251943415,852644800
2007-08-03,3.954319715499878,4.0772826116508085,3.943822609441572,4.056588717273802,679187600
2007-08-06,4.0562896728515625,4.056889107188808,3.8478518984942487,3.985811090554556,925170400
2007-08-07,4.049690246582031,4.115970759487309,3.977711706184745,4.046990991253597,949936400
2007-08-08,4.019100666046143,4.104575525191454,3.95881926946704,4.1015767515506525,808096800
2007-08-09,3.790567636489868,3.988808133930604,3.751579194783205,3.932124974873093,1125395600
2007-08-10,3.748880386352539,3.8313556379286,3.6079228656696407,3.692497137825212,1410749200
2007-08-13,3.8325564861297607,3.8793423910051086,3.793867548778522,3.8484513046782745,752911600
2007-08-14,3.719789743423462,3.8478512395740614,3.710191988467523,3.8475517226685985,739006800
2007-08-15,3.5959255695343018,3.7446813150662983,3.588427238217593,3.681099661939364,992852000
2007-08-16,3.510451316833496,3.553938522076576,3.347600436405308,3.50925204812358,1866690000
2007-08-17,3.660705327987671,3.703892199662946,3.5935254828771575,3.659205742121502,1195062400
2007-08-20,3.6655056476593018,3.7338856000416887,3.613921066349691,3.71769046407377,803317200
2007-08-21,3.825955629348755,3.86764331932484,3.6289152343451336,3.66520441471823,1303047200
2007-08-22,3.974110841751098,3.981308452172827,3.908730511601506,3.93542273472876,1061765600
2007-08-23,3.9309260845184326,3.999006519935775,3.891638514624287,3.99150818600276,866838000
2007-08-24,4.05778694152832,4.059886361992361,3.893135997517244,3.914730036575955,911834000
2007-08-27,3.966315269470215,4.038594135187429,3.9618165101141103,4.0005054401529865,707439600
2007-08-28,3.8034629821777344,3.9711130906836223,3.797764555462119,3.928525249337778,1179365600
2007-08-29,4.021198749542236,4.024198323032257,3.885040296564959,3.895236283719732,1166860800
2007-08-30,4.086278438568115,4.146260681520263,3.9678139391929137,3.978910475950592,1435582400
2007-08-31,4.153159141540527,4.188249062445336,4.12106879382243,4.183450386024357,876887200
2007-09-04,4.32351016998291,4.370596403512964,4.1939494499044105,4.196948223644804,1316842800
2007-09-05,4.10157585144043,4.373893989538245,4.081781306958237,4.347801981749998,2328222400
2007-09-06,4.049091815948486,4.125868658681376,3.9801124242221086,4.065587270897043,1901261600
2007-09-07,3.9519202709198,3.9678158914598742,3.898836498358217,3.9591186881918583,1430576000
2007-09-10,4.100076675415039,4.139964484444308,4.017301483225976,4.108473961370355,1487838800
2007-09-11,4.0634870529174805,4.147761813200101,4.011302242883117,4.135765121043403,971885600
2007-09-12,4.104273319244385,4.180750213128721,4.0712832237768595,4.078481237518233,1022770000
2007-09-13,4.114771366119385,4.168755280287347,4.098275914179724,4.16365628562781,656163200
2007-09-14,4.16305685043335,4.168155044244376,4.0847804351840145,4.095876975153472,607320000
2007-09-17,4.151058673858643,4.216439021913509,4.126766581873828,4.168454271921747,793371600
2007-09-18,4.226338863372803,4.284222117508448,4.133666794465584,4.170556232191712,1064089600
2007-09-19,4.221839427947998,4.293517662192716,4.180751157318416,4.289319220318948,1026880400
2007-09-20,4.208043098449707,4.252430458048924,4.178352086849251,4.2032444216904805,691840800
2007-09-21,4.323208332061768,4.338203795797426,4.208042898283857,4.232935231941022,1138880400
2007-09-24,4.447071552276611,4.4941581672743025,4.398186634775735,4.400585572717526,1052161600
2007-09-25,4.594027519226074,4.595227588752855,4.403284136056245,4.403884771455034,1192550800
2007-09-26,4.58173131942749,4.648611676622128,4.536145491136548,4.632716860434987,975268000
2007-09-27,4.633615493774414,4.634214927862947,4.568235133649118,4.611722334929679,658198800
2007-09-28,4.602723598480225,4.636614242388622,4.581130360730728,4.601824247295539,615101200
2007-10-01,4.688798904418945,4.720890052440252,4.586529917895634,4.637514652733473,837068400
2007-10-02,4.75208044052124,4.756279282135273,4.675303224130379,4.695096962320809,792069600
2007-10-03,4.736184597015381,4.773973368868793,4.708892928689892,4.731986156027768,692518400
2007-10-04,4.685800075531006,4.74098325107588,4.603624746325315,4.738584313358633,656958400
2007-10-05,4.842052936553955,4.84595186100772,4.729587165314796,4.7496808212678,943471200
2007-10-08,5.035797595977783,5.035797595977783,4.887641219401971,4.903237322935363,835928800
2007-10-09,5.034296035766602,5.13176674720529,4.998906598307112,5.104474675714412,1104286400
2007-10-10,5.002208232879639,5.034898028463555,4.966518862848539,5.025001555033823,667590000
2007-10-11,4.865447521209717,5.154860112458378,4.594928118479727,5.0831818786883085,1643992000
2007-10-12,5.016000270843506,5.0169004228710214,4.852548999925472,4.888838580863942,988176000
2007-10-15,5.007905006408691,5.0855815982148975,4.903536571205488,5.037896741514755,1077930000
2007-10-16,5.085880756378174,5.103874991074889,4.95301981315407,4.964716986681162,1067830400
2007-10-17,5.180952548980713,5.189649749781804,5.073884481273469,5.179153045279051,1127613200
2007-10-18,5.203445911407471,5.224139002572851,5.129968179512907,5.143463656341477,823676000
2007-10-19,5.111072540283203,5.237334481581421,5.098476017535402,5.225637710458463,1291780000
2007-10-22,5.229238033294678,5.245433566618693,5.097277631821216,5.10897440588856,1649499600
2007-10-23,5.583133220672607,5.656311451966989,5.481164125210954,5.65511218299742,1795164000
2007-10-24,5.576235771179199,5.614623992207418,5.3755962617009745,5.572636762838634,1288481600
2007-10-25,5.481761932373047,5.575334515578476,5.44817200017927,5.544443438294768,973602000
2007-10-26,5.539346694946289,5.559440355730305,5.484762940741048,5.557041017028051,706876800
2007-10-29,5.551041126251221,5.596028313981629,5.539345154178327,5.5618377469846045,540554000
2007-10-30,5.608325004577637,5.679403803370465,5.540245378801154,5.58373258669088,939414000
2007-10-31,5.696798324584961,5.701896517678525,5.546842895116307,5.627218319786326,833310800
2007-11-01,5.621520519256592,5.701296907782608,5.398386885527779,5.6563097197360825,805036400
2007-11-02,5.6344170570373535,5.68150286917846,5.503056090101809,5.674605172095863,1002114400
2007-11-05,5.583733081817627,5.667107696523282,5.525550321412203,5.557040840028912,804176800
2007-11-06,5.751981735229492,5.758279597205282,5.556440088251418,5.609823758323157,954727200
2007-11-07,5.587332725524902,5.778676412607419,5.582234530423198,5.716594314997986,994327600
2007-11-08,5.2625298500061035,5.605327387998369,5.031598685628785,5.598429689061866,1890378000
2007-11-09,4.95961856842041,5.25203152316576,4.954819891718489,5.132967160464704,1526380800
2007-11-12,4.611424922943115,5.02950019484509,4.517552772917999,4.956921380720727,1769065200
2007-11-13,5.097277641296387,5.127868803875002,4.611422852533886,4.824059402044467,1739446800
2007-11-14,4.9818115234375,5.325509097991662,4.9107327339654,5.313212890660714,1449168000
2007-11-15,4.927526950836182,5.086179955078711,4.807562867123553,4.990208447854495,1487410400
2007-11-16,4.99021053314209,5.0091049252657465,4.778473694759276,4.957519943285452,1383494000
2007-11-19,4.917031764984131,5.044493818420693,4.861548664480158,4.981512785187187,1154428800
2007-11-20,5.063988208770752,5.152161905408738,4.904435786262794,4.968617296755129,1543642800
2007-11-21,5.052291393280029,5.168956016808135,4.938624741409518,4.9737142638252525,1217809600
2007-11-23,5.144663333892822,5.159958313246092,5.090978945409083,5.158458726951932,465757600
2007-11-26,5.17465353012085,5.316510369333141,5.168954702582102,5.206144037015853,1305754800
2007-11-27,5.242733955383301,5.272125048597157,5.0987772617537805,5.255030163699528,1317030400
2007-11-28,5.404985427856445,5.416381482675491,5.258928527941627,5.3030155634873655,1150912000
2007-11-29,5.527050018310547,5.553441540538157,5.372895322659529,5.381293007409068,1050926800
2007-11-30,5.464967250823975,5.629317913238679,5.389390099664642,5.618521291765516,1187802000
2007-12-03,5.364198207855225,5.522551348020738,5.329409000314917,5.454171400938514,961469600
2007-12-04,5.392689228057861,5.425379009984847,5.308114157625876,5.3129132344821794,773799600
2007-12-05,5.563339710235596,5.5783351778576415,5.470667648255088,5.485063281155303,892402000
2007-12-06,5.696798324584961,5.70129708357068,5.581932414357753,5.584031835217756,899810800
2007-12-07,5.827261447906494,5.847955345620299,5.639516781660687,5.714494521043798,1066066400
2007-12-10,5.824557304382324,5.868044490850341,5.7789714986839105,5.805963642111095,722377600
2007-12-11,5.654509544372559,5.9031357149377,5.620020265247283,5.840754134274908,1110925200
2007-12-12,5.724091529846191,5.8326583981639795,5.571136897405054,5.801467396771238,1225660800
2007-12-13,5.753181457519531,5.761879860114296,5.6329178229518275,5.7039966217454605,864617600
2007-12-14,5.709996700286865,5.794271485499311,5.684504522760163,5.709397265925345,674312800
2007-12-17,5.53034782409668,5.7777739793193055,5.487760770720542,5.719891945191832,1024693600
2007-12-18,5.487760543823242,5.61822175498104,5.356399580843907,5.593929256646714,1222603200
2007-12-19,5.491960525512695,5.537547159751581,5.42538007817093,5.487761682807383,827478400
2007-12-20,5.614623546600342,5.6332180211271226,5.4982588228804525,5.5612398621469685,774057200
2007-12-21,5.815561771392822,5.815561771392822,5.694998246133966,5.701895942125559,993960800
2007-12-24,5.96221923828125,5.978114854804642,5.841955607219658,5.849152821401875,480202800
2007-12-26,5.966717720031738,6.026999891827557,5.902836941312262,5.968517223705369,703732400
2007-12-27,5.955320835113525,6.086980907276455,5.932228007144996,5.966717290469117,795527600
2007-12-28,5.993109226226807,6.044993306742336,5.904635643073633,6.015902535906952,699647200
2007-12-31,5.940627098083496,6.013205094334128,5.930729825578617,5.9832141603182505,539333200
2008-01-02,5.843453407287598,6.006005349231469,5.774774761339813,5.976314343089835,1079178800
2008-01-03,5.84615421295166,5.9199322673795045,5.778974339152645,5.860550243414563,842066400
2008-01-04,5.399888515472412,5.788272700268344,5.365099301826464,5.741786709193363,1455832000
2008-01-07,5.327608585357666,5.50635527168813,5.105374696296996,5.435875915436931,2072193200
2008-01-08,5.1359639167785645,5.472163863601265,5.1224680442760455,5.402583879585342,1523816000
2008-01-09,5.380395412445068,5.383394186125272,5.047494294530995,5.1374675155315845,1813882000
2008-01-10,5.339005470275879,5.428378820626323,5.26072905966146,5.325809509932331,1482975200
2008-01-11,5.1791534423828125,5.333907569202426,5.098477689023979,5.278423668327582,1232285600
2008-01-14,5.361799716949463,5.380993626012718,5.2535315584782465,5.324010932660283,1100450400
2008-01-15,5.0696845054626465,5.374992599732511,4.938323177537495,5.330006622499725,2343278000
2008-01-16,4.787769794464111,5.0687850577846225,4.69959612266759,4.955419137145424,2213845200
2008-01-17,4.825258255004883,4.959318477711696,4.751180688127396,4.843853126574611,1757859600
2008-01-18,4.839355945587158,4.9710168729656,4.786871605149247,4.849852653505245,1724343600
2008-01-22,4.667806148529053,4.797967470630159,4.378693041490649,4.440474411601859,2434754000
2008-01-23,4.170854091644287,4.1987455963625555,3.783069878424323,4.0844799216885965,3372969600
2008-01-24,4.06678581237793,4.219740451662433,3.959118290794781,4.198446721047191,2005866800
2008-01-25,3.8991353511810303,4.171454241238437,3.887139460556381,4.168455468794082,1554739200
2008-01-28,3.8991353511810303,3.9948069635511825,3.792366799199391,3.8436522548180534,1474844000
2008-01-29,3.945021390914917,3.982510249930198,3.870344391010462,3.933325417885027,1099982800
2008-01-30,3.9642157554626465,4.062286705007513,3.8988353893818086,3.9399232563566664,1243051600
2008-01-31,4.05958890914917,4.098276647104617,3.8808421658546792,3.8823409518154026,1345674400
2008-02-01,4.011303424835205,4.096477561702958,3.964217195093228,4.085980853396572,1010744000
2008-02-04,3.9483203887939458,4.075781612611264,3.941421891816336,4.025096800071685,899234000
2008-02-05,3.879641532897949,4.018799965107387,3.8658453362653207,3.911731885087403,1141042000
2008-02-06,3.658907890319824,3.956419487330952,3.6520101918653136,3.9237288974188287,1573272400
2008-02-07,3.6361143589019775,3.742283089796404,3.5170495834607407,3.5980260599113354,2083331600
2008-02-08,3.763275623321533,3.769873401803571,3.646909742922824,3.661305769625878,1355972800
2008-02-11,3.882340669631958,3.898236288643006,3.8148612702883833,3.839154174391018,1201432400
2008-02-12,3.7446815967559814,3.928825988261592,3.707492257151909,3.919828870936543,1225980000
2008-02-13,3.880840301513672,3.892236755357094,3.767773913038016,3.799264420033844,968534000
2008-02-14,3.82265830039978,3.9228286682783815,3.809161622581431,3.880841050564132,954097200
2008-02-15,3.737783432006836,3.811261573003198,3.720688945779101,3.786969471588572,901300400
2008-02-19,3.664306163787842,3.8013655924076017,3.6421130803084663,3.7785722737929857,1005046000
2008-02-20,3.713490724563598,3.736883470632947,3.6493096304479984,3.6649053283923494,967439200
2008-02-21,3.645110607147217,3.792967010021205,3.624717435198756,3.7803708858094054,938114800
2008-02-22,3.5827300548553467,3.6742024205279873,3.475061756026103,3.673303069133082,1529878000
2008-02-25,3.591127634048462,3.604023675981631,3.498755118820336,3.55663714867575,1256774400
2008-02-26,3.573431968688965,3.6316151146962934,3.4621654712260703,3.5281460653573373,1504888000
2008-02-27,3.6876981258392334,3.690396980452544,3.54164164001162,3.5458400807565105,1475138000
2008-02-28,3.8961379528045654,3.9648174340080984,3.771974955246829,3.814861941113088,1618254400
2008-02-29,3.749481201171875,3.9051343091462503,3.7428830191513462,3.877542712453295,1255480800
2008-03-03,3.650810480117798,3.7782729606517216,3.538944103348701,3.732086486219768,1593043200
2008-03-04,3.737483501434326,3.7452813508159872,3.610921611013171,3.6586072578840367,1785383600
2008-03-05,3.73358416557312,3.7530787868803777,3.666404303070064,3.706292096166525,1221836000
2008-03-06,3.626818418502808,3.823858933254349,3.623219009489839,3.737184811849171,1473698800
2008-03-07,3.6664047241210938,3.688298285526096,3.570433995782862,3.611221144892408,1230462800
2008-03-10,3.589627504348755,3.702693905874097,3.580030152279429,3.6583073538241666,999588800
2008-03-11,3.819358110427856,3.823257034294471,3.658906401690888,3.721887816727165,1163943200
2008-03-12,3.779770374298096,3.8592468473119386,3.7539782905229857,3.810062017866115,1059629200
2008-03-13,3.837052583694458,3.883838460986172,3.688896704968843,3.721887193275063,1262102800
2008-03-14,3.797164678573608,3.9078309074381545,3.724885443721967,3.895234386694012,1156640800
2008-03-17,3.800764322280884,3.85654813441564,3.675402505520917,3.675402505520917,1072598800
2008-03-18,3.983409166336059,3.9888080771902743,3.85894671257332,3.874242091703284,1205120000
2008-03-19,3.888937473297119,4.0274960318197195,3.888937473297119,3.992406916762252,1010536800
2008-03-20,3.996906518936157,3.99750595310629,3.874242747053896,3.932425501377784,908787600
2008-03-24,4.184650421142578,4.224238708019218,4.008003517701255,4.019099658109874,1066920400
2008-03-25,4.228137493133545,4.291718363554082,4.118670473825393,4.197546326784809,1052391200
2008-03-26,4.350501537322998,4.370895517466794,4.2179412670239,4.224838965909785,1182084400
2008-03-27,4.206243991851807,4.3579985404329085,4.198446142124065,4.3472019181565855,999829600
2008-03-28,4.289019584655762,4.338204424532067,4.246732442868792,4.252730789401838,714610400
2008-03-31,4.303715705871582,4.369996242609731,4.274324604796342,4.296818006864469,768065200
2008-04-01,4.484559059143066,4.488457982809473,4.307012878801034,4.387688204434127,1032567200
2008-04-02,4.423377513885498,4.53464439350617,4.374192694354394,4.462065631749379,1044968400
2008-04-03,4.546941757202148,4.607523846294935,4.408683094959204,4.41048259863337,1051568000
2008-04-04,4.591028690338135,4.639913603996196,4.521149567633014,4.564336453544754,854417200
2008-04-07,4.6753034591674805,4.789269220026909,4.651910312279711,4.682500672877632,1158326400
2008-04-08,4.583831310272217,4.692099467826272,4.568236409449312,4.6051258418226215,1014294400
2008-04-09,4.541843414306641,4.615321556510315,4.512452317594636,4.5979271526796675,873398400
2008-04-10,4.63511323928833,4.661205229355763,4.516648372735333,4.532543980993445,955763200
2008-04-11,4.412882328033447,4.597626983631059,4.390688447418081,4.580232580752781,1210076000
2008-04-14,4.432076454162598,4.4761634994230395,4.334906045298861,4.401786006067018,845087600
2008-04-15,4.450069427490234,4.490257528927762,4.370293459401107,4.480659778705012,698037200
2008-04-16,4.609623432159424,4.621619322902483,4.51725090903224,4.550240609634699,795774000
2008-04-17,4.633314609527588,4.6786013048929584,4.599125250743699,4.623717259336892,704267200
2008-04-18,4.829758167266846,4.866346877236593,4.749981765764545,4.772174845505867,1026765600
2008-04-21,5.043292999267578,5.053490186264322,4.8513507550001265,4.864846231060412,1039152800
2008-04-22,4.804565906524658,5.038495817799019,4.741284150794545,5.020500778013961,1439572400
2008-04-23,4.885240077972412,4.94372273699078,4.830956260205562,4.920030076490015,1504190800
2008-04-24,5.066686153411865,5.097877151021584,4.774274004474445,4.958719132839253,1696066400
2008-04-25,5.0903801918029785,5.131467260061196,4.991109167553291,5.119471368951453,992474000
2008-04-28,5.165656089782715,5.210941984951126,5.0723834429720345,5.0909779088099185,787214400
2008-04-29,5.249931812286377,5.268225563536372,5.105974333121219,5.13176641615573,923476400
2008-04-30,5.216941833496094,5.398387385814698,5.1860507536407505,5.284121703476269,1139524400
2008-05-01,5.398388385772705,5.398388385772705,5.24423447692035,5.247233249894827,903576800
2008-05-02,5.426578521728516,5.455969611010563,5.3549003020006944,5.404085128685876,1006082000
2008-05-05,5.540244102478027,5.557638901541898,5.429876963443974,5.45596936225155,854557200
2008-05-06,5.598128318786621,5.611923713079237,5.463768578204895,5.538145662504102,918870400
2008-05-07,5.476064682006836,5.644315097262353,5.414583232325039,5.579834073919016,1157133600
2008-05-08,5.550144195556641,5.593331097749323,5.490461837179822,5.511455253293959,899085600
2008-05-09,5.501858711242676,5.525851301267024,5.439477096247129,5.49316150747538,673072400
2008-05-12,5.643115520477295,5.664409251902585,5.483863011448147,5.554642304773688,818563200
2008-05-13,5.697098731994629,5.7417852071599125,5.634117702470382,5.656610298063352,823236400
2008-05-14,5.586132526397705,5.765478687420029,5.565438630781062,5.735187837541698,916823600
2008-05-15,5.690201282501221,5.695300277820325,5.524350593540214,5.602627819781031,873208000
2008-05-16,5.626919269561768,5.707295902167853,5.60832479796908,5.701597073223107,765769200
2008-05-19,5.506356239318848,5.659010550752378,5.437376457276102,5.634118214143003,945820400
2008-05-20,5.575336456298828,5.583133506907396,5.401987823898102,5.4529721740309345,969850000
2008-05-21,5.3441057205200195,5.636818279238571,5.285922949466553,5.568438317159126,1157657200
2008-05-22,5.309914588928223,5.438276002538909,5.1584599413743755,5.376195117463312,1206735600
2008-05-23,5.433478832244873,5.458071657843675,5.3324090741825,5.421482136624115,906917200
2008-05-27,5.591230392456055,5.591230392456055,5.453571948081222,5.480863623018407,789905200
2008-05-28,5.608625888824463,5.63681731717842,5.509955489161937,5.620621781254266,743979600
2008-05-29,5.59902811050415,5.64431482335104,5.563338751552716,5.601127531668781,647186400
2008-05-30,5.660808563232422,5.684502026847643,5.619721099752713,5.621820520579378,610184400
2008-06-02,5.581334114074707,5.687801561643151,5.534247494215638,5.656311043193114,679840000
2008-06-03,5.559441089630127,5.644316105731968,5.46856852682828,5.604127577587616,750520400
2008-06-04,5.554040908813477,5.611023988021532,5.495258726434939,5.518951389576326,726983600
2008-06-05,5.681204795837402,5.69350140842652,5.569338415980627,5.5885327278911205,755445600
2008-06-06,5.5675368309021,5.696798370501891,5.5648379759125,5.638315704486907,966422800
2008-06-09,5.446674823760986,5.5465453131756535,5.270927636714791,5.542046952719524,1888392800
2008-06-10,5.5675368309021,5.601726198198386,5.368995603634572,5.413682876162658,1140941200
2008-06-11,5.422679424285889,5.5783328662871865,5.38609072268714,5.52854740585298,961550800
2008-06-12,5.196249961853027,5.476366807921943,5.134468578966043,5.443076376847615,1308333600
2008-06-13,5.169556140899658,5.223240138054636,4.957820126223459,5.147662978143084,1345957200
2008-06-16,5.303616523742676,5.335406961007132,5.070586355967761,5.137466321244128,1051730400
2008-06-17,5.441275596618652,5.458070566706435,5.320711232274887,5.341405127659971,899656800
2008-06-18,5.360899925231934,5.46436900503575,5.318912698884351,5.431978332725058,811468000
2008-06-19,5.425380229949951,5.468567927131974,5.302417722524678,5.354902056538327,791949200
2008-06-20,5.256529331207275,5.428377905256137,5.248431565738378,5.37889236157109,888367200
2008-06-23,5.193249225616455,5.274824725708692,5.145263260457619,5.240634555352986,645780800
2008-06-24,5.195948600769043,5.2718256799915135,5.147363196596526,5.16955627724809,621947200
2008-06-25,5.320108890533447,5.3632961616846195,5.2148403675788515,5.236733519897638,644450800
2008-06-26,5.046292781829834,5.2436339454763035,5.038794849903311,5.220540715566214,869610000
2008-06-27,5.1011762619018555,5.115571890268201,4.923029409862318,4.993808283051802,1042249600
2008-06-30,5.021698951721191,5.158457999062354,4.997106140390755,5.104174184144301,684196800
2008-07-01,5.238834857940674,5.240034527046472,4.918530814740959,4.925428511675698,1111280800
2008-07-02,5.043895721435547,5.32191233355092,5.043895721435547,5.2544325227898225,837519200
2008-07-03,5.102076053619385,5.163558297702188,4.971015400255037,5.086181237972517,523362000
2008-07-07,5.253231048583984,5.312313156668575,5.15546080897077,5.193249588997466,820391600
2008-07-08,5.384892463684082,5.389391223746052,5.180653561954826,5.2604299720257,888350400
2008-07-09,5.225938320159912,5.425678402260646,5.222639630855219,5.404384678074558,895776000
2008-07-10,5.297318935394287,5.318612266841964,5.139566009810211,5.2460342687434265,840688800
2008-07-11,5.175853252410889,5.311712970985468,5.1284679260626955,5.262528141040723,930011600
2008-07-14,5.214841842651367,5.3773929887222245,5.190849263379457,5.375594286060429,886054400
2008-07-15,5.087678909301758,5.210642569689061,4.990208613603653,5.172853799977612,1040043200
2008-07-16,5.182750225067139,5.186348830777861,5.05648829658033,5.104473042918876,747790400
2008-07-17,5.152761459350586,5.247833650114642,5.140164931643121,5.22144092539424,757526000
2008-07-18,4.95302152633667,5.087981937055191,4.948523166318358,5.054091275058586,868414400
2008-07-21,4.987210273742676,5.023499060040578,4.832156257519902,5.005504024882591,1360469600
2008-07-22,4.859148979187012,4.881342057635122,4.39458711101412,4.468665479823667,1879592400
2008-07-23,4.986310958862305,5.049591908099752,4.845353029843638,4.948222262229184,1061768400
2008-07-24,4.769475936889648,4.956320011313468,4.752081133803074,4.928127784934854,839619200
2008-07-25,4.862148761749268,4.888541088132829,4.758079443389134,4.810563778382475,633637200
2008-07-28,4.630618095397949,4.872645386481228,4.6192208358631435,4.868746460995847,780712800
2008-07-29,4.710994720458984,4.782073541285255,4.608125456652136,4.6609093164075235,684070800
2008-07-30,4.794969081878662,4.813263640591585,4.681003286944299,4.731988037365424,725183200
2008-07-31,4.767076015472412,4.864546724127721,4.707993915918218,4.724788882347008,637498400
2008-08-01,4.698396682739258,4.798267541411115,4.671105009432342,4.795567484878278,544639200
2008-08-04,4.595526695251465,4.735585247576276,4.585929343283002,4.696596405627959,592527600
2008-08-05,4.817760467529297,4.822558742986227,4.643212636612206,4.6612068703169145,688371600
2008-08-06,4.924227714538574,5.020498327431776,4.738582982275474,4.79766506570286,791408800
2008-08-07,4.905635833740234,4.983012906112377,4.843554145352977,4.879842942384605,672372400
2008-08-08,5.084980010986328,5.087979583650633,4.911032025256694,4.914331114721546,713997200
2008-08-11,5.205246448516846,5.293420151502354,5.088581396770305,5.100578091342292,891304400
2008-08-12,5.300317287445068,5.377093710407621,5.20374592310859,5.204045840395716,836278800
2008-08-13,5.37739372253418,5.398387532579641,5.275424646078266,5.3378062416298215,842346400
2008-08-14,5.377995014190674,5.411884874044931,5.333608447463143,5.348303997255206,711300800
2008-08-15,5.270627975463867,5.390891642970548,5.249934076406644,5.369598309569505,708251600
2008-08-18,5.260129928588867,5.332707920397019,5.213043708583061,5.2655280401101425,552014400
2008-08-19,5.204345703125,5.310514019112918,5.152760731127341,5.234636147536338,616204400
2008-08-20,5.273624897003174,5.306614996786988,5.206744545176553,5.241534549054752,506951200
2008-08-21,5.227138519287109,5.261927319226841,5.155159979669631,5.232536229038348,539744800
2008-08-22,5.302117347717285,5.323410676491103,5.26552783527083,5.273025768236017,439611200
2008-08-25,5.174953460693359,5.285321003105987,5.14826122670603,5.282920864334309,484425200
2008-08-26,5.207643032073975,5.244831561440092,5.176751962694516,5.181250720432807,445550000
2008-08-27,5.238536357879639,5.271226949433038,5.1641588553163205,5.197748798518775,477780800
2008-08-28,5.21064567565918,5.285923342727056,5.18095465336914,5.256832155247877,431384800
2008-08-29,5.084382057189941,5.203446426847481,5.069686509355326,5.1872512924559,599289600
2008-09-02,4.984211444854736,5.203446184174917,4.94852208731069,5.170456082307523,780763200
2008-09-03,5.0073041915893555,5.058889165027272,4.918531075593833,5.003705184081088,734834800
2008-09-04,4.835155487060547,5.035796143818359,4.822859278962855,4.9743139020590785,743386000
2008-09-05,4.803965091705322,4.870545529604185,4.728087618129805,4.7562798437241955,786884000
2008-09-08,4.736184597015381,4.945222511183769,4.5424428626969515,4.93562515938681,1045979200
2008-09-09,4.549040794372559,4.7973662741033065,4.492358035112814,4.704394327989977,1245025600
2008-09-10,4.546941757202148,4.648311394971892,4.462667404336984,4.568235483589512,973142800
2008-09-11,4.578132629394531,4.588329816604382,4.3786920489202,4.444072412277227,971135200
2008-09-12,4.466864585876465,4.525947071909049,4.393686392129079,4.525947071909049,793027200
2008-09-15,4.209543228149414,4.429377830466071,4.209543228149414,4.259628622439757,920634400
2008-09-16,4.1951470375061035,4.273723767414703,3.963316573478095,4.014600829432944,1199836400
2008-09-17,3.8337554931640625,4.154059990348472,3.8337554931640625,4.153459755271602,1200455200
2008-09-18,4.021498203277588,4.061685908460558,3.619318030847432,3.9159293466516023,1676253600
2008-09-19,4.226036548614502,4.324707309637485,4.088077833933758,4.276721356373605,1430875600
2008-09-22,3.930326461791992,4.206244395349058,3.9186304869256614,4.196946958243326,856713200
2008-09-23,3.804064512252808,4.072784032480829,3.798665599902662,3.954319890816995,1280364400
2008-09-24,3.8601481914520264,3.927328077424476,3.7533800153802015,3.816960893084762,1047015200
2008-09-25,3.956718444824219,4.042493190965786,3.854449048022974,3.892837261168233,1006045600
2008-09-26,3.8460516929626465,3.892837594517786,3.688898618051947,3.746181225586721,1126451200
2008-09-29,3.156857967376709,3.5893287778874567,3.0167995673261534,3.587529273777457,2622057200
2008-09-30,3.4087822437286377,3.4489699594093937,3.1880481230806854,3.2465299926459084,1626682400
2008-10-01,3.27262282371521,3.3697936300948506,3.220738129887218,3.3565978690249287,1296484000
2008-10-02,3.0021026134490967,3.2627244635884303,2.999103841758642,3.239331721946509,1609364400
2008-10-03,2.91123104095459,3.19404607465921,2.8386524488523226,3.1190691449852053,2294398400
2008-10-06,2.943321943283081,2.9625160552749574,2.625417123441371,2.7579774041350396,2107417200
2008-10-07,2.674001932144165,3.0440910917481636,2.6677036684914808,3.013499925858781,1878772000
2008-10-08,2.6928961277008057,2.889037248181778,2.5696327130124437,2.5765304108884695,2207741200
2008-10-09,2.661405563354492,2.873142380610274,2.5972242596251345,2.799664441053246,1617383600
2008-10-10,2.903132438659668,2.999103947575203,2.549237724771867,2.570231529886846,2219299600
2008-10-13,3.306812047958374,3.3149098145158065,3.0296948881039185,3.135563685792326,1539076000
2008-10-14,3.1214680671691895,3.4909577818368347,3.09327604042076,3.486758939523606,1980994400
2008-10-15,2.9376220703125,3.209041582833173,2.9358225667647604,3.114269130801399,1584175600
2008-10-16,3.0557875633239746,3.1019738244597628,2.751378524453158,2.992206099543383,1980521200
2008-10-17,2.9211268424987793,3.0602858484455417,2.575930484985034,2.987107638668292,1762227600
2008-10-20,2.952317476272583,3.000003517191256,2.808361003267581,2.9925053858842285,1549170000
2008-10-21,2.743880271911621,2.936123240210887,2.733983001874706,2.907631499619122,2193660000
2008-10-22,2.9052319526672363,3.0365923055720216,2.7870675584398534,2.9202274148584073,2248808800
2008-10-23,2.9460203647613525,2.976611533075237,2.756177493268307,2.894436183879016,1675430400
2008-10-24,2.890536069869995,2.9361226860433045,2.7024919788962563,2.7090897572519963,1590058400
2008-10-27,2.7618744373321533,2.928024550408191,2.7549759417856743,2.8512471539994535,1208771200
2008-10-28,2.9964046478271484,3.0140999674184417,2.7702728266450083,2.8620449108428647,1634133200
2008-10-29,3.135564088821411,3.285219226917408,2.997305408403037,3.0248970008535587,1950978400
2008-10-30,3.33020544052124,3.364695531899238,3.2273362022982486,3.245930675715483,1638089600
2008-10-31,3.226736068725586,3.3224078771042276,3.1532581385948344,3.221037640526803,1659756000
2008-11-03,3.2078423500061035,3.272023658888825,3.1448611108917706,3.1769514650153714,1057938000
2008-11-04,3.328706741333008,3.352699328153865,3.199145250890348,3.2987152069595513,1398681200
2008-11-05,3.098074197769165,3.290616047088725,3.08877656376765,3.266323753406565,1256455200
2008-11-06,2.9721124172210693,3.0824789747261785,2.939122116565614,3.030595086420419,1319074400
2008-11-07,2.946320056915283,2.994605747277641,2.8707426896402763,2.9763117907174963,1095253600
2008-11-10,2.8755414485931396,3.011100666745193,2.834153661383091,3.0042029691592766,1123822000
2008-11-11,2.8422515392303467,2.9142296930566745,2.766973894499571,2.8434506078606097,1224538000
2008-11-12,2.7027924060821533,2.796364800541823,2.6994939164611,2.772071699774005,1178976400
2008-11-13,2.892336845397949,2.892336845397949,2.5798299966191514,2.695295365087544,1854087200
2008-11-14,2.7063918113708496,2.818858603266037,2.699194396375914,2.811960104529897,1405266800
2008-11-17,2.6434102058410645,2.715689068068558,2.6170186868303285,2.653607393222566,1162526400
2008-11-18,2.6964943408966064,2.7288852086314437,2.6050221684304686,2.6883973747571956,1209695200
2008-11-19,2.587926864624023,2.74657908421916,2.585527726857267,2.6823987954111055,1171900800
2008-11-20,2.413980007171631,2.5927265666681625,2.3992842553141274,2.5564375636378487,1716814400
2008-11-21,2.4766616821289062,2.5228479653816187,2.3734924885457276,2.457166848928076,1569271200
2008-11-24,2.787668228149414,2.8428514213739393,2.544440651915096,2.555537193947996,1442257600
2008-11-25,2.7231874465942383,2.8404525438250405,2.6440108569948975,2.838053404906785,1235292800
2008-11-26,2.8491485118865967,2.8566466431008077,2.6946951374719403,2.696794558152622,899836000
2008-11-28,2.7792701721191406,2.841951486791209,2.7549770708547,2.8401519829781523,297774400
2008-12-01,2.6671032905578613,2.7672736744023374,2.6668035734464506,2.7381822946833685,923767600
2008-12-02,2.773271083831787,2.778669794037851,2.594224907012958,2.7000928833809357,1148722400
2008-12-03,2.876141309738159,2.88603858157562,2.6632052120762513,2.6811994509333865,1338680000
2008-12-04,2.7414815425872803,2.8554473206716815,2.671002173998384,2.8320543704600616,1091370000
2008-12-05,2.8191583156585693,2.833854064000942,2.665004017887421,2.709691097549405,1043795200
2008-12-08,2.990708112716675,3.0230979892586496,2.8731430997045404,2.9175298719447658,1185142000
2008-12-09,3.000903606414795,3.1070723347124036,2.9154297736642394,2.940322510597981,1203496000
2008-12-10,2.945420503616333,2.983808919195041,2.894136244021331,2.935223515033733,938047600
2008-12-11,2.8491485118865967,3.0362924650483203,2.844050319228492,2.91962766182706,1040617200
2008-12-12,2.9472198486328125,2.969112809082427,2.775071133397437,2.783168899982821,1041174400
2008-12-15,2.841651439666748,2.8854375587926997,2.7891671191524634,2.8788397793347387,891758000
2008-12-16,2.8620455265045166,2.893536046581261,2.7816696809309156,2.8185591135897687,1093506400
2008-12-17,2.674001932144165,2.732183889484024,2.6398113580295943,2.7300844682664627,1293860400
2008-12-18,2.6820995807647705,2.7240870053292596,2.6524077655023297,2.678500372642339,857416000
2008-12-19,2.6991944313049316,2.7273856584964093,2.6632051535344283,2.69739472716221,801920000
2008-12-22,2.571432590484619,2.700093924924144,2.53994187067249,2.699794007586547,844740400
2008-12-23,2.5906264781951904,2.635312956409471,2.5762306474319088,2.6053220260586296,635031600
2008-12-24,2.550437688827514,2.5867266701304787,2.535742145980568,2.5834279812483767,271334000
2008-12-26,2.57353138923645,2.6218170716050744,2.5564367044347507,2.5984241237475927,308324800
2008-12-29,2.597524404525757,2.627815855489658,2.5513381354754165,2.5948253486922352,686000000
2008-12-30,2.587926864624023,2.6407110988811504,2.54084045743058,2.6218167127237337,967601600
2008-12-31,2.5597360134124756,2.631414466372995,2.5594362962399653,2.5783306910323054,607541200
2009-01-02,2.721687078475952,2.73038528160166,2.554037897416231,2.575631144130786,746015200
2009-01-05,2.836552143096924,2.8845378996937687,2.7804686211456784,2.794265014183467,1181608400
2009-01-06,2.789766550064087,2.914229003547808,2.7708721640227107,2.8776403008705147,1289310400
2009-01-07,2.729484796524048,2.7741712748444582,2.7069913984956715,2.753478181539541,753048800
2009-01-08,2.780170440673828,2.7936669239355396,2.7003942138862382,2.7120911927413056,673500800
2009-01-09,2.716587781906128,2.800562797550932,2.7033920254977235,2.795464605480295,546845600
2009-01-12,2.6590068340301514,2.7288857765895536,2.625716607902898,2.712990156603704,617716400
2009-01-13,2.630514144897461,2.69139594999972,2.5897267971409392,2.6464097604097607,798397600
2009-01-14,2.559135675430298,2.6167181957091117,2.5408409202234985,2.586427549271799,1021664000
2009-01-15,2.500654458999634,2.522848150278601,2.4007845500455813,2.4163796569439637,1831634000
2009-01-16,2.469162702560425,2.5306441531327795,2.411280460137487,2.528245014719559,1047625600
2009-01-20,2.34529972076416,2.4592655059754667,2.34529972076416,2.45716608461431,919914800
2009-01-21,2.4841580390930176,2.485657825867357,2.378589747845652,2.3809888861338524,1089270000
2009-01-22,2.650007724761963,2.6991935488232177,2.573830752044712,2.6404109742369553,1409528400
2009-01-23,2.650007724761963,2.6952944247025803,2.5942249230485896,2.6038214733618323,763770000
2009-01-26,2.6883978843688965,2.7282860914245464,2.6482091593250394,2.6650043308618425,692238400
2009-01-27,2.7210872173309326,2.7456802359045525,2.6913962052543208,2.704891883220633,618038400
2009-01-28,2.8251564502716064,2.8491490330207494,2.7441803823282815,2.7627748541918606,861406000
2009-01-29,2.789167642593384,2.82935556290043,2.7771709496482484,2.791866498082376,592729200
2009-01-30,2.703092575073242,2.8077604867398587,2.699493368040095,2.77717013002881,651478800
2009-02-02,2.744480848312378,2.759176399351596,2.666204415087569,2.672202762623468,558247200
2009-02-03,2.7885663509368896,2.80056304019782,2.707591100966849,2.7567759252425037,599309200
2009-02-04,2.805661916732788,2.886638193282219,2.792166437908077,2.795765646032455,808421600
2009-02-05,2.8929357528686523,2.9166284166508327,2.7777701224868476,2.7822686813818924,749246400
2009-02-06,2.990708112716675,2.999105599345265,2.909132385316176,2.9097318196667468,687209600
2009-02-09,3.0743815898895264,3.089077137272778,2.9841084840511125,2.9991047495838146,715010800
2009-02-10,2.93402361869812,3.074381089237761,2.9109305908262235,3.0389922548260255,849060800
2009-02-11,2.903733015060425,2.9484194974451223,2.8722424952107883,2.8902375356090775,674973600
2009-02-12,2.977210521697998,2.9916063507103585,2.874041381466444,2.874041381466444,817188400
2009-02-13,2.973912239074707,2.997305187555047,2.942721440889107,2.9688132446130258,608977600
2009-02-17,2.835052728652954,2.9103303629072084,2.8275553974209555,2.9052321696609775,678238400
2009-02-18,2.830254077911377,2.8746406274180862,2.7807693358335173,2.850648249678384,684779200
2009-02-19,2.718388319015503,2.8266554602412826,2.7024927022471967,2.8002637391190146,922804400
2009-02-20,2.735182523727417,2.771171588323836,2.669201737751656,2.681198426303393,750316000
2009-02-23,2.6077215671539307,2.7591762292866915,2.59452580402389,2.748679522169579,786982000
2009-02-24,2.7066915035247803,2.7258858112719615,2.609220978848505,2.622716657395644,807105600
2009-02-25,2.7339835166931152,2.7867677655586607,2.6767009082964215,2.694995665234189,833053200
2009-02-26,2.674901008605957,2.7867673533013,2.6680033114526407,2.759175563629003,629868400
2009-02-27,2.6785008907318115,2.7381828484319053,2.6293152406205493,2.6371130926018145,706658400
2009-03-02,2.637411832809448,2.7351830618353623,2.629314266655705,2.6428105439316067,770929600
2009-03-03,2.650307893753052,2.72138688642338,2.6356123477062146,2.6671028607242366,724340400
2009-03-04,2.734282970428467,2.7822687340847674,2.682698800053924,2.7045919606080764,741403600
2009-03-05,2.6644043922424316,2.755276937181984,2.6527084176713345,2.7129897965556253,706899200
2009-03-06,2.5582361221313477,2.6512082760696827,2.4691622921753056,2.6494085721881753,1011147200
2009-03-09,2.492556095123291,2.62721579592269,2.47636155759417,2.524647054707094,698297600
2009-03-10,2.6581056118011475,2.674300942415701,2.5300437543429832,2.5453389328214153,844258800
2009-03-11,2.7795701026916504,2.821257810048632,2.6865981344182694,2.6934958324744542,846372800
2009-03-12,2.889636754989624,2.8965352534083006,2.7591757308694116,2.786167887817669,768457200
2009-03-13,2.8770394325256348,2.915128916965545,2.8494478509437204,2.8881367693607607,601168400
2009-03-16,2.8617446422576904,2.920826937212995,2.8245555050337323,2.8950348553512395,797244000
2009-03-17,2.9889073371887207,2.98980668854395,2.8512479177845016,2.8563469116213187,786646000
2009-03-18,3.0446908473968506,3.10347324234625,2.990707530130896,2.996405158529539,796037200
2009-03-19,3.04768967628479,3.095075000949917,3.006601612924959,3.054587372736323,500180800
2009-03-20,3.0467896461486816,3.0923762729501134,3.016199284128976,3.061785110083179,695587200
2009-03-23,3.2288362979888916,3.2438317650004587,3.0515895495647407,3.080380413769357,666397200
2009-03-24,3.194046974182129,3.2822206915817316,3.1607575427859285,3.189848330607424,640612000
2009-03-25,3.19374680519104,3.2498301522784923,3.114870738974369,3.226437398195607,646618000
2009-03-26,3.2951154708862305,3.2984139597251563,3.2264358278597776,3.233932957635948,616252000
2009-03-27,3.204542636871338,3.2549275414394407,3.1910469591570507,3.2459304229632493,492872800
2009-03-30,3.1337637901306152,3.149358685887796,3.077380549831923,3.1343634244036185,502796000
2009-03-31,3.152658224105835,3.222537140743519,3.14905901693043,3.1625546924086807,570080000
2009-04-01,3.2597267627716064,3.2690235981727893,3.1157692658151968,3.1217676116452697,589372000
2009-04-02,3.3802905082702637,3.4414724416682523,3.2924167336336287,3.303213557186911,812366800
2009-04-03,3.4786617755889893,3.4828606186305193,3.404584189760554,3.424677852040453,636241200
2009-04-06,3.552438974380493,3.561436092556392,3.397384940571142,3.4471704093078825,658064400
2009-04-07,3.44896936416626,3.4990547422191716,3.42467646823711,3.4948559008742603,536580800
2009-04-08,3.488558530807495,3.5026538437936128,3.4363741191632275,3.4618662901423254,455630000
2009-04-09,3.5860278606414795,3.5989238997714414,3.5377419924627316,3.55153858403644,530756800
2009-04-13,3.605524063110352,3.6283173848844776,3.56893534190608,3.5992257977661986,389236400
2009-04-14,3.5482397079467773,3.6040235157439784,3.516449280211655,3.5860284806974194,454622000
2009-04-15,3.528146266937256,3.546440419496809,3.471763021643012,3.514949506679301,412882400
2009-04-16,3.642411708831787,3.693396039577105,3.562635322120592,3.5746320121063744,593446000
2009-04-17,3.701494693756103,3.726387431027831,3.606423305340979,3.634314815405359,497495600
2009-04-20,3.613921403884888,3.688599226970684,3.5737332773403168,3.65081043937489,466466000
2009-04-21,3.651709079742432,3.66310633795278,3.5569376122685585,3.565634813840029,470685600
2009-04-22,3.6442112922668457,3.759377116115177,3.634913456900348,3.677801224116715,938767200
2009-04-23,3.760876178741455,3.814860487993383,3.704193014408173,3.797465686273932,945156800
2009-04-24,3.7158899307250977,3.753078869808929,3.687998426624012,3.738083407357108,540764000
2009-04-27,3.740783452987671,3.7488812215180016,3.6787017621929063,3.685900179088014,480690000
2009-04-28,3.7158899307250977,3.785169215515125,3.6966956266681663,3.699394481562163,455856800
2009-04-29,3.7530786991119385,3.8043629461189887,3.71379034101246,3.744381499463349,458110800
2009-04-30,3.773773670196533,3.8088627965159545,3.746481994029093,3.785469645212669,498489600
2009-05-01,3.816061019897461,3.8373547510495807,3.772873722900945,3.772873722900945,397516000
2009-05-04,3.9609158039093018,3.9663139128666858,3.82925496141812,3.8460499235128864,609358400
2009-05-05,3.9801125526428223,3.9846109128047646,3.932426491282168,3.9513208853182578,398255200
2009-05-06,3.973813533782959,4.003804464482462,3.9054335871271944,3.998706270543157,473538800
2009-05-07,3.870645523071289,3.970515215654972,3.835855504624763,3.968715711230646,531776000
2009-05-08,3.874542474746704,3.935724392722417,3.786668722260621,3.870043315555019,467964000
2009-05-11,3.885939598083496,3.9276273023227537,3.812461460596747,3.8199597935899017,404658800
2009-05-12,3.7314858436584473,3.890138912705793,3.696396716243095,3.8856401526177926,609481600
2009-05-13,3.5836291313171387,3.719488842522493,3.5803296411455094,3.695195545286743,595971600
2009-05-14,3.6873977184295654,3.7047933194450064,3.5899274146297215,3.592326352218827,447826400
2009-05-15,3.6715025901794434,3.737482778177086,3.6472096953073687,3.6685030174971938,367567200
2009-05-18,3.798365831375122,3.799865818503798,3.6460118263850383,3.7107927707695314,458841600
2009-05-19,3.8223581314086914,3.878141139272427,3.771073081533136,3.8034637447239006,372422400
2009-05-20,3.774973154067993,3.875143545818252,3.7578782657176824,3.827757405853487,388584000
2009-05-21,3.724287271499634,3.802263757547925,3.685599145949457,3.7533788455072874,407946000
2009-05-22,3.673903465270996,3.724288379029583,3.6514100643421576,3.72038945346181,297998400
2009-05-26,3.922228336334229,3.923728323251072,3.735384263939673,3.741682527211173,636927200
2009-05-27,3.990309953689575,4.048192007491683,3.9261284334642097,3.9522212462368222,646422000
2009-05-28,4.050891399383545,4.0604883547540345,3.959718121033414,4.002305186099065,487552800
2009-05-29,4.073083877563477,4.075782733055172,4.014301283344421,4.06048775038213,456534400
2009-06-01,4.179250240325928,4.198444137335577,4.078779995850374,4.092876102088758,452499600
2009-06-02,4.183450222015381,4.238933314263378,4.149260054279905,4.168455159634891,456223600
2009-06-03,4.227237224578857,4.232035500255076,4.170853981677028,4.198745485659919,565199600
2009-06-04,4.310911655426025,4.324108014452188,4.199945476094549,4.202644330926335,550634000
2009-06-05,4.338805198669434,4.3906888957197685,4.295018068426416,4.357999107341143,632716000
2009-06-08,4.314212799072266,4.325609259596867,4.181652514589315,4.313313447315888,931652400
2009-06-09,4.280322551727295,4.335505740317,4.215241690543327,4.313012340353005,676964400
2009-06-10,4.206243991851807,4.269225422997303,4.147761720588251,4.267126001916757,688623600
2009-06-11,4.19724702835083,4.245532923352282,4.15525979844904,4.185251535001145,524823600
2009-06-12,4.107874393463135,4.171754789221941,4.0799820788969585,4.163057586178781,563085600
2009-06-15,4.081480503082275,4.106673153800213,4.045491631293734,4.079081565301919,539750400
2009-06-16,4.089282035827637,4.152862547161312,4.0817836974964905,4.098578677984756,514805200
2009-06-17,4.066186904907227,4.122270253215677,4.034696381124409,4.098876697776035,571412800
2009-06-18,4.075183391571045,4.138764263996224,4.066486189402848,4.082081089754716,427680400
2009-06-19,4.183150768280029,4.183750202394594,4.105773714552367,4.140862433340086,721856800
2009-06-22,4.119869709014893,4.245532262646086,4.0886795091258,4.218840822539695,634914000
2009-06-23,4.019100666046143,4.107274381425799,3.9852112003877584,4.090780125341953,706532400
2009-06-24,4.085381031036377,4.123769656518698,4.044593867255952,4.061388840851499,485525600
2009-06-25,4.194547176361084,4.204744364367165,4.055089238325827,4.07128397137059,589447600
2009-06-26,4.2719244956970215,4.305514433848288,4.19094842302008,4.192448009582516,439384400
2009-06-29,4.257828712463379,4.3172107432499285,4.244932667449207,4.302515194221173,567616000
2009-06-30,4.2716240882873535,4.312711554113053,4.252730100615727,4.276122847458504,434224000
2009-07-01,4.2836198806762695,4.338504340886511,4.2743232461155385,4.30371433784822,414178800
2009-07-02,4.199345588684082,4.28362034899336,4.192447891115435,4.236235016653961,370479200
2009-07-06,4.1570563316345215,4.168453583802536,4.086277485651381,4.1597551855716475,498688400
2009-07-07,4.060788631439209,4.189150486236199,4.054190848520019,4.153161196122044,461596800
2009-07-08,4.115370273590088,4.139963089274333,4.031395440217873,4.076382630235444,575929200
2009-07-09,4.089578151702881,4.138463464929335,4.076682109651743,4.131565768215278,343025200
2009-07-10,4.154358863830566,4.167854339289361,4.088377869404275,4.088978504753894,445275600
2009-07-13,4.268923282623291,4.268923282623291,4.124667114956556,4.184948469496542,483501200
2009-07-14,4.266825199127197,4.294117272209248,4.233535981490584,4.25962798498393,347247600
2009-07-15,4.405085563659668,4.40868457221395,4.328308716620334,4.349901967098552,485587200
2009-07-16,4.424278259277344,4.439274524556173,4.365796388460194,4.371494416681544,393570800
2009-07-17,4.551141738891602,4.559239507453346,4.45756952651885,4.471065807455091,602154000
2009-07-20,4.585930347442627,4.649811934623433,4.525349051994321,4.596727771194972,735526400
2009-07-21,4.543941497802734,4.6015248058331295,4.491157666359216,4.597326364984356,874781600
2009-07-22,4.700798034667969,4.760480801766355,4.681903637199321,4.732288563641114,874104000
2009-07-23,4.733186721801758,4.751780393160649,4.665406613164073,4.697497363891849,526962800
2009-07-24,4.798267364501953,4.798566881365678,4.693598233338451,4.707094110845126,438362400
2009-07-27,4.801563262939453,4.8249563992800315,4.716389198287969,4.803662682905452,433311200
2009-07-28,4.798567295074463,4.801566067782785,4.726588341178095,4.764977356843681,363554800
2009-07-29,4.799466609954834,4.812063137012961,4.74608293030783,4.765577155093191,382158000
2009-07-30,4.882242679595947,4.940124719586699,4.843553746174712,4.849552092507253,469604800
2009-07-31,4.900235652923584,4.948521127166388,4.885839625441311,4.888238963355024,422536800
2009-08-03,4.991410255432129,4.997708118752433,4.944623553757776,4.954820342252914,394240000
2009-08-04,4.9650187492370605,4.9656185840265,4.9248310196158975,4.9464242711881985,395810800
2009-08-05,4.951821327209473,5.020200065013054,4.924829172233649,4.971015232424075,423183600
2009-08-06,4.915831565856934,4.993808049368924,4.891238751581863,4.965915744893638,341616800
2009-08-07,4.963817596435547,4.996508184905164,4.942524266902857,4.963218162200625,387354800
2009-08-10,4.940124988555908,4.996508245880665,4.908334552109892,4.9683172178538,300294400
2009-08-11,4.88344144821167,4.929927426256188,4.854950106897871,4.909233133528707,355342400
2009-08-12,4.957821846008301,4.999809082651907,4.872346984805132,4.875045841104453,445071200
2009-08-13,5.051091194152832,5.058589526705314,4.993508677097563,4.998007436374885,439980800
2009-08-14,5.0019073486328125,5.045393761871542,4.96441848143408,5.036696559308534,305816000
2009-08-17,4.786269664764404,4.906233751464162,4.781170671530134,4.905033682143987,524381200
2009-08-18,4.918529987335205,4.9257276003355965,4.840853427919692,4.847451206468089,431152400
2009-08-19,4.936524868011475,4.957518676163347,4.872044658076211,4.881041775613536,413271600
2009-08-20,4.988409519195557,5.000106291994003,4.936825353676158,4.947921491124989,342031200
2009-08-21,5.075084686279297,5.079584247210789,5.002506692373826,5.027999265760186,416074400
2009-08-24,5.070285797119141,5.119771351222515,5.046593131050647,5.102076230361376,406929600
2009-08-25,5.08048152923584,5.126667579347613,5.072383764383093,5.08228103253645,324354800
2009-08-26,5.020801544189453,5.084981851251363,5.0013069175692735,5.066087459720094,303998800
2009-08-27,5.081981658935547,5.0855798650746245,4.943423093355199,5.060987851939586,449181600
2009-08-28,5.099977493286133,5.173155723273165,5.05439165885125,5.166557942151775,453700800
2009-08-31,5.044792652130127,5.063986554947678,4.993508004546771,5.043292665482768,311337600
2009-09-01,4.95751953125,5.098477867318714,4.946722908258262,5.038195687853734,469028000
2009-09-02,4.953920841217041,5.026798745936771,4.921830089247015,4.937125872163626,364249200
2009-09-03,4.99500846862793,5.01150352088747,4.9485224850644345,4.99170977851495,293955200
2009-09-04,5.107773780822754,5.11947055361799,5.011202828490667,5.016901256262705,374628800
2009-09-08,5.186351299285889,5.192649162594801,5.158459789317531,5.187850885888881,315047600
2009-09-09,5.132668495178223,5.232538175432719,5.089480794749816,5.181853341676039,811087200
2009-09-10,5.175252914428711,5.195946801751224,5.122768603299911,5.160257454166699,491134000
2009-09-11,5.163258075714111,5.19384924204893,5.124569942555249,5.185751474377568,348961200
2009-09-14,5.2100443840026855,5.215442094528715,5.105975083535768,5.123369486002439,322011200
2009-09-15,5.253231048583984,5.267926596278001,5.20614563284034,5.21964111087662,426470800
2009-09-16,5.454470157623291,5.480862475509523,5.334805976433606,5.338105066222331,754023200
2009-09-17,5.534847259521484,5.602027138152829,5.4574709927594105,5.457770910082294,810572000
2009-09-18,5.548944473266602,5.594830631489577,5.54114622090267,5.573237380810378,601582800
2009-09-21,5.518949508666992,5.553138864031473,5.4469713915530225,5.527047272080504,437715600
2009-09-22,5.532748699188232,5.559740862024254,5.48386336922231,5.554042832426477,356753600
2009-09-23,5.563339710235596,5.665309610828187,5.549243594272583,5.5603409370501575,593563600
2009-09-24,5.512953758239746,5.629318469004383,5.481463242112428,5.614323004202024,550880400
2009-09-25,5.469467639923096,5.5633397728271055,5.441576125891611,5.458671015232393,445239200
2009-09-28,5.582832336425781,5.598727953133559,5.498258061390311,5.514453194970835,337444800
2009-09-29,5.55974006652832,5.620321764814955,5.527649713425163,5.600228505201069,345385600
2009-09-30,5.558838844299316,5.5918289382804955,5.47666352657208,5.582231587057734,539585200
2009-10-01,5.4241814613342285,5.5849327562782,5.419381982886693,5.55884114809854,524711600
2009-10-02,5.545344829559326,5.57653583557625,5.438877366733448,5.440676870951178,553308000
2009-10-05,5.578934669494629,5.604127327646713,5.526450332066194,5.584333582470304,423133200
2009-10-06,5.698599815368652,5.698599815368652,5.617324999561419,5.630520564861616,605085600
2009-10-07,5.7057952880859375,5.714792405390885,5.669205783080188,5.6910997428862595,465668000
2009-10-08,5.676403999328613,5.741784357510239,5.665006743513845,5.718091695833537,438211200
2009-10-09,5.712393760681152,5.719291458019997,5.656911063405501,5.66740776827259,293272000
2009-10-12,5.722591400146484,5.743585211960538,5.687501874825053,5.728889663817797,288024800
2009-10-13,5.698899745941162,5.73338904233444,5.689302390069313,5.717193904724422,348020400
2009-10-14,5.736987113952637,5.767876994269998,5.70519668088475,5.765777973586027,375510800
2009-10-15,5.715093612670898,5.725890235958587,5.684203329434412,5.6872021022639005,373556400
2009-10-16,5.639814853668213,5.7090941404611,5.633516591078465,5.678803297424245,431426800
2009-10-19,5.694098949432373,5.698297791359339,5.564838205350349,5.633817578170379,942230800
2009-10-20,5.961019515991211,6.050693190096715,5.933727841594997,6.016203900675311,1141039200
2009-10-21,6.145763874053955,6.259430519602267,5.975114948152404,5.983812148737572,1193726800
2009-10-22,6.15416145324707,6.233637933557366,6.073486104621677,6.139165989141487,791392000
2009-10-23,6.116373062133789,6.172156880861617,6.0950797340034795,6.169158108189825,420786800
2009-10-26,6.072587013244629,6.200648498419562,6.001208296723162,6.1082763715053625,484338400
2009-10-27,5.919332027435303,6.08248261247947,5.891739239047156,6.0479933287944965,756551600
2009-10-28,5.7702765464782715,5.93882604830483,5.731287701727268,5.92952821249345,818386800
2009-10-29,5.888742446899414,5.902539045944252,5.7624804411697,5.848254804391168,570270400
2009-10-30,5.6533122062683105,5.902237578204215,5.643414934601325,5.8800444971316335,717525200
2009-11-02,5.677603721618652,5.784671384437941,5.56543746519058,5.692299267479198,678983200
2009-11-03,5.660808563232422,5.68390139147858,5.575933980500856,5.633817211017465,522541600
2009-11-04,5.722591400146484,5.813763862179746,5.705196996568264,5.720192462028687,487530400
2009-11-05,5.819160461425781,5.848251628830944,5.752879961833112,5.77027515934471,384801200
2009-11-06,5.828459739685059,5.853951912281227,5.770277778885287,5.773576469142536,295097600
2009-11-09,6.041994571685791,6.055190129400372,5.886041210677853,5.906434381729801,528855600
2009-11-10,6.087581634521484,6.1475630847782385,6.028499135203189,6.028799052465062,401195200
2009-11-11,6.095678329467773,6.148162643250066,6.053090483391241,6.134966285179622,443870000
2009-11-12,6.057891845703125,6.144265631965429,6.041096876081511,6.0923811364894025,363731200
2009-11-13,6.131670951843262,6.1430674123540125,6.060292214001109,6.084284804594665,343240800
2009-11-16,6.197048664093018,6.238136127910769,6.148463268689774,6.162558579223335,485206400
2009-11-17,6.208146095275879,6.221341655916975,6.148164235659636,6.180554503920189,396513600
2009-11-18,6.176954746246338,6.208145743939127,6.118172559182963,6.194350349465644,374320800
2009-11-19,6.01350212097168,6.136465780447692,5.992208798884056,6.136465780447692,542326400
2009-11-20,5.995809078216553,6.009905190756833,5.931028545683343,5.972716247880771,406666400
2009-11-23,6.174557685852051,6.1781566944213715,6.0866834949794155,6.088183482307039,474896800
2009-11-24,6.1313676834106445,6.174554563129927,6.085181631400396,6.158059115529621,318438400
2009-11-25,6.123870372772217,6.167657491807012,6.110974331038781,6.1601591598968,286454000
2009-11-27,6.015904426574707,6.086982431826623,5.949323980038725,5.974816152450815,295257200
2009-11-30,5.995511531829834,6.048595307573943,5.96132175059791,6.0315004169579804,424858000
2009-12-01,5.9073357582092285,6.081283777456917,5.903136916263069,6.065388161517883,465763200
2009-12-02,5.8851423263549805,6.040795803654902,5.870746696155482,5.967017748405879,715260000
2009-12-03,5.892641067504883,5.967619202683943,5.886343203666764,5.92083249716275,448719600
2009-12-04,5.79787015914917,5.994610751841012,5.7066968787512495,5.989213039932979,826884800
2009-12-07,5.666807174682617,5.811364508502525,5.658709808107897,5.797868630595574,714758800
2009-12-08,5.694399356842041,5.768777647536533,5.65931023327444,5.679103974643762,690398800
2009-12-09,5.9322285652160645,5.943025187072649,5.707595323414206,5.736686899690013,684782000
2009-12-10,5.891140460968018,5.9892114139493975,5.881843425281291,5.983213068071753,489669600
2009-12-11,5.83835506439209,5.938225501394418,5.80116612814943,5.931626921809789,429774800
2009-12-14,5.9076337814331055,5.921129655281404,5.775073579751424,5.859348312531165,495790400
2009-12-15,5.823360443115234,5.923530811801898,5.796368688955191,5.873145910392509,419459600
2009-12-16,5.849152088165283,5.893239123846833,5.834756460334589,5.851251508952364,352984800
2009-12-17,5.754079818725586,5.8482518200079605,5.728287739660525,5.8260583470187495,388838800
2009-12-18,5.861147880554199,5.863247301019686,5.776272912000698,5.793368593357459,608770400
2009-12-21,5.945123195648193,5.99070981444633,5.8683459853083075,5.879743240643157,611906400
2009-12-22,6.009005546569824,6.0237010945052765,5.958020804554095,5.981413954579627,349515600
2009-12-23,6.061190128326416,6.069587813339253,6.022501995073973,6.034197969780245,345525600
2009-12-24,6.269327163696289,6.278624999940266,6.098678233035986,6.1046765787265445,500889200
2009-12-28,6.346405506134033,6.416584161887353,6.286423239138638,6.349704997312375,644565600
2009-12-29,6.271127223968506,6.379695288485034,6.2600306838797595,6.376996032684722,445205600
2009-12-30,6.347303867340088,6.358101290366973,6.247434211225293,6.263029109693867,412084400
2009-12-31,6.32001256942749,6.398589703987727,6.314914375541481,6.391991523116407,352410800
2010-01-04,6.41838264465332,6.433078190699774,6.369497330115575,6.400987843132776,493729600
2010-01-05,6.429481029510498,6.465770227085805,6.395590770250193,6.436079211041895,601904800
2010-01-06,6.327210426330566,6.454972387130861,6.320612246042203,6.429479818258525,552160000
2010-01-07,6.315512657165527,6.358100507320875,6.269626518023752,6.350602575880924,477131200
2010-01-08,6.35750150680542,6.358101741860737,6.269928453547931,6.3071165990165365,447610800
2010-01-11,6.301418304443359,6.388091997010646,6.251632836127654,6.382093651328366,462229600
2010-01-12,6.229737758636475,6.291219990021111,6.190749719955273,6.273824390234454,594459600
2010-01-13,6.31761360168457,6.326011286922714,6.121172956085718,6.2342393869286985,605892000
2010-01-14,6.281024932861328,6.311916017638003,6.268728722671271,6.301419311440199,432894000
2010-01-15,6.176056861877441,6.346106401651219,6.174257357712498,6.326011938476013,594067600
2010-01-19,6.449273109436035,6.453771868410462,6.215343649119593,6.248033429729676,730007600
2010-01-20,6.350003242492676,6.464568433323395,6.283122894258395,6.4453741289562965,612152800
2010-01-21,6.240236759185791,6.397390242396652,6.214444668720891,6.360501610744345,608154400
2010-01-22,5.930728435516357,6.223140974693859,5.913034116941669,6.201547731500788,881767600
2010-01-25,6.0902814865112305,6.1391664065053355,6.0039073030690755,6.073486517520357,1065699600
2010-01-26,6.176356315612793,6.409386881972416,6.075586492482457,6.176656232951103,1867110000
2010-01-27,6.234537601470947,6.31551286109569,5.9841118887967175,6.20364652336444,1722568400
2010-01-28,5.97691535949707,6.163160012043322,5.959221038363411,6.1460655255530865,1173502400
2010-01-29,5.7600812911987305,6.064190698357205,5.705797448288952,6.030600753634121,1245952400
2010-02-01,5.840155601501465,5.87824429618957,5.737286374368981,5.76937672330349,749876400
2010-02-02,5.874046802520752,5.887843000920873,5.799669300221243,5.875546789727081,698342400
2010-02-03,5.975115776062012,6.004207355457277,5.830858749627534,5.853352148032941,615328000
2010-02-04,5.759779453277588,5.949322350390838,5.745383425262699,5.900136722187099,757652000
2010-02-05,5.8620500564575195,5.878245593566717,5.723791359711217,5.777175847853388,850306800
2010-02-08,5.8218607902526855,5.9346272828982425,5.818261782959478,5.868947001491611,478270800
2010-02-09,5.883944511413574,5.923232486759234,5.840757209720366,5.890842210701196,632886800
2010-02-10,5.8518524169921875,5.896239778495519,5.82606032915218,5.874945249039338,370361600
2010-02-11,5.9583210945129395,5.990711765967782,5.820062407754225,5.844655228571646,550345600
2010-02-12,6.00960636138916,6.047395145682316,5.863249901694698,5.941526325938789,655468800
2010-02-16,6.1001787185668945,6.108875920105584,6.043795465737185,6.056391592293472,543737600
2010-02-17,6.074687480926514,6.127471333729102,6.024001848338503,6.123872325467915,436396800
2010-02-18,6.086082935333252,6.114874598140544,6.0258007542144325,6.047094083464997,422825200
2010-02-19,6.048293113708496,6.094179655749276,6.031498146800547,6.053991942333867,415469600
2010-02-22,6.010805130004883,6.073186730757388,5.973916501233123,6.068388454102314,390563600
2010-02-23,5.910035610198975,6.038097508192464,5.869547971588281,5.9982093038230095,575094800
2010-02-24,6.018003940582275,6.041396692027377,5.933428452795949,5.945125228942182,460566400
2010-02-25,6.058190822601318,6.08398290916739,5.904936688411532,5.91963223546759,665126000
2010-02-26,6.136767387390137,6.153262438852178,6.058191055071087,6.069587512313919,507460800
2010-03-01,6.26782751083374,6.283122489381059,6.161658808919591,6.1706559257868765,550093600
2010-03-02,6.263630390167236,6.323012418905916,6.23033996746918,6.296020260041699,566546400
2010-03-03,6.278024673461914,6.294220207623397,6.236337770555583,6.266328699636993,372052800
2010-03-04,6.3194122314453125,6.325710494502627,6.257030636719899,6.276525660892347,366041200
2010-03-05,6.566539287567139,6.589032685201613,6.43697781371788,6.4462752502485685,899620400
2010-03-08,6.570436954498291,6.600727395479141,6.5455442231705865,6.598328457902584,429889600
2010-03-09,6.688602447509766,6.747984469304115,6.534748481374017,6.547344607144997,920259200
2010-03-10,6.743184566497803,6.762379269589741,6.693999741518895,6.7128941269514755,596218000
2010-03-11,6.762979984283447,6.762979984283447,6.697600012742808,6.715295134054153,405700400
2010-03-12,6.79597282409668,6.829862288549242,6.770480245878612,6.8190652623009385,416323600
2010-03-15,6.713195323944092,6.762979592461603,6.605527017880345,6.759381385793019,493502800
2010-03-16,6.731490612030029,6.747385830812531,6.673308249083255,6.723393244178866,446908000
2010-03-17,6.721591949462891,6.791470669767056,6.69609978290286,6.744984695177623,450956800
2010-03-18,6.73748779296875,6.747984497751548,6.676305866750772,6.720991941506472,342109600
2010-03-19,6.6655097007751465,6.755182974985065,6.634918535361095,6.741687096362669,559445600
2010-03-22,6.740487575531006,6.777976839949612,6.602528812300733,6.612126166500352,456419600
2010-03-23,6.848756313323975,6.861352843265121,6.720993912177628,6.767180387781023,602431200
2010-03-24,6.879043102264404,6.903935828182704,6.823259306730989,6.827158630557396,597780400
2010-03-25,6.797469615936279,6.927031482729344,6.7854729243312075,6.925531495855092,542284400
2010-03-26,6.924933910369873,6.9564240311480265,6.854454533721209,6.866451227835213,640875200
2010-03-29,6.9696173667907715,7.0140043199820035,6.946524939271255,6.987912719892327,540744400
2010-03-30,7.073387622833252,7.122273744202646,7.025401653822346,7.095881020780636,527310000
2010-03-31,7.047895908355713,7.096182200970491,7.031701172407591,7.062592258834596,430659600
2010-04-01,7.07698392868042,7.159758672541709,6.98041299375209,7.1201712042172165,603145200
2010-04-05,7.152562618255615,7.153162452746914,7.040995805415412,7.047294467997608,684507600
2010-04-06,7.184053897857666,7.205047305284982,7.107876515241747,7.143865785722259,447017200
2010-04-07,7.215846061706543,7.255434348838678,7.157662899917376,7.184355142146536,628502000
2010-04-08,7.196353912353516,7.244039580819943,7.139070886455581,7.211049465496719,572989200
2010-04-09,7.251535892486572,7.254535867025377,7.211648083662696,7.240739668045134,334182800
2010-04-12,7.26652717590332,7.289919915088085,7.252131151268424,7.263827520860806,333026400
2010-04-13,7.270729064941406,7.281826406896247,7.231140777083024,7.2536349779077005,306210800
2010-04-14,7.368499279022217,7.372098286482365,7.319914280004684,7.3562030706236605,404076400
2010-04-15,7.46536922454834,7.468667913705977,7.363099449649447,7.371196814561529,376784800
2010-04-16,7.419783592224121,7.53195025035611,7.334309171101551,7.454872712073136,750545600
2010-04-19,7.409888744354248,7.43448116672834,7.250935748873195,7.408689074928809,566924400
2010-04-20,7.335509777069092,7.475268041459995,7.286624456348288,7.453974312672513,738326400
2010-04-21,7.774277687072754,7.805168765467934,7.669608561930993,7.761681161729178,982391200
2010-04-22,7.991713047027588,8.00011073116229,7.683704796859867,7.744887123279742,793424800
2010-04-23,8.122471809387207,8.16295943250293,8.007606317981871,8.03729692126125,796955600
2010-04-26,8.082587242126465,8.171360371399171,8.043298471375357,8.15396596668823,479068800
2010-04-27,7.858853816986084,8.032801870619547,7.813267982825157,8.015706982597356,709343600
2010-04-28,7.845659255981445,7.917637024501551,7.69000573987236,7.895144422315722,758402400
2010-04-29,8.056796073913574,8.09758323474698,7.857955261249044,7.888245714502566,558840800
2010-04-30,7.83036470413208,8.114679202486519,7.827665847853496,8.076890409500963,542463600
2010-05-03,7.988112926483154,8.033999865116016,7.884043643289994,7.912835699168535,454342000
2010-05-04,7.758078575134277,7.896337569889678,7.700196570830888,7.8843416854680095,723819600
2010-05-05,7.677407741546631,7.741888764519555,7.459672570811604,7.588634616757451,883103200
2010-05-06,7.3852972984313965,7.745189364324971,5.975717170644621,7.612629078677049,1285860800
2010-05-07,7.073687553405762,7.394892205726832,6.754283205906955,7.309118252130935,1676018400
2010-05-10,7.617423057556152,7.637217595562171,7.453672247378271,7.505257212243817,984306400
2010-05-11,7.693301677703857,7.794370984917732,7.5127555029257245,7.552942811510301,848906800
2010-05-12,7.860353469848633,7.891544071155055,7.758684298486194,7.774878232525199,654379600
2010-05-13,7.74848747253418,7.947627782843562,7.6897044742593375,7.894243296733005,599712400
2010-05-14,7.612328052520752,7.692104470742029,7.482766952888786,7.652516178999496,759362800
2010-05-17,7.624323844909668,7.683106841254037,7.429082066040457,7.638719876874987,762834800
2010-05-18,7.568539619445801,7.754184014156579,7.505557790458119,7.707098201693698,782678400
2010-05-19,7.447974681854248,7.585333584052025,7.343306360693413,7.48276428329535,1025726800
2010-05-20,7.130669593811035,7.313314784918954,7.084182822898176,7.254231490160101,1282915200
2010-05-21,7.267430305480957,7.332810675791565,6.938427831537578,6.982514473774732,1223891200
2010-05-24,7.400589466094971,7.524752824929654,7.385594402041691,7.416185165591531,754238800
2010-05-25,7.354402542114258,7.400588196389411,7.11267484732117,7.178354722198805,1048006400
2010-05-26,7.321114540100098,7.561643445995963,7.310317515667073,7.500161591467869,850654000
2010-05-27,7.598231315612793,7.614426851314197,7.471069572013341,7.515756052585098,666282400
2010-05-28,7.704098224639893,7.77967577085805,7.598229436229606,7.779376254027999,815614800
2010-06-01,7.82256269454956,7.975816806508831,7.766479369696491,7.788372928668835,876472800
2010-06-02,7.916135311126709,7.941627076390697,7.807566867108516,7.933829227803613,688548000
2010-06-03,7.891243457794189,7.964121356351331,7.8099670743614,7.953024016318735,650106800
2010-06-04,7.676507949829102,7.854654023836601,7.636620149552669,7.743987341306046,758304400
2010-06-07,7.525950431823731,7.772176459664067,7.514253259982999,7.746384379950071,886942000
2010-06-08,7.477668285369873,7.611728537472817,7.3673011034258655,7.594933165920571,1000770400
2010-06-09,7.293820858001709,7.554744085998615,7.272527932434945,7.541847242560704,854630000
2010-06-10,7.513059139251709,7.527154056031144,7.263832980927267,7.343009574240648,776356000
2010-06-11,7.603032112121582,7.613528819991245,7.418886845154731,7.444678938971039,545759200
2010-06-14,7.626122951507568,7.772179081064962,7.618025584372706,7.676508259913253,602960400
2010-06-15,7.7883758544921875,7.793174532326866,7.662713281662589,7.666912124767933,585074000
2010-06-16,8.015105247497559,8.030100308654312,7.816564038802031,7.830659748662104,783678000
2010-06-17,8.153664588928223,8.184555667187364,8.082585397501832,8.115575496218735,872855200
2010-06-18,8.219649314880371,8.247542039383827,8.140173189245903,8.165065938269445,784621600
2010-06-21,8.102680206298828,8.367800689721607,8.059492916434637,8.328212407416704,776490400
2010-06-22,8.213046073913574,8.27662692907467,8.142567522441736,8.162361260049575,717262000
2010-06-23,8.12667465209961,8.237342157798432,8.034602023053035,8.234942818875561,768457200
2010-06-24,8.06758975982666,8.19355180034,8.040597207561982,8.127570806762355,714277200
2010-06-25,7.998612880706787,8.10568137990402,7.971920635144206,8.09938351554446,549942400
2010-06-28,8.04659366607666,8.090081256328794,7.933227375683827,8.00550541324111,584948000
2010-06-29,7.682804584503174,7.929330963759213,7.626721258730349,7.92123279739887,1133344800
2010-06-30,7.543645858764648,7.736787758894408,7.498060039352834,7.698998986982565,739452000
2010-07-01,7.45217227935791,7.641715952496309,7.2944198305891215,7.626720091944606,1022896000
2010-07-02,7.4059906005859375,7.525654828970787,7.293823105225077,7.512457663763831,693842800
2010-07-06,7.456671714782715,7.581733592615341,7.382593362177613,7.527750094319074,615235600
2010-07-07,7.75778341293335,7.760783387090886,7.490264361290538,7.51245664209125,654556000
2010-07-08,7.740388870239258,7.884646300915391,7.644417728570496,7.8720497732377295,738144400
2010-07-09,7.7862725257873535,7.794669406505223,7.652511857688027,7.704396331800436,433322400
2010-07-12,7.716396808624268,7.853155915014958,7.643518895662477,7.753585758682033,562878400
2010-07-13,7.551743030548096,7.68970175592141,7.390691078392566,7.6873032188769965,1190924000
2010-07-14,7.579634666442871,7.671707262400582,7.467768332332347,7.479165988967354,812047600
2010-07-15,7.541248321533203,7.706798675581759,7.416785438469227,7.444677348408822,824866000
2010-07-16,7.494762420654297,7.646816897577823,7.450075941393258,7.593132898746579,1039858400
2010-07-19,7.365200042724609,7.494162078624212,7.185854303185037,7.494162078624212,1024478000
2010-07-20,7.554444313049316,7.584735563240853,7.198151330975404,7.284825438043128,1074950800
2010-07-21,7.624924182891846,7.952126406318847,7.617726967281452,7.950326902204398,1185671200
2010-07-22,7.768280029296875,7.7976711235196525,7.6570127143641775,7.7280919123953105,645318800
2010-07-23,7.795872211456299,7.80906857350977,7.686104875098915,7.7103977775464205,533388800
2010-07-26,7.77607536315918,7.800667772679269,7.728989564092695,7.797668600683283,420551600
2010-07-27,7.920034408569336,7.941627651527145,7.806668081134649,7.823762965390014,584771600
2010-07-28,7.826462268829346,7.97731786386682,7.805169342350308,7.90773865375881,519985200
2010-07-29,7.740988254547119,7.877147509085538,7.680706877715025,7.818965152987274,643806800
2010-07-30,7.715196132659912,7.788673870727284,7.644716766814057,7.674408980618808,448210000
2010-08-02,7.853154182434082,7.875347260295095,7.786274631147596,7.810867047247336,428055600
2010-08-03,7.855552673339844,7.895440465985398,7.780275446337533,7.82796108741784,417653600
2010-08-04,7.887043476104736,7.926031116051384,7.806967574237034,7.882844634697258,420375200
2010-08-05,7.848659515380859,7.8930464928280974,7.814169412399891,7.8495588672198,289097200
2010-08-06,7.800369739532471,7.8423573546153165,7.726590895245487,7.79107190415297,444897600
2010-08-09,7.850156307220459,7.862153000397075,7.78477593110258,7.842058138902571,303128000
2010-08-10,7.77997636795044,7.811167766657976,7.724192551878441,7.79317272894209,451920000
2010-08-11,7.503459453582764,7.668410771934267,7.4920633965643395,7.659713570302498,620054400
2010-08-12,7.551445960998535,7.590733930433729,7.381396436640411,7.398491324233946,534920400
2010-08-13,7.470770835876465,7.554145459177351,7.470470518093606,7.547247760340657,354869200
2010-08-16,7.426981449127197,7.498060640410491,7.396389887774816,7.425181945518234,318430000
2010-08-17,7.556843280792236,7.636619677258529,7.473767393752826,7.500160114948862,422640400
2010-08-18,7.589834213256836,7.637820188542941,7.545147729253609,7.568541282618692,339696000
2010-08-19,7.494161605834961,7.602129424014063,7.458172333108594,7.582934718108156,426706000
2010-08-20,7.486966133117676,7.615327569056259,7.467771420694722,7.4794685990012,384230000
2010-08-23,7.371798992156982,7.557743732508825,7.355304740279013,7.551445869002884,414041600
2010-08-24,7.19575309753418,7.287824929887025,7.157364473883828,7.2779288576548895,602565600
2010-08-25,7.284524917602539,7.317515823295229,7.113876364634293,7.139068619043201,596867600
2010-08-26,7.206247806549072,7.370298963484416,7.206247806549072,7.361301444613412,466505200
2010-08-27,7.246436595916748,7.276128010523298,7.064690702089649,7.250335921546398,548391200
2010-08-30,7.272827625274658,7.370298741320995,7.218243479949818,7.220642818243096,383289200
2010-08-31,7.290821552276611,7.334608668614091,7.208346313122038,7.2533322975763745,420786800
2010-09-01,7.507657051086426,7.541546500481072,7.386193362728635,7.4218823156984355,697037600
2010-09-02,7.562839031219482,7.562839031219482,7.454871236304231,7.535546965063754,415427600
2010-09-03,7.760782718658447,7.761082235539996,7.632720832308964,7.650415552891372,520788800
2010-09-07,7.731992721557617,7.783576904783739,7.685206415151151,7.696902791540915,342557600
2010-09-08,7.8852458000183105,7.929332443743069,7.7706789881866545,7.791073365463578,526551200
2010-09-09,7.889744758605957,7.9932134364491665,7.885246398994464,7.948827272463516,438575200
2010-09-10,7.899941921234131,7.932632510288532,7.839659738238246,7.893343739871582,387542400
2010-09-13,8.008807182312012,8.04599612200794,7.970419374413469,7.972218077140972,388780000
2010-09-14,8.039396286010742,8.072685894013208,7.963218918737778,7.983912805159634,408150400
2010-09-15,8.104178428649902,8.108977905672143,8.032799722239883,8.042697392274569,429368800
2010-09-16,8.2946195602417,8.297618732155282,8.082583311456673,8.10477718361719,652103200
2010-09-17,8.25863265991211,8.336309225037905,8.207947846263224,8.328211058917132,634477200
2010-09-20,8.49436092376709,8.51085596987482,8.27302682812093,8.279924523519576,658677600
2010-09-21,8.510558128356934,8.617926118112083,8.48116703410615,8.51325778445283,668074400
2010-09-22,8.629925727844238,8.636823427581916,8.469773040529581,8.478770562479287,585289600
2010-09-23,8.665009498596191,8.780175305723013,8.57743607503564,8.58733294263046,786116800
2010-09-24,8.766983032226562,8.803272631441471,8.713899662972885,8.76038565132149,649488000
2010-09-27,8.732190132141113,8.839257783661015,8.727691773972868,8.816765191972685,482834800
2010-09-28,8.603228569030762,8.750484323739073,8.247535546974055,8.750484323739073,1035042400
2010-09-29,8.61852741241455,8.691705643562317,8.577439937048633,8.614328569546535,469644000
2010-09-30,8.509958267211914,8.69740215490161,8.4349805519666,8.66741122897292,673391600
2010-10-01,8.47307014465332,8.594833370670116,8.43798021936145,8.581937326600027,448142800
2010-10-04,8.356706619262695,8.48446740888593,8.330613408825265,8.445479754238411,435302000
2010-10-05,8.665613174438477,8.680907756380979,8.452076048322304,8.457475360892017,501967200
2010-10-06,8.67310619354248,8.757081404916905,8.555241541021633,8.685102881123674,670868800
2010-10-07,8.674007415771484,8.711796185467822,8.604728538559575,8.707597344296332,408399600
2010-10-08,8.819463729858398,8.832359770268031,8.697401021598138,8.748684865584453,658403200
2010-10-11,8.858154296875,8.914537950587311,8.835362182896557,8.839561025257378,427753200
2010-10-12,8.953524589538574,8.982316645618658,8.772078256595975,8.859652492145297,558544000
2010-10-13,9.001511573791504,9.056094917964256,8.991314386102028,9.003311077501412,630092400
2010-10-14,9.0665922164917,9.071390092094758,9.009308416790285,9.04799734524693,435296400
2010-10-15,9.43938159942627,9.447179449827658,9.144569677991417,9.220446758625078,922194000
2010-10-18,9.537152290344238,9.567142418589336,9.4258849743864,9.55124800299223,1093010800
2010-10-19,9.281925201416016,9.410286565208011,8.997910407869108,9.099280023334748,1232784000
2010-10-20,9.313119888305664,9.424686738101698,9.203353343426986,9.267233735792487,721624400
2010-10-21,9.282825469970703,9.439378252905824,9.201249588694807,9.367999557001175,551460000
2010-10-22,9.22134780883789,9.298424566268512,9.18625867988624,9.269332983516083,372778000
2010-10-25,9.26243782043457,9.345212629795444,9.250441123057218,9.269936156719227,392462000
2010-10-26,9.238740921020508,9.289425740804068,9.166761573624807,9.20335148231496,392929600
2010-10-27,9.232144355773926,9.294225242375404,9.165263990936111,9.226745843711328,399002800
2010-10-28,9.154465675354004,9.237240438853126,9.024304784316463,9.23574045208822,551051200
2010-10-29,9.026704788208008,9.173661070144664,9.023405297297446,9.12417591411201,430511200
2010-11-01,9.122673988342283,9.165261437457051,9.063291973892497,9.063891808399005,423889200
2010-11-02,9.278026580810549,9.302919310956868,9.207248515707384,9.207248515707384,433930000
2010-11-03,9.38119888305664,9.38359822155028,9.253136993924148,9.338311107906478,508348400
2010-11-04,9.545248031616213,9.602531024775706,9.448076444852978,9.460672969282651,642488000
2010-11-05,9.511055946350098,9.58423414156041,9.49965989358085,9.53684882558686,361253200
2010-11-08,9.555747032165527,9.590236322743792,9.4999632114132,9.51315957351204,281758400
2010-11-09,9.479568481445312,9.636122100277513,9.4321831522759,9.628623767755192,383544000
2010-11-10,9.538052558898926,9.56024564034084,9.403691998392492,9.496364450698188,384227200
2010-11-11,9.496662139892578,9.5491464521094,9.424682807956913,9.447176199027986,361284000
2010-11-12,9.238139152526855,9.49216305485676,9.106179567836069,9.477167993325882,795846800
2010-11-15,9.208449363708496,9.313418007131029,9.185356134019989,9.251036815795317,403606000
2010-11-16,9.044998168945312,9.225244048378547,8.976918148104506,9.168861201804308,657650000
2010-11-17,9.012310981750488,9.116979338952184,8.930135225605948,9.033304396409472,479449600
2010-11-18,9.250139236450195,9.287328187945722,9.137973348095825,9.15326793206252,494491200
2010-11-19,9.199152946472168,9.249237933353813,9.1544664708884,9.236341890121398,384843200
2010-11-22,9.397995948791504,9.397995948791504,9.173363047287062,9.197655152648796,393075200
2010-11-23,9.259133338928224,9.349707554473508,9.19405329284366,9.310718309006548,519447600
2010-11-24,9.441180229187012,9.459175266908634,9.349708257067476,9.357204988180609,413725200
2010-11-26,9.44718074798584,9.528156834663484,9.385399372626123,9.4093919609261,237585600
2010-11-29,9.503260612487791,9.521554363739934,9.33860964359424,9.46217234904856,445785200
2010-11-30,9.331716537475586,9.42798802139992,9.323318850219485,9.403394794435622,501858000
2010-12-01,9.489166259765623,9.52965389364219,9.447178638978492,9.455276005584354,461750800
2010-12-02,9.54164981842041,9.567141585378094,9.443878389026777,9.52305494747729,462837200
2010-12-03,9.520357131958008,9.556645924715964,9.487367029142677,9.507461088222628,342092800
2010-12-06,9.601632118225098,9.667012479694398,9.549746832284884,9.556345012053692,448481600
2010-12-07,9.543450355529783,9.716797753172202,9.540751500201637,9.711100525633784,391454000
2010-12-08,9.62742519378662,9.62772551152834,9.510460643130315,9.586037404740892,321935600
2010-12-09,9.589938163757324,9.672113118648458,9.567744278903042,9.661017377492463,294151200
2010-12-10,9.613931655883787,9.6286272076237,9.555148648076631,9.586639573717878,262511200
2010-12-13,9.64721965789795,9.748890435059897,9.627126397354813,9.72819653898837,439815600
2010-12-14,9.605833053588867,9.673313256651186,9.567144115528071,9.649020351514856,351008000
2010-12-15,9.60793113708496,9.687106901301762,9.572841213604224,9.597133313497896,417312000
2010-12-16,9.634623527526855,9.67541148328315,9.600134236081557,9.62982485027937,322030800
2010-12-17,9.61543083190918,9.650820280224732,9.604033972009232,9.646021602372125,386929200
2010-12-20,9.663411140441896,9.694602530770045,9.544047292381926,9.645116590769094,385610400
2010-12-21,9.723097801208496,9.728795830405373,9.658617573409998,9.68710852024176,256354000
2010-12-22,9.751890182495115,9.768685555931604,9.703604685136442,9.727897592719048,265921600
2010-12-23,9.705103874206545,9.75158986344487,9.692207828230856,9.747091503496696,223157200
2010-12-27,9.737492561340332,9.76028627871834,9.642721086363307,9.682609691351145,249816000
2010-12-28,9.761185646057127,9.796874604652274,9.748889436779017,9.774381206840994,175924000
2010-12-29,9.75578498840332,9.790574587839696,9.750086160347124,9.783676090808209,163139200
2010-12-30,9.706899642944336,9.762382330728151,9.688605091562502,9.761482979423572,157494400
2010-12-31,9.67391300201416,9.701504597350493,9.636423733709965,9.685609378233565,193508000
2011-01-03,9.884147644042969,9.904841536120296,9.742290373175116,9.76628295493768,445138400
2011-01-04,9.935728073120115,9.972016846455094,9.841555691127455,9.970217343582108,309080800
2011-01-05,10.017008781433104,10.027205970452176,9.882049188981778,9.883549176025896,255519600
2011-01-06,10.0089111328125,10.054496959450931,9.984018398028017,10.038601743416368,300428800
2011-01-07,10.080589294433594,10.087486991671051,9.95402660075905,10.0167081130171,311931200
2011-01-10,10.270432472229004,10.293825219830584,10.112080148503978,10.16186481658519,448560000
2011-01-11,10.246140480041504,10.345709817242309,10.1810596291799,10.343311279762082,444108000
2011-01-12,10.32951545715332,10.329815774901991,10.25693786704311,10.294427132245582,302590400
2011-01-13,10.367301940917969,10.396093997735896,10.312419084726674,10.351707044322076,296780400
2011-01-14,10.451278686523438,10.451278686523438,10.330115299907286,10.373602107425388,308840000
2011-01-18,10.21644687652588,10.33971006334786,9.777078115733344,9.882646585223588,1880998000
2011-01-19,10.162163734436035,10.454875759387166,10.10338155581804,10.44737742780133,1135612800
2011-01-20,9.977418899536133,10.145968390948676,9.90064168470737,10.08988506608732,764789200
2011-01-21,9.798673629760742,10.043400536668644,9.795973973680807,10.010110117331129,754401200
2011-01-24,10.120475769042969,10.120475769042969,9.79867139204385,9.803170550867186,574683200
2011-01-25,10.238944053649902,10.240144523941025,10.034105701647071,10.086890356322272,546868000
2011-01-26,10.312419891357422,10.364904214433,10.241941332210295,10.285727653684862,506875600
2011-01-27,10.293227195739746,10.337614161294956,10.281831137645916,10.310322083727868,285026000
2011-01-28,10.07998752593994,10.328914043253228,10.00291159413891,10.322016346791123,592057200
2011-01-31,10.176560401916504,10.1981544467205,10.02600592710258,10.070991918749774,377246800
2011-02-01,10.347807884216309,10.366401952254265,10.226344204948123,10.235941556630737,426633200
2011-02-02,10.32651710510254,10.354408215112358,10.30342387145499,10.330416430759009,258955200
2011-02-03,10.300125122070312,10.324118509845878,10.153469143105422,10.310922146569316,393797600
2011-02-04,10.391897201538086,10.397895547889132,10.302223925708205,10.306122450412731,321840400
2011-02-07,10.553251266479492,10.594337943684907,10.426088705274482,10.433586239033977,485021600
2011-02-08,10.652816772460938,10.662414124740977,10.561344811506856,10.60723095082506,381040800
2011-02-09,10.74159336090088,10.766786416925203,10.642923361104677,10.652519914933256,482745200
2011-02-10,10.633023262023926,10.796774885421552,10.43688137483442,10.71849848132844,928550000
2011-02-11,10.70230484008789,10.730795784043194,10.60303420989148,10.639323804966548,367572800
2011-02-14,10.772183418273926,10.781180136842442,10.698105843868628,10.70050518237951,310416400
2011-02-15,10.79377555847168,10.79587537987728,10.723296999051476,10.772481831792245,284174800
2011-02-16,10.890650749206545,10.94373412136116,10.8117736824898,10.820770402705612,481157600
2011-02-17,10.745790481567385,10.804872985552144,10.692406005584676,10.714300367854271,530583200
2011-02-18,10.513659477233888,10.781779107650102,10.48246808140823,10.758086043936894,816057200
2011-02-22,10.155265808105469,10.358905225258958,10.128574372938296,10.26143411678896,872555600
2011-02-23,10.275529861450195,10.336110741582097,10.155265049944395,10.160064526646806,671854400
2011-02-24,10.283330917358398,10.351410956322786,10.148071792774347,10.31752149615509,499900800
2011-02-25,10.441679000854492,10.449776365155191,10.340909220160905,10.35470461106624,380018800
2011-02-28,10.593138694763184,10.648321886675657,10.530457168512967,10.534056176791706,403074000
2011-03-01,10.476170539855955,10.668413109582795,10.42728522501913,10.66091557808805,456136800
2011-03-02,10.560447692871094,10.627328059513744,10.448880843108732,10.495667148066468,602590800
2011-03-03,10.78357982635498,10.79047752386238,10.67441233120566,10.71250142805338,500788400
2011-03-04,10.796777725219728,10.80547492777382,10.729297524076967,10.798876746204469,453266800
2011-03-07,10.657618522644045,10.846861948621015,10.536154809907478,10.838763780483871,546123200
2011-03-08,10.669610023498535,10.718795643334596,10.564341088666309,10.644117461982644,356316800
2011-03-09,10.570941925048828,10.63962177968417,10.514859396798052,10.637521958337675,453306000
2011-03-10,10.396994590759276,10.489967350309565,10.343910430932322,10.470472325753969,507539200
2011-03-11,10.55655002593994,10.566447700300918,10.346913775262376,10.356809847928334,471080400
2011-03-14,10.603633880615234,10.691208134472886,10.536154487188089,10.592237022700902,435957200
2011-03-15,10.359807014465332,10.432085084235082,10.199954691654524,10.25993655210764,721081200
2011-03-16,9.897343635559082,10.28692779379138,9.78487745263288,10.256936865067544,1162011200
2011-03-17,10.036202430725098,10.185257709356316,9.916837760404416,10.10188231040822,659422400
2011-03-18,9.917137145996094,10.14296964067956,9.89704308969626,10.11087889379858,753214000
2011-03-21,10.175957679748535,10.189153235870403,10.054793531938952,10.07668788824264,409402000
2011-03-22,10.232943534851074,10.275531791064433,10.171162173306488,10.273732287280769,325922800
2011-03-23,10.17266082763672,10.203551103938874,10.075489237742534,10.175359682535046,372996400
2011-03-24,10.346007347106934,10.37689841932546,10.162762336384144,10.252435580091534,404712000
2011-03-25,10.543049812316896,10.55864470826387,10.407489619648048,10.438980530058718,448910000
2011-03-28,10.510059356689451,10.626425651346384,10.510059356689451,10.591335732509409,309355200
2011-03-29,10.525657653808594,10.525657653808594,10.378702165016454,10.426687336555675,352900800
2011-03-30,10.455775260925291,10.523256241931731,10.420086309350788,10.5160574270654,329406000
2011-03-31,10.452178955078123,10.490867086194536,10.378701217390928,10.387697935703494,274019200
2011-04-01,10.333715438842772,10.544552936905564,10.295926652573304,10.530157704565596,418661600
2011-04-04,10.232644081115724,10.334913878000132,10.148969156777234,10.326216676749056,460084800
2011-04-05,10.163663864135742,10.264433665773762,10.076989773968297,10.10668118370476,482731200
2011-04-06,10.13817024230957,10.313917742569089,10.111178491271772,10.233542323942029,402539200
2011-04-07,10.139369010925291,10.209846748279434,10.07788638681557,10.139968044464004,373447200
2011-04-08,10.048799514770508,10.20145382127803,10.015509894733864,10.194556123592896,377535200
2011-04-11,9.921037673950195,10.067092994827863,9.897644925327368,10.018807510654083,398946800
2011-04-12,9.96902847290039,10.008916291981295,9.903047435571164,9.911744641088836,425639200
2011-04-13,10.080890655517578,10.081190172414573,9.97262250488001,10.047600233348714,346220000
2011-04-14,9.969622611999512,10.076990602500922,9.95882639008265,10.041001327467782,301800800
2011-04-15,9.82086944580078,10.006214381619465,9.801075699651976,9.996017190742592,453605600
2011-04-18,9.952528953552246,9.963925812319635,9.60193399668433,9.780080890021976,609898800
2011-04-19,10.13277530670166,10.136373513757572,9.948329755473452,9.99001786326235,419378400
2011-04-20,10.269235610961914,10.369405609936342,10.241944331580314,10.302225720793642,700666400
2011-04-21,10.517858505249023,10.650719064279665,10.452478136480474,10.64681973901191,753810400
2011-04-25,10.587136268615724,10.609330144450402,10.505859897572892,10.507060367384035,266546000
2011-04-26,10.509464263916016,10.646522898696034,10.477373505631842,10.605435420126256,338800000
2011-04-27,10.501368522644045,10.56734955869542,10.409896506273505,10.56405006642665,356213200
2011-04-28,10.399394035339355,10.489366014242137,10.362504611023414,10.382598667978264,360959200
2011-04-29,10.500767707824709,10.61533294725739,10.396997892722194,10.400297384431417,1006345200
2011-05-02,10.385296821594238,10.51095934807561,10.361904076625589,10.489065788953631,442713600
2011-05-03,10.44288158416748,10.493566409758657,10.36550451763469,10.436583720898208,313348000
2011-05-04,10.483969688415527,10.551749399663487,10.403293132245995,10.444680920717603,389250400
2011-05-05,10.399394035339355,10.525356087158755,10.378399826137992,10.448878383481723,335969200
2011-05-06,10.396693229675291,10.496863185673837,10.383197354247669,10.487566151622133,280134400
2011-05-09,10.424885749816896,10.47287171261656,10.392795002051654,10.432682798062318,204747200
2011-05-10,10.480371475219728,10.487569491299167,10.396696540414617,10.463576104367696,282091600
2011-05-11,10.413787841796877,10.496863720554485,10.35410630988717,10.467472630272477,336000000
2011-05-12,10.393994331359863,10.41049018124781,10.265033912510644,10.380499255796128,322000000
2011-05-13,10.21195125579834,10.384399316170343,10.207452896264645,10.366705394942384,326116000
2011-05-16,9.996011734008787,10.233541363213964,9.975017528958135,10.172959687476151,449775200
2011-05-17,10.08118724822998,10.08118724822998,9.918935628632717,9.95702471688378,452334400
2011-05-18,10.193055152893066,10.228444591101464,10.07698996844712,10.091085680189732,334776400
2011-05-19,10.212847709655762,10.2692305456745,10.157063907233724,10.259333677776093,261170000
2011-05-20,10.05359935760498,10.225448391822322,10.047601010727822,10.18376028144977,337968400
2011-05-23,10.029004096984863,10.076390226835658,9.879649294337344,9.896144344473168,383600000
2011-05-24,9.962724685668944,10.073991998924848,9.937232116262942,10.061995307240318,321927200
2011-05-25,10.100383758544922,10.153768239074417,9.982519058245968,9.999913461442796,294224000
2011-05-26,10.04699993133545,10.10368310103114,10.029905045277095,10.076091509661868,222560800
2011-05-27,10.119275093078612,10.125873271930532,10.026303157251816,10.04099870063484,203599200
2011-05-31,10.43178653717041,10.43178653717041,10.226947383827149,10.229947358291032,417754400
2011-06-01,10.362205505371094,10.560745959100826,10.336414218458485,10.462976119630175,554682800
2011-06-02,10.37989902496338,10.43628267175551,10.32591551721586,10.39189571595047,338783200
2011-06-03,10.300125122070312,10.356808299419,10.257238142692572,10.292328071890642,313250000
2011-06-06,10.13817024230957,10.408389672048491,10.131272546140316,10.367902045491794,461941200
2011-06-07,9.958224296569824,10.143569155979677,9.954025454998565,10.1420699701278,529785200
2011-06-08,9.964223861694336,10.041001086703696,9.916539014414347,9.95042846711823,333723600
2011-06-09,9.941731452941896,10.007111822091275,9.919537572930665,9.994515295598417,275088800
2011-06-10,9.774078369140623,9.946826676655894,9.762381197609018,9.91353626700251,433955200
2011-06-13,9.795074462890623,9.84635911825541,9.749188318750644,9.813068699459402,329473200
2011-06-14,9.97022533416748,9.994518241998817,9.876353194510402,9.897047093711356,334569200
2011-06-15,9.799572944641112,9.906040772354084,9.743488815665252,9.889545722954306,399196000
2011-06-16,9.751890182495115,9.857458698696298,9.54705181555518,9.80407500625386,510591200
2011-06-17,9.604931831359863,9.874552295803914,9.577940073480098,9.86675444550498,615020000
2011-06-20,9.456775665283203,9.528154377897396,9.312218736332754,9.517957190139017,640645600
2011-06-21,9.756086349487305,9.771081413665977,9.453177083588772,9.49756404321828,493382400
2011-06-22,9.675411224365234,9.864055614795816,9.66851272558291,9.751888138832149,390583200
2011-06-23,9.93393325805664,9.947728652412724,9.54075090450537,9.56534252034725,559759200
2011-06-24,9.787577629089355,9.991516595931971,9.749788848667938,9.938132916151714,439807200
2011-06-27,9.958224296569824,10.014008105169406,9.814567535193898,9.824764721866954,339813600
2011-06-28,10.05479621887207,10.097983506918649,10.000212874881292,10.006510737421362,294299600
2011-06-29,10.018208503723145,10.088087232901458,9.953427167402856,10.078190362368938,352545200
2011-06-30,10.067092895507812,10.080889892060297,9.98221910315628,10.038002118878548,322954800
2011-07-01,10.294722557067873,10.301919769159918,10.02300317454747,10.075487484290926,435313200
2011-07-05,10.47977066040039,10.491767352744109,10.271933171052853,10.286928235635214,355054000
2011-07-06,10.54964828491211,10.61982812691627,10.39819366376752,10.465373532153052,444626000
2011-07-07,10.712799072265623,10.736791651332242,10.616827154304906,10.636922010406227,399663600
2011-07-08,10.788078308105469,10.79677631036712,10.562845617738668,10.59703538963393,489633200
2011-07-11,10.616828918457031,10.78987839687484,10.581439478050877,10.687008765519082,442674400
2011-07-12,10.609332084655762,10.727196778962272,10.455477314846386,10.60273310329965,451609200
2011-07-13,10.737394332885742,10.796776357794345,10.688207894689183,10.746690568103196,391638800
2011-07-14,10.729894638061523,10.845060466437202,10.68700767000635,10.827065430356388,430533600
2011-07-15,10.944328308105469,10.946727645817456,10.771880314715116,10.831862155820714,484467200
2011-07-18,11.210651397705078,11.236143164648537,10.955127486946736,10.95962584561977,572653200
2011-07-19,11.3021240234375,11.356107530231863,11.196255229463675,11.336613308145637,819145600
2011-07-20,11.60353183746338,11.884548277799766,11.576540087401115,11.880049919738417,941340400
2011-07-21,11.61523151397705,11.69830580227586,11.51356155241806,11.60503432587964,526534400
2011-07-22,11.795475959777832,11.847960279049234,11.629025484156408,11.646120367566557,516728800
2011-07-25,11.951430320739746,11.99641631029868,11.685109386450428,11.707002146256253,589806000
2011-07-26,12.098691940307615,12.131382538644717,11.986825545679553,11.996422102266358,476582400
2011-07-27,11.774185180664062,12.075595295419008,11.760988817911697,12.014113442957424,659324400
2011-07-28,11.751093864440918,11.906147548278051,11.640427152623458,11.745096317603654,594034000
2011-07-29,11.71090316772461,11.850961752484,11.516561550440626,11.625729051821374,632584400
2011-08-01,11.898947715759276,11.981422175325278,11.767586332887255,11.92983799827287,612836000
2011-08-02,11.663818359375,11.93343804565642,11.647023788934662,11.925940512469522,639539600
2011-08-03,11.77358341217041,11.80297450535308,11.46377646376106,11.725896964116943,732508000
2011-08-04,11.317720413208008,11.73609504858218,11.317120578590137,11.678812844693685,871407600
2011-08-05,11.205255508422852,11.501568258828373,10.8738552293118,11.409795146920716,1204590800
2011-08-08,10.593138694763184,11.02980795490023,10.58743986456481,10.847462206347956,1143833600
2011-08-09,11.216946601867676,11.23494163398981,10.646816413926617,10.835760246974006,1082583600
2011-08-10,10.907443046569824,11.236144405731697,10.87175408839866,11.13117575109093,878656800
2011-08-11,11.20765209197998,11.260136412880431,10.93833198985448,11.11228000195749,741969200
2011-08-12,11.30632209777832,11.385797365804883,11.223546538741797,11.338711558978718,528976000
2011-08-15,11.498865127563477,11.545651421474249,11.339312341136624,11.385498800499215,460544000
2011-08-16,11.410991668701172,11.497666568006492,11.278431424150144,11.442183068216492,498750000
2011-08-17,11.409790992736816,11.53215402959936,11.336612784084847,11.465874318247865,442061200
2011-08-18,10.97821807861328,11.176160242352724,10.837860021674617,11.121875625427604,851435200
2011-08-19,10.677712440490724,11.006714956603542,10.676813088890755,10.86185768376134,775888400
2011-08-22,10.690007209777832,10.943132606553476,10.649519575443284,10.932035266000945,535315200
2011-08-23,11.204654693603516,11.205854362871689,10.706803159173754,10.805773471256158,656835200
2011-08-24,11.282031059265137,11.365405665685,11.11468041013405,11.200754672663347,626267600
2011-08-25,11.208253860473633,11.260138355787518,10.94673156223145,10.949130900801848,871346000
2011-08-26,11.503963470458984,11.510560849268312,11.120677224340614,11.131773762430203,641477200
2011-08-29,11.69561004638672,11.741497004561577,11.636528325342494,11.641926037271332,405269200
2011-08-30,11.696208000183104,11.751691504634534,11.582841652654412,11.644023185918533,417922400
2011-08-31,11.541448593139648,11.758883336244311,11.452375195619618,11.713597044769786,522586400
2011-09-01,11.427488327026367,11.61673175393107,11.418191290400086,11.571145922348576,343725200
2011-09-02,11.21815013885498,11.336614671542788,11.151570098739338,11.238843231660208,438939200
2011-09-06,11.388799667358398,11.40649358739733,10.99111732232477,11.017809562521096,509698000
2011-09-07,11.514460563659668,11.564545546021517,11.456576931501855,11.56334587695247,350576800
2011-09-08,11.520758628845217,11.65481884670798,11.465874969240136,11.468573824269452,416158400
2011-09-09,11.321017265319824,11.57654034619723,11.247238425365357,11.514459479835612,564813200
2011-09-12,11.394800186157228,11.422990817009271,11.153671427755354,11.186662338182616,467832400
2011-09-13,11.535154342651367,11.58283918556485,11.40409250024902,11.460775661940124,440560400
2011-09-14,11.67551326751709,11.762787201653657,11.569344943480967,11.60713372328008,534724400
2011-09-15,11.785282135009766,11.806276349215803,11.693509829736952,11.73939598237336,417818800
2011-09-16,12.011411666870115,12.011411666870115,11.847361318081694,11.862656699058183,698513200
2011-09-19,12.345215797424316,12.393201776537508,11.852463963839028,11.906446688752377,823860800
2011-09-20,12.399797439575195,12.68201362552632,12.332017728346177,12.453780954368437,775754000
2011-09-21,12.360509872436523,12.643924935960408,12.356311029907246,12.585442259145047,605976000
2011-09-22,12.051000595092772,12.290929628790703,11.897446942508916,12.02730832978399,968480800
2011-09-23,12.125377655029297,12.19855586433047,11.991917278105038,12.004813319783125,546277200
2011-09-26,12.091490745544434,12.115783649744188,11.735497270639083,11.992220107781892,812876400
2011-09-27,11.974225044250488,12.273834839274134,11.938235766650578,12.258239939460983,632497600
2011-09-28,11.906743049621582,12.10858215667034,11.891746386028885,12.002113533294748,429637600
2011-09-29,11.713600158691406,12.06269582948256,11.582838640134488,12.053998629649586,651086800
2011-09-30,11.436186790466309,11.663219825261924,11.431987947464473,11.610134853448136,547640800
2011-10-03,11.234641075134276,11.475769712499888,11.191754915224465,11.407690506364178,669099200
2011-10-04,11.171664237976074,11.450580947264095,10.624028809436908,11.233745923829597,1233677200
2011-10-05,11.344115257263184,11.39120028145077,10.80577519936254,11.032507922223596,786469600
2011-10-06,11.317720413208008,11.539953933621971,11.150670075943632,11.196556222939858,812582400
2011-10-07,11.090690612792969,11.328819401621743,11.051402638102331,11.270037198060802,535458000
2011-10-10,11.66081714630127,11.66081714630127,11.342912024444496,11.369304746137336,442514800
2011-10-11,12.00511360168457,12.09178849355099,11.741493122146624,11.773583069546005,605687600
2011-10-12,12.06209945678711,12.273835490284318,12.000617604116378,12.216553281169166,622286000
2011-10-13,12.249241828918455,12.249241828918455,12.081891186542766,12.145771566410112,426185200
2011-10-14,12.656222343444824,12.656222343444824,12.454381582200917,12.50116868613686,573367200
2011-10-17,12.595940589904783,12.797180722491152,12.474476068051526,12.64842492368322,686044800
2011-10-18,12.66342067718506,12.740498237283658,12.475976732211311,12.649024643933124,881602400
2011-10-19,11.95503044128418,12.248942190550004,11.930437222442258,12.036905862871423,1104059600
2011-10-20,11.855758666992188,12.006913779849558,11.822769366331324,11.996417074978297,549270400
2011-10-21,11.782580375671388,11.970624914115346,11.71899951140353,11.939434316565968,621244400
2011-10-24,12.169464111328123,12.191356869581696,11.858457527229652,11.88185027217558,502138000
2011-10-25,11.929537773132324,12.192859574709644,11.917842198898937,12.147272942821996,430427200
2011-10-26,12.014410972595217,12.072893638132223,11.79097701432242,12.04919977371985,456304800
2011-10-27,12.137072563171388,12.266334892260229,12.05309813801468,12.2231468094441,494664800
2011-10-28,12.144874572753906,12.186862200142372,12.071696342380475,12.086391891839334,322842800
2011-10-31,12.139772415161133,12.276231959413115,12.027905284285731,12.06899354665056,385501200
2011-11-01,11.891749382019045,11.98142266171177,11.793079383259506,11.91874194176151,531790000
2011-11-02,11.918741226196287,12.009614169755164,11.849761045176468,11.999117464242511,327350800
2011-11-03,12.088491439819336,12.09838831154132,11.857260377923971,11.968526907262476,441386400
2011-11-04,12.003615379333496,12.0995865132294,11.971225111633036,12.057299375007435,302229200
2011-11-07,11.988322257995604,11.996420427624198,11.880355205320727,11.993721571646317,270275600
2011-11-08,12.18326187133789,12.236346835143664,12.043204090432416,12.062698315290758,400442000
2011-11-09,11.854859352111816,12.02310935083066,11.823369237400868,11.905544173706929,558684000
2011-11-10,11.553150177001951,11.912742617839916,11.461077566219018,11.907344106334312,744752400
2011-11-11,11.535154342651367,11.65751738311686,11.404392817936952,11.594835876138788,653786000
2011-11-14,11.374403953552246,11.55405082363926,11.342613518617602,11.502165527928216,432905200
2011-11-15,11.661420822143556,11.68151408467308,11.380104735713331,11.42059237941372,430810800
2011-11-16,11.539652824401855,11.730695719172152,11.526156146938488,11.674012556875844,349210400
2011-11-17,11.318921089172363,11.533956613297583,11.26163807934171,11.515961573160928,479900400
2011-11-18,11.244842529296877,11.396297177553,11.243043025311897,11.3642072244252,371938000
2011-11-21,11.06699562072754,11.147071537714728,10.974022859415856,11.108682123312166,447980400
2011-11-22,11.291929244995115,11.334516705484615,11.124878894127734,11.1272782327946,409021200
2011-11-23,11.006414413452148,11.271835248639034,11.003114922342636,11.231946643497634,428271200
2011-11-25,10.903843879699709,11.13117558857662,10.896345546729645,11.049300167287765,254760800
2011-11-28,11.280231475830078,11.298226514885982,11.106583753600807,11.167165450061065,346413200
2011-11-29,11.192657470703123,11.361507308386928,11.102684682394216,11.27183403695722,375855200
2011-11-30,11.46257781982422,11.464977158494602,11.345612462185096,11.43528654371964,405938400
2011-12-01,11.634425163269045,11.666515112066817,11.419089353873249,11.472773347577016,387181200
2011-12-02,11.687506675720217,11.805371341175952,11.65391674765356,11.691405199188456,379055600
2011-12-05,11.78678035736084,11.888750644898856,11.708204421729398,11.80117638878192,357210000
2011-12-06,11.724997520446776,11.835365479139227,11.6779125090302,11.771783815850522,283598000
2011-12-07,11.669215202331545,11.724698701842096,11.599335672347964,11.694407454812072,304746400
2011-12-08,11.716300964355469,11.861457734245567,11.70340492087207,11.739994030644755,376356400
2011-12-09,11.80507469177246,11.817671219029275,11.72739810914036,11.781982259739255,296993200
2011-12-12,11.751690864562988,11.81347222911856,11.680012629138565,11.746892187572683,301067200
2011-12-13,11.66081714630127,11.858459037893027,11.60953249064627,11.786479688668884,338928800
2011-12-14,11.40229320526123,11.617929317613273,11.32701597265054,11.597534943264474,406887600
2011-12-15,11.364806175231934,11.508763279445258,11.345911785282752,11.49646707026119,256200000
2011-12-16,11.42718505859375,11.521057154708156,11.383698259085934,11.407391321155483,421478400
2011-12-19,11.462876319885254,11.542052881757972,11.41099102978947,11.470674169327475,235530400
2011-12-20,11.874958992004396,11.87945815396872,11.614336746447886,11.629331817401969,337215200
2011-12-21,11.889948844909668,11.915441413643984,11.756787973261693,11.897146058883507,262948000
2011-12-22,11.952930450439451,11.970325653764183,11.879452714375548,11.906443669564233,202358800
2011-12-23,12.096288681030272,12.104086531418746,11.981122831680944,11.987121178133616,269399200
2011-12-27,12.192258834838867,12.269036061523751,12.086989865233695,12.089390004467807,265076000
2011-12-28,12.075594902038574,12.243844116989823,12.036606450569495,12.203056962415015,228662000
2011-12-29,12.149970054626465,12.16586607076198,12.011712594320198,12.09838588457655,215978000
2011-12-30,12.146373748779297,12.184762365469714,12.10108743404873,12.10168646785043,179662000
2012-01-03,12.333216667175291,12.371305763351153,12.26633711227228,12.278333804114638,302220800
2012-01-04,12.399497985839844,12.436687735345089,12.274735577985874,12.296328825238335,260022000
2012-01-05,12.537155151367188,12.552750049327829,12.376402690121203,12.444783030200757,271269600
2012-01-06,12.668217658996582,12.678714364747176,12.572846354012476,12.589341406148357,318292800
2012-01-09,12.648120880126951,12.828667063276397,12.636724024444831,12.761187683065913,394024400
2012-01-10,12.69340991973877,12.776185498205248,12.641225107006257,12.773485841906773,258196400
2012-01-11,12.67271327972412,12.681710797357642,12.57554249182353,12.67661180360841,215084800
2012-01-12,12.637925148010254,12.683211457425395,12.558748585326562,12.664617386335337,212587200
2012-01-13,12.59053897857666,12.609733685033778,12.556049691682375,12.587241089675192,226021600
2012-01-17,12.737194061279297,12.775882985990716,12.685009260781564,12.722198198823875,242897200
2012-01-18,12.86945343017578,12.880249649176626,12.785178694036269,12.804972429577017,276791200
2012-01-19,12.828669548034668,12.937236411909115,12.791480602084476,12.900648101431988,261738400
2012-01-20,12.605236053466797,12.821171722204708,12.588741001029067,12.82087220530362,413974400
2012-01-23,12.818474769592283,12.849666175996882,12.665220597706286,12.676317139945736,306062400
2012-01-24,12.608531951904297,12.749190334169723,12.582739870171858,12.749190334169723,547638000
2012-01-25,13.395797729492188,13.629427270750329,13.30792397365082,13.629127753911249,958314000
2012-01-26,13.334917068481444,13.459678650575432,13.290230595802324,13.446783409028464,323985200
2012-01-27,13.414393424987791,13.450382697873732,13.309125262283567,13.326219346035996,299709200
2012-01-30,13.5862455368042,13.612937782089782,13.357714108685856,13.36731066359906,379341200
2012-01-31,13.690309524536133,13.743093362036634,13.58803973821404,13.66361728809414,391683600
2012-02-01,13.681610107421877,13.765585327204173,13.662417007064224,13.748190929316824,270046000
2012-02-02,13.649523735046388,13.711004779013292,13.615333963924398,13.672916483441243,186796400
2012-02-03,13.786279678344728,13.795877029693209,13.66271698312134,13.714901780231628,286599600
2012-02-06,13.914942741394045,13.945233985899623,13.741895678345012,13.74729338847529,249412800
2012-02-07,14.060699462890623,14.088291851011656,13.93323662857984,13.953331485569828,316223600
2012-02-08,14.29612636566162,14.299424253596118,14.086788163979788,14.1107815400161,407890000
2012-02-09,14.790679931640623,14.898047899309503,14.412492706917757,14.418491051622231,884214800
2012-02-10,14.798176765441896,14.924138794917631,14.652119881728618,14.72439953159131,631302000
2012-02-13,15.073497772216797,15.11038639551407,14.908246157807984,14.981424370703897,517216000
2012-02-14,15.2792329788208,15.28223135022455,15.05550033483966,15.135275914170071,460398400
2012-02-15,14.92564296722412,15.783984625815254,14.902248617825393,15.42319333674498,1506120000
2012-02-16,15.061806678771973,15.142182938666558,14.594545789951528,14.740602757858891,944552000
2012-02-17,15.059106826782228,15.228556539367574,15.004522665533043,15.088797445552617,535805200
2012-02-21,15.44088649749756,15.44088649749756,15.11908210265066,15.20185766010375,605595200
2012-02-22,15.386601448059082,15.460079168498872,15.267536307910138,15.387801116998796,483302400
2012-02-23,15.48707389831543,15.530261988454004,15.280436089201144,15.4477859342519,568027600
2012-02-24,15.667621612548828,15.682317160878751,15.554556386155618,15.585446668999314,415072000
2012-02-27,15.768089294433594,15.85026422016224,15.483774142086531,15.634628117426688,547582000
2012-02-28,16.0575008392334,16.0575008392334,15.77078638098316,15.834067713729972,600387200
2012-02-29,16.268333435058594,16.42338860659303,16.0661948726286,16.241942326343594,952011200
2012-03-01,16.329225540161133,16.441393828082322,16.158276655098394,16.440192556988936,683270000
2012-03-02,16.350513458251953,16.399097646699424,16.270736276364516,16.322322039636454,431712400
2012-03-05,15.990029335021973,16.419499797603045,15.775291701189085,16.35771922183831,809124400
2012-03-06,15.903048515319824,16.005917334294313,15.481974285243377,15.70510792541706,810238800
2012-03-07,15.915946006774902,16.12858215091112,15.694311543470898,16.099191058577766,798520800
2012-03-08,16.254844665527344,16.284834790355987,15.958832331099297,16.035909066145432,516457200
2012-03-09,16.350217819213867,16.427294563055995,16.288435656373125,16.32142575846606,418919200
2012-03-12,16.555055618286133,16.555055618286133,16.405098582134844,16.464481401874536,407282400
2012-03-13,17.03791618347168,17.04031552248892,16.667525830735915,16.721211441670437,690855200
2012-03-14,17.682125091552734,17.83627862612326,17.256851040895107,17.336328749000796,1418844000
2012-03-15,17.56155776977539,17.994928316325133,17.35132091953489,17.982931622701827,1159718000
2012-03-16,17.561851501464844,17.670718657267503,17.334819354940674,17.53635893633677,825487600
2012-03-19,18.02761459350586,18.047707849247185,17.666222693452433,17.945739181231254,901236000
2012-03-20,18.17337417602539,18.20156400015532,17.739103528525597,17.97993111810106,816662000
2012-03-21,18.06960105895996,18.284037497359723,18.03691207940871,18.076799073272436,644042000
2012-03-22,17.97483253479004,18.12958665743677,17.860566046172472,17.928045436221083,623870800
2012-03-23,17.876155853271484,18.04860383841682,17.826669915751282,18.009315886532008,430488800
2012-03-26,18.20397186279297,18.209071660637235,17.852478226887822,17.988335624170634,595742000
2012-03-27,18.42889976501465,18.48288328540576,18.176374966522403,18.17997397466146,607129600
2012-03-28,18.523073196411133,18.637938747635737,18.30383800077605,18.545865315130037,655460400
2012-03-29,18.290340423583984,18.49128104120673,18.211464964536265,18.377914686938503,608238400
2012-03-30,17.98113441467285,18.31133502521375,17.932848119247634,18.25765101805659,731038000
2012-04-02,18.553361892700195,18.557559934508056,18.006024373146996,18.04951198593799,598351600
2012-04-03,18.87396240234375,18.960638098572023,18.669723933733344,18.813379910721498,834559600
2012-04-04,18.72370719909668,18.77019317708265,18.5044720680356,18.72490686823879,572980800
2012-04-05,19.004728317260746,19.034119416313956,18.69641969242944,18.803787699728257,641298000
2012-04-09,19.081201553344727,19.189469696740066,18.753400352694587,18.77829228737278,597536800
2012-04-10,18.847578048706055,19.31423830676104,18.77439980550357,19.192174729099115,889725200
2012-04-11,18.78039169311523,19.100395837712583,18.69461614789237,19.080302580288706,696614800
2012-04-12,18.67752456665039,18.93424901060439,18.609444530150796,18.744404933761956,614336800
2012-04-13,18.1514835357666,18.73541026104969,18.09989934814051,18.717714735219317,859644800
2012-04-16,17.398712158203125,18.302941181793862,17.342329283342057,18.29634379921467,1050786800
2012-04-17,18.28553581237793,18.29453252899288,17.15217535778387,17.36301277898598,1025528000
2012-04-18,18.24474716186523,18.601940967570204,18.075896567733057,18.406098624127495,954531200
2012-04-19,17.617937088012695,18.13648245339815,17.530362843854228,18.00122256293992,834719200
2012-04-20,17.184267044067383,17.83327362087217,17.107489822302483,17.73610202412589,1030985200
2012-04-23,17.14588165283203,17.294938573397552,16.693617501702633,17.113192663858854,966529200
2012-04-24,16.80338478088379,17.025618330427417,16.64503162439848,16.873263520907066,1076149200
2012-04-25,18.294532775878903,18.53446177302269,18.174569078154153,18.46368290306011,905777600
2012-04-26,18.22555351257324,18.435191259584176,18.05850321298007,18.422593934602393,536068400
2012-04-27,18.084592819213867,18.179965690592955,18.009615919690372,18.146676081746826,406722400
2012-04-30,17.514169692993164,17.94664164094229,17.484778597715355,17.928646602498354,506144800
2012-05-01,17.458690643310547,17.897458944329617,17.431698880848792,17.541765752710255,610999200
2012-05-02,17.574146270751953,17.616733714755377,17.360610017147362,17.401997792281758,427389200
2012-05-03,17.449390411376953,17.736705606599937,17.40380457906802,17.709713847839875,390549600
2012-05-04,16.952436447143555,17.345618796249564,16.950037108874454,17.307230985638377,529992400
2012-05-07,17.07929801940918,17.177968799935083,16.83187147512503,16.83996964190542,460118400
2012-05-08,17.040300369262695,17.139869646545566,16.756885507083464,17.08228716303239,497252000
2012-05-09,17.0703067779541,17.214265526734273,16.820482393604173,16.90595684958003,480704000
2012-05-10,17.110488891601562,17.271241356382298,17.048109298387356,17.23225290935256,333200000
2012-05-11,16.99622344970703,17.228954455083397,16.9254445729627,16.944938795837903,399546000
2012-05-14,16.741601943969727,17.020218342238405,16.723007869963247,16.872063182317195,352626400
2012-05-15,16.590139389038086,16.891549361271565,16.547551948412966,16.838466020145624,476336000
2012-05-16,16.37751007080078,16.701713883683553,16.226354946231844,16.61653896724301,560896000
2012-05-17,15.898855209350586,16.420099558672597,15.898855209350586,16.354418859319278,717220000
2012-05-18,15.906652450561523,16.297435558352436,15.66072662374171,16.014020462200364,732292400
2012-05-21,16.833372116088867,16.841170766694468,16.016716132462438,16.030213612161226,631106000
2012-05-22,16.704111099243164,17.211258805339906,16.5724502166133,17.081396625538396,694870400
2012-05-23,17.111696243286133,17.178876138729695,16.59195100494481,16.720011329203906,584897600
2012-05-24,16.954544067382812,17.289844537097867,16.831879844069377,17.270949339113578,496230000
2012-05-25,16.863664627075195,16.970433591614757,16.749098613040008,16.93264481003087,328507200
2012-05-29,17.1629695892334,17.214854869250274,16.954233605336405,17.121882931117916,380508800
2012-05-30,17.369911193847656,17.39450360954806,16.991723919005107,17.070900477902992,529429600
2012-05-31,17.326725006103516,17.439790216900725,17.138681276120593,17.416996503610715,491674400
2012-06-01,16.824670791625977,17.174367068232105,16.81057588332642,17.06969795886077,520987600
2012-06-04,16.92364501953125,17.019916469053907,16.450088024125325,16.83997089723875,556995600
2012-06-05,16.87985610961914,16.989024391694283,16.744897345458636,16.83307061826941,388214400
2012-06-06,17.13867950439453,17.210356923971055,16.959932027303054,17.028012041584304,401455600
2012-06-07,17.146474838256836,17.3144236758992,17.109885738367442,17.313525125512317,379766800
2012-06-08,17.404396057128906,17.41219470514388,17.064897796592934,17.14287466657875,347516400
2012-06-11,17.12998390197754,17.64972732920436,17.113787568167208,17.62633458243815,591264800
2012-06-12,17.279640197753906,17.293435593233166,16.995925628750907,17.228656657349838,435380400
2012-06-13,17.159679412841797,17.349222381026024,17.106294923116682,17.230458308759975,293580000
2012-06-14,17.140779495239258,17.19986279899963,17.012719221286947,17.132082294539334,345573200
2012-06-15,17.218765258789062,17.233460812663683,17.081405476256784,17.124893103858945,335255200
2012-06-18,17.568157196044922,17.631438561005236,17.10599613268028,17.123691658258792,440412000
2012-06-19,17.61703872680664,17.694714500278725,17.487777180565352,17.49677389822439,361404400
2012-06-20,17.566953659057617,17.67222182212017,17.41879692422679,17.6410304247786,358943200
2012-06-21,17.32493019104004,17.64133541378459,17.318031690987592,17.557960786032062,326351200
2012-06-22,17.457794189453125,17.46049304593211,17.25745414886467,17.36602185730093,284471600
2012-06-25,17.11798858642578,17.388807903050502,17.105991894377976,17.31382937859898,304382400
2012-06-26,17.155771255493164,17.229548482769577,17.014812576675745,17.134776251039618,276536400
2012-06-27,17.229856491088867,17.29703637404479,17.152480219345843,17.24485155735102,202997200
2012-06-28,17.066404342651367,17.21486061710428,16.963235985167998,17.14498188177104,282836400
2012-06-29,17.514768600463867,17.514768600463867,17.222355260953783,17.334821437167076,421500800
2012-07-02,17.770294189453125,17.79878513354247,17.50277434716425,17.536664603853392,400092000
2012-07-03,17.976926803588867,17.994622320735942,17.814676786257074,17.84106790103191,241712800
2012-07-05,18.29273796081543,18.424698376695986,17.984129849316165,18.011421123848727,484383200
2012-07-06,18.170974731445312,18.24775196615467,18.042014283909605,18.20726432791574,418930400
2012-07-09,18.411203384399418,18.411502901306704,18.117891442343083,18.15358040345674,379405600
2012-07-10,18.24085998535156,18.590554876719064,18.15388473714227,18.53357136956386,511957600
2012-07-11,18.127487182617188,18.224357668926075,17.911252011756655,18.178171204918087,469322000
2012-07-12,17.96163558959961,18.098694186753384,17.775091040222964,18.001823705447098,428041600
2012-07-13,18.143678665161133,18.210257892234043,17.99462339546733,18.08309778309852,311427200
2012-07-16,18.201868057250977,18.34312472605933,18.145184077874983,18.148184052256763,301260400
2012-07-17,18.20276641845703,18.33952551477689,18.089098953960978,18.318230984354653,293624800
2012-07-18,18.182369232177734,18.244750424224467,18.1013923680725,18.19226610191499,252700000
2012-07-19,18.424089431762695,18.454979697476254,18.17456316373146,18.33291621828073,436861600
2012-07-20,18.12358856201172,18.427697499288673,18.105593523851812,18.385409560036532,397471200
2012-07-23,18.10948944091797,18.171571112360077,17.626034030492644,17.826673471579806,487975600
2012-07-24,18.022220611572266,18.28494178664244,17.949940935254393,18.215961601387896,565132400
2012-07-25,17.24394416809082,17.4187914843081,17.094888929234635,17.22864959274951,877312800
2012-07-26,17.241256713867188,17.406806306281187,17.105697258435548,17.387611593527684,406632800
2012-07-27,17.549560546875,17.56965540851168,17.14258273857057,17.245152063414324,403936400
2012-07-30,17.84557342529297,17.977833368234577,17.629336627268966,17.72231020169139,379142400
2012-07-31,18.317337036132812,18.345530074978083,18.076209832805855,18.091504420235324,462327600
2012-08-01,18.19886589050293,18.48648059144586,18.084599394727103,18.471785043321457,384501600
2012-08-02,18.228254318237305,18.31522792498206,18.00212230002319,18.079799672563297,332158400
2012-08-03,18.46548080444336,18.53386032748519,18.34131748049033,18.40339914246684,344920800
2012-08-06,18.670923233032227,18.740502441112515,18.45228873885909,18.513169144446707,302103200
2012-08-07,18.621740341186523,18.744402919115537,18.53566527311782,18.677522559192266,290446800
2012-08-08,18.590251922607425,18.7108162968112,18.50747633429752,18.576155406494507,244706000
2012-08-09,18.696273803710938,18.72639431034981,18.608022729973765,18.60952835316276,221642400
2012-08-10,18.725488662719727,18.727295088674897,18.635130367813492,18.635431170710746,194938800
2012-08-13,18.97547912597656,18.97547912597656,18.772170191259484,18.776387865198515,278832400
2012-08-14,19.02638053894043,19.23481116228638,18.981803811684685,19.031803032718543,340169200
2012-08-15,19.000476837158203,19.095956798091493,18.907708927274214,19.014633872321262,257342400
2012-08-16,19.166444778442383,19.1790945868918,18.990544237552136,19.01193019931905,254534000
2012-08-17,19.520952224731445,19.52336186494752,19.240838788185076,19.276680979970475,442761200
2012-08-20,20.0341854095459,20.0341854095459,19.574858001467533,19.578171657431955,613384800
2012-08-21,19.760400772094727,20.327256470618423,19.587813940748248,20.204969663655913,812719600
2012-08-22,20.146236419677734,20.150151682309932,19.520949352745316,19.71100527325457,565322800
2012-08-23,19.95829200744629,20.177262027030277,19.913713664041005,20.06310813831021,420128800
2012-08-24,19.97606658935547,20.16461695661675,19.74504831458954,19.86432231457296,437340400
2012-08-27,20.351348876953125,20.50766980470765,20.286891829247303,20.481163772113092,427008400
2012-08-28,20.324846267700195,20.36400210906992,20.20045062721688,20.330267152813,267416800
2012-08-29,20.28478240966797,20.411285253545906,20.25857878917064,20.33839607886232,202806800
2012-08-30,19.995635986328125,20.22695657391411,19.96491388415988,20.199548128506247,302699600
2012-08-31,20.036903381347656,20.13810504624634,19.79624500506428,20.097443576854648,338321200
2012-09-04,20.32996368408203,20.335083765699665,20.014609766139593,20.052560782666408,367892000
2012-09-05,20.18720245361328,20.37153509699793,20.168226135533725,20.348041910123985,336375200
2012-09-06,20.369121551513672,20.429964148565908,20.20436686354093,20.27575042766389,391196400
2012-09-07,20.494726181030273,20.556170396222345,20.354066252414757,20.42273777947808,329666400
2012-09-10,19.96160125732422,20.580561759368056,19.94232414010805,20.495022768863688,487998000
2012-09-11,19.89684677124023,20.18328509272132,19.77365593385995,20.03298821751727,503983200
2012-09-12,20.1739444732666,20.17725813002259,19.75859368461588,20.08539262646216,712233200
2012-09-13,20.571229934692383,20.647131991108846,20.32394584129929,20.402257537874103,598360000
2012-09-14,20.821218490600582,20.992901281141336,20.719111224647666,20.78146104797897,600474000
2012-09-17,21.07724380493164,21.07784541070535,20.92152442383492,21.064291586509324,398031200
2012-09-18,21.141403198242188,21.15405300803783,20.976045219176513,21.080259769943336,373503200
2012-09-19,21.14712142944336,21.20404716845377,21.070918568833,21.091701313415054,326874800
2012-09-20,21.044715881347656,21.08567976971474,20.891706927237657,21.058570509891823,336568400
2012-09-21,21.086572647094727,21.236568678503673,21.064585089685146,21.15645058121059,571589200
2012-09-24,20.80646324157715,20.936882998308405,20.571830574320337,20.68809329364327,639766400
2012-09-25,20.286893844604492,20.86639929169645,20.27062797324735,20.730256264779644,518789600
2012-09-26,20.03509521484375,20.26129412261067,19.91521804569816,20.14232097054763,576503200
2012-09-27,20.521228790283203,20.54683081243314,19.88961680201599,20.00828915588075,594090000
2012-09-28,20.092924118041992,20.514902223586542,20.08238154204549,20.443819459887195,535110800
2012-10-01,19.860698699951172,20.3835792417199,19.77365247868896,20.21520848691085,543594800
2012-10-02,19.91853141784668,20.070335520665637,19.59745412649887,19.933590863557175,627992400
2012-10-03,20.223949432373047,20.236300045864592,19.95829381657095,20.025461336361644,424281200
2012-10-04,20.083890914916992,20.308283429560255,20.046242297695056,20.2179235310845,370725600
2012-10-05,19.6558895111084,20.05979541214118,19.616432857691247,20.0357006177535,594006000
2012-10-08,19.221559524536133,19.50438498123811,19.159512100172194,19.483903041683863,637994000
2012-10-09,19.15167808532715,19.29143395968023,18.781204858030275,19.236013859554923,838597200
2012-10-10,19.304086685180664,19.42667429873621,19.186318351371767,19.268846104176124,510356000
2012-10-11,18.918256759643555,19.49354637367395,18.918256759643555,19.47246282325706,546081200
2012-10-12,18.96674537658691,19.1375241811159,18.83391759623897,18.962226899626607,460014800
2012-10-15,19.118852615356445,19.129996799126857,18.79024557414147,19.046264215122132,432502000
2012-10-16,19.571556091308594,19.5869179522077,19.005604224351845,19.137228830822124,549771600
2012-10-17,19.415525436401367,19.66190542405985,19.39715233893889,19.54383631586988,389037600
2012-10-18,19.054996490478516,19.338724351384897,18.975479981998856,19.264329534143865,476624400
2012-10-19,18.368263244628903,19.028789226900617,18.361635931295073,19.00710407858667,744086000
2012-10-22,19.09687232971191,19.13753381711418,18.395983653693133,18.445982902562687,546730800
2012-10-23,18.47428321838379,19.09294449472544,18.42428561100358,19.005595866067047,707145600
2012-10-24,18.578807830810547,18.8715727461106,18.39236630233106,18.7176613675853,558527200
2012-10-25,18.359228134155273,18.734522309344612,18.239050159355457,18.674281311951283,656325600
2012-10-26,18.19236946105957,18.49356809434117,17.80081252465092,18.355919389176982,1018432800
2012-10-31,17.930925369262695,18.13092065791556,17.7014127957269,17.917672349635964,510003200
2012-11-01,17.96767234802246,18.16224515092489,17.896288772671923,18.01827318020584,361298000
2012-11-02,17.37310791015625,17.980021939057206,17.31136289293027,17.948095011822577,599373600
2012-11-05,17.608644485473633,17.70352124936715,17.397202588225138,17.5755127383997,529135600
2012-11-06,17.555330276489258,17.792975785462424,17.472200916489907,17.777615537419045,374917200
2012-11-07,16.883607864379883,17.384063956281235,16.8155276471147,17.362884126519425,793648800
2012-11-08,16.27090072631836,17.0116019594456,16.19646831420367,16.963189057987652,1056146000
2012-11-09,16.552608489990234,16.78922105101015,16.148974537229655,16.35169966010915,929913600
2012-11-12,16.424610137939453,16.77771409848414,16.298133843810547,16.767123371226592,515802000
2012-11-13,16.426729202270508,16.656079699009663,16.228845479923326,16.30600234037975,532949200
2012-11-14,16.244571685791016,16.56439243544127,16.223391856842476,16.50539044456632,477170400
2012-11-15,15.903881072998049,16.323853355001546,15.81311010220199,16.26424698183732,789910800
2012-11-16,15.96621322631836,16.03641033300342,15.302668696540346,15.891174828419274,1266893600
2012-11-19,17.117504119873047,17.171058876475847,16.335351297519097,16.36046428021067,823317600
2012-11-20,16.971664428710938,17.305707046369633,16.780136103920814,17.304496723611184,642754000
2012-11-21,16.99557113647461,17.167129968231656,16.841257386592623,17.072728011415602,373002000
2012-11-23,17.292091369628906,17.307221213526503,17.022801801558103,17.16107755421872,272826400
2012-11-26,17.83763313293457,17.851853214486752,17.35896094911276,17.42522491322757,630579600
2012-11-27,17.69391441345215,17.864566744893484,17.552309837462527,17.838241812535678,533330000
2012-11-28,17.63823890686035,17.724774576687917,17.31508913250184,17.466678451043144,520864400
2012-11-29,17.83248519897461,17.980443507960672,17.70812898975647,17.858507944056264,514698800
2012-11-30,17.709049224853516,17.80345284922993,17.630379807193062,17.754737728569967,391319600
2012-12-03,17.73657989501953,17.99074295920593,17.715702220518217,17.962301167495585,364280000
2012-12-04,17.42371368408203,17.6037447941111,17.311156872195642,17.6037447941111,557068400
2012-12-05,16.3023681640625,17.224006907070265,16.301762194870552,17.213719974067743,1044638000
2012-12-06,16.558048248291016,16.741708675120957,15.692383037019416,16.004337681783465,1177212400
2012-12-07,16.134748458862305,16.798897400450397,16.03641174233316,16.744434485424545,787040800
2012-12-10,16.030963897705078,16.29389964614613,15.781642260234156,15.88512243095288,630484400
2012-12-11,16.381038665771484,16.628241795194725,16.259403673216408,16.332021410392187,592345600
2012-12-12,16.308727264404297,16.581043444281708,16.226124749091824,16.574083683855815,487144000
2012-12-13,16.02703285217285,16.2675801094934,15.909330957949573,16.071208834603638,625259600
2012-12-14,15.42491340637207,15.677260142525482,15.297530523032396,15.574990254111368,1009579200
2012-12-17,15.698436737060549,15.733838279998029,15.165907556937604,15.398889073241392,757607200
2012-12-18,16.15441131591797,16.184667764343825,15.741397221193935,15.885120198970716,625685200
2012-12-19,15.924759864807127,16.148362556038357,15.900251232338084,16.08088827256915,449369200
2012-12-20,15.786189079284668,16.042468985676653,15.699955561597648,16.036417369003967,481689600
2012-12-21,15.713561058044434,15.723847991726757,15.43852051119132,15.505994781194309,596268400
2012-12-24,15.738977432250977,15.862427109653575,15.694801463864774,15.744424692088195,175753200
2012-12-26,15.52203369140625,15.717496774787032,15.465150138350552,15.703577255270476,302436400
2012-12-27,15.584369659423828,15.620375561032148,15.269692105541871,15.538377379934731,455120400
2012-12-28,15.41885471343994,15.56681463956975,15.374376567370277,15.440036168069597,354278400
2012-12-31,16.102067947387695,16.19980029953897,15.401005043068556,15.44729786931861,659492400
2013-01-02,16.612205505371094,16.792842528817417,16.388302274145843,16.75713881786035,560518000
2013-01-03,16.402530670166016,16.631579100832873,16.369247587683773,16.577418345598748,352965200
2013-01-04,15.945635795593262,16.29752943222055,15.910234261884156,16.247301849954706,594333600
2013-01-07,15.85184097290039,16.015229712149477,15.58860140510791,15.794351444691426,484156400
2013-01-08,15.894500732421877,16.093594777872767,15.771657017490847,16.012504772444412,458707200
2013-01-09,15.646096229553224,15.885431597764343,15.61250935465353,15.809485024109758,407604400
2013-01-10,15.840042114257812,15.997681421656436,15.598284556598385,15.992537953265083,601146000
2013-01-11,15.742918014526367,15.894809522170169,15.704187675736762,15.764097860592596,350506800
2013-01-14,15.181644439697266,15.355623953837837,15.083609877589634,15.209782433861902,734207600
2013-01-15,14.702665328979492,15.09812901411336,14.625810638795812,15.077251349699804,876772400
2013-01-16,15.31295108795166,15.414314380724765,14.901754944940556,14.966504771834735,690804800
2013-01-17,15.209782600402832,15.45396086197673,15.190116868321445,15.440647306790323,453678400
2013-01-18,15.128689765930176,15.195860259994358,15.019762325726834,15.083907820635702,472922800
2013-01-22,15.273015022277832,15.367114782698584,15.026720012853447,15.266661232193613,461546400
2013-01-23,15.552597999572754,15.582250106590848,15.273019836317417,15.395259233570698,861509600
2013-01-24,13.630949020385742,14.091768503812592,13.623383291196983,13.918393404256763,1460852400
2013-01-25,13.309615135192873,13.804322860724108,13.161958986492357,13.666955263708676,1208026400
2013-01-28,13.610677719116213,13.712947583555016,13.187982532280714,13.247589725070716,785517600
2013-01-29,13.866047859191896,13.92444553053223,13.679965171766458,13.873007619297676,571158000
2013-01-30,13.82248306274414,13.997068557272858,13.751983752710924,13.827626532622103,417155200
2013-01-31,13.781930923461914,13.896606165321977,13.76650052179743,13.827015037655976,319334400
2013-02-01,13.725350379943848,13.902658616947337,13.565894806870643,13.891463535873022,539484400
2013-02-04,13.383442878723145,13.795548083460195,13.373760296632184,13.734125415259347,477117200
2013-02-05,13.853039741516112,13.910529273581608,13.380419133835554,13.43579019676262,573347600
2013-02-06,13.838207244873049,14.115060814658015,13.693878320449953,13.811580152419833,593706400
2013-02-07,14.249676704406738,14.303847528117334,13.820560368375055,14.098421310445575,704580800
2013-02-08,14.455413818359377,14.57197483296131,14.250593775452144,14.425588891664184,633158400
2013-02-11,14.606057167053224,14.758531592131249,14.40276172606726,14.501669942200742,517490400
2013-02-12,14.239940643310549,14.680621336380376,14.23507113563002,14.59327576136314,609053200
2013-02-13,14.212847709655762,14.41462336932488,14.097504145213836,14.218934591385535,475207600
2013-02-14,14.200072288513184,14.3537624624816,14.121857855707123,14.13707425402661,355275200
2013-02-15,14.00438117980957,14.308718849427883,13.997076919706473,14.2688493566978,391745200
2013-02-19,13.999208450317385,14.0825979544343,13.812346786782634,14.032991065276065,435783600
2013-02-20,13.660179138183594,13.929212952811032,13.65865619793707,13.929212952811032,476302400
2013-02-21,13.575264930725098,13.66991474953819,13.476659856664527,13.573438865686864,447182400
2013-02-22,13.71982479095459,13.743866760259966,13.591698745705305,13.672348727987444,330654800
2013-02-25,13.47605323791504,13.850996354722264,13.469052914948204,13.812345860143362,372579200
2013-02-26,13.663830757141112,13.742045194491094,13.31962514495142,13.50709631920143,501499600
2013-02-27,13.529919624328612,13.769433219558064,13.410619952500015,13.647393231016892,587350400
2013-02-28,13.433444023132324,13.630349412152569,13.433444023132324,13.514093193797708,322515200
2013-03-01,13.100807189941406,13.335451319483989,13.08589472833464,13.329972310429335,552448400
2013-03-04,12.783682823181152,13.031717190176249,12.751727096373443,13.019543425169903,582755600
2013-03-05,13.121193885803224,13.244450430574332,12.804988012854505,12.82720473097721,638433600
2013-03-06,12.954416275024414,13.246276215582476,12.916982351457635,13.22375474881292,460250000
2013-03-07,13.10415267944336,13.147673493677328,12.814423502601027,12.91911546931981,468473600
2013-03-08,13.13884735107422,13.251756206962831,13.044198334845312,13.080414888961425,391482000
2013-03-11,13.326013565063477,13.360708801875733,12.938591953674427,13.07889177749811,474236000
2013-03-12,13.038719177246094,13.356751940814508,13.012546390175167,13.25692948679094,465911600
2013-03-13,13.036284446716309,13.22345164992328,12.945288380174006,13.039328701219825,405549200
2013-03-14,13.16258430480957,13.227711517401689,13.100194158002456,13.172626443142496,303875600
2013-03-15,13.502225875854492,13.519573088808066,13.307144901924689,13.327840307390616,643960800
2013-03-18,13.869256019592283,13.922209468866813,13.427358022593896,13.434966220753935,606197200
2013-03-19,13.831822395324709,14.029032540543003,13.649523082695794,13.984293541430803,526775200
2013-03-20,13.758478164672852,13.927386362215245,13.682698485661511,13.920995539937604,308660800
2013-03-21,13.77825927734375,13.938036325711868,13.69821959689445,13.70187172730301,383255600
2013-03-22,14.05764102935791,14.06342234994907,13.789824644278053,13.834562021076392,395105200
2013-03-25,14.108464241027832,14.302327818077067,14.05368391639532,14.142245224506413,501135600
2013-03-26,14.03420352935791,14.177241200211832,14.01563894465825,14.16506743559964,294294000
2013-03-27,13.758478164672852,13.90212538565394,13.717392914028364,13.891778494855505,331237200
2013-03-28,13.471790313720703,13.750563057315071,13.440139334386965,13.689695851878495,442839600
2013-04-01,13.053327560424805,13.503442444002909,13.017720510389914,13.448661304306412,389732000
2013-04-02,13.080110549926758,13.334231874472794,12.976939892699088,13.013461198503688,529519200
2013-04-03,13.147065162658691,13.308059601661974,13.095936145214033,13.128195820593245,363216000
2013-04-04,13.017111778259276,13.238669478234613,12.941940793077828,13.200932423046062,358447600
2013-04-05,12.879549980163574,12.932808986328077,12.772422466879007,12.919113093522745,383695200
2013-04-08,12.971156120300291,13.010415300078428,12.857943337280732,12.92976612495201,300829200
2013-04-09,12.994593620300291,13.04085232192632,12.865858844210573,12.975725089075931,306614000
2013-04-10,13.25967025756836,13.301365010845716,12.96507154355698,13.028678268779476,375928000
2013-04-11,13.21827793121338,13.329664642562888,13.123019428595931,13.199712531209151,328364400
2013-04-12,13.08041286468506,13.21279891656766,13.058804835775176,13.21279891656766,238613200
2013-04-15,12.77759838104248,13.022285415726998,12.76846805554394,12.99519918974869,317520000
2013-04-16,12.972071647644045,12.983331164988613,12.799512128741576,12.829945738632356,305771200
2013-04-17,12.25870132446289,12.800422540544606,12.115967573423688,12.790378777141354,945056000
2013-04-18,11.931541442871094,12.34970061226208,11.861239153252232,12.325353889477,666299200
2013-04-19,11.88527774810791,12.161311738983631,11.720021753817734,11.807367287460757,609274400
2013-04-22,12.133011817932127,12.240444100957577,11.907803612476805,11.949496735984429,429920400
2013-04-23,12.360045433044434,12.428520828870974,12.13726959892939,12.294916603560331,664238400
2013-04-24,12.339661598205566,12.637607770341308,11.9452403113649,11.97689211963964,969651200
2013-04-25,12.428519248962402,12.5977304960592,12.386520578104774,12.515255281095424,384837600
2013-04-26,12.69694709777832,12.744727910683537,12.424565176502002,12.472042051588923,764097600
2013-04-29,13.090154647827148,13.196672687791573,12.782164795730916,12.79585987942141,640326400
2013-04-30,13.475440979003906,13.55061276236946,13.149496126330872,13.241710368820304,691538400
2013-05-01,13.369229316711426,13.540875368362071,13.22010473404893,13.526571598446855,506909200
2013-05-02,13.558832168579102,13.652262174059391,13.41001071012938,13.44500907153756,421828400
2013-05-03,13.694567680358888,13.793477515465222,13.66930670497112,13.735043428015665,361300800
2013-05-06,14.02112102508545,14.0664662765367,13.826343999263198,13.868950559410267,496641600
2013-05-07,13.958730697631836,14.17450543761561,13.807779235929232,14.150767404386,483753200
2013-05-08,14.11638069152832,14.162944956900478,13.871998346147087,13.970298697632588,472598000
2013-05-09,13.9932222366333,14.184079166286722,13.956766786271226,14.086353625241165,398487600
2013-05-10,13.876812934875488,14.08329461903848,13.800531659777906,14.02998902054941,334852000
2013-05-13,13.931035041809082,14.027842750567835,13.831778099654825,13.832084049317457,316948800
2013-05-14,13.597726821899414,13.94512941799958,13.545339891598552,13.903772219288008,447118000
2013-05-15,13.137887954711914,13.510105906178207,12.939066527844313,13.453737556250871,741613600
2013-05-16,13.313431739807127,13.413608993252184,12.83307273330338,12.966029141776186,603204000
2013-05-17,13.272988319396973,13.48222674282364,13.204059679881723,13.450366266640394,427904400
2013-05-20,13.569231986999512,13.657154866341516,13.17618246471059,13.231632148187726,451578400
2013-05-21,13.469057083129885,13.647353741503943,13.30178933704098,13.422798150337934,456022000
2013-05-22,13.520827293395996,13.73527422495617,13.424939095910798,13.60354247999442,443038400
2013-05-23,13.545034408569336,13.668188159889407,13.350501120594789,13.355402860115664,353021200
2013-05-24,13.63724136352539,13.652865243525168,13.490499271361395,13.505510434144576,276166800
2013-05-28,13.523587226867676,13.819829110385504,13.505513292223656,13.782761756054471,386145200
2013-05-29,13.631115913391112,13.709236141306022,13.461090545516877,13.479472064337015,330576400
2013-05-30,13.83423137664795,13.923686492504274,13.617640247040669,13.65256432530296,353519600
2013-05-31,13.77755641937256,14.00333748270367,13.7705097596641,13.862414105102497,384302800
2013-06-03,13.807886123657228,13.858127323690224,13.555452234322498,13.808192073390396,372352400
2013-06-04,13.764687538146973,13.921539922017836,13.705868303219036,13.884470927949176,292728800
2013-06-05,13.636022567749023,13.807886149464863,13.5931331597535,13.652565122603884,290589600
2013-06-06,13.432294845581056,13.693919427063324,13.297194351447564,13.647047776973304,416934000
2013-06-07,13.53492259979248,13.578730661985944,13.257980091892923,13.37224982926139,404535600
2013-06-10,13.44546890258789,13.757640644420873,13.381441979819948,13.624378291995024,450153200
2013-06-11,13.405948638916016,13.564026450180751,13.274830392271282,13.348968376929063,286112400
2013-06-12,13.240209579467772,13.517764751708592,13.21907124456046,13.464153222432827,265227200
2013-06-13,13.355706214904783,13.391855718800374,13.134826937967926,13.249709390549434,285832400
2013-06-14,13.174654960632324,13.36581870670562,13.127169769290562,13.338553190358164,271866000
2013-06-17,13.23439121246338,13.34774146762619,13.184150026055278,13.217235944778016,259414400
2013-06-18,13.227347373962402,13.323235608255242,13.179557049711551,13.22091424986263,195025600
2013-06-19,12.958677291870115,13.223977390187793,12.958677291870115,13.216012063732716,310940000
2013-06-20,12.769959449768066,13.049963839196844,12.718798792200444,12.84532202697333,357310800
2013-06-21,12.66763973236084,12.866768764021437,12.502210152098067,12.82050901703526,481118400
2013-06-24,12.331879615783691,12.51936703067377,12.1943274367894,12.48076665648913,480746000
2013-06-25,12.334637641906738,12.492714629606564,12.218223798343658,12.428687710986994,314162800
2013-06-26,12.194938659667969,12.400806737582844,12.121107461629158,12.373541230279669,367724000
2013-06-27,12.063515663146973,12.296649302519526,12.05616387283636,12.231090998803872,337246000
2013-06-28,12.147760391235352,12.262335240657386,11.91309460124646,11.989376669044711,578516400
2013-07-01,12.536519050598145,12.629957193217605,12.291437905609117,12.336472209190278,391053600
2013-07-02,12.820510864257812,12.91670585783199,12.544182685405504,12.559193852349283,469865200
2013-07-03,12.891274452209473,12.958059808336523,12.788647185335844,12.893112603792243,240928800
2013-07-05,12.78773307800293,12.967561968927408,12.72431886684791,12.878720392541522,274024800
2013-07-08,12.715124130249023,12.89740384572674,12.58032959648206,12.87013915295644,298138400
2013-07-09,12.938764572143556,12.973994597211066,12.572061780685967,12.670706832531756,352584400
2013-07-10,12.88913345336914,13.013819395207534,12.81315895231378,12.85451614843488,281405600
2013-07-11,13.090100288391112,13.119510721817091,12.902613683583771,12.957143892800016,326292400
2013-07-12,13.066203117370604,13.166686295295522,12.971234394863956,13.101127183639202,279563200
2013-07-15,13.09469509124756,13.21784882549397,13.013818854507482,13.020252795760308,241917200
2013-07-16,13.17925262451172,13.194875693976256,12.994521976097609,13.066514238545338,216538000
2013-07-17,13.182619094848633,13.241133198162458,13.118592170969276,13.163932441015954,198990400
2013-07-18,13.227039337158203,13.322314020929912,13.191809316969373,13.276667805899107,218878800
2013-07-19,13.018415451049805,13.29505040066115,13.00003392925492,13.26809165340924,268721600
2013-07-22,13.06007957458496,13.16546451995,13.034346260194525,13.156580526108243,207796400
2013-07-23,12.83582878112793,13.079990508364595,12.827250738276566,13.05058089377854,369395600
2013-07-24,13.495098114013672,13.620089189879312,13.33426347971481,13.446694258059368,591936800
2013-07-25,13.433520317077637,13.522362696760185,13.35111187859564,13.50091840755088,229493600
2013-07-26,13.509801864624023,13.51133324891519,13.30607785302173,13.335487466617757,200152400
2013-07-29,13.718121528625488,13.785518801728252,13.485600609202066,13.503981311845,248057600
2013-07-30,13.887532234191896,14.004864728186815,13.762233597642954,13.784597368965782,309422400
2013-07-31,13.863333702087402,14.010688568992364,13.768364950581653,13.938697131102485,322957600
2013-08-01,13.99046802520752,13.994144329499292,13.8856958070337,13.961978712064374,206250800
2013-08-02,14.16999053955078,14.179488068270736,13.989856532304096,14.03121372971719,274783600
2013-08-05,14.38167953491211,14.41905447729663,14.158043416036357,14.23585606967879,318855600
2013-08-06,14.253008842468262,14.456426058418534,14.158652023346043,14.337868135321152,334857600
2013-08-07,14.24474048614502,14.306624125734102,14.146401388187606,14.208590977454222,298858000
2013-08-08,14.216368675231934,14.311656486666225,14.122004772994392,14.304255331710458,255777200
2013-08-09,14.014074325561523,14.199407883223012,13.989405454897184,14.143283279219403,266865200
2013-08-12,14.412187576293944,14.451966728886346,14.08130124512303,14.088394430939683,364434000
2013-08-13,15.097087860107422,15.254050331620272,14.433464074633072,14.522585912736044,881941200
2013-08-14,15.37246799468994,15.549782849356774,15.215197528187897,15.35334916285977,756372400
2013-08-15,15.35426902770996,15.49273024261849,15.081974378346938,15.308322249458264,490294000
2013-08-16,15.490577697753906,15.509388562754772,15.383572169600676,15.423351335528787,362306000
2013-08-19,15.657403945922852,15.84242790363671,15.54207173626259,15.552555883723638,510518400
2013-08-20,15.4517183303833,15.744674994675846,15.444009204517268,15.718155008813694,358688400
2013-08-21,15.491491317749023,15.639201454498313,15.45571908137561,15.529420988386471,335879600
2013-08-22,15.509995460510254,15.591098535084464,15.363209205104235,15.572287681049891,244207600
2013-08-23,15.45017910003662,15.522029942292471,15.398680616554902,15.519562889901822,222731600
2013-08-26,15.510311126708984,15.733266441156298,15.43414212492002,15.44185125134973,330965600
2013-08-27,15.066862106323242,15.496120801161409,14.996244820968084,15.357042018284996,424188800
2013-08-28,15.138099670410156,15.28920412016433,14.986996867553014,14.986996867553014,307608000
2013-08-29,15.16277313232422,15.31079297267684,15.145195796868562,15.161231636401189,239657600
2013-08-30,15.024618148803713,15.20131537335314,15.00241468363538,15.172020369762109,272297200
2013-09-03,15.066560745239258,15.437226310412012,15.028631049761454,15.20594591204764,331928800
2013-09-04,15.378323554992676,15.48779774790059,15.304005675114192,15.405153156133936,345032800
2013-09-05,15.272855758666992,15.439688043324422,15.222590823868428,15.426427230933015,236367600
2013-09-06,15.363828659057615,15.39959925959156,15.108803381254573,15.370613874260188,359525600
2013-09-09,15.60898494720459,15.66295046191283,15.52603240172304,15.572904731865597,340687200
2013-09-10,15.253433227539062,15.648461279041111,15.094929255301846,15.609914003635016,743195600
2013-09-11,14.422982215881348,14.607388589343316,14.333552404037924,14.40139468736226,898696400
2013-09-12,14.576550483703612,14.66011897921951,14.370554957470953,14.44734153105605,404051200
2013-09-13,14.336325645446776,14.550028646689713,14.330159663089573,14.473243721096116,298835600
2013-09-16,13.880549430847168,14.234871107817956,13.791121271321307,14.216061896018086,543706800
2013-09-17,14.040904998779297,14.176281592179167,13.799756435316938,13.813941160550854,399380800
2013-09-18,14.329544067382812,14.381042543636864,14.205577172497264,14.283287664998818,456862000
2013-09-19,14.56452178955078,14.673378378315189,14.470467509779304,14.51518240647122,404541200
2013-09-20,14.413728713989258,14.757256618780012,14.370247337792367,14.74029687284881,699302800
2013-09-23,15.130085945129396,15.32343664065561,14.882152129054086,15.298458147780249,762106800
2013-09-24,15.082594871520996,15.279028544131853,15.043123684503897,15.2608352699224,364344400
2013-09-25,14.849154472351074,15.09924568920381,14.846071480846303,15.085678550306218,316957200
2013-09-26,14.993782997131348,15.065941802993716,14.92224013086484,14.986999427090334,237221600
2013-09-27,14.886775970458984,14.945983569787778,14.824175763007544,14.918538028834416,228040400
2013-09-30,14.701753616333008,14.853164415803466,14.62959316309223,14.71717186910004,260156400
2013-10-01,15.047433853149414,15.08382203311196,14.75201025061304,14.754169332031047,353883600
2013-10-02,15.096776008605955,15.16585180463654,14.917611743427708,14.975585807559234,289184000
2013-10-03,14.90712547302246,15.182812708871085,14.82479051281376,15.12607052542846,322753200
2013-10-04,14.89540672302246,14.943820545679548,14.758796640721368,14.921001144831276,258868400
2013-10-07,15.040961265563965,15.192064057129356,14.966951365289772,15.004265108597645,312292400
2013-10-08,14.83096408843994,15.130086786148643,14.818628826223552,15.108499253821218,290917200
2013-10-09,15.005188941955566,15.042193068457255,14.748930137033703,14.945055795355533,301725200
2013-10-10,15.099244117736816,15.183738168319207,15.019066584191291,15.151052203561216,278602800
2013-10-11,15.19699764251709,15.22875969525655,14.961091196361416,15.01752376398406,267738800
2013-10-14,15.296600341796877,15.34409025446138,15.090298535383202,15.10510084274305,261898000
2013-10-15,15.37801742553711,15.48039844475913,15.280572157603707,15.341937198900103,320073600
2013-10-16,15.45294952392578,15.496738867380712,15.394975456894285,15.44308131729966,251101200
2013-10-17,15.557485580444336,15.566120259923828,15.408849858074884,15.41810047692598,253593200
2013-10-18,15.692862510681152,15.704272211397733,15.594799690319148,15.603434370004052,290542000
2013-10-21,16.077415466308594,16.168077184258074,15.77397456654126,15.781683694637929,398106800
2013-10-22,16.031455993652344,16.29604145417826,15.666340673354227,16.233133299406486,534063600
2013-10-23,16.188419342041016,16.210314833056152,16.00462732234953,16.00462732234953,313723200
2013-10-24,16.402740478515625,16.420009837454497,16.111019076047743,16.18965345343229,384764800
2013-10-25,16.219261169433594,16.443448321225066,16.193049156328822,16.38454869589967,337792000
2013-10-28,16.340145111083984,16.37468383915743,16.13445917911388,16.3142410650289,550440800
2013-10-29,15.93308448791504,16.62908607059115,15.867093338975742,16.537190884175782,635807200
2013-10-30,16.18657875061035,16.267372250954192,15.943579016097456,16.023448606911906,354163600
2013-10-31,16.118724822998047,16.26643662028741,16.07462752132653,16.189651716151886,275696400
2013-11-01,16.03639793395996,16.183492218945783,15.90718895434995,16.159439282940838,274890000
2013-11-04,16.243623733520508,16.24578281574588,15.998774586539165,16.069391891452717,244627600
2013-11-05,16.20353126525879,16.30961283021269,16.127979873579157,16.176703316038928,265213200
2013-11-06,16.15763282775879,16.279842062229875,16.073264972511797,16.257818724076124,223375600
2013-11-07,15.89614486694336,16.228031993873543,15.892734108959456,16.11606007259038,262620400
2013-11-08,16.146461486816406,16.164141443071696,15.899251867050832,15.96097683004011,279316800
2013-11-11,16.099624633789062,16.180889813252115,15.955703533823534,16.128780906440397,227452400
2013-11-12,16.129404067993164,16.250682316403218,16.036041367944826,16.05682231704272,204276800
2013-11-13,16.148632049560547,16.198880691525144,16.03479652916076,16.0670554483148,197220800
2013-11-14,16.382192611694336,16.416931327458503,16.187091926687796,16.216248196592193,282419200
2013-11-15,16.283870697021484,16.41104116152824,16.268362427010906,16.333188387125627,317920400
2013-11-18,16.08660125732422,16.35211209925433,16.073264672730847,16.28387371076354,244944000
2013-11-19,16.115135192871094,16.23393198796584,16.06612727008119,16.09900573050147,208938800
2013-11-20,15.974000930786133,16.14211702708239,15.95321998695005,16.105204968772348,193916800
2013-11-21,16.164447784423828,16.166619471647426,15.932748138856446,16.054645886928732,262026800
2013-11-22,16.122894287109375,16.196095597713036,16.083502407359315,16.11420918931587,223725600
2013-11-25,16.245098114013672,16.31116480096705,16.16011074159577,16.160730277260605,229311600
2013-11-26,16.544723510742188,16.62971252465814,16.25316080190996,16.256881328266626,401382800
2013-11-27,16.934309005737305,16.93554973374886,16.544728692672653,16.634990413128726,363448400
2013-11-29,17.247896194458008,17.317994839885902,16.99169166684251,17.043490817125615,318127600
2013-12-02,17.097768783569336,17.50409636305118,17.08505173798804,17.307756576081154,472544800
2013-12-03,17.565818786621094,17.567680706272746,17.29782825170629,17.31705870120453,450968000
2013-12-04,17.524879455566406,17.6548427948808,17.395225884076677,17.54038772494875,377809600
2013-12-05,17.614830017089844,17.83939678492842,17.56861497603288,17.7621635481013,447580000
2013-12-06,17.370410919189453,17.57915964134039,17.356454802283626,17.549382174574912,344352400
2013-12-09,17.569236755371094,17.666941185627635,17.397709838010304,17.397709838010304,320493600
2013-12-10,17.54193878173828,17.6142107649178,17.407012526863355,17.48083500572822,278269600
2013-12-11,17.411970138549805,17.710049530305874,17.3601726654425,17.58690939923748,359718800
2013-12-12,17.38654327392578,17.535427319506553,17.370725234458384,17.43617239346115,262290000
2013-12-13,17.197017669677734,17.459115937007798,17.173445506691905,17.45818497737336,332822000
2013-12-16,17.2922420501709,17.451673042270745,17.215010493781776,17.2153202615154,282592800
2013-12-17,17.214397430419922,17.352424696860997,17.164458541247548,17.239831526825956,229902400
2013-12-18,17.083498001098633,17.104590371342905,16.71221894510561,17.050309778539617,565863200
2013-12-19,16.88777732849121,17.05961396384712,16.86513446338739,17.044105696738917,320308800
2013-12-20,17.029220581054688,17.10955646971555,16.89894746535771,16.91786815159159,436413600
2013-12-23,17.682754516601562,17.70229473301418,17.455396578075934,17.61792691662633,501306400
2013-12-24,17.607688903808594,17.73827172025253,17.556819086351066,17.67654678169698,167554800
2013-12-26,17.490760803222656,17.66445938905481,17.474631341185926,17.62103391434053,204008000
2013-12-27,17.372581481933594,17.506576760676282,17.354281990719965,17.488277269462653,225884400
2013-12-30,17.199810028076172,17.372577594706318,17.131571676272053,17.29100266547891,253629600
2013-12-31,17.401432037353516,17.409495941034454,17.183688416328806,17.188962752672296,223084400
2014-01-02,17.156700134277344,17.277668602545432,17.12227118233579,17.23579528426317,234684800
2014-01-03,16.779842376708984,17.17438394218297,16.762781952557027,17.14833031065933,392467600
2014-01-06,16.8713436126709,16.96036295024438,16.550932637956983,16.670350640630506,412610800
2014-01-07,16.75068473815918,16.934307497982214,16.684927815914186,16.88343931055025,317209200
2014-01-08,16.856765747070312,16.921901481970018,16.708812660976314,16.71253318844471,258529600
2014-01-09,16.64150047302246,16.962221145177637,16.60520960011388,16.960359225278548,279148800
2014-01-10,16.530458450317383,16.77425566699527,16.473696395439283,16.744168431754773,304976000
2014-01-13,16.61699867248535,16.826986479339947,16.435545949927505,16.436476909951583,378492800
2014-01-14,16.94764518737793,16.958190545938862,16.676861715414177,16.694231905466005,332561600
2014-01-15,17.287906646728516,17.375996671088593,17.11110706231483,17.16880008139063,391638800
2014-01-16,17.191438674926758,17.27208431182792,17.111722341334723,17.21160008415205,229278000
2014-01-17,16.770227432250977,17.123826653620345,16.746343830762626,17.105527156766286,426739600
2014-01-21,17.030765533447266,17.06178206113708,16.762463623766447,16.780143574633428,328526800
2014-01-22,17.1064510345459,17.285730370660524,16.991686219062174,17.08784012099154,379985200
2014-01-23,17.25130271911621,17.261228540424295,16.898634577452533,17.05775417314525,403239200
2014-01-24,16.93771743774414,17.23393331239048,16.896773422993842,17.18368466799854,429354800
2014-01-27,17.075119018554688,17.208494728826906,16.92778719572045,17.06178244143459,554878800
2014-01-28,15.71036148071289,15.974008756876575,15.572952081216451,15.780460136045445,1065523200
2014-01-29,15.532001495361328,15.7373377532252,15.46593482730398,15.63125803783126,502810000
2014-01-30,15.501919746398926,15.71035872490063,15.406387009140944,15.58752831676345,678501600
2014-01-31,15.527347564697266,15.5561940631836,15.30867473983312,15.359233139988252,464797200
2014-02-03,15.55620002746582,15.74850953893599,15.487032345939486,15.589699680764996,401464000
2014-02-04,15.781380653381348,15.8021632523406,15.594345545307846,15.69018967038224,376681200
2014-02-05,15.89924430847168,15.982681139097034,15.702593195468475,15.712209245058109,328344800
2014-02-06,15.991929054260254,16.022821301854734,15.845273366386696,15.915481656569192,257765200
2014-02-07,16.215648651123047,16.31705910245499,16.14388228028973,16.268694374347078,370280400
2014-02-10,16.506153106689453,16.59976302631733,16.163230578637634,16.18382429435596,345559200
2014-02-11,16.723642349243164,16.77949435293334,16.52206787524951,16.55670458299209,282256800
2014-02-12,16.722394943237305,16.835975365044494,16.638771903437036,16.75453534635059,308100800
2014-02-13,16.98793601989746,17.001040812806117,16.668726661297317,16.683079609074813,307398000
2014-02-14,16.974206924438477,17.03630305409134,16.887464315501447,16.9267786994955,272924400
2014-02-18,17.03660774230957,17.198862831677868,17.024749441078715,17.036919364334608,260251600
2014-02-19,16.76763916015625,17.064693323261533,16.673405976707105,16.9979178777287,313768000
2014-02-20,16.57355499267578,16.756093871381275,16.506467926161335,16.630968443483624,305858000
2014-02-21,16.389455795288086,16.680269170307884,16.36917369832473,16.624727120206117,278784800
2014-02-24,16.46121597290039,16.535168693227934,16.3011456113748,16.323924009097933,288909600
2014-02-25,16.289915084838867,16.524249829798904,16.256839825681507,16.51832234608152,231952000
2014-02-26,16.1429500579834,16.381654209795506,16.088344543950747,16.338282087184183,276217200
2014-02-27,16.4649600982666,16.499595123554798,16.102378843349076,16.136390624821942,301882000
2014-02-28,16.420351028442383,16.62348365710542,16.291792739306157,16.508966694081526,371968800
2014-03-03,16.467775344848633,16.557952432568133,16.313319127798376,16.332353069032294,238781200
2014-03-04,16.57636070251465,16.620046111947918,16.468086211096857,16.568873441611206,259140000
2014-03-05,16.61130714416504,16.685881454124964,16.510519925093153,16.566375251705665,200062800
2014-03-06,16.56106948852539,16.6762096511325,16.478381340950136,16.62472369773699,185488800
2014-03-07,16.55139923095703,16.599452347983533,16.4144171851568,16.571681325815177,220729600
2014-03-10,16.566373825073242,16.64157303897796,16.485868705547098,16.486493615913943,178584000
2014-03-11,16.727699279785156,16.81038745376537,16.618488232425882,16.70773046904745,279224400
2014-03-12,16.74391746520996,16.767007485425143,16.600071438580734,16.678391867282624,199326400
2014-03-13,16.55795669555664,16.83909651208941,16.51146334087717,16.769826412902447,257742800
2014-03-14,16.371980667114258,16.565439612358077,16.319246556906485,16.499912335328844,237199200
2014-03-17,16.435951232910156,16.53673682000258,16.408180204323926,16.465906949073737,199544800
2014-03-18,16.58135223388672,16.599138018526048,16.38789328978957,16.40973515986056,209647200
2014-03-19,16.576988220214844,16.732379320711544,16.506468309966696,16.60819208900346,224756000
2014-03-20,16.497108459472656,16.620985739109425,16.454984485211412,16.53423981458339,208398400
2014-03-21,16.627222061157227,16.654681461884937,16.423154620065205,16.597891261775718,374046400
2014-03-24,16.824426651000977,16.86530246241041,16.695556777637783,16.800400092686278,355700800
2014-03-25,17.00541114807129,17.029126094242017,16.836913547610273,16.896513368409657,282293200
2014-03-26,16.84284019470215,17.130534061098455,16.814134298984776,17.053150125220853,299768000
2014-03-27,16.77044677734375,16.896508737588672,16.6974322258932,16.850327012965845,222031600
2014-03-28,16.751718521118164,16.81662087710977,16.670278537559337,16.797275319025537,200564000
2014-03-31,16.74798583984375,16.8749826980111,16.72270945064192,16.82568140749579,168669200
2014-04-01,16.90118980407715,16.90805548895395,16.748918245508648,16.77980882816913,200760000
2014-04-02,16.92927360534668,16.95829279092169,16.857818818492945,16.9239693634904,180420800
2014-04-03,16.81194496154785,16.927708378020682,16.7760617686114,16.893073339614922,162344000
2014-04-04,16.594453811645508,16.84969551957439,16.55576269688389,16.843768036793485,275251200
2014-04-07,16.333913803100586,16.5657539532883,16.284614192658438,16.475888482347465,289850400
2014-04-08,16.33298110961914,16.41660581825584,16.18507725933318,16.3875866345605,243888400
2014-04-09,16.547658920288086,16.552963161857033,16.288672618309928,16.308018185502487,206169600
2014-04-10,16.33422088623047,16.607559992840468,16.32454727448441,16.55888197859169,239652000
2014-04-11,16.213464736938477,16.313938650421395,16.13639246489056,16.19442913556327,271717600
2014-04-14,16.278060913085938,16.293037102072578,16.138582550785646,16.28492493027031,205674000
2014-04-15,16.161983489990234,16.276810376935348,15.95510645384078,16.23406316618569,266490000
2014-04-16,16.194746017456055,16.259648383845633,16.042786126098587,16.164790310001845,214765600
2014-04-17,16.379779815673828,16.467773874787323,16.200673810835955,16.225636900857925,284334400
2014-04-21,16.574176788330078,16.60444245162793,16.349200691340414,16.392261187960635,182548800
2014-04-22,16.590715408325195,16.594771494045997,16.428458648069267,16.484935558982848,202563200
2014-04-23,16.373855590820312,16.57293210730182,16.364493596984623,16.50834134883415,394940000
2014-04-24,17.716211318969727,17.78579468121169,17.496541130395673,17.72994101821083,759911600
2014-04-25,17.84633445739746,17.847892567904974,17.59733340044141,17.615117523795636,390275200
2014-04-28,18.53748321533203,18.589280805693175,17.865366028278697,17.873168245505827,669485600
2014-04-29,18.482555389404297,18.59644737494127,18.39456301962876,18.5265524075058,337377600
2014-04-30,18.412673950195312,18.704112331950792,18.403625242376982,18.492242587563577,456640800
2014-05-01,18.45604133605957,18.559634839898877,18.296280872566054,18.472265680198223,244048000
2014-05-02,18.4903564453125,18.54090752405059,18.40080429695891,18.482869186477156,191514400
2014-05-05,18.75184631347656,18.753096134607343,18.409860257103517,18.414229631776724,287067200
2014-05-06,18.547468185424805,18.85949854500824,18.547468185424805,18.778058529503408,374564400
2014-05-07,18.482555389404297,18.637323174388733,18.339020992004972,18.57366897783388,282864400
2014-05-08,18.449613571166992,18.65105707228087,18.3997235775294,18.457771050981176,230297200
2014-05-09,18.37274169921875,18.39501892833501,18.209263636659298,18.34136355003853,291597600
2014-05-12,18.601486206054688,18.627528817616295,18.43110575881664,18.433931049537495,213208800
2014-05-13,18.630659103393555,18.6551332173657,18.53464617397567,18.575435246772383,159737200
2014-05-14,18.634113311767575,18.744876076284577,18.567279953160185,18.588930455710333,166404000
2014-05-15,18.475658416748047,18.71977454885612,18.4511842986001,18.660158579857058,230846000
2014-05-16,18.74832344055176,18.748950165470102,18.368342133438173,18.469690590822704,276256400
2014-05-19,18.970481872558594,19.05645548887043,18.742680695771785,18.75899733356593,317755200
2014-05-20,18.974241256713867,19.027268218124537,18.849358774342218,18.96796562877546,234836000
2014-05-21,19.024452209472656,19.03668843204263,18.89109883287773,18.94663606766466,196859600
2014-05-22,19.05457305908203,19.13552785185376,18.95510808951551,19.03355095443866,200760000
2014-05-23,19.26981544494629,19.288642328422625,19.02946476430448,19.05393887495618,232209600
2014-05-27,19.63066673278809,19.637882451745845,19.316891880961677,19.324736000896948,348866000
2014-05-28,19.579833984375,19.762450650823304,19.57261659004048,19.64290197907524,315481600
2014-05-29,19.93659782409668,19.983350861596055,19.69781548268318,19.700325735377593,376474000
2014-05-30,19.861909866333008,20.212394916708487,19.733261997058477,20.018168824977696,564020800
2014-06-02,19.725419998168945,19.91933274823033,19.532449011407422,19.89203501841734,369350800
2014-06-03,20.004365921020508,20.04201969816645,19.712870051491652,19.719459043558313,292709200
2014-06-04,20.232797622680664,20.329127297236955,19.95950018938398,20.001232714654048,335482000
2014-06-05,20.312183380126953,20.37556641590984,20.163455113474186,20.276099758365294,303805600
2014-06-06,20.256330490112305,20.4348700935543,20.22181703395812,20.39219580367168,349938400
2014-06-09,20.58045959472656,20.61999523110182,20.15215826377448,20.36081754280531,301660000
2014-06-10,20.70125961303711,20.876973892778867,20.55190297797729,20.806688516029276,251108000
2014-06-11,20.615598678588867,20.81327681780668,20.529938430883732,20.674901282486456,182724000
2014-06-12,20.270763397216797,20.67270871919958,20.18510313853007,20.65513695440853,218996000
2014-06-13,20.048917770385746,20.30370324744528,19.96106065154676,20.25098797070079,218100000
2014-06-16,20.25098991394043,20.371793673402987,20.086258428710757,20.09943808702915,142244000
2014-06-17,20.224637985229492,20.360814967727094,20.16313848658726,20.275154712370327,118904000
2014-06-18,20.24660301208496,20.270763770183265,20.064299719428927,20.2663699910368,134056000
2014-06-19,20.176319122314453,20.27296216186838,20.062104316344197,20.27076527213237,142112000
2014-06-20,19.967653274536133,20.32786598891093,19.96545638552272,20.174115596943185,403592000
2014-06-23,19.95007705688477,20.123594384002025,19.899558675274445,20.057701134203334,174776000
2014-06-24,19.829282760620117,20.14995993239356,19.809515781714676,19.93251478575497,156144000
2014-06-25,19.846853256225582,19.921530739406084,19.69090762158192,19.813906617754807,147476000
2014-06-26,19.96545791625977,19.998404551045656,19.72385205405566,19.84904792565368,130516000
2014-06-27,20.202672958374023,20.20706506128109,19.936904649768575,19.94788742063958,256116000
2014-06-30,20.411333084106445,20.587047371248453,20.226832915033775,20.22902980445035,197929200
2014-07-01,20.540922164916992,20.66172595322061,20.4552619062056,20.540922164916992,152892000
2014-07-02,20.532136917114254,20.65952801608703,20.446474987010873,20.617797171482003,113860000
2014-07-03,20.652936935424805,20.668311808353355,20.47063367374664,20.57386568158212,91567200
2014-07-07,21.079042434692383,21.083434537249293,20.66831130260097,20.67709718345022,225872000
2014-07-08,20.9428653717041,21.261347292456755,20.628777229574553,21.144935619242336,260888000
2014-07-09,20.951650619506836,21.074649605464543,20.813276760304415,20.96263338999685,145744000
2014-07-10,20.874780654907227,20.98679856973035,20.540923800146192,20.593639098731103,158744000
2014-07-11,20.914308547973633,21.061468264968607,20.835237305106286,20.945058289562574,136072000
2014-07-14,21.18446922302246,21.281112234665347,21.008756636813583,21.05488125353349,171240000
2014-07-15,20.936283111572266,21.272335227668304,20.87258670694014,21.261354129050684,181911600
2014-07-16,20.817672729492188,21.32724220618986,20.808886846615493,21.298689343642454,213585200
2014-07-17,20.44647789001465,20.92749452186368,20.332264759886815,20.87258400866579,229192000
2014-07-18,20.74080467224121,20.808893190623987,20.431108490429885,20.562895098022302,199952000
2014-07-21,20.6331729888916,20.865993006199027,20.58485147381216,20.863796116676586,156316000
2014-07-22,20.804489135742188,20.841827871102613,20.67270427958252,20.795703255233494,220788000
2014-07-23,21.347009658813477,21.498561521623905,20.90333181508603,20.958242323169625,371672000
2014-07-24,21.311864852905273,21.37556123955571,21.1778830871467,21.314061742303046,182916000
2014-07-25,21.452438354492188,21.48977710035115,21.226207313923847,21.27233194276183,173876000
2014-07-28,21.748952865600582,21.797274379856887,21.42608049220161,21.485383102411635,221272000
2014-07-29,21.608381271362305,21.84120295149177,21.57982841209713,21.81704219529215,172572000
2014-07-30,21.557865142822266,21.678667251433044,21.452436233234852,21.621561531319877,132040000
2014-07-31,20.99777030944824,21.404107586147468,20.938467719637373,21.34041289461306,227372000
2014-08-01,21.114187240600582,21.221813039281457,20.82425983489619,20.844028488510585,194044000
2014-08-04,20.99557876586914,21.21302556058285,20.90332952457362,21.166900939935086,159832000
2014-08-05,20.89235496520996,21.01535399208091,20.725426517502203,20.945068594478073,223732000
2014-08-06,20.857202529907227,20.97141729961765,20.80229203409058,20.81107791450949,154232000
2014-08-07,20.854997634887695,21.17947595602221,20.7711174417175,20.954327492612652,186844000
2014-08-08,20.912384033203125,20.930043195669867,20.590111896502,20.806432426543523,167460000
2014-08-11,21.188308715820312,21.208175700786736,20.93446364970657,21.02937957237272,146340000
2014-08-12,21.183895111083984,21.38476267660794,21.104430538065216,21.199346462278132,135180000
2014-08-13,21.464223861694336,21.464223861694336,21.199343116154775,21.22362404763749,127664000
2014-08-14,21.521615982055664,21.537067331295333,21.36710248965895,21.484091517340858,112464000
2014-08-15,21.62756729125977,21.67392133468626,21.38034404224786,21.60990812688664,195804000
2014-08-18,21.88803482055664,21.934388865569435,21.62756803138664,21.740141418958864,190288000
2014-08-19,22.19044303894043,22.22355355675788,21.923354447602556,21.943221431921383,277596000
2014-08-20,22.199275970458984,22.314057207589062,22.062419928740955,22.170581082194253,210796000
2014-08-21,22.201473236083984,22.280937779434453,22.09772776648363,22.199265419860264,133912000
2014-08-22,22.36482810974121,22.397938634342328,22.115398634679103,22.13747175638944,176736000
2014-08-25,22.413387298583984,22.552449464337244,22.35599584176648,22.468570938273995,161080000
2014-08-26,22.26990127563477,22.404549441486573,22.26327951076835,22.38689027912919,132608000
2014-08-27,22.543617248535156,22.640740981955716,22.227966798989176,22.298601782184807,209476000
2014-08-28,22.570104598999023,22.68709362477968,22.417797241775514,22.424419007903364,273840000
2014-08-29,22.62529182434082,22.713585982908544,22.55907078439727,22.704756398644673,178380000
2014-09-02,22.80187606811523,22.89899810952581,22.673849645266415,22.748898571995976,214256000
2014-09-03,21.8394775390625,22.77980553636238,21.760012964069407,22.75773241754675,501684000
2014-09-04,21.658475875854492,22.09332154930135,21.58563306606223,21.81961116337804,342872000
2014-09-05,21.846097946166992,21.93880604986327,21.70041233972634,21.80857347810958,233828000
2014-09-08,21.71143913269043,21.921136172035823,21.643011996833103,21.9189300402192,185426800
2014-09-09,21.629777908325195,22.75331763447084,21.221419330936403,21.870379441599525,759385200
2014-09-10,22.294185638427734,22.318466569393262,21.579006293447662,21.634189921265556,403478400
2014-09-11,22.38910865783691,22.39131647519076,21.98957960442226,22.163960125809577,249412400
2014-09-12,22.439868927001953,22.55685793654815,22.31184251939383,22.340537396656135,250504400
2014-09-15,22.433250427246097,22.746694750213717,22.391312010312863,22.69371724871248,245266000
2014-09-16,22.263286590576172,22.351580746370537,21.82843926264747,22.02930850918142,267632400
2014-09-17,22.422203063964844,22.470764906414207,22.203674772942716,22.35377424775438,243706000
2014-09-18,22.468564987182617,22.592175768445593,22.41779531112356,22.49946768249836,149197600
2014-09-19,22.285364151000977,22.59218509839487,22.183826441021175,22.578941561810502,283609600
2014-09-22,22.307435989379883,22.545829738604912,22.20148433466066,22.47078079018473,211153600
2014-09-23,22.656192779541016,22.7224138143763,22.19265058790663,22.20589412124534,253608800
2014-09-24,22.459741592407227,22.70254927280823,22.338336910171197,22.55024357081427,240687200
2014-09-25,21.603288650512695,22.230173895552632,21.5701781348221,22.186027664012357,400368000
2014-09-26,22.2390079498291,22.2390079498291,21.720282046622497,21.748976934485704,249482000
2014-09-29,22.09773826599121,22.17058107935136,21.77105035654248,21.77546599108796,199065200
2014-09-30,22.2390079498291,22.41338846239272,22.190446074928964,22.25225148513964,221056400
2014-10-01,21.89245223999023,22.225761874472894,21.78649891740131,22.203687072716633,205965200
2014-10-02,22.05138397216797,22.12201896750095,21.64081753552278,21.912320114680035,191031200
2014-10-03,21.989578247070312,22.11981083369786,21.861551793589225,21.949845957509662,173878400
2014-10-06,21.989578247070312,22.21693458241746,21.945430323074536,22.062419374538905,148204800
2014-10-07,21.797536849975582,22.09994379026105,21.793122899959226,21.947636411596484,168376800
2014-10-08,22.250043869018555,22.31847104232388,21.70041361326797,21.799745173689995,229618800
2014-10-09,22.298603057861328,22.59880217463451,22.208102769872717,22.4133859646651,309506000
2014-10-10,22.234588623046875,22.521542484506288,22.13967271343959,22.225759040284487,265326400
2014-10-13,22.031517028808594,22.466364403844494,22.031517028808594,22.367034520359734,214333600
2014-10-14,21.797536849975582,22.18823626315607,21.757804563544436,22.159541377872287,254754400
2014-10-15,21.53044891357422,21.885831685428176,21.00951522380336,21.625364840542748,403734400
2014-10-16,21.24791145324707,21.570183742674132,21.060287394315928,21.09119010124241,288618000
2014-10-17,21.55914306640625,21.852720421703133,21.369311218926384,21.521618597131873,272718800
2014-10-20,22.02047538757324,22.06462161634279,21.680544037021537,21.702617151406308,310069200
2014-10-21,22.618671417236328,22.740074419004863,22.353788925605592,22.740074419004863,378495600
2014-10-22,22.73344612121582,22.980669372241767,22.647359799283787,22.700335608764128,273052400
2014-10-23,23.13960075378418,23.188162618932477,22.874718312267316,22.974049859362687,284298800
2014-10-24,23.225683212280273,23.285280783345552,23.073375875900503,23.216853630627917,188215600
2014-10-27,23.20140838623047,23.28308077494351,23.1109064135427,23.1440169324302,136750800
2014-10-28,23.561206817626953,23.561206817626953,23.25438590933276,23.26542331112737,192243600
2014-10-29,23.69364547729492,23.7002689283275,23.477326564217243,23.54133978496458,210751600
2014-10-30,23.61418342590332,23.69585413341679,23.375789702417013,23.609767791725236,162619200
2014-10-31,23.839326858520508,23.848156440926957,23.66494639515211,23.841534675139783,178557200
2014-11-03,24.148359298706055,24.34702072387218,23.84153841919928,23.88789247105956,209130400
2014-11-04,23.97176742553711,24.16822100451765,23.777521663194175,24.1395261245114,166297600
2014-11-05,24.029163360595703,24.126287101954624,23.868026397347585,24.082139181304672,149743600
2014-11-06,24.097881317138672,24.117834444853496,23.898360188228644,24.075712490745673,139874000
2014-11-07,24.16661262512207,24.23533651069641,24.06463464636312,24.108972309693645,134766000
2014-11-10,24.126707077026367,24.237552922248717,24.091235594696,24.168827348076967,108782000
2014-11-11,24.31957244873047,24.330657707378705,24.031374328979396,24.097880806749796,109769200
2014-11-12,24.663196563720703,24.703101129186592,24.24641686214495,24.248632560901378,187769600
2014-11-13,25.01125717163086,25.150922331755662,24.74079303084688,24.78513238504212,238091600
2014-11-14,25.312755584716797,25.314972975057053,24.65433103764171,25.084413429495097,176254400
2014-11-17,25.270631790161133,25.999997552804153,25.11766569525596,25.332705184194896,186986800
2014-11-18,25.59874153137207,25.647513977252636,25.24846823038754,25.25955349222348,176896000
2014-11-19,25.42138671875,25.658596769028325,25.228516023096347,25.592090274151474,167476800
2014-11-20,25.78496551513672,25.90689664763159,25.461295780501107,25.4745984349202,173582000
2014-11-21,25.820432662963867,26.06429319557077,25.722887773371728,26.050992234762184,228717200
2014-11-24,26.299287796020508,26.33032450111093,25.85368866234797,25.90467681012213,189803200
2014-11-25,26.07093620300293,26.54757356137741,26.037682119139973,26.396823180388573,275361600
2014-11-26,26.381298065185547,26.40346688494901,26.121919322070696,26.146305531222264,163073200
2014-11-28,26.365793228149418,26.469988594921787,26.17070514637508,26.441167592230386,99257600
2014-12-01,25.510053634643555,26.43672463716948,24.667624835484435,26.339179786996404,335256000
2014-12-02,25.41251564025879,25.660810920696825,24.995735907633406,25.162004660899264,237395600
2014-12-03,25.700714111328125,25.79382420223583,25.518927018491272,25.660809545028663,172253600
2014-12-04,25.603174209594727,25.982266817334185,25.558836545710864,25.66524761558152,168178000
2014-12-05,25.494548797607425,25.733976270505934,25.414739639974584,25.714023135410898,153275600
2014-12-08,24.91814422607422,25.41695048717341,24.745224992846214,25.295019391244317,230659600
2014-12-09,25.299461364746097,25.339365944634245,24.241990843396906,24.428212779999516,240832000
2014-12-10,24.818387985229492,25.461294327248385,24.727495257317884,25.363751118193687,178261200
2014-12-11,24.74522590637207,25.22851383595588,24.683150815279017,24.887108446123896,165606800
2014-12-12,24.32622337341309,24.800643327654942,24.29296929054376,24.488057316605342,224112400
2014-12-15,23.99369430541992,24.740794279037125,23.576912811824872,24.541271403526036,268872400
2014-12-16,23.665584564208984,24.421553932170685,23.55695612503971,23.581342342804486,243162800
2014-12-17,24.255281448364254,24.35060722318115,23.681099261396305,23.747607425295342,213647200
2014-12-18,24.97356414794922,24.97356414794922,24.532398247976165,24.80064493546596,236024800
2014-12-19,24.78069496154785,25.104364601479507,24.754093043240715,24.887107708896114,353719200
2014-12-22,25.037860870361328,25.15979028922788,24.822819653050875,24.864941616838035,180670000
2014-12-23,24.949180603027344,25.12431722429717,24.93144486359853,25.102148395697753,104113600
2014-12-24,24.83168601989746,24.986869522282326,24.83168601989746,24.9580502122318,57918400
2014-12-26,25.270631790161133,25.388128099064065,24.83168325156628,24.851634689060077,134884000
2014-12-29,25.252901077270508,25.443554373531256,25.20634433422464,25.226297465726205,110395600
2014-12-30,24.94474983215332,25.255118556554045,24.853857112873477,25.193045149948595,119526000
2014-12-31,24.47032928466797,25.079981460852935,24.43264210152434,25.011257574958854,165613600
2015-01-02,24.237550735473633,24.70532029541843,23.79860048379208,24.69423503534699,212818400
2015-01-05,23.55474090576172,24.0868012739077,23.36852070716593,24.006992134117137,257142000
2015-01-06,23.556961059570312,23.81633994863035,23.195602497746687,23.619034466383983,263188400
2015-01-07,23.88727569580078,23.987036263456744,23.654498782772745,23.76534460966741,160423600
2015-01-08,24.80508041381836,24.862720720656704,24.097883456887462,24.215381460812253,237458000
2015-01-09,24.83168601989746,25.106583234710648,24.432640311803063,24.97800165194986,214798000
2015-01-12,24.21981430053711,24.96913151622689,24.12005372825121,24.962481036924252,198603200
2015-01-13,24.434860229492188,25.006825239793912,24.144444634403246,24.703106992143734,268367600
2015-01-14,24.341751098632812,24.49471723257199,24.053551191220834,24.173264920851643,195826400
2015-01-15,23.68111038208008,24.39939110918017,23.645640585017357,24.386090146703356,240056000
2015-01-16,23.497095108032227,23.849585675014477,23.32195851947,23.7276546034291,314053200
2015-01-20,24.102313995361328,24.1577369021971,23.610158312039985,23.907224280820753,199599600
2015-01-21,24.286327362060547,24.621080624373143,24.00256055420087,24.153310983755834,194303600
2015-01-22,24.91814422607422,24.933662575431267,24.324010478532255,24.44372418416085,215185600
2015-01-23,25.04672622680664,25.217428072632536,24.725272282705173,24.89597581990433,185859200
2015-01-26,25.073326110839844,25.35265807271684,25.006819628451208,25.215208636250004,222460000
2015-01-27,24.19543075561523,24.935881874965276,24.171044534562267,24.922579223516976,382274800
2015-01-28,25.56326675415039,26.186221517154262,25.56326675415039,26.077591377548313,585908400
2015-01-29,26.359134674072266,26.423425448587736,25.61868376359483,25.787169872967347,337745600
2015-01-30,25.973398208618164,26.603001772030364,25.904672637239905,26.248295420011285,334982000
2015-02-02,26.299287796020508,26.419001526243655,25.733974932124823,26.170707885520308,250956400
2015-02-03,26.303720474243164,26.401263671853233,26.073160903883434,26.270466381055748,207662800
2015-02-04,26.505455017089844,26.71606311438626,26.22834043488918,26.2704623926231,280598800
2015-02-05,26.694637298583984,26.75918181333036,26.541065808392663,26.712441335234317,168984800
2015-02-06,26.469846725463867,26.763634579747897,26.363014006611284,26.71244351282826,174826400
2015-02-09,26.645673751831055,26.672380657208517,26.358562632684485,26.385271236110356,155559200
2015-02-10,27.157581329345703,27.18651608000399,26.7436089310337,26.745833374892996,248034000
2015-02-11,27.79412269592285,27.803025565706395,27.26441467916801,27.32450692764593,294247200
2015-02-12,28.145774841308594,28.3727937468732,27.947690683382778,28.056747852813626,297898000
2015-02-13,28.283761978149418,28.32827461584955,27.965491694253423,28.32827461584955,217088800
2015-02-17,28.450693130493164,28.684388774580885,28.248156679210652,28.37501959221719,252609600
2015-02-18,28.648773193359375,28.662126646062973,28.36611265877822,28.406174714937425,179566800
2015-02-19,28.588680267333984,28.7177693081782,28.56197336098585,28.595356993921015,149449600
2015-02-20,28.82238388061523,28.82238388061523,28.499662887040277,28.626524123478266,195793600
2015-02-23,29.60136032104492,29.60136032104492,28.857988628797777,28.93811274746554,283896400
2015-02-24,29.416627883911133,29.734899896206425,29.194061278089517,29.588005121300903,276912400
2015-02-25,28.66435432434082,29.28976939734613,28.52191181926601,29.280864830474275,298846800
2015-02-26,29.027137756347656,29.12729205469109,28.179159489691138,28.664353084202308,365150000
2015-02-27,28.590906143188477,29.06052179210405,28.541941220848713,28.93365720347011,248059200
2015-03-02,28.73111915588379,28.99597393092262,28.555293050994763,28.76673062394371,192386800
2015-03-03,28.79121780395508,28.826829277853392,28.50855724854495,28.702192515306365,151265200
2015-03-04,28.608715057373047,28.835733986206975,28.559753519876992,28.73335523130956,126665200
2015-03-05,28.1346435546875,28.655448562033296,27.989974931075334,28.617612649133473,226068400
2015-03-06,28.176931381225582,28.793440119603353,28.10125955185688,28.577550244683295,291368400
2015-03-09,28.2971134185791,28.837951946679503,27.834174547989495,28.47961793705506,354114000
2015-03-10,27.711769104003903,28.3149244137179,27.553747014570217,28.13464600287989,275426400
2015-03-11,27.206544876098633,27.769638188666633,27.177611824964035,27.76518760312618,275756000
2015-03-12,27.69841194152832,27.798567927648104,27.070774214428088,27.222119566256076,193450800
2015-03-13,27.507001876831055,27.909848527679312,27.28221086122838,27.687281955206664,207309200
2015-03-16,27.8096923828125,27.8096923828125,27.346755205389737,27.571546219630996,143497200
2015-03-17,28.274856567382812,28.33717493377613,27.965489178467312,28.02113081961108,204092400
2015-03-18,28.593130111694336,28.74670160229175,28.125740611932834,28.265956952446786,261083600
2015-03-19,28.377241134643555,28.76673267962886,28.354984814539783,28.65544938106163,183238000
2015-03-20,28.02113914489746,28.57755402360196,27.856440313632152,28.54417038743568,274780400
2015-03-23,28.31269645690918,28.455138942422373,28.159124962383117,28.292666278344058,150838800
2015-03-24,28.196964263916016,28.497427148688423,28.168029517967973,28.31715043665406,131369200
2015-03-25,27.460269927978516,28.225899671022653,27.460269927978516,28.163581286923453,206620800
2015-03-26,27.651674270629883,27.794116760651217,27.286665177694164,27.32227664922371,190291600
2015-03-27,27.431339263916016,27.754060223095525,27.35566741894103,27.725127170260752,158184800
2015-03-30,28.125743865966797,28.132420592756837,27.59826037492282,27.60938938493857,188398800
2015-03-31,27.6939640045166,28.152450688573246,27.67838440937046,28.06342370286021,168362400
2015-04-01,27.65390396118164,27.847537541865293,27.39795199537184,27.78076687320234,162485600
2015-04-02,27.89204788208008,27.945463393763433,27.640548220607812,27.8275033605238,128880400
2015-04-06,28.343862533569336,28.379474012627323,27.67171199781327,27.702871192964615,148776000
2015-04-07,28.04561996459961,28.515233965620876,28.038943237758097,28.4084029400596,140049200
2015-04-08,27.954368591308594,28.132422575820524,27.81415222468828,28.010010249212492,149316800
2015-04-09,28.168033599853516,28.172485883590006,27.74515833951772,28.01001148818247,129936000
2015-04-10,28.28822135925293,28.3127038270156,27.878699531311582,28.03226936776518,160752000
2015-04-13,28.232572555541992,28.615389073008984,28.179157047591232,28.570873036627983,145460400
2015-04-14,28.11016845703125,28.330508964159016,28.023367599737018,28.26596443216224,102098400
2015-04-15,28.216991424560547,28.294889389838783,28.04561590094843,28.13464287471568,115881600
2015-04-16,28.081226348876953,28.288213346207304,28.067872896806715,28.10570880970461,113476000
2015-04-17,27.76519012451172,28.07455763815135,27.700645590997496,27.943244127175006,207828000
2015-04-20,28.39949607849121,28.51522995625131,27.85865920574181,27.94768617989097,188217200
2015-04-21,28.245925903320312,28.53303530151165,28.19250870073043,28.51078068083827,129740400
2015-04-22,28.62652015686035,28.68216181687359,28.11461790356777,28.263737144871563,150618000
2015-04-23,28.860210418701172,29.02713536756887,28.519683794698807,28.55529526552048,183083600
2015-04-24,28.9959716796875,29.073871335508414,28.762276108321,29.042712152399304,178103600
2015-04-27,29.52346420288086,29.630298638040404,29.18961423422666,29.44779235838264,387816800
2015-04-28,29.05829620361328,29.94411036493817,28.837957432112898,29.926308024614418,475696000
2015-04-29,28.630971908569336,29.28754280530617,28.555300067420788,28.96927414607103,253544400
2015-04-30,27.85420799255371,28.630964885927803,27.727345109119845,28.630964885927803,332781600
2015-05-01,28.69995880126953,28.962589122392625,27.88759217131115,28.06564441021307,234050400
2015-05-04,28.64432907104492,29.06053104342945,28.546399195189736,28.822383082045455,203953200
2015-05-05,27.998876571655273,28.588676652922196,27.99442428912783,28.52190599939661,197085600
2015-05-06,27.82304954528809,28.210314931617717,27.455814336746123,28.168026736668235,288564000
2015-05-07,27.99514961242676,28.17841652722197,27.718012947016163,27.885635187565743,175763600
2015-05-08,28.522600173950195,28.522600173950195,28.185120262756055,28.312513093384876,222201600
2015-05-11,28.232053756713867,28.509188703141405,28.07784075746508,28.471194739748423,168143200
2015-05-12,28.1314754486084,28.357205448229426,27.896803688642215,28.07113050226684,192640000
2015-05-13,28.162769317626953,28.42649502055542,28.131479971952515,28.19405866330139,138776800
2015-05-14,28.819841384887695,28.819841384887695,28.419784589174338,28.47565865289466,180814000
2015-05-15,28.77961540222168,28.94053298809923,28.65445803771301,28.846664964717725,152832000
2015-05-18,29.096981048583984,29.21543380338683,28.68798244962446,28.69245333007435,203531600
2015-05-19,29.07016944885254,29.25120093155849,28.97406425304709,29.20873608296655,178532800
2015-05-20,29.067928314208984,29.27354450155405,28.907010704933217,29.054519081816487,145819600
2015-05-21,29.36517906188965,29.418819402214933,29.016525375482637,29.07016571580792,158921600
2015-05-22,29.6221981048584,29.71830328721648,29.36741245924062,29.41211444747204,182384000
2015-05-26,28.969587326049805,29.704892012332163,28.85783918372092,29.63560870973348,282790400
2015-05-27,29.510438919067383,29.559608359508136,29.065683630919157,29.13049603316472,183332800
2015-05-28,29.45234107971191,29.49033504010866,29.300365238124932,29.470221192301462,122933200
2015-05-29,29.117090225219727,29.37858041993668,29.032160561706142,29.32941097372166,203538000
2015-06-01,29.175201416015625,29.36517460852647,29.065690426931717,29.11709361385442,128451200
2015-06-02,29.045581817626953,29.20202855186745,28.90254431628092,29.023230822614153,134670400
2015-06-03,29.081329345703125,29.264597897473493,29.032159900607756,29.202019223767017,123934000
2015-06-04,28.911479949951172,29.184145694113607,28.81090730241516,28.960649406130152,153800400
2015-06-05,28.75279426574707,28.98523230030165,28.687981846856992,28.942767462626342,142507200
2015-06-08,28.56282615661621,28.87795673970948,28.34603448543426,28.808670026111816,210699200
2015-06-09,28.47789192199707,28.62540026627402,28.07559969287472,28.316974348291694,224301600
2015-06-10,28.804201126098633,28.90700750324305,28.573998529628415,28.58964320073403,156349200
2015-06-11,28.739389419555664,29.094747730712573,28.714804689270927,28.871251422772424,141563600
2015-06-12,28.422019958496097,28.68127644753528,28.40861072807724,28.649987106463826,147544800
2015-06-15,28.366147994995117,28.437666737767664,28.09571769560075,28.18288111006913,175955600
2015-06-16,28.518123626708984,28.57399769404389,28.243224170300312,28.39073082139104,125976400
2015-06-17,28.451078414916992,28.58070496728181,28.325919332951088,28.54494644753539,131672400
2015-06-18,28.580705642700195,28.67680911793054,28.43319897440561,28.435434414799264,141628800
2015-06-19,28.294628143310547,28.56729387230134,28.24992957025751,28.542709145579792,218867600
2015-06-22,28.520362854003903,28.6209355065051,28.40191008834739,28.493542684270917,136157200
2015-06-23,28.39073371887207,28.520361977552454,28.357208934021436,28.49130807342398,121075600
2015-06-24,28.632116317749023,29.009825678837835,28.41085541809462,28.430969270271493,221123600
2015-06-25,28.49577522277832,28.87571821035886,28.49577522277832,28.79973029489926,127752400
2015-06-26,28.32815742492676,28.605292373182664,28.27451878771564,28.533773621853992,176267200
2015-06-29,27.83198928833008,28.26557258310105,27.820815498292976,28.039840880601187,196645600
2015-06-30,28.033140182495117,28.187353170768603,27.90574736331223,28.06442952719678,177482800
2015-07-01,28.294628143310547,28.370617763670214,28.158295278815142,28.36167770803136,120955200
2015-07-02,28.25887107849121,28.31474515025024,28.10912727026959,28.256635638181272,108844000
2015-07-06,28.160531997680664,28.211936893652904,27.903510928102136,27.923626480488263,112241600
2015-07-07,28.091251373291016,28.194059469897024,27.662137167931014,28.135949952635713,187787200
2015-07-08,27.393943786621097,27.856581099336463,27.387239169865182,27.82082257492441,243046400
2015-07-09,26.835203170776367,27.726953013346197,26.645231639120965,27.68001899059427,314380000
2015-07-10,27.55261993408203,27.68001273996736,27.08998272269413,27.253135750300856,245418000
2015-07-13,28.08454132080078,28.106890606147157,27.78505544070762,27.9437375833504,165762000
2015-07-14,28.073366165161133,28.243223805102456,27.94597336149044,28.16946962794016,127072400
2015-07-15,28.34380149841309,28.417555688730346,28.066666556024543,28.09795590249705,134596800
2015-07-16,28.72150993347168,28.734922576878994,28.462255097267985,28.549418522858513,144889600
2015-07-17,28.969587326049805,28.969587326049805,28.676807738793354,28.84890083285898,184658800
2015-07-20,29.517162322998047,29.718307658494407,29.21097002793276,29.27131499269503,235600800
2015-07-21,29.222143173217773,29.70712976731751,29.126041394746533,29.69148679862171,307025600
2015-07-22,27.98620986938477,28.048788567070307,27.26431599504566,27.26431599504566,461802400
2015-07-23,27.972789764404297,28.40413586369187,27.950438776653037,28.205224349720567,203998000
2015-07-24,27.825288772583008,28.102423701392432,27.691191336394024,28.008555666574285,168649200
2015-07-27,27.438644409179688,27.626382218016214,27.293373154952775,27.510163168464626,177822000
2015-07-28,27.574970245361328,27.693424705361824,27.38946962999341,27.574970245361328,134472400
2015-07-29,27.487812042236328,27.601795643385508,27.32689441829434,27.52357227206415,148046800
2015-07-30,27.3492488861084,27.393947473925422,27.20174047705693,27.33807338658323,134513200
2015-07-31,27.110097885131836,27.40958206462054,27.02293447736177,27.40064200931833,171540000
2015-08-03,26.47089385986328,27.393932670089903,26.26527603365325,27.154791773704073,279904000
2015-08-04,25.62161445617676,26.30551255544882,25.310954750615828,26.242933867298618,496554400
2015-08-05,25.79146957397461,26.247402163645372,25.053931210213424,25.24390269629094,397250400
2015-08-06,25.84759521484375,26.155171669995845,25.6208434576588,26.036182751048223,211612000
2015-08-07,25.935155868530273,26.09904741455517,25.706158528744663,25.72411957461088,154681600
2015-08-10,26.878084182739254,26.938700557842843,26.16190348369969,26.16190348369969,219806400
2015-08-11,25.479398727416992,26.532341228839822,25.443478357436547,26.449272696917568,388331200
2015-08-12,25.872295379638672,25.91270687868641,24.612805657653865,25.263879047707533,404870000
2015-08-13,25.852087020874023,26.132721917512125,25.71513705428587,26.051898930251593,194143200
2015-08-14,26.03394317626953,26.112520620724425,25.596153333692396,25.665750254086753,171718000
2015-08-17,26.30334854125977,26.41335694167236,25.93066457455252,26.05189905602863,163538800
2015-08-18,26.15517234802246,26.36621033825887,26.045163948219415,26.13945686233631,138242800
2015-08-19,25.820659637451172,26.15966540643854,25.746571603357356,26.065372479151712,193146000
2015-08-20,25.290815353393555,25.67247809939404,25.061816335505785,25.611861719870426,274006400
2015-08-21,23.743959426879883,25.122437995754048,23.719263417269794,24.792411060837015,513102000
2015-08-24,23.151262283325195,24.426467610439584,20.65473306183087,21.29907154680232,648825200
2015-08-25,23.290451049804688,24.945075030341155,23.236569628816785,24.945075030341155,414406400
2015-08-26,24.626277923583984,24.67117882905996,23.584561158231732,24.04255587523785,387098400
2015-08-27,25.35143280029297,25.423275263018773,24.700359518356937,25.196523507050735,338464400
2015-08-28,25.434497833251953,25.4389872371767,25.041609044757905,25.183048391986457,212657600
2015-08-31,25.31551742553711,25.712895751289132,25.144890900539856,25.151625865116365,224917200
2015-09-01,24.18398666381836,25.11793845955393,24.10316369815694,24.72954082560341,307383600
2015-09-02,25.22121810913086,25.22121810913086,24.500547914375936,24.74750798881547,247555200
2015-09-03,24.77894401550293,25.320007305220702,24.704855978054088,25.254899791662,212935600
2015-09-04,24.531982421875,24.7969018657635,24.36135761675743,24.464631066021123,199985200
2015-09-08,25.21448516845703,25.270612151175783,24.767714865616448,25.088761275282092,219374400
2015-09-09,24.72954750061035,25.598392046700837,24.644233395573615,25.540021221302467,340043200
2015-09-10,25.272859573364254,25.432260010494396,24.673423764819994,24.75649060913784,251571200
2015-09-11,25.64104652404785,25.64104652404785,25.091002865548305,25.09773782835175,199662000
2015-09-14,25.88800811767578,26.242731047988062,25.78698023721725,26.173134139799274,233453600
2015-09-15,26.10578155517578,26.161908537092778,25.688196672684565,26.0272041230639,173364800
2015-09-16,26.134965896606445,26.16415130746334,25.91719295592064,26.09904380983546,148694000
2015-09-17,25.575939178466797,26.152924404414776,25.53103828427493,25.966584151945153,256450400
2015-09-18,25.470422744750977,25.661255846333503,25.115701534234777,25.192033404580197,297141200
2015-09-21,25.86556625366211,25.90148835552832,25.51757988434867,25.519823731070236,200888000
2015-09-22,25.459197998046875,25.63431389833919,25.26162993588368,25.454706880528914,201384800
2015-09-23,25.66575050354004,25.755554032158383,25.436753132780108,25.510839459494893,143026800
2015-09-24,25.81842041015625,25.93067441193954,25.2279649774058,25.42553140391474,200878000
2015-09-25,25.75330352783203,26.19782996706325,25.598392513532445,26.141702986561604,224607600
2015-09-28,25.243675231933594,25.721876563690177,25.243675231933594,25.56023056060069,208436000
2015-09-29,24.484832763671875,25.48389401729487,24.215423949694586,25.331228565945217,293461600
2015-09-30,24.76322364807129,25.04161298237844,24.410746290912083,24.73403652296381,265892000
2015-10-01,24.601579666137695,24.61056018898512,24.091945699918924,24.48708014090755,255716400
2015-10-02,24.781190872192383,24.922631999569347,24.145834573736177,24.24910804172856,232079200
2015-10-05,24.87098693847656,25.003447501084377,24.48707860336766,24.668929469245697,208258800
2015-10-06,24.989978790283203,25.086517275072055,24.644236349710543,24.837313319288256,192787200
2015-10-07,24.87098693847656,25.093249298200774,24.563412186347986,25.086514334702994,187062400
2015-10-08,24.583616256713867,24.738527263432836,24.294000845954656,24.738527263432836,247918400
2015-10-09,25.171829223632812,25.20774960102577,24.581372283339036,24.69587180494445,211064400
2015-10-12,25.055086135864254,25.31327061329463,25.019165755614463,25.308781208085787,121868800
2015-10-13,25.097742080688477,25.245916426047607,24.848538137582143,24.879969111229823,132197200
2015-10-14,24.743019104003903,25.03712394828069,24.597088604901675,24.98548808286365,177849600
2015-10-15,25.113452911376953,25.167334325803207,24.805876483011,24.904660503508538,150694000
2015-10-16,24.929359436035156,25.144886831908376,24.814859918182066,25.09549481585961,156930400
2015-10-19,25.08427047729492,25.08875988200489,24.72056703284584,24.875478044661843,119036800
2015-10-20,25.542264938354492,25.63206844763822,24.879967268998524,24.99671063206574,195871200
2015-10-21,25.540023803710938,25.948628187111815,25.526552162529605,25.593905229857302,167180800
2015-10-22,25.930665969848633,25.930665969848633,25.61635452461189,25.66799210227932,166616400
2015-10-23,26.734405517578125,26.76808205066041,26.117008691554844,26.200075531916905,237467600
2015-10-26,25.881271362304688,26.52111855758527,25.80044837838931,26.509894189899995,265335200
2015-10-27,25.71738624572754,26.16415658468257,25.591660629530057,25.908217659825137,279537600
2015-10-28,26.777061462402344,26.78379813945785,26.056391174832783,26.25171370081057,342205600
2015-10-29,27.0599422454834,27.09586433873484,26.552553811894786,26.649092296433416,204909200
2015-10-30,26.828699111938477,27.21485304685405,26.81747302967664,27.163215466453153,197461200
2015-11-02,27.205873489379883,27.246284988953487,26.853396075877775,27.120561084884372,128813200
2015-11-03,27.51794052124023,27.72448743284764,27.09811002043969,27.118316627477263,182076000
2015-11-04,27.389965057373047,27.798569385616204,27.30465266808603,27.643658379389816,179544400
2015-11-05,27.263708114624023,27.662789164712937,27.096861554346457,27.47339433072368,158210800
2015-11-06,27.29526710510254,27.464368796343848,27.19606194930443,27.306541239261836,132169200
2015-11-09,27.18479347229004,27.46437451166946,27.067550365515352,27.272726232418982,135485600
2015-11-10,26.328004837036133,26.621115118947525,26.167922111441595,26.357316897342074,236511600
2015-11-11,26.179203033447266,26.4745668425892,25.976280610292136,26.237825449068033,180872000
2015-11-12,26.09126663208008,26.33928212793578,26.075483874712667,26.213020068996485,130102400
2015-11-13,25.329179763793945,26.05744519313716,25.31339700688268,25.974021066496764,183249600
2015-11-16,25.74403953552246,25.75756711930547,25.02704835177215,25.11272591604992,152426800
2015-11-17,25.633560180664062,25.940198026935143,25.550136067128577,25.91088596856773,110467600
2015-11-18,26.445247650146484,26.49034074234747,26.041658110240164,26.100280506254418,186698800
2015-11-19,26.781200408935547,26.99990555589241,26.325753907173436,26.524165955037567,173183200
2015-11-20,26.89844512939453,27.038234770748733,26.796983074659412,26.87589685932573,137148400
2015-11-23,26.54896354675293,26.99539273525126,26.456520470070323,26.89167552524938,129930000
2015-11-24,26.803747177124023,26.909717854981725,26.406923078164844,26.4542713495114,171212800
2015-11-25,26.61209487915039,26.88265860028706,26.58729316170808,26.878148258829594,85553200
2015-11-27,26.5624942779541,26.69777701305003,26.5151460087471,26.670720121992556,52185600
2015-11-30,26.67297744750977,26.9232481193852,26.548968837052,26.603080903346495,156721200
2015-12-01,26.456525802612305,26.78796543478524,26.348301669775168,26.77443784822849,139409600
2015-12-02,26.217525482177734,26.63013401452879,26.172432386701793,26.456521984544622,133546400
2015-12-03,25.974023818969727,26.332520364217693,25.753065198796985,26.278408294815012,166278000
2015-12-04,26.837568283081055,26.88717172627632,25.953730430375632,25.994314909336165,231108000
2015-12-07,26.6684627532959,27.024704048666933,26.562492088959715,26.826292024504085,128336800
2015-12-08,26.657196044921875,26.74061845965999,26.34830294874675,26.497111568669016,137238000
2015-12-09,26.068714141845703,26.535434683587564,25.94696073267072,26.524160550811843,185445600
2015-12-10,26.192726135253903,26.366338180957943,26.043917530556215,26.163415792559743,116850800
2015-12-11,25.518571853637695,26.01685794907438,25.44416669888514,25.97176485417718,187544800
2015-12-14,25.36074447631836,25.405837571526742,24.75423254067508,25.293103113314466,257274800
2015-12-15,24.912059783935547,25.432894144121875,24.880494273644413,25.23899074079559,213292400
2015-12-16,25.10371971130371,25.25027491746758,24.531029917690237,25.042843833151508,224954000
2015-12-17,24.571605682373047,25.3088883546166,24.571605682373047,25.257029741860972,179091200
2015-12-18,23.90647315979004,24.693359335575057,23.856869714176423,24.555824854816795,385813200
2015-12-21,24.199575424194336,24.208594385862337,23.802749711757528,24.188301292061578,190362400
2015-12-22,24.177032470703125,24.28751175720932,24.001165272345258,24.21536177334121,131157600
2015-12-23,24.488178253173828,24.54229030947934,24.17026626697252,24.186049021736263,130629600
2015-12-24,24.357410430908203,24.576115587976815,24.33937250203435,24.576115587976815,54281600
2015-12-28,24.08459091186523,24.2807494992411,23.94029093501106,24.258201230202115,106816800
2015-12-29,24.51749610900879,24.673070253801196,24.093615050970072,24.116161604660853,123724800
2015-12-30,24.19732666015625,24.508473179220985,24.165761146056557,24.481418007244965,100855200
2015-12-31,23.73286247253418,24.131941762427935,23.63365558276081,24.1274331402526,163649200
2016-01-04,23.75315284729004,23.75766318946608,22.99783223080675,23.135368423920035,270597600
2016-01-05,23.157913208007812,23.865885498795897,23.090273562249713,23.843338950209866,223164000
2016-01-06,22.70471572875977,23.08125006903562,22.517577864049613,22.673150222895835,273829600
2016-01-07,21.746482849121097,22.57620878020858,21.7419742263192,22.249279441028325,324377600
2016-01-08,21.86146545410156,22.346223957897735,21.81637235987501,22.21996191791037,283192000
2016-01-11,22.2154541015625,22.334952363018157,21.94714551589993,22.31466098436711,198957600
2016-01-12,22.53787422180176,22.70246729894013,22.285348398855252,22.670901786095747,196616800
2016-01-13,21.958419799804688,22.81520245484089,21.93812842101598,22.619043858925934,249758400
2016-01-14,22.43866729736328,22.655118985288468,21.586395011851792,22.086936314819855,252680400
2016-01-15,21.89980125427246,22.030573674599744,21.50072191936061,21.690115035537954,319335600
2016-01-19,21.7938289642334,22.24251168137656,21.53228416336344,22.18839961644163,212350800
2016-01-20,21.82314109802246,22.13879798972315,21.06331007473765,21.442098000740145,289337600
2016-01-21,21.712661743164062,22.06890139601609,21.40602381702413,21.884016915860396,208646000
2016-01-22,22.867067337036133,22.876086304157223,22.179387865925783,22.23800857192474,263202000
2016-01-25,22.420631408691406,22.891860656347266,22.36877279684545,22.889605485347495,207178000
2016-01-26,22.544639587402344,22.74530681313795,22.111739620884507,22.531112001008523,300308000
2016-01-27,21.063312530517575,21.787067778474743,21.04527459855925,21.654041900713786,533478800
2016-01-28,21.214372634887695,21.31132435199007,20.831076108775935,21.146732982145863,222715200
2016-01-29,21.94714736938477,21.94714736938477,21.272995672044384,21.372202563227233,257666000
2016-02-01,21.74197006225586,21.80510109054244,21.509737328119584,21.75098902632416,163774000
2016-02-02,21.302303314208984,21.65403426236576,21.257208500220127,21.514242919287195,149428800
2016-02-03,21.72393798828125,21.834417317554703,21.21212411087028,21.419555179765087,183857200
2016-02-04,21.898481369018555,22.063967550836807,21.578846044582523,21.73072950888564,185886800
2016-02-05,21.313608169555664,21.971016151055043,21.238801028909712,21.88033888989566,185672400
2016-02-08,21.53804397583008,21.69446054534972,21.09145970080707,21.11186118527786,216085600
2016-02-09,21.533506393432617,21.74886516916045,21.293213049729875,21.374822436180885,177324800
2016-02-10,21.37029457092285,21.84181523943416,21.331757272988767,21.74433742555467,169374400
2016-02-11,21.24107360839844,21.472300785963785,20.989444948443747,21.26147682031325,200298800
2016-02-12,21.306812286376953,21.422425862600925,21.084654764484135,21.352151791526197,161405600
2016-02-16,21.907548904418945,21.95515409111207,21.447363703526644,21.54030666911073,196231600
2016-02-17,22.243059158325195,22.26346064438002,21.79647484862797,21.914354136949324,179452800
2016-02-18,21.821409225463867,22.417609568857365,21.78287020599631,22.40627425792121,156084000
2016-02-19,21.771541595458984,21.934760424862233,21.717135895499908,21.7624736905448,141496800
2016-02-22,21.961957931518555,21.9664927478139,21.744333446534984,21.83274333951188,137123200
2016-02-23,21.465497970581055,21.875810547611483,21.433761181723742,21.853141659788445,127770400
2016-02-24,21.785133361816406,21.848606939807887,21.154928938150594,21.304546711580755,145022800
2016-02-25,21.934751510620117,21.934751510620117,21.592445589707793,21.77380015523725,110330800
2016-02-26,21.96876335144043,22.220390347611303,21.89395443741686,22.03450263155408,115964400
2016-02-29,21.91888999938965,22.267996523477898,21.909822095312908,21.957427294571417,140865200
2016-03-01,22.78938102722168,22.84378670542298,22.0843677002068,22.13650770023015,201628400
2016-03-02,22.839262008666992,22.87099881006882,22.58763327646253,22.784856310481853,132678400
2016-03-03,23.0092830657959,23.056888271492348,22.771255307787573,22.800726432404012,147822800
2016-03-04,23.351585388183594,23.519337285519104,22.979809978128777,23.206502385700045,184220400
2016-03-07,23.09315490722656,23.310779398939523,22.886863997551092,23.211034191665604,143315600
2016-03-08,22.902734756469727,23.06822098290932,22.75991915549307,22.84606165186418,126247600
2016-03-09,22.923133850097656,23.027412136271312,22.73044394547889,22.96620422577282,108806800
2016-03-10,22.93446922302246,23.17703001687174,22.703243740751244,22.98887664316628,134054400
2016-03-11,23.181556701660156,23.186089786985825,23.009270057357735,23.17702188680937,109632800
2016-03-14,23.24050521850586,23.328916849974,23.07275331860583,23.102224438937156,100304400
2016-03-15,23.70749282836914,23.843507929470757,23.542006606852844,23.566942910499492,160270800
2016-03-16,24.022592544555664,24.09966712601931,23.70975594337211,23.71429075964977,153214000
2016-03-17,23.984054565429688,24.13593804538442,23.793632066323628,23.92057924604393,137682800
2016-03-18,24.01125717163086,24.142739170934313,23.8457726979607,24.10646755890895,176820800
2016-03-21,24.00899314880371,24.403437444391265,23.83443903056343,24.01352623585668,142010800
2016-03-22,24.192615509033203,24.321830120159664,23.85030946816187,23.859377372568662,129777600
2016-03-23,24.05886459350586,24.27195601007639,24.00672630829763,24.13820831977842,102814000
2016-03-24,23.954586029052734,24.086068039081677,23.77776622981937,23.909248239848313,104532000
2016-03-28,23.845773696899418,24.072466092977475,23.8163025785128,24.02939398427441,77645600
2016-03-29,24.41023063659668,24.435166931741907,23.77549140848676,23.77775881609776,124760400
2016-03-30,24.8364200592041,25.031375671524557,24.618795551630864,24.630130864020177,182404400
2016-03-31,24.707202911376953,24.913493814859084,24.68226661030712,24.8726891157926,103553600
2016-04-01,24.933897018432617,24.93616442673863,24.528117407945324,24.659599417281587,103496000
2016-04-04,25.190065383911133,25.43262623350773,24.99737541995286,25.03137963297644,149424800
2016-04-05,24.893083572387695,25.101641825136355,24.80467370429241,24.825076912827956,106314800
2016-04-06,25.153789520263672,25.15832433698267,24.754810395757257,24.988305030062563,105616400
2016-04-07,24.60519027709961,25.03137131404998,24.509979895896688,24.924825622431,127207600
2016-04-08,24.632400512695312,24.884027521270028,24.521319975660077,24.689073620744555,94326800
2016-04-11,24.713998794555664,25.074440523970477,24.670928424902264,24.702665214973337,117630000
2016-04-12,25.03590202331543,25.049503009963257,24.63238994386088,24.786539071270248,108929200
2016-04-13,25.398616790771484,25.46662347328959,25.1175186980733,25.1175186980733,133029200
2016-04-14,25.41221046447754,25.477951449317725,25.237658127127936,25.303399111968123,101895600
2016-04-15,24.90215301513672,25.45755028165983,24.874951041438223,25.41447818393684,187756000
2016-04-18,24.364904403686523,24.69814084030369,24.24249027758129,24.684539847245137,243286000
2016-04-19,24.235681533813477,24.482775381098627,24.08153065667739,24.455571674712676,129539600
2016-04-20,24.285558700561523,24.503183219521382,24.04299787666113,24.174479897342895,122444000
2016-04-21,24.022592544555664,24.24021702869059,23.920579932616203,24.24021702869059,126210000
2016-04-22,23.956851959228516,24.13820656390819,23.716558578124783,23.80496847228656,134732400
2016-04-25,23.82083320617676,23.95004778003839,23.691618632315123,23.80269740259344,112126400
2016-04-26,23.655353546142575,23.870712381629517,23.555610057989227,23.555610057989227,224064800
2016-04-27,22.175050735473633,22.376806835264738,21.68992913265842,21.76247063225156,458408400
2016-04-28,21.497236251831055,22.18864689082226,21.365754271994227,22.12744071649844,328970800
2016-04-29,21.250144958496097,21.472304270094504,20.971314276778763,21.306818058140756,274126000
2016-05-02,21.22747802734375,21.327223245389547,20.946379911381666,21.302286940878098,192640400
2016-05-03,21.57658576965332,21.70353297825863,21.236547121295384,21.354426425068027,227325200
2016-05-04,21.352161407470703,21.73980527106441,21.26828458231464,21.581119525865866,164102000
2016-05-05,21.265491485595703,21.454792185678414,21.137771369904268,21.438827171216985,143562000
2016-05-06,21.14689064025879,21.313382655087167,20.948466862255355,21.295138170487395,174799600
2016-05-09,21.162853240966797,21.386363377339833,21.117237684524454,21.21074827018959,131745600
2016-05-10,21.306543350219727,21.340754590600596,21.00776878034248,21.28601765002479,134747200
2016-05-11,21.098997116088867,21.34075351988719,21.087592789848767,21.32022782072207,114876400
2016-05-12,20.604076385498047,21.160574046794167,20.40565435122547,21.146890248583844,305258800
2016-05-13,20.645130157470703,20.90741398495114,20.52653317585696,20.52653317585696,177571200
2016-05-16,21.411457061767575,21.527774585849215,20.902856090687028,21.07162934323763,245039200
2016-05-17,21.322511672973633,21.59847937211243,21.213037774831683,21.56426986647822,187667600
2016-05-18,21.56654167175293,21.714789190328467,21.413733467399883,21.475314035757787,168249600
2016-05-19,21.48444175720215,21.584794274523496,21.34075662199251,21.584794274523496,121768400
2016-05-20,21.717077255249023,21.764972301274632,21.55742536177415,21.584794705241432,128104000
2016-05-23,21.9930419921875,22.1663776641088,21.8197063202662,21.865321886590717,152074400
2016-05-24,22.32830238342285,22.371634983502105,22.08654430378541,22.17321298405475,140560800
2016-05-25,22.720592498779297,22.747960096493543,22.37620239374333,22.503922489891956,152675200
2016-05-26,22.90077018737793,22.973753348456786,22.49708071824189,22.73427642676213,225324800
2016-05-27,22.88708114624023,22.914450479977724,22.636201677174352,22.67953602057815,145364800
2016-05-31,22.775331497192383,22.898490918229353,22.5381357685348,22.716032130013996,169228800
2016-06-01,22.456031799316406,22.70235066674476,22.426382982703345,22.58375192018023,116693200
2016-06-02,22.287254333496097,22.314621931348405,22.03865429931745,22.25988499558797,160766400
2016-06-03,22.332868576049805,22.41269363804458,22.22567417563289,22.303219764467705,114019600
2016-06-06,22.49479103088379,23.238307900567143,22.24847404256947,22.348824763714138,93170000
2016-06-07,22.586027145385746,22.77760901594213,22.570062134510685,22.63620339100898,89638000
2016-06-08,22.565502166748047,22.706906056125884,22.50620280730097,22.58374665114614,83392400
2016-06-09,22.727439880371097,22.80498374600715,22.456032870532447,22.465155985323083,106405600
2016-06-10,22.5404109954834,22.659007958286505,22.46058594936059,22.471988533060703,126851600
2016-06-13,22.200592041015625,22.60656284023959,22.14585508945701,22.50849152616657,152082000
2016-06-14,22.227954864501953,22.4605898854628,22.066023531116475,22.196024840457255,127727600
2016-06-15,22.15497589111328,22.44462911547784,22.1298877617571,22.310065354380505,117780800
2016-06-16,22.24848365783691,22.294097483519963,21.910935431592268,21.99760239641242,125307200
2016-06-17,21.742164611816406,22.043220419024696,21.73532271120696,22.03637851841525,244032800
2016-06-20,21.689701080322266,22.024968036960924,21.673736070008783,21.894966741535285,137647600
2016-06-21,21.87444305419922,21.974793811075436,21.5939130014374,21.653212362356832,142185600
2016-06-22,21.792335510253903,22.097951929355492,21.74671995064911,21.9519856187315,116876400
2016-06-23,21.917770385742188,21.961104724447654,21.723909077939624,21.88127968477076,128960800
2016-06-24,21.301982879638672,21.58935486567502,21.13092841605494,21.190227783979644,301245600
2016-06-27,20.99180603027344,21.222159884282743,20.86864659565627,21.2107555562408,181958400
2016-06-28,21.34531021118164,21.36127696095166,21.01460569278681,21.187941326869236,161779600
2016-06-29,21.530052185058594,21.564263420522675,21.35443532170232,21.43198090475795,146124000
2016-06-30,21.80373764038086,21.84250956019456,21.50724433938381,21.539174360413405,143345600
2016-07-01,21.869882583618164,22.00216511593841,21.742162477960512,21.778653190981583,104106000
2016-07-05,21.66461181640625,21.758122400495783,21.543733638968,21.755841187698216,110820800
2016-07-06,21.78778076171875,21.81743132092388,21.523217383008316,21.575673119968283,123796400
2016-07-07,21.88128662109375,22.009006725063795,21.808303455960026,21.82654794220152,100558400
2016-07-08,22.0500545501709,22.097949577617022,21.906369467832516,22.006720208172048,115648400
2016-07-11,22.118480682373047,22.27128890101684,22.06146253451589,22.06602322071992,95179600
2016-07-12,22.218828201293945,22.282688239178366,22.150407477870147,22.161810061746348,96670000
2016-07-13,22.093395233154297,22.275852284355423,22.08655159293596,22.21655465624445,103568800
2016-07-14,22.53129005432129,22.5769038736255,22.196023088262756,22.211988099024797,155676000
2016-07-15,22.529006958007812,22.647605662373472,22.46514692029808,22.56093697686268,120548000
2016-07-18,22.76848793029785,22.83690866582766,22.487957868463702,22.510764780306975,145975600
2016-07-19,22.777606964111328,22.80725577019259,22.656727046882665,22.706903287985973,95119600
2016-07-20,22.79813575744629,22.91217205179529,22.74795950952381,22.8072588698009,105104000
2016-07-21,22.6772518157959,23.035325619687843,22.60882936050737,22.76848117616216,130808000
2016-07-22,22.501636505126953,22.64760278421501,22.42180972807901,22.638479674265096,113254800
2016-07-25,22.200592041015625,22.542701033355502,22.104801940773974,22.408138998262185,161531600
2016-07-26,22.047780990600582,22.344276109201676,21.990762832412383,22.081992233524726,224959200
2016-07-27,23.480079650878903,23.79938172288883,23.43446581490162,23.78113549247539,369379200
2016-07-28,23.79709243774414,23.82218056103933,23.450422877751297,23.45270409079332,159479200
2016-07-29,23.7674503326416,23.844995937442928,23.646572108152913,23.7628896453268,110934800
2016-08-01,24.187101364135746,24.209908277480626,23.813062417100653,23.813062417100653,152671600
2016-08-02,23.82902717590332,24.19166179236429,23.719551556938992,24.187101105766413,135266400
2016-08-03,24.127796173095703,24.139198756987657,23.89516118898907,23.904284300135952,120810400
2016-08-04,24.276851654052734,24.306661080281017,24.14155895151668,24.2103520883292,109634800
2016-08-05,24.646034240722656,24.685016196080177,24.34793302444092,24.368569912754236,162213600
2016-08-08,24.85011863708496,24.85011863708496,24.572656054840465,24.655205358693667,112148800
2016-08-09,24.951021194458008,24.98083237595988,24.767575709790048,24.818023786655544,105260800
2016-08-10,24.76527976989746,24.971657451209737,24.710246304708292,24.928088343632055,96034000
2016-08-11,24.749223709106445,24.97853181286932,24.730878640929735,24.884514650575184,109938000
2016-08-12,24.806550979614254,24.866171577035363,24.71482738730841,24.71482738730841,74641600
2016-08-15,25.104660034179688,25.118417964990726,24.78362823588922,24.79738616670026,103472800
2016-08-16,25.08172035217285,25.27663364456053,25.04273839348813,25.139047379467577,135177600
2016-08-17,25.04502868652344,25.079425248294832,24.84323645718823,25.017511087209964,101424000
2016-08-18,25.01293182373047,25.132171284339694,24.999172145961616,25.047328393929245,87938800
2016-08-19,25.077131271362305,25.15280335613701,24.84782319591055,24.941838597115247,101472400
2016-08-22,24.882219314575195,25.017510236934225,24.73087514771756,24.96247678965951,103280800
2016-08-23,24.960189819335938,25.06796492129755,24.886811287072188,24.900569215158452,85030800
2016-08-24,24.77215576171875,24.937257886956427,24.69189827013991,24.895982355647007,94700400
2016-08-25,24.666671752929688,24.73775670267158,24.462587687976196,24.625396225777187,100344800
2016-08-26,24.5222110748291,24.753811017933824,24.377745838605023,24.629986171859084,111065200
2016-08-29,24.494693756103516,24.63686542291551,24.373160730199427,24.448832831058173,99881200
2016-08-30,24.306665420532227,24.42131950270455,24.192011338359904,24.26080448745628,99455600
2016-08-31,24.329586029052734,24.437361102542916,24.224104526131764,24.228691667270184,118649600
2016-09-01,24.47405242919922,24.49010392500426,24.21952031751797,24.338759750715155,106806000
2016-09-02,24.70336151123047,24.765273926274116,24.494690307841104,24.69648079890837,107210000
2016-09-06,24.69647789001465,24.834064128540437,24.652910547331064,24.74234055268381,107521600
2016-09-07,24.847827911376953,24.939551508860745,24.55202022796983,24.726294888240822,169457200
2016-09-08,24.196592330932617,24.59788154554817,24.13238633651127,24.593296152867563,212008000
2016-09-09,23.64854431152344,24.24245321502954,23.64854431152344,23.99480004099266,186228000
2016-09-12,24.17824935913086,24.2424553544774,23.510961872888977,23.538479477815557,181171200
2016-09-13,24.753807067871097,24.946426768938736,24.5909985375121,24.65291270015171,248704800
2016-09-14,25.62976455688477,25.918693241349946,24.902858328415583,24.932669499908865,443554800
2016-09-15,26.50113868713379,26.537828825155824,26.024177389739744,26.10902202180415,359934400
2016-09-16,26.35208320617676,26.629545763272738,26.150292732692883,26.39794587025156,319547600
2016-09-19,26.044816970825195,26.64101773936924,25.96914487053204,26.414003187971904,188092000
2016-09-20,26.042524337768555,26.168644509466525,25.799458279022133,25.923284879557723,138057200
2016-09-21,26.037935256958008,26.13882963054368,25.783403127933372,26.106726636746156,144012800
2016-09-22,26.28329086303711,26.356669373363477,26.14111923388154,26.22137670619449,124296000
2016-09-23,25.84531593322754,26.32227720464952,25.57931944498042,26.237432577205176,209924800
2016-09-26,25.884296417236328,26.001244032303827,25.57931798893525,25.59995487716264,119477600
2016-09-27,25.93245506286621,25.95309370388383,25.760473968808707,25.911818171330747,98429600
2016-09-28,26.129657745361328,26.28788089692138,26.01041830107917,26.070038897961247,118564400
2016-09-29,25.72378158569336,26.095261321011,25.63664514137623,25.948504283486425,143548000
2016-09-30,25.92327880859375,25.996657323265666,25.636643712300064,25.7879861334126,145516400
2016-10-03,25.8017520904541,25.9232868786819,25.746718624688334,25.84532119848826,86807200
2016-10-04,25.911815643310547,26.212208698456283,25.82697101537292,25.9255735696586,118947200
2016-10-05,25.92327880859375,26.063156875543612,25.840727760902624,26.003536285659624,85812400
2016-10-06,26.11590003967285,26.219087987529836,25.941625389342697,26.072330939719812,115117200
2016-10-07,26.154884338378903,26.269538401583414,26.028765918543243,26.21221136998116,97433600
2016-10-10,26.611207962036133,26.771722945858713,26.30622774329111,26.375019129437028,144944000
2016-10-11,26.668537139892575,27.216583449562872,26.64560492651477,26.989567133394814,256164000
2016-10-12,26.90700912475586,27.053767904700837,26.7717181980246,26.909302695398605,150347200
2016-10-13,26.824462890625,26.92994440897911,26.53553418849209,26.78089379084409,140769600
2016-10-14,26.9735107421875,27.097337324146757,26.85885669401951,27.030837766271492,142608800
2016-10-17,26.955171585083008,27.021669403741424,26.778603343938062,26.904723516184458,94499600
2016-10-18,26.936826705932617,27.10651423476536,26.93223956355534,27.09963527068166,98214000
2016-10-19,26.8565673828125,27.00332443822551,26.09526450180172,26.886376808308796,80138400
2016-10-20,26.84280776977539,26.916186297655965,26.67541382311757,26.796946845905826,96503200
2016-10-21,26.737321853637695,26.808408548286152,26.663943337809673,26.785476340635917,92770800
2016-10-24,26.978107452392575,26.99874434863096,26.82905678701266,26.85198725488283,94154800
2016-10-25,27.11568832397461,27.14091236004852,26.900138106427487,27.046895180230795,192516000
2016-10-26,26.50572395324707,26.530947985646417,25.98290173530075,26.212209848398754,264536800
2016-10-27,26.251192092895508,26.567636641505395,26.16405389511046,26.45986155444408,138248000
2016-10-28,26.07691764831543,26.41858623055785,26.01500348104425,26.11131421352364,151446800
2016-10-31,26.03563690185547,26.19386002041271,25.95767125304406,26.06086092798725,105677600
2016-11-01,25.56555938720703,26.088381571364735,25.345423822797574,26.017296620732647,175303200
2016-11-02,25.588491439819336,25.762766095213102,25.505942128824454,25.54492408808244,113326800
2016-11-03,25.3142147064209,25.689905316964364,25.249679068630783,25.579273297456805,107730400
2016-11-04,25.086036682128903,25.411022025566464,24.917783280668004,25.01458675206725,123348000
2016-11-07,25.44789695739746,25.47094514851172,25.22893474565132,25.37183634410256,130240000
2016-11-08,25.59770774841309,25.74982895521074,25.28424746634279,25.424843699850676,97016800
2016-11-09,25.556224822998047,25.65763897878618,24.903952367578423,25.3257393841809,236705600
2016-11-10,24.844018936157227,25.604619623290308,24.3922678093746,25.604619623290308,228538000
2016-11-11,24.991531372070312,25.092945508261796,24.558219463871797,24.689596068272586,136575600
2016-11-14,24.36461639404297,24.8486354811035,23.9889257484387,24.82558728809384,204702000
2016-11-15,24.687299728393555,24.81867638072324,24.4683392273323,24.56283735906049,129058000
2016-11-16,25.351093292236328,25.40641106445219,24.569747783947065,24.59279597647149,235362000
2016-11-17,25.34187126159668,25.434065781420426,25.083728716247236,25.309603443428,110528000
2016-11-18,25.36722755432129,25.477861341821512,25.275034782946232,25.28886334695961,113715600
2016-11-21,25.752140045166016,25.81206499593885,25.35570479069008,25.381058330811054,117058400
2016-11-22,25.768274307250977,25.911174162463393,25.67607977450669,25.80284571837369,103862000
2016-11-23,25.636890411376953,25.701426038487547,25.429453211047218,25.6668528786886,109705600
2016-11-25,25.76597023010254,25.784409489252976,25.57236152595205,25.61384897980826,45903600
2016-11-28,25.715253829956055,25.922691024081978,25.673766391130872,25.68298601736579,108776000
2016-11-29,25.689905166625977,25.821281788062535,25.369530567711134,25.533175007853924,114115200
2016-11-30,25.473249435424805,25.860465035544145,25.415628076826476,25.72217412660102,144649200
2016-12-01,25.235851287841797,25.570056243562583,25.12982819244692,25.438679608131498,148347600
2016-12-02,25.330352783203125,25.3741438254999,25.088342343210527,25.162097621171156,106112000
2016-12-05,25.148269653320312,25.360315862684946,24.950052009381544,25.353401579972008,137298000
2016-12-06,25.34187126159668,25.436371127993674,25.166703608242187,25.238153525835095,104782000
2016-12-07,25.590795516967773,25.627674027676814,25.15978891345697,25.18283710341803,119994800
2016-12-08,25.842023849487305,25.913473761244525,25.4916850544639,25.55161175122444,108273200
2016-12-09,26.263813018798828,26.436677084543792,25.885817069046983,25.885817069046983,137610400
2016-12-12,26.113994598388672,26.505819046119655,25.92730024239532,26.11168925218868,105497600
2016-12-13,26.54962158203125,26.71787498868015,26.2177219458976,26.238464793923672,174935200
2016-12-14,26.54962158203125,26.782410638269567,26.501219844839188,26.5150484101899,136127200
2016-12-15,26.694822311401367,26.904564895814616,26.558836752379893,26.59340815995195,186098000
2016-12-16,26.729398727416992,26.851555738262498,26.65564345152172,26.84464145590739,177404400
2016-12-19,26.88382148742676,27.05438022006357,26.67868958721731,26.69021456256297,111117600
2016-12-20,26.955263137817383,27.08203079385499,26.893032862057705,26.90686142145679,85700000
2016-12-21,26.98062515258789,27.058991116905645,26.916089510481715,26.92070020404036,95132800
2016-12-22,26.803142547607425,26.853849607825236,26.653326712908527,26.816971106407284,104343600
2016-12-23,26.856163024902344,26.856163024902344,26.641811492731268,26.641811492731268,56998000
2016-12-27,27.026721954345703,27.151184297285916,26.849247188898552,26.85616147042896,73187600
2016-12-28,26.911481857299805,27.20189226061112,26.782408808474777,27.08664953465647,83623600
2016-12-29,26.90456771850586,26.99215155765104,26.8285070969389,26.84003031451712,60158000
2016-12-30,26.694822311401367,27.012891570314174,26.60493313478548,26.886125639466673,122345200
2017-01-03,26.770885467529297,26.81237291902027,26.45051083152963,26.690215911425863,115127600
2017-01-04,26.740921020507812,26.85386015661749,26.67869072299925,26.70173891620744,84472400
2017-01-05,26.87690544128418,26.934526797301263,26.69251639864383,26.717869935968483,88774400
2017-01-06,27.176538467407227,27.23415982612011,26.84463887851244,26.91608880060783,127007600
2017-01-09,27.425460815429688,27.52687496730904,27.183452169077967,27.185755757283022,134247600
2017-01-10,27.453123092651367,27.51535339269941,27.266430434042743,27.374757122388264,97848400
2017-01-11,27.600629806518555,27.642117253601786,27.33557121451258,27.367839033525733,110354400
2017-01-12,27.48538398742676,27.496908960828073,27.245678960084668,27.40471444900972,108344800
2017-01-13,27.436983108520508,27.570665066846857,27.38397069109312,27.4531170167003,104447600
2017-01-17,27.65825653076172,27.71357255145315,27.24799267357642,27.27564980468984,137759200
2017-01-18,27.655946731567383,27.773494795270068,27.591411091405693,27.658252078277247,94852000
2017-01-19,27.607545852661133,27.6789957766911,27.51304773621483,27.519962018093295,102389200
2017-01-20,27.65825653076172,27.761974289366236,27.59602622729193,27.761974289366236,130391600
2017-01-23,27.676692962646484,27.844946354610684,27.60524127815325,27.658253704811816,88200800
2017-01-24,27.65134048461914,27.6813029609028,27.54301203876091,27.554537014966268,92844000
2017-01-25,28.09156608581543,28.14227316630126,27.7227897165518,27.75505753895834,129510400
2017-01-26,28.105392456054688,28.220635165146643,28.02702649947078,28.04316040840509,105350400
2017-01-27,28.10770034790039,28.199894880983315,28.027030790877003,28.151493146769283,82251600
2017-01-30,28.0339412689209,28.0339412689209,27.810371886498583,27.87260217676784,121510000
2017-01-31,27.969409942626953,27.978629571951497,27.80115654323148,27.923313554468756,196804000
2017-02-01,29.67499542236328,30.07604128678682,29.273951316403803,29.27856025070639,447940000
2017-02-02,29.624292373657227,29.82250998639,29.45142829919011,29.497526440793255,134841600
2017-02-03,29.75105857849121,29.776412115490093,29.53901241310441,29.573583819499053,98029200
2017-02-06,30.029943466186523,30.07834695125772,29.709568876884745,29.7625830550409,107383600
2017-02-07,30.315752029418945,30.444823323275603,30.066827312582973,30.087570159753724,152735200
2017-02-08,30.43329811096191,30.474787321910643,30.244301865545825,30.27426610029052,92016400
2017-02-09,30.653209686279297,30.6601539460953,30.3522788096039,30.474965442589134,113399600
2017-02-10,30.583763122558594,30.77358230731125,30.567561027276486,30.662470619652815,80262000
2017-02-13,30.854597091674805,30.977287244137845,30.729596895748088,30.805987277994184,92141600
2017-02-14,31.25507926940918,31.2712813689797,30.845350176738407,30.896277116264844,132904800
2017-02-15,31.368488311767575,31.54441893250592,31.1624670839366,31.37080541920422,142492400
2017-02-16,31.33145523071289,31.458768988642536,31.213395774352875,31.405528497207804,90338400
2017-02-17,31.41711044311523,31.4425739068136,31.273591028911895,31.273591028911895,88792800
2017-02-21,31.64396095275879,31.65553589535328,31.477291669492494,31.535162850288387,98028800
2017-02-22,31.738866806030273,31.741180381406583,31.50738211005811,31.581455376037606,83347600
2017-02-23,31.604604721069336,31.8245144720681,31.551364230910412,31.801368122170175,83152800
2017-02-24,31.63470458984375,31.63470458984375,31.315254526691003,31.461091039378427,87106400
2017-02-27,31.69719886779785,31.815258327596492,31.546735222857016,31.745812209863693,81029600
2017-02-28,31.711091995239254,31.815259409291937,31.643959450683795,31.731924771614516,93931600
2017-03-01,32.359249114990234,32.442583759753184,31.852300519207052,31.91942953729377,145658400
2017-03-02,32.167118072509766,32.47267606453608,32.120818303017344,32.40786062585848,104844000
2017-03-03,32.356937408447266,32.36851235214514,32.08146999645166,32.125452663197436,84432400
2017-03-06,32.25507736206055,32.35461762013714,32.083780944059676,32.26202162051052,87000000
2017-03-07,32.2967529296875,32.40323393541779,32.12776652100481,32.190268391780286,69785200
2017-03-08,32.176368713378906,32.36155715341623,32.134703168762755,32.16479377359363,74828800
2017-03-09,32.102294921875,32.127758378909846,31.724977281310007,32.11618697021985,88623600
2017-03-10,32.20878219604492,32.25970911448372,32.09303984180699,32.234245655264324,78451200
2017-03-13,32.2226676940918,32.27590818304316,32.134705914993035,32.14165017302251,69686800
2017-03-14,32.17405700683594,32.32683421147691,32.139332185463424,32.24581669262619,61236400
2017-03-15,32.51433563232422,32.58146462695435,32.18331074467614,32.271276042348795,102767200
2017-03-16,32.56758499145508,32.64397537096826,32.46804472766163,32.574529250303875,76928000
2017-03-17,32.40554428100586,32.63934255538655,32.38239439823795,32.63934255538655,175540000
2017-03-20,32.74583053588867,32.75508837066969,32.46110178285636,32.500453761984666,86168000
2017-03-21,32.37081527709961,33.05601145174801,32.345351822213246,32.896286464931364,158119600
2017-03-22,32.736572265625,32.77824135652265,32.352306740597015,32.373143052134296,103440800
2017-03-23,32.62082290649414,32.773603653436076,32.549063215948244,32.69952685533957,81385200
2017-03-24,32.55601501464844,32.81064965186172,32.48888599147964,32.75509204042147,89582400
2017-03-27,32.611568450927734,32.690272407925804,32.08841072366366,32.26665494689288,94300400
2017-03-28,33.287498474121094,33.343052538036424,32.55137533765912,32.61850787445812,133499200
2017-03-29,33.361568450927734,33.447220177987944,33.14628941010686,33.25971463421331,116760000
2017-03-30,33.31759262084961,33.449540601018,33.21805589097636,33.37778090605331,84829200
2017-03-31,33.25510025024414,33.39630608995485,33.104633042453756,33.268988770186674,78646800
2017-04-03,33.26435852050781,33.36158169355204,33.11389484292969,33.26667562864649,79942800
2017-04-04,33.51203918457031,33.53981621676254,33.141662271852574,33.160181470706064,79565600
2017-04-05,33.338436126708984,33.67177474628232,33.2898227729474,33.38473237227703,110871600
2017-04-06,33.25510025024414,33.45417727783338,33.206486898268295,33.4009332418177,84596000
2017-04-07,33.181026458740234,33.37547282001327,33.16482436138947,33.271305378772524,66688800
2017-04-10,33.14167022705078,33.306025948716794,33.079168357439556,33.241210503259545,75733600
2017-04-11,32.78517150878906,33.18332538206427,32.42173891950718,33.08841582958201,121517600
2017-04-12,32.82453155517578,32.90554908182955,32.64165666199132,32.77823532106274,81400000
2017-04-13,32.650909423828125,32.95878442120304,32.650909423828125,32.84998635701133,71291600
2017-04-17,32.831478118896484,32.84305306128152,32.6092512345038,32.7504570543777,66328400
2017-04-18,32.685638427734375,32.88008472500291,32.664805652779066,32.734251768139586,58790000
2017-04-19,32.56526184082031,32.8708233021722,32.51202135546686,32.8430462719314,69313600
2017-04-20,32.97269058227539,33.08380228077083,32.67639036483607,32.69027888562585,93278400
2017-04-21,32.93334197998047,33.02824805918825,32.83611879228482,32.97269397032078,69283600
2017-04-24,33.250465393066406,33.32222509188119,33.143980866576484,33.218057673208875,68537200
2017-04-25,33.45649337768555,33.54214161191035,33.30371258243812,33.31297395121647,75486000
2017-04-26,33.25971984863281,33.47268887997508,33.19027726469098,33.44259473881616,80164800
2017-04-27,33.285179138183594,33.370830867945195,33.174067485616035,33.31527327557354,56985200
2017-04-28,33.25278091430664,33.403248112016215,33.16481911650478,33.3546347632973,83441600
2017-05-01,33.9310302734375,34.074549667815184,33.55602616184344,33.588433880966676,134411600
2017-05-02,34.14631271362305,34.28057428663632,33.99121836173965,34.15325697324642,181408800
2017-05-03,34.042137145996094,34.14167739708767,33.39629643023585,33.70185437712131,182788000
2017-05-04,33.91946792602539,34.060673797246615,33.75279858516828,33.917154349577686,93487600
2017-05-05,34.481971740722656,34.486598892800345,33.972702438004276,33.972702438004276,109310800
2017-05-08,35.41946792602539,35.579192912756085,34.49815993257278,34.49815993257278,195009600
2017-05-09,35.646339416503906,35.852360711342406,35.52133566825122,35.61855884346047,156521600
2017-05-10,35.47736358642578,35.63477510672522,35.21115744620615,35.56301537495357,103222800
2017-05-11,35.784156799316406,35.81205202631621,35.402955133364486,35.4354966092352,109020400
2017-05-12,36.28391647338867,36.35829549273668,35.95152514458997,35.958498066817725,130108000
2017-05-15,36.190940856933594,36.41175835238627,36.03985613550709,36.26299675628336,104038800
2017-05-16,36.13747787475586,36.27461674038462,35.96314772621748,36.246725051580384,80194000
2017-05-17,34.924137115478516,35.928280397547645,34.79862097859771,35.70281313875219,203070800
2017-05-18,35.45643615722656,35.6423890769768,35.12869808193388,35.161239576883396,134272800
2017-05-19,35.577301025390625,35.791145611314164,35.47735342896442,35.651683601410866,107843200
2017-05-22,35.793460845947266,35.930599686561685,35.54242505223062,35.79578397067189,91865600
2017-05-23,35.74930191040039,36.00498399119705,35.63540494053504,36.00498399119705,79675600
2017-05-24,35.64237976074219,35.83530555421472,35.48664525085,35.75859986186376,76712000
2017-05-25,35.765567779541016,35.87714161466961,35.57031888819925,35.733026297650724,76942400
2017-05-26,35.70513916015625,35.8515776206928,35.63540639100761,35.79579069602269,87710400
2017-05-30,35.719078063964844,35.8957313042936,35.64004926277214,35.660968025425156,80507600
2017-05-31,35.507564544677734,35.83530608592491,35.4192396783089,35.78881875413772,97804800
2017-06-01,35.60518264770508,35.640050800386376,35.38204207626871,35.602859522895166,65616400
2017-06-02,36.13282775878906,36.13282775878906,35.53778142451099,35.698165727231675,111082800
2017-06-05,35.779518127441406,35.90038802400569,35.670274496933565,35.87481946024702,101326800
2017-06-06,35.90038299560547,36.21650176381911,35.74464850970871,35.77254019471844,106499600
2017-06-07,36.114234924316406,36.2560235967663,35.90736327566881,36.03288297744737,84278400
2017-06-08,36.02590560913086,36.15374487368615,35.88876320422132,36.08633878049801,85003200
2017-06-09,34.62894058227539,36.07239580899807,33.940919564947656,36.07239580899807,259530800
2017-06-12,33.80145263671875,33.95718714132232,33.12505081993979,33.875835201353475,289229200
2017-06-13,34.073402404785156,34.273301085438135,33.73868800492385,34.20589499921167,136661600
2017-06-14,33.74102783203125,34.284937170497514,33.43420499694354,34.284937170497514,126124800
2017-06-15,33.53879165649414,33.582955857707404,33.0553192083585,33.313327947296735,128661600
2017-06-16,33.069271087646484,33.58761178507878,33.05299856980585,33.420254542962795,201444400
2017-06-19,34.01530075073242,34.108278966259064,33.39236266710712,33.39236266710712,130165600
2017-06-20,33.70616149902344,34.138500533129374,33.689892524812066,34.138500533129374,99600400
2017-06-21,33.90605163574219,33.95254251423939,33.61317825369258,33.82469969188422,85063200
2017-06-22,33.85026550292969,34.09897465823026,33.73171873786307,33.882806987177126,76425200
2017-06-23,34.00135803222656,34.205906578441414,33.72940337696723,33.73405317486027,141757600
2017-06-26,33.89442825317383,34.466229101408445,33.79215400799219,34.20822036352045,102769600
2017-06-27,33.40863037109375,33.97346192538377,33.38306180613813,33.706153555983036,99047600
2017-06-28,33.89674758911133,33.961830547541794,33.276132812592444,33.58527863851477,88329600
2017-06-29,33.39699935913086,33.734040417159235,33.07158456481652,33.63641597886493,125997600
2017-06-30,33.476043701171875,33.69453808996659,33.420256767833905,33.57599129996798,92096400
2017-07-03,33.35517120361328,33.77356430436874,33.26219653533707,33.67593983865184,57111200
2017-07-05,33.49230194091797,33.65500934423604,33.17386005537008,33.399327295237754,86278400
2017-07-06,33.17619705200195,33.355177043865844,33.101818013709,33.24360671304797,96515200
2017-07-07,33.51322937011719,33.64572199856492,33.21570617089974,33.21570617089974,76806800
2017-07-10,33.71776580810547,33.92463738879332,33.32494140790206,33.49694838663608,84362400
2017-07-11,33.82701873779297,33.90140129701359,33.55971395244957,33.64106588649704,79127200
2017-07-12,33.87583923339844,33.97810995181003,33.661994654754764,33.90605405046618,99538000
2017-07-13,34.347686767578125,34.515043982750065,33.80610071664055,33.82004656011226,100797600
2017-07-14,34.64289093017578,34.71030058424937,34.245420116042865,34.394181723998685,80528400
2017-07-17,34.76374435424805,35.075213268974444,34.53363090156809,34.59174093252845,95174000
2017-07-18,34.88462829589844,34.89625101613398,34.55688673773994,34.68007976937292,71475200
2017-07-19,35.10312271118164,35.196097379667826,34.854409975508894,34.97760300729341,83692000
2017-07-20,34.945045471191406,35.27046375496706,34.91018087320866,35.214676851440046,68974800
2017-07-21,34.92879104614258,34.96830545588833,34.60569929892158,34.86370807164886,105010400
2017-07-24,35.35182571411133,35.43318119486807,34.84278115834666,35.000842323222585,85972800
2017-07-25,35.50292205810547,35.75860418341942,35.28442767411012,35.28442767411012,75415600
2017-07-26,35.67027282714844,35.779516452542396,35.577294623853,35.644704264586665,63124000
2017-07-27,34.996185302734375,35.79345679060988,34.23843175798736,35.737669882741635,129905200
2017-07-28,34.749813079833984,34.919493448269165,34.67775717872136,34.84046462425895,68854800
2017-07-31,34.57082748413086,34.94273319627466,34.43136550214373,34.84278207309928,79383600
2017-08-01,34.87765884399414,34.9171732593223,34.49645699092396,34.65684132456898,141474400
2017-08-02,36.52564239501953,37.13231128463876,36.29785205753849,37.02306413827689,279747200
2017-08-03,36.16072845458984,36.541930291722736,36.03288561813383,36.50473900352527,108389200
2017-08-04,36.35132598876953,36.58608933494351,36.18861854356201,36.27694696242737,82239600
2017-08-07,36.9138298034668,36.939398368867074,36.41640788757098,36.50705942912539,87481200
2017-08-08,37.209022521972656,37.6157928160046,36.7883063853405,36.86501206639718,144823600
2017-08-09,37.43681716918945,37.48563117062074,36.9835594991385,37.01842410962092,104526000
2017-08-10,36.244380950927734,37.33647101910866,36.08336684994849,37.313134300448375,163217200
2017-08-11,36.74842834472656,37.0027858132447,36.41940333067996,36.54308013212896,105028400
2017-08-14,37.301475524902344,37.38548274068739,37.04478582092473,37.177798729536015,88490800
2017-08-15,37.70984649658203,37.84985616118254,37.36914954742076,37.49049410528858,117862000
2017-08-16,37.55815887451172,37.92218892894133,37.37147579102165,37.78917959090758,110686400
2017-08-17,36.83709335327149,37.50215062228631,36.832425297720626,37.457812996260905,111762400
2017-08-18,36.75308609008789,37.219791945200114,36.57107109144877,36.83709328643541,109712400
2017-08-21,36.68541717529297,36.84409546498087,36.19537457820594,36.753087961028506,105474000
2017-08-22,37.2851448059082,37.33648275455047,36.87444477745456,36.9234469170866,86418400
2017-08-23,37.331809997558594,37.44615424344615,37.07512384734565,37.119461484744576,77596400
2017-08-24,37.16612243652344,37.50915153104791,36.998108040810095,37.43680913123212,79275600
2017-08-25,37.303810119628906,37.467156504852525,37.16613270641787,37.25480442371975,101920400
2017-08-28,37.67950439453125,37.80318118392024,37.32013882633084,37.36914451678862,103864000
2017-08-29,38.015533447265625,38.06453557730498,37.33647544553584,37.3598121669628,118067600
2017-08-30,38.11821365356445,38.244222705803224,37.94553115317101,38.22322179054412,109078400
2017-08-31,38.2698974609375,38.39124203524439,38.14855288663062,38.18589022652269,107140400
2017-09-01,38.281551361083984,38.48923533982436,38.18354355141044,38.45656606993318,66364400
2017-09-05,37.82184982299805,38.328225340858545,37.467152311436706,38.211548855802654,117874000
2017-09-06,37.78219223022461,38.03421394517101,37.45783164130639,37.96887537766841,86606800
2017-09-07,37.630516052246094,37.85920463223259,37.42049970645524,37.82419953414385,87714000
2017-09-08,37.01678466796875,37.604831618819254,36.99344794549903,37.53716082075135,114446000
2017-09-11,37.6865119934082,37.81485686403658,37.31081349612394,37.453158977969146,126323200
2017-09-12,37.53715896606445,38.2605545986761,37.04945211242638,37.94552666431986,286856000
2017-09-13,37.25480651855469,37.32714894242823,36.84877456112257,37.30614446546657,179629600
2017-09-14,36.93511199951172,37.19646621616109,36.89077436046924,37.100794193720326,95042800
2017-09-15,37.308467864990234,37.56282170601592,36.869763213912414,36.97943937668187,196458400
2017-09-18,37.026126861572266,37.45316335703749,36.869780750230056,37.362155812802925,113077600
2017-09-19,37.04011917114258,37.28280827515437,36.972448370624015,37.2221342188094,83242400
2017-09-20,36.419395446777344,36.930435399901846,35.896683573707314,36.84642819817065,211805600
2017-09-21,35.794010162353516,36.35639164690989,35.644664411338915,36.35639164690989,150046800
2017-09-22,35.44399642944336,35.53267173238431,35.13363642983519,35.362321433504576,186581600
2017-09-25,35.13128662109375,35.42997810617242,34.80692616960909,35.00060954145725,177549200
2017-09-26,35.73566818237305,35.917683186099715,35.397307140095684,35.41830804959879,146640000
2017-09-27,35.99001693725586,36.10436114063299,35.829002865798394,35.88967689891726,102016800
2017-09-28,35.768341064453125,36.0016940221078,35.63299592173139,35.91068651104982,88022000
2017-09-29,35.96435546875,35.96669127708443,35.46964835479913,35.75200699064002,105199200
2017-10-02,35.89200973510742,36.04135545182505,35.637655923315066,35.99701783018216,74795200
2017-10-03,36.04835891723633,36.19070434415148,35.91534960131929,35.93868275744844,64921200
2017-10-04,35.81501770019531,35.90369298025103,35.57700020217874,35.8500227868572,80655200
2017-10-05,36.260719299316406,36.272387660414424,35.94802716171929,35.978360627753474,85135200
2017-10-06,36.23971939086914,36.28405702786099,36.06703689960718,36.16271247830708,69630400
2017-10-09,36.36573028564453,36.57341431104818,36.284058872908,36.35872998057238,65051600
2017-10-10,36.37973403930664,36.86977680080634,36.19305447367292,36.41707137670718,62468000
2017-10-11,36.53140640258789,36.63174646571717,36.34472332346069,36.396061259237754,67622400
2017-10-12,36.40306091308594,36.72275332142957,36.34005461836037,36.484735871459215,64500400
2017-10-13,36.634090423583984,36.701761229970984,36.498745250125616,36.57341636197733,65576800
2017-10-16,37.308467864990234,37.33646907737966,36.78808826353238,36.84642649646579,96486000
2017-10-17,37.4461555480957,37.53949532220988,37.15679655124711,37.28514141116722,75989200
2017-10-18,37.280479431152344,37.50216766200701,37.243145651831576,37.43449328816146,65496800
2017-10-19,36.39839172363281,36.6550813899416,36.17437488820278,36.57807449004896,170336800
2017-10-20,36.461387634277344,36.81141695556641,36.393716865528376,36.54539481381401,95896400
2017-10-23,36.44273376464844,36.797431284478705,36.28638769831077,36.61074819190047,87937200
2017-10-24,36.659759521484375,36.73443063358927,36.449739674777824,36.47074059124317,71028800
2017-10-25,36.49873733520508,36.764759567229056,36.23271510318111,36.61541381522758,84828400
2017-10-26,36.73209762573242,36.83010546122834,36.58508409214639,36.690092232986,68002000
2017-10-27,38.0482063293457,38.17655118799871,37.03311938262583,37.17079679432446,177816800
2017-10-30,38.90460205078125,39.21962994088949,38.20454323781472,38.24421280993417,178803200
2017-10-31,39.44598388671875,39.5883293386976,38.95594479352543,39.17996164736133,144187200
2017-11-01,38.94427490234375,39.65600213426327,38.64558340184696,39.63966571812375,134551200
2017-11-02,39.228965759277344,39.319973270116144,38.56857646342304,38.87660407591348,165573600
2017-11-03,40.25338363647461,40.66408354419493,39.93135542796412,40.603413059400474,237594400
2017-11-06,40.66176986694336,40.83445240963094,40.07138692216622,40.223064983766015,140105200
2017-11-07,40.79244613647461,40.89512204827402,40.51009093971119,40.58242981556488,97446000
2017-11-08,41.12613296508789,41.12613296508789,40.68042789175957,40.75743480710038,97638000
2017-11-09,41.0421257019043,41.09346364541121,40.40273721684441,40.86244289963009,117930400
2017-11-10,40.90629196166992,41.07256975543336,40.81261664659578,41.009336952342,100582000
2017-11-13,40.74236297607422,40.86648439063693,40.60887188485511,40.6322925030115,67928400
2017-11-14,40.126434326171875,40.627604787255784,40.0889627691694,40.52455979224116,99130000
2017-11-15,39.59716033935547,39.88755953383596,39.433226751134306,39.80559095298327,116632400
2017-11-16,40.07023239135742,40.25055756737149,39.88287817128605,40.08896459722849,94550000
2017-11-17,39.84774398803711,40.13814318408658,39.7283074245773,40.05617460279103,87598000
2017-11-20,39.80794143676758,39.94377317876181,39.709581259492815,39.88054035998335,65049600
2017-11-21,40.547969818115234,40.679116659885615,39.99527700388048,39.99527700388048,100525200
2017-11-22,40.974212646484375,40.983578749293905,40.52690530078438,40.59950421138276,102355600
2017-11-24,40.9765510559082,41.10067245893679,40.901607943559625,41.00699714198535,56106800
2017-11-27,40.770469665527344,41.00232094806405,40.594825729101515,40.99529547648582,82867200
2017-11-28,40.53158950805664,40.953132024129054,40.24821576706764,40.819644513635296,105715200
2017-11-29,39.69083404541016,40.49645458741891,39.14751080740588,40.4285405227249,166665600
2017-11-30,40.24586486816406,40.313778922233666,39.44726992076248,39.91330934594225,166108800
2017-12-01,40.05851745605469,40.20371526243537,39.461327511948554,39.80090498652369,159037200
2017-12-04,39.76577377319336,40.426192880970966,39.72596159058653,40.39340616744277,130169600
2017-12-05,39.72830581665039,40.16858764399004,39.43790663235427,39.5924741130353,109400800
2017-12-06,39.58076095581055,39.85944981268893,38.983574632195534,39.2271325695482,114240000
2017-12-07,39.65336608886719,39.91565981954569,39.55734657192807,39.58544845064818,102693200
2017-12-08,39.66507339477539,40.046807262488294,39.53627073312778,39.92737070272112,93420800
2017-12-11,40.43790817260742,40.48943066785845,39.52924260925388,39.625262129811176,141095200
2017-12-12,40.21074295043945,40.372335910833776,40.1545391892479,40.316128576157915,77636800
2017-12-13,40.344234466552734,40.64165556869939,40.28100166104409,40.39809759610526,95273600
2017-12-14,40.332523345947266,40.54563880110214,40.199032267393896,40.374676166447735,81906000
2017-12-15,40.74236297607422,40.78920063890238,40.388734512214285,40.66273859191788,160677200
2017-12-18,41.31612777709961,41.49879714319126,40.950789044916306,40.9554738827219,117684400
2017-12-19,40.87584686279297,41.074911378985455,40.770461237419894,40.99060216399013,109745600
2017-12-20,40.831356048583984,41.08193950406594,40.57374354903755,40.95313325429273,93902400
2017-12-21,40.98591232299805,41.22244836664475,40.77280046605222,40.78919203651704,83799600
2017-12-22,40.98591232299805,41.0819318343104,40.86647577195255,40.90862858756254,65397600
2017-12-26,39.946102142333984,40.156873359855865,39.73766798317328,39.99996526263691,132742000
2017-12-27,39.95313262939453,39.995285448799734,39.744702017539055,39.83603669973451,85992800
2017-12-28,40.06554412841797,40.24587286250239,39.9250275820044,40.04680835066388,65920800
2017-12-29,39.63228988647461,39.95079097845605,39.62994925418604,39.934399405467246,103999600
2018-01-02,40.341888427734375,40.351258103264755,39.63931284929152,39.85008766691489,102223600
2018-01-03,40.334861755371094,40.87818856844172,40.27163252810483,40.40512002581769,118071600
2018-01-04,40.522216796875,40.6252617858804,40.299735247059225,40.407461500303675,89738400
2018-01-05,40.98357009887695,41.07021993214265,40.52689674675764,40.618231417181505,94640000
2018-01-08,40.831356048583984,41.126436533395285,40.73299231349569,40.831356048583984,82271200
2018-01-09,40.826663970947266,40.99762301388554,40.61120790656991,40.87818646172054,86336000
2018-01-10,40.81730270385742,40.81964690977428,40.51519673980712,40.55266829963054,95839600
2018-01-11,41.04913711547851,41.09831896425043,40.86412717168222,40.88754420684914,74670800
2018-01-12,41.4730339050293,41.536266705175215,41.13579706889646,41.2599184636559,101672400
2018-01-16,41.262264251708984,42.01167748658843,41.25055394405002,41.66273032986267,118263600
2018-01-17,41.94376754760742,41.97889490055717,40.99997454785581,41.252898636063065,137547200
2018-01-18,41.98122024536133,42.17794407069606,41.744687816836304,42.00698148597163,124773600
2018-01-19,41.79387283325195,42.056166522261215,41.54797071306402,41.82900017607158,129700400
2018-01-22,41.45196914672851,41.634638555394616,41.35829380968925,41.52222743625049,108434400
2018-01-23,41.4613151550293,42.02337762529229,41.40979624606809,41.52220731072736,130756400
2018-01-24,40.800907135009766,41.52221851030546,40.5620304313799,41.510508202321624,204420400
2018-01-25,40.07255935668945,40.97185501813943,39.93672768280118,40.868810053570165,166116000
2018-01-26,40.16624450683594,40.2809998043608,39.82666702550764,40.2809998043608,156572000
2018-01-29,39.334861755371094,39.850083072126374,39.126431167404846,39.850083072126374,202561600
2018-01-30,39.1030158996582,39.19669121606022,38.571399366691885,38.76577904303612,184192800
2018-01-31,39.21073913574219,39.44727518768578,38.99294243381661,39.07959227348799,129915600
2018-02-01,39.29270553588867,39.48942581837823,39.05382886516062,39.14984837452473,188923200
2018-02-02,37.587791442871094,39.063200793643205,37.49411613346626,38.875846601349544,346375200
2018-02-05,36.648677825927734,38.3793551679824,36.53392255197071,37.25991859617889,290954000
2018-02-06,38.180294036865234,38.34188697249856,36.06554208245456,36.259921731587134,272975200
2018-02-07,37.36296844482422,38.266949183640655,37.252901556247814,38.19435027749091,206434400
2018-02-08,36.33486557006836,37.70488937746302,36.30676369044482,37.53861158489397,217562000
2018-02-09,36.7792854309082,37.12730144027597,35.328431147610246,36.934483068564454,282690400
2018-02-12,38.26071548461914,38.53818682737063,37.03794995477904,37.27074644509429,243278000
2018-02-13,38.64400863647461,38.74041964665234,38.01146342597023,38.0820081550772,130196800
2018-02-14,39.356502532958984,39.396477041902536,38.3006961328428,38.338316878401834,162579600
2018-02-15,40.678035736083984,40.70154825718873,39.73979895428035,39.92556329964218,204588800
2018-02-16,40.546356201171875,41.108360431165536,40.391162058468495,40.52989779290932,160704400
2018-02-20,40.409950256347656,40.97665091411712,40.308835338520105,40.45697886526734,135722000
2018-02-21,40.22655487060547,40.94374956316199,40.21244305212163,40.64041184476822,149886400
2018-02-22,40.562801361083984,40.903763321580946,40.37703706692749,40.39819940650478,123967600
2018-02-23,41.26824569702149,41.303516266669185,40.807356587986256,40.83792680705018,135249600
2018-02-26,42.084197998046875,42.18295916461196,41.435194508596325,41.46811489745136,152648800
2018-02-27,41.94782257080078,42.43927834665941,41.89373983071523,42.11477831809199,155712400
2018-02-28,41.884334564208984,42.47220139152184,41.867876158832495,42.15240169394147,151128400
2018-03-01,41.15066146850586,42.27466210614424,40.6004191991454,41.9830789846112,195208000
2018-03-02,41.43520736694336,41.45636971176308,40.5510533552283,40.63335614693306,153816000
2018-03-05,41.57863998413086,41.79497451115357,41.03780187254719,41.20005366482767,113605600
2018-03-06,41.54336166381836,41.9148938321395,41.416384041050755,41.83494482565421,95154000
2018-03-07,41.157718658447266,41.35054063744195,40.979008492690134,41.136556320670735,126814000
2018-03-08,41.60685729980469,41.64918198316011,41.16713412291643,41.26354154213285,95096400
2018-03-09,42.32170867919922,42.32641261858986,41.71267949209813,41.84671485432314,128740800
2018-03-12,42.730857849121094,42.88840570474543,42.37578763015166,42.39459620832886,128828400
2018-03-13,42.31935119628906,43.14941874671563,42.14769511274194,42.93543439207039,126774000
2018-03-14,41.9595832824707,42.44868891385226,41.811439693661825,42.40166028523092,117473600
2018-03-15,42.00895690917969,42.38284289256637,41.87257497940292,41.973686339074305,90975200
2018-03-16,41.86080551147461,42.119464660505,41.76674470342024,42.008945453574206,157618800
2018-03-19,41.22121047973633,41.73147830463949,40.835570098387464,41.6962077406348,133787200
2018-03-20,41.20710372924805,41.57393196024154,41.13655901066005,41.20710372924805,78597600
2018-03-21,40.2735710144043,41.17182942442222,40.27121725135952,41.16007137335858,148219600
2018-03-22,39.70452117919922,40.60512987021308,39.645734505015064,39.974938445224794,165963200
2018-03-23,38.78509521484375,39.95612471407473,38.78509521484375,39.59635056920224,164115200
2018-03-26,40.62629699707031,40.703895839846645,39.13781793229658,39.5211082074498,150164800
2018-03-27,39.584598541259766,41.18594715292786,39.25069062472281,40.84028118261443,163690400
2018-03-28,39.14720916748047,39.97963023018597,38.84387159964719,39.32827307358012,166674000
2018-03-29,39.45290756225586,40.386440118710794,39.24597734680386,39.45996167523232,153594000
2018-04-02,39.19424819946289,39.72568201023475,38.67457602874525,39.18484391069471,150347200
2018-04-03,39.59635162353515,39.681004576821195,38.77098802003664,39.41999160319373,121112000
2018-04-04,40.35350799560547,40.44756519997915,38.74510611966997,38.77097238908058,138422000
2018-04-05,40.633358001708984,40.96961612270819,40.46405205931421,40.58162543108533,107732800
2018-04-06,39.593997955322266,40.55809716197049,39.55166968838654,40.203026977373334,140021200
2018-04-09,39.986690521240234,40.70153479373485,39.9396619065326,39.94671601933608,116070800
2018-04-10,40.739158630371094,40.915518624441965,40.33470609025764,40.680371965680806,113634400
2018-04-11,40.54869842529297,40.89671454438979,40.37468857171758,40.49931603844929,89726400
2018-04-12,40.948448181152344,41.150674496485806,40.689785363381375,40.77679208647928,91557200
2018-04-13,41.08718490600586,41.348197905710904,40.88025823467464,41.09894295948079,100497200
2018-04-16,41.343502044677734,41.43050519134326,41.11070547758743,41.15773410854029,86313600
2018-04-17,41.91254425048828,42.07714620383334,41.482225408708985,41.50103757309891,106421600
2018-04-18,41.8184814453125,42.04892775712022,41.59274265944586,41.8114273325075,83018000
2018-04-19,40.633358001708984,41.24238720635028,40.600437601135255,40.859096866198975,139235200
2018-04-20,38.968505859375,40.26181252512337,38.9003113167802,40.11602274007063,261964400
2018-04-23,38.85564041137695,39.25068512896264,38.58521956459875,39.22952278796063,146062000
2018-04-24,38.31480407714844,39.111951250892595,37.910351463939506,38.956753566929045,134768000
2018-04-25,38.48175811767578,38.89796880402129,38.19017849013432,38.23955729051611,113528400
2018-04-26,38.61578750610352,38.97085769595813,38.41591139583521,38.592271403229525,111852000
2018-04-27,38.16901779174805,38.64166141318096,37.77161925587139,38.56406256404047,142623200
2018-04-30,38.8603401184082,39.33063349139752,38.05613888116291,38.12433342955642,169709600
2018-05-01,39.763301849365234,39.786814362656344,38.86268970628452,39.1307567565656,214277600
2018-05-02,41.51985549926758,41.7973268894039,40.868498120583496,41.20475618707623,266157600
2018-05-03,41.595096588134766,41.73853620820341,41.01898793273085,41.357599730142326,136272800
2018-05-04,43.22702407836914,43.32578527502384,41.8960927170644,41.91490488614925,224805200
2018-05-07,43.539756774902344,44.12997360452288,43.443345782398595,43.54445712474156,169805600
2018-05-08,43.74903869628906,43.78901319964565,43.18938847318987,43.49978380003416,113611200
2018-05-09,44.05708312988281,44.066487418557294,43.55386936653684,43.86661488875496,92844800
2018-05-10,44.68727493286133,44.76487377033595,44.12527449301821,44.14644042182307,111957200
2018-05-11,44.51731872558594,44.86431758098543,44.24821793995877,44.729768989116714,104848800
2018-05-14,44.413448333740234,44.739203197154275,44.34499442861878,44.61645441353766,83115200
2018-05-15,44.00980758666992,44.1585224188313,43.69349681524123,44.090064898484975,94780800
2018-05-16,44.42053985595703,44.48663814070112,43.90594502489507,43.92247049655361,76732400
2018-05-17,44.1396369934082,44.592859196283385,43.990922163660606,44.37804968706794,69176000
2018-05-18,43.9791145324707,44.33319468202338,43.93662664343136,44.186842706146265,73190800
2018-05-21,44.29070663452149,44.67783411923844,44.12074787519311,44.378045251827345,73603200
2018-05-22,44.17974853515625,44.585760609979744,44.090047104101046,44.46773392780753,60962800
2018-05-23,44.46303176879883,44.496079110534765,43.849291305828515,43.98856559061362,80233600
2018-05-24,44.413448333740234,44.57632576544726,43.95550773688488,44.55980389947556,92936000
2018-05-25,44.51496124267578,44.76753656805543,44.29542965522852,44.43234109217511,69844000
2018-05-29,44.35444259643555,44.55508947322989,44.11130782679905,44.2836294416986,90056400
2018-05-30,44.260013580322266,44.37804028320312,44.090054840022695,44.311945617740975,74762000
2018-05-31,44.111305236816406,44.432338059704065,43.93898723392432,44.19392538167832,109931200
2018-06-01,44.90682220458984,44.91154068155099,44.319047652754115,44.375701793305176,93770000
2018-06-04,45.282127380371094,45.657451448657845,45.16882274882759,45.23727665487343,105064800
2018-06-05,45.631492614746094,45.780207443365335,45.40724255383238,45.574842090997706,86264000
2018-06-06,45.78963470458984,45.81324148389219,45.303365306827594,45.70701818080927,83734400
2018-06-07,45.66689682006836,45.84157404796199,45.402514536898195,45.827411418877574,85388800
2018-06-08,45.25143814086914,45.32225488450402,44.79585678682235,45.12633012126618,106627200
2018-06-11,45.140499114990234,45.31517996033656,44.89972719532468,45.168827977572434,73234000
2018-06-12,45.38834762573242,45.46624568023694,45.12160613017656,45.17826024305868,67644400
2018-06-13,45.0153923034668,45.52999069869376,44.95401970299873,45.421404526599694,86553600
2018-06-14,45.03899383544922,45.22075597971517,44.90208241786221,45.21603390272544,86440400
2018-06-15,44.57633209228515,44.8879243714088,44.439420660720806,44.85723627067669,246876800
2018-06-18,44.552730560302734,44.666035210598075,44.18920622118241,44.34972444416655,73939600
2018-06-19,43.832763671875,43.98383772878582,43.304002671742296,43.70293356002438,134314000
2018-06-20,44.02396774291992,44.18920443498189,43.84220558070689,43.98856116672441,82514800
2018-06-21,43.778472900390625,44.46066720310662,43.65572410212739,44.201006976374714,102847600
2018-06-22,43.65099334716797,43.94133801432939,43.59906131214541,43.9342567006344,108801600
2018-06-25,43.00185775756836,43.65100476323305,42.66194020375429,43.292202500663755,126652400
2018-06-26,43.53533172607422,44.0310453625436,43.08919089400755,43.19541781745774,98276800
2018-06-27,43.47159957885742,44.20808511168363,43.440911481026525,43.72417487042973,101141200
2018-06-28,43.78791809082031,43.95551763707772,43.38662791764364,43.45744467806071,69460800
2018-06-29,43.69585037231445,44.186841936704425,43.17653354905816,43.97439168953857,90950800
2018-07-02,44.18446731567383,44.212796168875904,43.29690795625998,43.39133146378604,70925200
2018-07-03,43.41495513916016,44.36625036510577,43.3252536651268,44.32848094426118,55819200
2018-07-05,43.76428985595703,44.00270604579164,43.49991125531254,43.73124253087647,66416800
2018-07-06,44.37096405029297,44.47954661231971,43.71709503292668,43.769027076292346,69940800
2018-07-09,44.987060546875,45.010663727390416,44.68491246191905,44.732122424839176,79026400
2018-07-10,44.93277740478515,45.15230539295992,44.892645147053265,45.017756794182795,63756400
2018-07-11,44.34971618652344,44.79821622843991,44.285980756772624,44.49606814931717,75326000
2018-07-12,45.093292236328125,45.18299370385362,44.68727999643058,44.739212045851666,72164400
2018-07-13,45.164100646972656,45.28448659280294,45.06259580481476,45.105087292800874,50055600
2018-07-16,45.064964294433594,45.47569498575742,44.949296809074376,45.208957040742106,60172400
2018-07-17,45.19242858886719,45.29157059753824,44.66130836977185,44.79113847703972,62138000
2018-07-18,44.9445686340332,45.27504557512844,44.83362324118064,45.27032349831427,65573600
2018-07-19,45.29393768310547,45.45209306427996,44.7769800450885,44.7769800450885,81147200
2018-07-20,45.19007110595703,45.42376170622383,44.89028222878679,45.270328411060994,82704800
2018-07-23,45.23020553588867,45.31282569115405,44.746295201955945,45.010673935781,63957600
2018-07-24,45.55831527709961,45.71411141659401,45.334065222797534,45.42848516085427,74791600
2018-07-25,45.987918853759766,45.99500016664423,45.42374784678138,45.57246262113224,66839600
2018-07-26,45.843936920166016,46.25703041090715,45.70230342544187,45.93835684872252,76304000
2018-07-27,45.08148193359375,46.07526843405152,44.87375736963597,46.02805846960155,96096000
2018-07-30,44.82892227172851,45.36948321663523,44.630638190775976,45.29866644432628,84118000
2018-07-31,44.91861343383789,45.3553137961586,44.694363356655685,44.92097627375873,157492000
2018-08-01,47.56476974487305,47.62614234463773,46.57570522201476,47.005324226036834,271742800
2018-08-02,48.95513153076172,49.18882577482681,47.293316600858624,47.34760789323687,249616000
2018-08-03,49.09675216674805,49.27379223190768,48.50425577680465,48.87013929851241,133789600
2018-08-06,49.3516960144043,49.39418390606156,48.87958911924481,49.09911709658689,101701600
2018-08-07,48.8890266418457,49.4531942025148,48.80640649955824,49.41070631349122,102349600
2018-08-08,48.92207336425781,49.054262708746734,48.27764850892958,48.638809968654485,90102000
2018-08-09,49.30683517456055,49.51928179307227,48.9102635909459,49.46026844327579,93970400
2018-08-10,49.159969329833984,49.531874656101,48.956251294479095,49.119699947958416,98444800
2018-08-13,49.477386474609375,49.97009991775016,49.20023584056539,49.58161480492085,103563600
2018-08-14,49.68585205078125,49.8777253230472,49.33289761698768,49.7829742500463,82992000
2018-08-15,49.80193710327149,49.920377780121854,49.34949285021765,49.5603171104304,115230400
2018-08-16,50.531524658203125,50.64759419111368,50.0932927726419,50.15961925273996,114001600
2018-08-17,51.54063415527344,51.6282790804215,50.49361923351846,50.559945708958374,141708000
2018-08-20,51.038448333740234,51.91964347624076,50.955538429933824,51.66381484377017,121150800
2018-08-21,50.93895721435547,51.44825421858862,50.69970838354848,51.35587064881938,104639200
2018-08-22,50.94131851196289,51.25163240145471,50.65469058107239,50.71628202538283,76072400
2018-08-23,51.045555114746094,51.41508938235087,50.83473089209865,50.8465720660557,75532800
2018-08-24,51.20427322387695,51.37956310869379,50.955547084733496,51.30850159567212,73905600
2018-08-27,51.62591552734375,51.81542130649859,51.2445364570589,51.43877726016409,82100400
2018-08-28,52.042816162109375,52.241795568558736,51.85804905404619,51.87936750162545,91107200
2018-08-29,52.81978988647461,52.940601659622544,51.97412554704755,52.14941539118895,109019200
2018-08-30,53.305397033691406,54.07052259742774,52.68239807693291,52.883748621636954,195175200
2018-08-31,53.921287536621094,54.21501801386973,53.53516988918056,53.65597804212751,173360400
2018-09-04,54.09420394897461,54.28844470000517,53.684400386764814,54.106048734719174,109560400
2018-09-05,53.74125671386719,54.40452504393614,53.32197943607939,54.24344750288081,133332000
2018-09-06,52.84821319580078,53.85495860116818,52.421826183564434,53.58964911882037,137160000
2018-09-07,52.42182540893555,53.38593029157221,52.28206632809369,52.55211082943275,150479200
2018-09-10,51.71829605102539,52.55211926147395,51.27769667661744,52.33892391703804,158066000
2018-09-11,53.02588653564453,53.13248240997228,51.2990196363506,51.64249683786099,142996000
2018-09-12,52.36734771728515,53.29828943782888,52.07598113256949,53.284077138968904,197114800
2018-09-13,53.63228988647461,54.09184013440997,52.722666665655694,52.94770315209747,166825600
2018-09-14,53.02350997924805,53.734153888023066,52.710828538938394,53.47595413532005,127997200
2018-09-17,51.611690521240234,52.812676640029984,51.46719280683929,52.62317090752562,148780400
2018-09-18,51.69697952270508,52.552121215029416,51.43166999184598,51.59038003926348,126286800
2018-09-19,51.7277717590332,52.023873403694104,51.000547999297495,51.75856748672499,108495200
2018-09-20,52.12099075317383,52.65397366389171,51.91253405811278,52.17073741523038,106435200
2018-09-21,51.55958938598633,52.436049554005606,51.47194083901891,52.29865795357762,384986800
2018-09-24,52.301021575927734,52.412356078089026,51.31559809726625,51.36060612339808,110773600
2018-09-25,52.632659912109375,52.78189629707581,52.042824137047674,52.05466892569171,98217600
2018-09-26,52.213382720947266,53.00219798957387,52.05704017447591,52.350774327132186,95938800
2018-09-27,53.28644943237305,53.63940388199553,52.95244592110499,53.01877601260641,120724800
2018-09-28,53.47359085083008,53.49727681428195,53.06615468842779,53.24855070364349,91717600
2018-10-01,53.83363342285156,54.34529780791127,53.61807422498351,53.997082069289064,94403200
2018-10-02,54.3121452331543,54.48270006163944,53.68441122173111,53.83127647394593,99152800
2018-10-03,54.9730339050293,55.30466621213199,54.430573813635746,54.494532763763075,114619200
2018-10-04,54.00656509399414,55.03936763401543,53.708092363669415,54.66746228417319,128168000
2018-10-05,53.130104064941406,54.10605745821215,52.25127648462719,53.99946159836693,134322000
2018-10-08,53.00693130493164,53.25091876301774,52.16126330037392,52.637397042763254,118655600
2018-10-09,53.74125671386719,53.836011397889386,52.64686631869246,52.97613116481118,107564000
2018-10-10,51.25163650512695,53.61808191451641,51.17820388289686,53.40725770912091,167962400
2018-10-11,50.79918670654297,51.995437821234155,50.29463206847561,50.8157701301122,212497600
2018-10-12,52.61370468139648,52.79610429097438,51.36533924220412,52.21337471372891,161351600
2018-10-15,51.488521575927734,52.54738131852214,51.467203125558655,52.388671274904624,123164000
2018-10-16,52.62317657470703,52.82215960325249,51.34638657960489,51.86041853976065,116736000
2018-10-17,52.39578628540039,52.739263519344114,51.95755434292293,52.65872472798235,91541600
2018-10-18,51.171112060546875,52.05231100307573,50.455729346015886,51.60697289257632,130325200
2018-10-19,51.950439453125,52.41235728414576,51.505101434232195,51.65433781599349,132314800
2018-10-22,52.26787185668945,52.90982194764495,51.862806745779054,52.06415373775935,115168400
2018-10-23,52.76057052612305,52.88374981323003,50.858413991095595,51.12609101465835,155071200
2018-10-24,50.950809478759766,53.11590490610076,50.82052401137417,52.729790757604945,163702000
2018-10-25,52.06651306152344,52.440785967945864,51.34402433755995,51.57143198729936,119423200
2018-10-26,51.237430572509766,52.158898768728534,50.37755021866404,51.14267587517956,189033600
2018-10-29,50.27568435668945,52.04044917639347,48.81886231052137,51.92200853594996,183742000
2018-10-30,50.52677917480469,50.97211353591535,49.57214787858827,50.01748223969893,146640000
2018-10-31,51.84383010864258,52.220470425672104,51.31321481162091,51.374806249426165,153435600
2018-11-01,52.63976287841797,52.67292611590215,51.35823417541894,51.888849589687624,233292800
2018-11-02,49.148136138916016,50.60969347566478,48.66252870134263,49.63848221504018,365314800
2018-11-05,47.75289535522461,48.41616364806583,46.94276182854421,48.394845200803,264654800
2018-11-06,48.26930236816406,48.49433887492205,47.77658884210814,47.83107052774979,127531600
2018-11-07,49.73322296142578,49.75928004625563,48.35457582053014,48.79043649902817,133697600
2018-11-08,49.55970001220703,49.94716125572578,49.14608713874183,49.9138823091573,101450400
2018-11-09,48.60411834716797,48.97018679479443,48.076406695494214,48.86084322856062,137463200
2018-11-12,46.15571975708008,47.505901849670465,46.06538963892169,47.30384878341077,204542000
2018-11-13,45.6945686340332,46.87122149943877,45.50915684322424,45.55194613263645,187531600
2018-11-14,44.4038200378418,46.2294142942447,44.19701177480759,46.09154332793302,243204000
2018-11-15,45.49966049194336,45.632776307756785,44.42759576583047,44.781781768510726,185915200
2018-11-16,46.00359344482422,46.34589328098323,45.03612451761562,45.28333905087855,147713200
2018-11-19,44.180362701416016,45.33086734458464,43.97355811893683,45.164472644478835,167701200
2018-11-20,42.06953430175781,43.13684385464393,41.720103471884805,42.39994806836374,271300800
2018-11-21,42.02198791503906,42.85158950837461,41.96731613231537,42.723225255034755,124496800
2018-11-23,40.954681396484375,41.97920521463513,40.90951995451612,41.58460933705691,94496000
2018-11-26,41.508541107177734,41.58698512821086,40.47213479849216,41.41821459606718,179994000
2018-11-27,41.41820526123047,41.544190095580014,40.61950696824367,40.76926040452482,165549600
2018-11-28,43.01085662841797,43.09405219512892,41.582230205975,42.01010503821361,184250000
2018-11-29,42.6804313659668,43.45298162818766,42.24067053508028,43.419702685054226,167080000
2018-11-30,42.44986724853515,42.86585597584638,42.08141936463273,42.856345630884306,158126000
2018-12-03,43.93317031860352,43.96169410234924,43.07504476195522,43.84759534023209,163210000
2018-12-04,42.00059509277344,43.35552893478612,41.90075824411287,43.01322909530219,165377200
2018-12-06,41.53231430053711,41.54657619066629,40.51016985805119,40.828697494715655,172393600
2018-12-07,40.051395416259766,41.47764246156186,40.00623034615046,41.23993462067818,169126400
2018-12-10,40.31525039672851,40.43172491488816,38.82482125087968,39.22179290135247,248104000
2018-12-11,40.08467102050781,40.83582497833246,39.69720611155068,40.8049254280497,189126800
2018-12-12,40.19639205932617,40.86672619637411,40.17737499929975,40.505409310138816,142510800
2018-12-13,40.63615036010742,41.02123948791272,40.30336086904943,40.52680679610269,127594400
2018-12-14,39.33588409423828,40.191633589540416,39.28834326163995,40.17261653107448,162814800
2018-12-17,38.96981048583984,40.018102570718185,38.68218250228622,39.32874789519536,177151600
2018-12-18,39.47614669799805,39.82319814808901,39.07679560054539,39.31212769156932,135366000
2018-12-19,38.24481964111328,39.80418271169766,37.81694474317627,39.45950702038024,196189200
2018-12-20,37.27972030639648,38.53481738866487,36.916027607962675,38.12833539369746,259092000
2018-12-21,35.82968521118164,37.59585553532501,35.56820888384878,37.286834760175154,382978400
2018-12-24,34.902645111083984,36.02462648734003,34.845593919582576,35.216417596506616,148676800
2018-12-26,37.360538482666016,37.37480037184857,34.876492432675754,35.252071232061816,234330000
2018-12-27,37.118072509765625,37.265453816149545,35.672812239071256,37.044383670140306,212468400
2018-12-28,37.137081146240234,37.68143393049469,36.73773386318466,37.438971007420975,169165600
2018-12-31,37.496036529541016,37.88112207522634,37.196522325444576,37.68382412991746,140014000
2019-01-02,37.538822174072266,37.75989235442373,36.661679652061515,36.81856769913238,148158800
2019-01-03,33.79967498779297,34.63878328935381,33.754509922344255,34.225170383128884,365248800
2019-01-04,35.242557525634766,35.31149481961843,34.18238275669409,34.35590843708306,234428400
2019-01-07,35.16411209106445,35.37805128112703,34.681565561258495,35.3471481073425,219111200
2019-01-08,35.8344612121582,36.088810372731615,35.30437368047146,35.55158826801926,164101200
2019-01-09,36.4429817199707,36.73298552202173,35.56821876942101,35.96281095519444,180396400
2019-01-10,36.55946350097656,36.59987339518637,35.860601928696866,36.25044260904651,143122800
2019-01-11,36.20051956176758,36.535688433017384,36.01510776642368,36.34076992153444,108092800
2019-01-14,35.65617370605469,35.95806365903001,35.47076189295389,35.858226807909084,129756800
2019-01-15,36.38594436645508,36.46200899658063,35.668065603886845,35.720361623969346,114843600
2019-01-16,36.83045196533203,37.053897907115854,36.369298192226466,36.388315253988246,122278800
2019-01-17,37.04914093017578,37.47701573113926,36.43109914799148,36.65454507889094,119284800
2019-01-18,37.27733612060547,37.52930578922707,37.07765882707049,37.43897567136917,135004000
2019-01-22,36.44060516357422,37.25594114742215,36.27896197923972,37.179876540248834,121576000
2019-01-23,36.58799362182617,36.877997503145814,36.060281878909066,36.642665414396035,92522400
2019-01-24,36.297977447509766,36.72109700768508,36.06978000885468,36.63314628936311,101766000
2019-01-25,37.500770568847656,37.58872489631177,36.68305901593863,36.95879722898449,134142000
2019-01-28,37.15372848510742,37.16085942867184,36.526180061507155,37.032495190246195,104768400
2019-01-29,36.76863861083984,37.58873337454473,36.633147058879665,37.14184157601951,166348800
2019-01-30,39.281211853027344,39.49514741075342,38.087917745132394,38.80579627840674,244439200
2019-01-31,39.564083099365234,40.172614429915,39.11719131662213,39.485639097471,162958400
2019-02-01,39.583099365234375,40.16785845546753,39.44284902258005,39.68769136566834,130672400
2019-02-04,40.707462310791016,40.8049233830398,39.76376201843734,39.79466519430484,125982000
2019-02-05,41.40393829345703,41.61787746612568,40.968936259342954,41.090165918195574,144406400
2019-02-06,41.41820526123047,41.73435704669742,41.08779158917797,41.51566269527601,112958400
2019-02-07,40.633785247802734,41.346908881840314,40.49115907014147,40.98083671850578,126966800
2019-02-08,40.68152618408203,40.74120801805574,40.206457474282914,40.34253380423419,95280000
2019-02-11,40.44756317138672,40.87250110070133,40.40459400749151,40.83430385989045,83973600
2019-02-12,40.79611587524414,40.82237602892357,40.51202975162763,40.60752287532111,89134000
2019-02-13,40.626609802246094,41.17568331587446,40.5645420161693,40.91547143544663,89960800
2019-02-14,40.77462387084961,40.88443638975765,40.43563153945899,40.514411986165825,87342800
2019-02-15,40.68391036987305,40.98948105506245,40.52396349892937,40.88205448713788,98507200
2019-02-19,40.80564498901367,40.92739821155372,40.46188082660561,40.5144011103114,75891200
2019-02-20,41.06825637817383,41.37621662946032,40.81998159348772,40.867726324078575,104457600
2019-02-21,40.836700439453125,41.149432689191315,40.65526896246121,41.01335999211996,68998800
2019-02-22,41.29266357421875,41.29982510218546,40.913088021224546,40.96083275523248,75652800
2019-02-25,41.59345626831055,41.98496889280759,41.526612916032235,41.576747251585715,87493600
2019-02-26,41.617332458496094,41.8488982409956,41.340407904190954,41.46932269171113,68280800
2019-02-27,41.746238708496094,41.7772744208693,41.23536246985703,41.34995418814767,111341600
2019-02-28,41.33561325073242,41.755775454335385,41.28070701464812,41.61492728048575,112861600
2019-03-01,41.770118713378906,41.81308788170758,41.273565459672234,41.60539628273946,103544800
2019-03-04,41.98020553588867,42.4337860392888,41.53139695670395,41.94200828602396,109744800
2019-03-05,41.9037971496582,42.01599925727172,41.667455842468,42.001676203991536,78949600
2019-03-06,41.66267776489258,41.894243472549874,41.524215532491105,41.69848539280309,83241600
2019-03-07,41.180450439453125,41.64358188519659,41.06586237992228,41.50750560481912,99185600
2019-03-08,41.27833938598633,41.31653662922078,40.464278397663925,40.66003653722328,95997600
2019-03-11,42.70831298828125,42.76083328628098,41.86083397800015,41.89425565466456,128044000
2019-03-12,43.18815231323242,43.60831100701947,42.82051026881575,42.97090961813976,129870400
2019-03-13,43.37913513183594,43.758710628242646,43.19053854298965,43.508046258708134,124130000
2019-03-14,43.86136245727539,43.94969402855419,43.58205197474232,43.90194565805139,94318000
2019-03-15,44.431922912597656,44.7207845418945,43.86375442838504,44.12874187114219,156171600
2019-03-18,44.88551712036133,44.97384507371518,44.35315251004904,44.35554211485768,104879200
2019-03-19,44.52980041503906,45.11707114202692,44.38417662471166,44.9642858245268,126585600
2019-03-20,44.918922424316406,45.236430119419495,44.100086022694995,44.458176915154105,124140800
2019-03-21,46.57330703735352,46.8693301940771,45.31282721306185,45.362961547719905,204136800
2019-03-22,45.608848571777344,47.19399759999864,45.54439118481218,46.63298702263183,169630800
2019-03-25,45.057395935058594,45.83087012477533,44.54651961316686,45.71866799234534,175381200
2019-03-26,44.59186935424805,46.045721333722135,44.064284077836106,45.75447374551605,199202000
2019-03-27,44.99293518066406,45.3008917993861,44.53457919508104,45.05977853422682,119393600
2019-03-28,45.0526123046875,45.25314234444775,44.768526260349205,45.107518558807506,83121600
2019-03-29,45.346248626708984,45.377284340493745,45.00964226896314,45.317602517178074,94256000
2019-04-01,45.654205322265625,45.75924226326848,44.97144517095689,45.74969477506426,111448000
2019-04-02,46.31787872314453,46.42291933375251,45.60885824423072,45.61840573488142,91062800
2019-04-03,46.63538360595703,46.90991856798124,46.11018058570054,46.13405477487213,93087200
2019-04-04,46.7165412902832,46.87887408970527,46.107786007072136,46.50168455596151,76457200
2019-04-05,47.02928161621094,47.05315580507173,46.77384163762163,46.897980862856144,74106400
2019-04-08,47.76933288574219,47.80036495686794,46.871715930873805,46.89081455147626,103526800
2019-04-09,47.62610626220703,48.42584434072872,47.56164885783874,47.82186443744027,143072800
2019-04-10,47.89348602294922,47.92213578570634,47.31099063032801,47.43035432085888,86781200
2019-04-11,47.49480438232422,47.984196166289586,47.37305474819613,47.94838852174903,83603200
2019-04-12,47.47570037841797,47.778885091039584,46.840688483477834,47.55448083017114,111042800
2019-04-15,47.561641693115234,47.70965510465262,47.270394078957786,47.40647039627106,70146400
2019-04-16,47.56641387939453,48.07251458286473,47.40169146179994,47.616548214497456,102785600
2019-04-17,48.492679595947266,48.55236142338571,47.413631135907046,47.63564578548703,115627200
2019-04-18,48.66695022583008,48.73617954389049,48.34705650031418,48.49029070265323,96783200
2019-04-22,48.826904296875,48.924783384004826,48.304090820834,48.421068532966494,77758000
2019-04-23,49.53114318847656,49.5956005846408,48.676498948258654,48.80302413607264,93292000
2019-04-24,49.454742431640625,49.7698605357806,49.428482286071535,49.50248715739649,70162400
2019-04-25,49.00593948364258,49.59798216323231,48.96774224168466,49.37596752439472,74172800
2019-04-26,48.77199172973633,48.93910012357154,48.25156428300405,48.915225934728035,74596400
2019-04-29,48.84598922729492,49.170658475934694,48.66694376611907,48.79585489538242,88818800
2019-04-30,47.9054069519043,48.55713146228483,47.53299294597256,48.475965054364224,186139600
2019-05-01,50.25687026977539,51.400372389710334,49.948910024794905,50.10408494939952,259309200
2019-05-02,49.9298095703125,50.765355057263776,49.686310365422955,50.094531977713174,127985200
2019-05-03,50.550506591796875,50.57199117489854,50.1876400699806,50.34520096477196,83569600
2019-05-06,49.76986312866211,49.85580509657565,48.581002274765794,48.76959522626785,129772400
2019-05-07,48.4282341003418,49.516830317438014,47.94361783389493,49.14919177287819,155054800
2019-05-08,48.43777084350586,49.02026607598343,48.1632358878382,48.19904352807667,105358000
2019-05-09,47.91735076904297,48.14652696976291,46.94811837589107,47.8409562736763,139634400
2019-05-10,47.25351333618164,47.65372636341714,46.19667464275827,47.31102983477809,164834800
2019-05-13,44.507179260253906,45.40824941119822,43.819394496538976,44.98407744370745,229722400
2019-05-14,45.21173858642578,45.46096949743799,44.43288696152573,44.67253361534113,146118800
2019-05-15,45.75333786010742,45.95224501789583,44.57907074085087,44.63898240319493,106178800
2019-05-16,45.552024841308594,46.12478005237358,45.25486174953752,45.51128535930009,132125600
2019-05-17,45.29320526123047,45.748532317042915,44.75639558616082,44.79713506743105,131516400
2019-05-20,43.87690353393555,44.17886064816322,43.203497043820846,43.979953493197925,154449200
2019-05-21,44.71806716918945,45.05357102262831,44.262736331845005,44.387353616001334,113459200
2019-05-22,43.8026008605957,44.504767229637714,43.74748317200659,44.2531375935412,118994400
2019-05-23,43.0549201965332,43.26580677264261,42.611572408898915,43.08847058296319,146118800
2019-05-24,42.889556884765625,43.64923624926381,42.80567910310189,43.18432121043186,94858800
2019-05-28,42.712215423583984,43.277781584642646,42.63553040781726,42.877572173999866,111792800
2019-05-29,42.508522033691406,42.980626205477755,42.17780850142833,42.278459651091545,113924800
2019-05-30,42.7289924621582,42.9518620603252,42.33836730703267,42.64511468367893,84873600
2019-05-31,41.95492935180664,42.65469694054403,41.93575718621863,42.23291661104111,108174400
2019-06-03,41.53075408935547,42.637920146638415,40.80462522623916,42.08194196855472,161584400
2019-06-04,43.05011367797851,43.09564711557272,41.82312429602288,42.04359872204823,123872000
2019-06-05,43.745094299316406,44.33223146910396,43.40959047948128,44.16208075258354,119093600
2019-06-06,44.387351989746094,44.44726365114498,43.65163503254328,43.87450831444031,90105200
2019-06-07,45.56879425048828,45.99296970724989,44.51914475060425,44.69648087377006,122737600
2019-06-10,46.15113830566406,46.81975064752679,45.921075982448805,45.966609417220745,104883600
2019-06-11,46.68556594848633,46.970746063230806,46.395595533306974,46.6975490130093,107731600
2019-06-12,46.536983489990234,46.96355423391582,46.34526543888805,46.47946697764428,73012800
2019-06-13,46.52739334106445,47.16006031960597,46.395590615436326,46.65919972341008,86698400
2019-06-14,46.18949508666992,46.393192538300454,45.604756695226875,45.90431499766962,75046000
2019-06-17,46.465084075927734,46.72150772045912,46.052891587494855,46.22783260024407,58676400
2019-06-18,47.55788803100586,47.99883709203147,46.781435044573485,46.982737399817545,106204000
2019-06-19,47.41887283325195,47.90056485236439,47.284671318756736,47.8526326057158,84496800
2019-06-20,47.7999267578125,48.07551896764703,47.45723011570515,48.01800245000662,86056000
2019-06-21,47.636962890625,48.133033233178,47.48598432433185,47.6417568477169,191202400
2019-06-24,47.58902359008789,47.967665667422615,47.49076760374368,47.57943567805981,72881600
2019-06-25,46.86769485473633,47.751987879310825,46.80059043176467,47.55308073051549,84281200
2019-06-26,47.88139724731445,48.16657732114802,47.29426373709572,47.39491488255744,104270000
2019-06-27,47.86702346801758,48.30557727889453,47.82628397608489,47.99882620091607,83598800
2019-06-28,47.43086624145508,47.809508400930234,47.22237481857817,47.61299638561164,124442400
2019-07-01,48.30077362060547,49.00533521929681,48.08508948363142,48.68899994775499,109012000
2019-07-02,48.58356094360352,48.67942179095116,48.25524622614172,48.26722928914985,67740800
2019-07-03,48.98616409301758,48.99335319873109,48.57397163409649,48.71536225541835,45448000
2019-07-05,48.94303894042969,49.14674007490686,48.6243084269404,48.73215235502716,69062000
2019-07-08,47.93412399291992,48.26483388360054,47.54829273986113,48.12344323760648,101354400
2019-07-09,48.22648620605469,48.29118815938511,47.644143029060785,47.73760506281078,82312000
2019-07-10,48.70338439941406,48.823207716402926,48.30317495947734,48.37267453109264,71588400
2019-07-11,48.34871292114258,48.98137994767097,48.339128663843894,48.722561119993294,80767200
2019-07-12,48.72016143798828,48.88791335049453,48.45654867782315,48.51646033634091,70380800
2019-07-15,49.177886962890625,49.336050960909304,48.8879129292078,48.90948024847616,67789600
2019-07-16,49.00773620605469,49.393567429544646,48.76808957424024,49.02930352530581,67467200
2019-07-17,48.732147216796875,49.149130043019106,48.71297504619667,48.89989913865166,56430000
2019-07-18,49.28572082519531,49.33844336993761,48.81601187841402,48.88790659003687,74162400
2019-07-19,48.550010681152344,49.48702989725492,48.49489297923967,49.31687917824089,83717200
2019-07-22,49.65958404541016,49.66197919573005,48.79445940658343,48.80404366458104,89111600
2019-07-23,50.04780960083008,50.064586622926434,49.67635653161258,49.95674635295181,73420800
2019-07-24,50.00706481933594,50.12209418470075,49.647594852943,49.76741817507398,59966400
2019-07-25,49.61164855957031,50.14366439422553,49.542148986036345,50.05978660733076,55638400
2019-07-26,49.784202575683594,50.26109712816312,49.64041310512323,49.721892098638975,70475600
2019-07-29,50.24909973144531,50.47916208738292,49.95194027355907,49.95673422966865,86693600
2019-07-30,50.03343200683594,50.36414558513368,49.68115110561913,50.02863804950347,135742800
2019-07-31,51.05431365966797,53.05057041741711,50.63733088652627,51.86432039500686,277125600
2019-08-01,49.94953918457031,52.25014801194559,49.54453950138715,51.26040638177914,216071600
2019-08-02,48.89271545410156,49.470261159344595,48.31996004950161,49.25458061542855,163448400
2019-08-05,46.333282470703125,47.60580559815315,46.15115233297481,47.447641588131205,209572000
2019-08-06,47.210391998291016,47.466815679597666,46.50103627606136,47.0450352178922,143299200
2019-08-07,47.69926452636719,47.82388180019968,46.44831245834072,46.829349729619025,133457600
2019-08-08,48.75130844116211,48.77527456500826,47.783137739281464,47.97725090959715,108038000
2019-08-09,48.349586486816406,48.7753700310641,47.940636364989096,48.42415862155094,98478800
2019-08-12,48.22689056396485,48.60456700562151,47.90694915273637,48.020011293193434,89927600
2019-08-13,50.269229888916016,51.031795643671664,48.22689828437496,48.356801205981334,188874000
2019-08-14,48.77296829223633,49.66062487459382,48.73447826245235,48.87159761707856,146189600
2019-08-15,48.529998779296875,49.3478915876303,48.03204373725205,48.94375735403797,108909600
2019-08-16,49.675048828125,49.833817419611805,49.035165962273794,49.14101168993166,110481600
2019-08-19,50.601200103759766,51.17372364887826,50.5242200506216,50.66614789415775,97654400
2019-08-20,50.60359954833984,51.32286671027369,50.59397887791668,50.72869028750456,107537200
2019-08-21,51.15208053588867,51.395041975423894,50.90190267433042,51.23627702030587,86141600
2019-08-22,51.10877990722656,51.585082094265125,50.69742551573104,51.2843856202691,89014800
2019-08-23,48.74649810791016,51.01014164863292,48.35198454994893,50.37987945350891,187272000
2019-08-26,49.67264938354492,49.841038661740455,49.32865073537815,49.521097197863455,104174400
2019-08-27,49.112152099609375,50.16819791599971,48.96059990979167,50.00221288345861,103493200
2019-08-28,49.44171142578125,49.48741787220754,48.910082172512254,49.09771645844376,63755200
2019-08-29,50.27885818481445,50.35343399884403,49.71355097691558,50.156175336347125,83962000
2019-08-30,50.21390151977539,50.62525219652797,49.84344144801472,50.55549223711403,84573600
2019-09-03,49.48260116577149,49.79051400013365,49.1265776392797,49.658206843819315,80092000
2019-09-04,50.32215118408203,50.391911143051544,49.87231048470653,50.12970472847496,76752400
2019-09-05,51.3060302734375,51.47201529946035,50.88024307676292,50.99811740539344,95654800
2019-09-06,51.30121994018555,51.5802671339122,51.12080206554331,51.491262157017566,77449200
2019-09-09,51.52013397216797,52.06619983215983,50.77440887062121,51.681306852217865,109237600
2019-09-10,52.12873458862305,52.14797960143516,50.92835673818088,51.445553151541986,127111600
2019-09-11,53.786170959472656,53.81504031277517,52.376505948455474,52.45829816710009,177158400
2019-09-12,53.665889739990234,54.46694543066619,53.61056262735679,54.077244051108906,128906800
2019-09-13,52.62187576293945,53.11261072641425,52.205712927533845,52.922572195870536,159053200
2019-09-16,52.89852142333984,52.953852216544,52.33561851362574,52.37651279298673,84632400
2019-09-17,53.09096145629883,53.11983080987123,52.71088072465714,52.91295151722097,73274800
2019-09-18,53.588924407958984,53.60816942297296,52.78786855223211,53.17757001208415,101360000
2019-09-19,53.15351486206055,53.82707201378475,53.011583339522566,53.40609695865153,88242400
2019-09-20,52.37651443481445,53.538406069355176,52.313970888644974,53.25455035526527,221652400
2019-09-23,52.61465835571289,52.88408117997222,52.357260452056735,52.66998547056386,76662000
2019-09-24,52.36448669433594,53.52156984690006,52.24661602191957,53.170354738877656,124763200
2019-09-25,53.170352935791016,53.283415103474375,52.23458565709621,52.57377216014629,87613600
2019-09-26,52.89611053466797,53.14869627136216,52.641120547940574,52.92257196747614,75334000
2019-09-27,52.63872146606445,53.153513660739534,52.26826137037772,53.05247641965326,101408000
2019-09-30,53.87758255004883,54.02432255121269,53.112608941660135,53.13907037369331,103909600
2019-10-01,54.026737213134766,54.89996096790545,53.93292005795694,54.14220730459312,139223200
2019-10-02,52.67240524291992,53.78377831366892,52.42462795411642,53.658687543997424,138449200
2019-10-03,53.119842529296875,53.153520390385815,51.75107147751879,52.5449072989882,114426000
2019-10-04,54.60887908935547,54.72434916797866,53.85834193135936,54.27931695765273,138478800
2019-10-07,54.62091445922851,55.31131241342496,54.32743439654604,54.430875895988905,122306000
2019-10-08,53.98102569580078,54.86146578985083,53.96418860317499,54.32262009604962,111820000
2019-10-09,54.61369705200195,54.79651918996035,54.27932271391052,54.61369705200195,74770400
2019-10-10,55.34979248046875,55.433988949262805,54.67863966258363,54.830188167557914,113013600
2019-10-11,56.8220100402832,57.1660050272492,55.88383488648209,56.03779132655972,166795600
2019-10-14,56.74021911621094,57.28388067537885,56.451551243265854,56.50687836518263,96427600
2019-10-15,56.60791015625,57.168405084190226,56.50206442322086,56.86530439737924,87360000
2019-10-16,56.37937927246094,56.58866649343661,56.09792784143595,56.138822117334186,73903200
2019-10-17,56.5982780456543,56.80756156230005,56.17489884226453,56.55257160624654,67585200
2019-10-18,56.87010955810547,57.15156094772519,56.360125968246784,56.43229383829013,97433600
2019-10-21,57.85641098022461,57.97188107932369,57.0890365938188,57.13714729980429,87247200
2019-10-22,57.72409439086914,58.26294004892027,57.64230217153431,58.01276223205521,82293600
2019-10-23,58.49869537353515,58.513131888167614,58.027205339327395,58.23889683993331,75828800
2019-10-24,58.59492111206055,58.88840117916926,58.169133855581286,58.81863753813231,69275200
2019-10-25,59.31659698486328,59.352679097937674,58.42653604644834,58.49389177126169,73477200
2019-10-28,59.91075897216797,59.95886966807034,59.3502603719089,59.51864964287259,96572800
2019-10-29,58.525146484375,60.079147263907565,58.351948716071576,59.891512983519,142839600
2019-10-30,58.51792907714844,59.00866770266938,58.024789872236575,58.87876479036825,124522000
2019-10-31,59.84099578857422,59.93962510180534,57.07458854156934,59.47535156050555,139162000
2019-11-01,61.53933334350586,61.56579110685089,59.937221805325485,60.02863102849158,151125200
2019-11-04,61.94347381591797,62.02767029711615,61.43349376919417,61.90257586520256,103272000
2019-11-05,61.85446548461914,62.109455494173645,61.65961476677508,61.8352168001874,79897600
2019-11-06,61.88092041015625,61.94105969910756,61.43107970339588,61.7678582532789,75864400
2019-11-07,62.59510040283203,62.817080646083845,62.27660989161651,62.428617061208534,94940400
2019-11-08,62.76642608642578,62.83880696047028,61.97261480584435,62.41656801426399,69986400
2019-11-11,63.26344299316406,63.328585761203776,62.31762478388764,62.32244771969255,81821200
2019-11-12,63.20554733276367,63.4058133511267,62.954622067164166,63.10662189866163,87388800
2019-11-13,63.811134338378906,63.88593032947314,62.99078622223404,63.00526239062263,102734400
2019-11-14,63.36961364746094,63.91007704911143,63.23932073339819,63.63743019848044,89182800
2019-11-15,64.1224136352539,64.12723657232394,63.45889530662177,63.62054837598867,100206400
2019-11-18,64.44572448730469,64.5253434436311,63.75325383820071,64.13205687234594,86703200
2019-11-19,64.25028228759766,64.66286792796207,64.03313233810385,64.63873851951571,76167200
2019-11-20,63.50232696533203,64.19962061440714,62.82915536606073,64.06933503771958,106234400
2019-11-21,63.21760559082031,63.70016429647717,63.01733960454627,63.62295313638931,121395200
2019-11-22,63.16211700439453,63.49990667017315,62.9353137938155,63.357552716854386,65325200
2019-11-25,64.26958465576172,64.28647597885696,63.34065760793023,63.38650127732471,84020400
2019-11-26,63.76772689819336,64.46019751348283,63.33583476323734,64.40711575743649,105207600
2019-11-27,64.62425994873047,64.65804259195393,64.01382349032718,64.07896626377921,65235600
2019-11-29,64.48191833496094,64.66287788127046,64.15618967895124,64.3250882008119,46617600
2019-12-02,63.736366271972656,64.72319812020456,63.565059962147224,64.48674166082677,94487200
2019-12-03,62.59993743896485,62.61923654932985,61.83749372245772,62.32487541424331,114430400
2019-12-04,63.1524772644043,63.531287746359645,62.89672165113529,62.99082416560462,67181600
2019-12-05,64.0789794921875,64.15378288001588,63.39133909623157,63.64709466989342,74424400
2019-12-06,65.3167495727539,65.38672266610301,64.49398586889878,64.53742176047683,106075600
2019-12-09,64.40229797363281,65.33845582103804,63.917324043827655,65.14543525447796,128042400
2019-12-10,64.77869415283203,65.16232750452161,64.14653595735392,64.80764650190102,90420400
2019-12-11,65.33123016357422,65.41085650079509,64.7835284952276,64.85832453124478,78756800
2019-12-12,65.4977035522461,65.76311236364234,64.49881066987119,64.60979713163219,137310400
2019-12-13,66.38800811767578,66.42419854558163,65.36980902077869,65.49768677488672,133587600
2019-12-16,67.52445220947266,67.74884765705623,66.82957369318359,66.83439663061318,128186000
2019-12-17,67.65715026855469,67.98528668341874,67.26868664682006,67.45447647762181,114158400
2019-12-18,67.4954833984375,68.0166476810069,67.34589137870454,67.50995957045932,116028400
2019-12-19,67.56305694580078,67.84294194171301,67.3048935762057,67.43759430484558,98369200
2019-12-20,67.42311096191406,68.19761571489019,67.21078392805164,68.09628249807736,275978000
2019-12-23,68.52335357666016,68.58367343016074,67.64750812570958,67.68611371554155,98572000
2019-12-24,68.5885009765625,68.7381004084377,68.26277963638277,68.68984157708908,48478800
2019-12-26,69.94928741455078,69.96617873386037,68.69222423937535,68.72117657918585,93121200
2019-12-27,69.9227523803711,70.9288905053271,69.51740484131803,70.24124288816766,146266000
2019-12-30,70.33777618408203,70.62007635461508,68.8177187333269,69.84074115157411,144114400
2019-12-31,70.8516845703125,70.8589226567842,69.85519960755771,69.9541250315122,100805600
2020-01-02,72.46826934814453,72.5285891982157,71.22326675908423,71.47660718407792,135480400
2020-01-03,71.76371765136719,72.52374615608241,71.53932961570813,71.6961597256872,146322800
2020-01-06,72.33554077148438,72.3741463481867,70.63452442658405,70.88545699351877,118387200
2020-01-07,71.99537658691406,72.60098298229356,71.77581141002224,72.34522736157655,108872000
2020-01-08,73.15348052978516,73.45507969178227,71.69856646684151,71.69856646684151,132079200
2020-01-09,74.70732879638672,74.90034933748393,73.8797423656215,74.13066759639553,170108400
2020-01-10,74.87621307373047,75.44081319943417,74.37435529486838,74.94136320691373,140644800
2020-01-13,76.47589874267578,76.50244329938738,75.07406634437707,75.19229822984673,121532000
2020-01-14,75.4432144165039,76.62307380074168,75.32016697292072,76.41316197489823,161954400
2020-01-15,75.11991882324219,76.12364189473249,74.6880266854858,75.2429736592525,121923600
2020-01-16,76.06087493896484,76.17186870503294,75.30084670891425,75.662765614963,108829200
2020-01-17,76.9029769897461,76.90538477645106,76.00300228022495,76.30942443229468,137816400
2020-01-21,76.38182067871094,76.97295078497612,76.2442896548719,76.53141272712692,110843200
2020-01-22,76.65445709228516,77.20698153576836,76.56035460570881,76.86677674803076,101832400
2020-01-23,77.02362060546875,77.1032395625604,76.15983628507468,76.70754520066748,104472000
2020-01-24,76.80162811279297,78.01284778014684,76.61101536754971,77.26971063356069,146537600
2020-01-27,74.54327392578125,75.22367624090043,73.56126499598109,74.81109052667422,161940000
2020-01-28,76.65203857421875,76.82334485387435,75.32500212699546,75.42392754574348,162234000
2020-01-29,78.25655364990234,79.103446634538,77.54236874294361,78.28309821074268,216229200
2020-01-30,78.14315032958984,78.19623208684209,76.90780110255082,77.33969324731856,126743200
2020-01-31,74.67838287353516,77.85602816826189,74.38402173692818,77.43378925544725,199588400
2020-02-03,74.4732894897461,75.63866557981345,72.91944979414838,73.42130763220082,173788400
2020-02-04,76.93192291259766,77.1225356625265,75.67244439973094,76.07779194419663,136616400
2020-02-05,77.55924987792969,78.35788393608293,76.95605150390088,78.05869253554688,118826800
2020-02-06,78.46646118164062,78.4688763315637,77.27213272836197,77.82948747921107,105425600
2020-02-07,77.39989471435547,78.2149347676415,76.90893545307632,77.96582750464246,117684000
2020-02-10,77.76752471923828,77.76752471923828,75.905268338878,75.98507626887303,109348800
2020-02-11,77.29830169677734,78.335848675863,77.08063640806871,78.26329603987216,94323200
2020-02-12,79.13399505615234,79.13882944016846,77.7481801290524,77.7481801290524,113730400
2020-02-13,78.57047271728516,78.89697445434517,78.20286026576835,78.4060150979807,94747600
2020-02-14,78.58979797363281,78.8389051991665,78.08190737748309,78.53900374750255,80113600
2020-02-18,77.1507797241211,77.3321687046637,76.08904601525819,76.2704349958008,152531200
2020-02-19,78.26815032958984,78.49791270322793,77.39264718918032,77.39264718918032,93984000
2020-02-20,77.46520233154297,78.517260139207,76.95973247404322,78.02872169520079,100566000
2020-02-21,75.71178436279297,77.50149550977896,75.09506456264181,77.05890210716204,129554000
2020-02-24,72.11543273925781,73.56654484289926,69.950861613102,71.8929330165793,222195200
2020-02-25,69.67272186279297,73.16748626275555,69.20111488480276,72.7853633450679,230673600
2020-02-26,70.77799224853516,72.04288097148186,69.29060380017634,69.29785906555418,198054800
2020-02-27,66.15135955810547,69.16967532004576,66.01592302206369,67.98460193931137,320605600
2020-02-28,66.1126480102539,67.33400483239866,62.00358558614566,62.2188373725417,426510000
2020-03-02,72.2677993774414,72.90387135222704,67.16714131154524,68.26998589980724,341397200
2020-03-03,69.97261810302734,73.52300347304629,69.12129439177312,73.44319556548463,319475600
2020-03-04,73.2182846069336,73.37790783984885,70.89409003325196,71.69461969933852,219178400
2020-03-05,70.8432846069336,72.44675702043206,70.47808575850526,71.47209384482164,187572800
2020-03-06,69.9024887084961,70.3354058888164,68.01604591388242,68.20226931131931,226176800
2020-03-09,64.37374114990234,67.25661245643286,63.60706716882261,63.78845614363864,286744800
2020-03-10,69.01005554199219,69.27609424415243,65.14767842910632,67.02687337652254,285290000
2020-03-11,66.61328887939453,68.01361390598325,65.74987554201819,67.08732407289723,255598800
2020-03-12,60.0349235534668,65.30004285714023,59.9792986243362,61.8996041788163,418474000
2020-03-13,67.22760772705078,67.69922212839465,61.176469024415624,64.06418648557232,370732000
2020-03-16,58.5789680480957,62.65900596438449,58.044473563602175,58.51608417323279,322423600
2020-03-17,61.15469741821289,62.30349073818724,57.65751584296428,59.860787730415886,324056000
2020-03-18,59.65763473510742,60.4630023695136,57.34794730651824,57.98885734585637,300233600
2020-03-19,59.20053482055664,61.149861434253346,58.67571640074359,59.83176871542281,271857200
2020-03-20,55.44215393066406,60.90558973701077,55.14225612147072,59.78097572031221,401693200
2020-03-23,54.26433563232422,55.26318563901528,51.420157253571155,55.16160823517076,336752800
2020-03-24,59.70843124389648,59.90433080067905,56.6659322179662,57.16414681678831,287531200
2020-03-25,59.37949752807617,62.4582721154087,59.08443782537024,60.64438231534842,303602000
2020-03-26,62.50423431396485,62.56227643476942,59.58266157820947,59.621358785658394,252087200
2020-03-27,59.91642379760742,61.882678310331166,59.74954530489737,61.1281011506361,204216800
2020-03-30,61.62630844116211,61.79802498746447,60.31788821611853,60.6419727055928,167976400
2020-03-31,61.50054931640625,63.48373516730324,60.94670980739506,61.81737856650545,197002000
2020-04-01,58.26457214355469,60.15343586559381,57.83407583491139,59.6165240756465,176218400
2020-04-02,59.23680877685547,59.290016512254034,57.29473750591379,58.12670897901646,165934000
2020-04-03,58.3854866027832,59.423029959454176,57.79536718895445,58.72166070290784,129880000
2020-04-06,63.47888946533203,63.63367089449897,60.31304793384269,60.68066028625878,201820400
2020-04-07,62.7436408996582,65.71116863752725,62.63964634698357,65.49349600818158,202887200
2020-04-08,64.34957122802734,64.6639759139237,63.17900829152558,63.54419983698464,168895200
2020-04-09,64.81392669677734,65.31698307985819,64.0182387887634,64.98564696158498,161834800
2020-04-13,66.08607482910156,66.19491120746524,64.29152931174313,64.89132507247314,131022800
2020-04-14,69.4236068725586,69.71383219653002,67.24693908498263,67.71855339125206,194994800
2020-04-15,68.78998565673828,69.24950313468595,67.87095070084293,68.29902622732885,131154400
2020-04-16,69.33655548095703,69.7017543891835,68.28691861079514,69.50343396347523,157125200
2020-04-17,68.3957290649414,69.39942057020734,66.95912787977822,68.8528327969187,215250000
2020-04-20,66.97607421875,68.12487124671051,66.95672930580358,67.22276798842614,130015200
2020-04-21,64.90582275390625,67.05346978399236,64.19477725392538,66.81887303902265,180991600
2020-04-22,66.77532958984375,67.2106601783122,65.83210839433792,66.17311317288764,116862400
2020-04-23,66.51655578613281,68.14180153410112,66.47785858014103,66.71971058203668,124814400
2020-04-24,68.43685150146484,68.44652764676574,66.99299496104605,67.04136830681426,126161200
2020-04-27,68.48524475097656,68.81658086164907,67.70648089449013,68.1539012595656,117087600
2020-04-28,67.37513732910156,69.1285646001926,67.28323975471295,68.94717557214871,112004800
2020-04-29,69.58808135986328,70.05727484881541,68.65937052894684,68.86252533126566,137280800
2020-04-30,71.05612182617188,71.2326764610738,69.7380327214539,70.12741093803704,183064000
2020-05-01,69.91217041015625,72.31375937660403,69.13340655240944,69.23014589148127,240616800
2020-05-04,70.90133666992188,71.02951794095532,69.24706979478302,69.93634950460861,133568000
2020-05-05,71.96546173095703,72.79743298409119,71.21571925065486,71.36083188889647,147751200
2020-05-06,72.70796203613281,73.33919216211522,72.28230018886588,72.6668439519477,142333600
2020-05-07,73.46012878417969,73.80598277550787,73.03205337405477,73.33436839325711,115215200
2020-05-08,75.20860290527344,75.26195467448645,73.79236468701193,74.11975020715006,133838400
2020-05-11,76.39202880859375,76.88673708897407,74.50774723825187,74.71630682370795,145946400
2020-05-12,75.51901245117188,77.52696763422976,75.39775910098548,77.07590132316346,162301200
2020-05-13,74.60718536376953,76.61999543008798,73.53045501521297,75.69846552238357,200622400
2020-05-14,75.06554412841797,75.1261708180673,73.12306262382332,73.84573542870217,158929200
2020-05-15,74.62173461914062,74.6678114842192,72.80293436830361,72.83688885866347,166348400
2020-05-18,76.37989807128906,76.75336041216173,75.25467098028571,75.94581646414036,135178400
2020-05-19,75.93856048583984,77.24324046806854,75.90703342703199,76.39689435415646,101729600
2020-05-20,77.41541290283203,77.48573451404336,76.75821444789756,76.79701640617802,111504800
2020-05-21,76.83824157714844,77.8179706179206,76.60058237100931,77.27717806754521,102688800
2020-05-22,77.33297729492188,77.41542869782153,76.47450136951518,76.57635005515425,81803200
2020-05-26,76.80915832519531,78.63037881290926,76.75337911371359,78.45092620311642,125522000
2020-05-27,77.14380645751953,77.28931196459057,75.92642542981746,76.66607534046294,112945200
2020-05-28,77.17776489257812,78.43637538186252,76.54239845998111,76.81885227689466,133560800
2020-05-29,77.10256958007812,77.88101390169892,76.74608448687897,77.42025271883264,153532400
2020-06-01,78.0508041381836,78.17205752121612,76.9255691912965,77.05652491717301,80791200
2020-06-02,78.41212463378906,78.43637678676062,77.34266907399055,77.78403309563147,87642800
2020-06-03,78.84378051757812,79.10569190926654,78.15990981793529,78.73222950297175,104491200
2020-06-04,78.16475677490234,78.96502587807994,77.79129440641832,78.66674739088378,87560400
2020-06-05,80.39098358154297,80.45161026599361,78.38545552417453,78.41455514859591,137250400
2020-06-08,80.86629486083984,80.90024935653804,79.37730733642842,80.0878503032951,95654400
2020-06-09,83.41989135742188,83.81275109320447,80.51466534056526,80.54619240096828,147712400
2020-06-10,85.56607055664062,86.03410675203712,83.92915018975505,84.36808676274399,166651600
2020-06-11,81.4579849243164,85.13438674688165,81.35613627237949,84.71000009547407,201662400
2020-06-12,82.16124725341797,84.34380702887056,81.05057009066908,83.59688982869712,200146000
2020-06-15,83.17736053466797,83.82970407027696,80.65286520703812,80.81534793256503,138808800
2020-06-16,85.38177490234375,85.65338868409667,83.59692874085177,85.23142189860836,165428800
2020-06-17,85.26293182373047,86.18688178098341,85.1416784708026,86.12625510451949,114406400
2020-06-18,85.2968978881836,85.71400977487889,84.68820360566706,85.21929395560811,96820400
2020-06-19,84.8094253540039,86.46816994057362,83.70116819491169,86.00256132015875,264476000
2020-06-22,87.02838897705078,87.17146705960882,85.15623672615204,85.20231359689153,135445200
2020-06-23,88.885986328125,90.30465209700697,87.85290534963454,88.27244463261384,212155600
2020-06-24,87.31696319580078,89.43404938466047,86.94350079967253,88.51494690487205,192623200
2020-06-25,88.47618865966797,88.51499063954168,86.71316671584677,87.47221425804915,137522400
2020-06-26,85.75765991210938,88.59256430342103,85.60972695188423,88.37188228126114,205256800
2020-06-29,87.73406982421875,87.82865098546023,85.18774958467372,85.66548805897895,130646000
2020-06-30,88.4664077758789,88.75257119830745,87.30237901595197,87.32177628830786,140223200
2020-07-01,88.29912567138672,89.08727257747864,88.25062876375057,88.54405984735594,110737200
2020-07-02,88.29912567138672,89.84147238829708,88.18515460811848,89.20610591273177,114041600
2020-07-06,90.66111755371094,91.12915363770222,89.69593836953126,89.72746541987443,118655600
2020-07-07,90.37982940673828,91.81789246963082,90.26827838855648,91.03944797633464,112424400
2020-07-08,92.48477935791016,92.51630641314864,91.26981841791164,91.35712467862729,117092000
2020-07-09,92.88249969482422,93.4305598406817,91.83486890517744,93.37720806711494,125642800
2020-07-10,93.04496002197266,93.10316665691909,91.86638112451728,92.4774952860812,90257200
2020-07-13,92.6157455444336,96.95904193877826,92.40233843929651,94.3496671725953,191649200
2020-07-14,94.14838409423828,94.33995906948404,91.063698400921,91.99734332779671,170989200
2020-07-15,94.79586791992188,96.27273284060122,93.5978842251878,96.0229512346548,153198000
2020-07-16,93.6294174194336,94.48546583387537,93.0304255327924,93.66821938221526,110577600
2020-07-17,93.44025421142578,94.2356758762998,92.96736319511449,94.08047543961848,92186800
2020-07-20,95.40940856933594,95.54763916358736,93.18319885433614,93.527561622358,90318000
2020-07-21,94.09260559082033,96.27516602978264,93.84282396994556,96.19998954005356,103433200
2020-07-22,94.35691833496094,95.03836147832928,93.70700224247064,93.79430109039494,89001600
2020-07-23,90.0621109008789,94.16774625515278,89.2521396675419,94.09014235956349,197004400
2020-07-24,89.83902740478516,90.1833901651154,86.47303332227233,88.26031386604993,185438800
2020-07-27,91.96823120117188,92.0603849239332,90.67810128466274,90.90120328645872,121214000
2020-07-28,90.4574203491211,91.71603062810593,90.45256547899412,91.53899808495449,103625600
2020-07-29,92.19134521484376,92.375652669585,90.9036352682461,90.94000979201954,90329200
2020-07-30,93.30686950683594,93.41114559964625,90.9569792625978,91.36438869547273,158130000
2020-07-31,103.07506561279295,103.2254186056853,97.80296411556598,99.80122466182836,374336800
2020-08-03,105.67228698730467,108.29135620019736,104.6586108297832,104.95688931304775,308151200
2020-08-04,106.37798309326172,107.46926317333124,105.138770087299,105.86144267124747,173071600
2020-08-05,106.7635726928711,107.08368330710016,105.63349060376568,106.0991067154368,121776800
2020-08-06,110.48849487304688,110.98321070655226,106.50653825244208,107.09582786841136,202428800
2020-08-07,107.97642517089844,110.46660028081872,107.17956943228634,110.00986453782278,198045600
2020-08-10,109.54586029052734,110.56379606115888,106.8953408360196,109.42195650024055,212403600
2020-08-11,106.2879638671875,109.30775498122829,106.02801209618364,108.80972291616033,187902400
2020-08-12,109.82038879394533,110.07790879616836,107.18444536818468,107.37879756886052,165598000
2020-08-13,111.7639389038086,112.7672986221406,110.71198742895228,111.20030714999548,210082000
2020-08-14,111.66432189941406,111.75420996900904,109.85438662016136,111.58900987277718,165565200
2020-08-17,111.37278747558594,112.8110188476026,110.74599537909668,112.78672297104336,119561600
2020-08-18,112.30081939697266,112.72597122811317,110.78970802058514,111.12497179367688,105633600
2020-08-19,112.44173431396484,113.8556697465018,112.34699003787868,112.70897411610314,145538000
2020-08-20,114.93677520751952,115.05095915162076,112.46603216773778,112.48304002227763,126907200
2020-08-21,120.8597412109375,121.343197228119,115.88424717471018,115.89639140480683,338054800
2020-08-24,122.30526733398438,125.15014624205315,120.4394596328143,125.06510696520752,345937600
2020-08-25,121.30192565917967,121.64690937129124,119.57945373903362,121.17802927154358,211495600
2020-08-26,122.95149230957033,123.4082280829776,121.5521329040774,122.61866031262532,163022400
2020-08-27,121.4816665649414,123.88680962744824,120.33739548859138,123.55397767964855,155552400
2020-08-28,121.28490447998048,122.87375249170243,121.0613927954914,122.45588862300936,187630000
2020-08-31,125.39794158935548,127.30262866474357,122.44374970807397,123.97915723775616,225702700
2020-09-01,130.39285278320312,130.99536378403553,126.84587750534726,129.01293310588505,151948100
2020-09-02,127.69131469726562,134.0856002645823,123.41550776119644,133.70660835355852,200119000
2020-09-03,117.46825408935548,125.20358843955071,117.09898196053354,123.3280682941128,257599600
2020-09-04,117.54598999023438,120.20865338231155,107.76020880398583,116.68111019411374,332607200
2020-09-08,109.63573455810548,115.63158886854931,109.49968655275792,110.73383843385652,231366600
2020-09-09,114.0087432861328,115.77737504992244,112.00688739251969,113.95043910719228,176940500
2020-09-10,110.2868194580078,117.09896902670128,109.32476361414018,116.96292102510624,182274400
2020-09-11,108.8388900756836,111.9777291855888,106.89533846718923,111.3363535960364,180860300
2020-09-14,112.1040496826172,112.65796155648654,109.6163061668615,111.48211380367826,140150100
2020-09-15,112.27897644042967,115.4761197012607,110.40344885623584,114.9902318029106,184642000
2020-09-16,108.9652099609375,112.72598470596552,108.87775370396636,111.97772065587976,154679000
2020-09-17,107.2257308959961,109.03323435377406,105.64173911915216,106.62323468611042,178011000
2020-09-18,103.82452392578124,107.75049908575596,103.09569206867344,107.28405084908114,287104900
2020-09-21,106.97307586669922,107.07997179185172,100.19007789948417,101.58943734580028,195713800
2020-09-22,108.65423583984376,109.67460326412942,106.07903623256472,109.49968334608216,183055400
2020-09-23,104.0966339111328,108.94579342871626,103.75650642522784,108.4696253281354,150718700
2020-09-24,105.16558837890624,107.13829225642549,102.03646881564332,102.20166893816052,167743300
2020-09-25,109.11097717285156,109.266464847538,104.63109048927912,105.3696421159189,149981400
2020-09-28,111.71532440185548,112.06516421823142,109.5968532533832,111.76391614848642,137672400
2020-09-29,110.8698959350586,112.0554635809669,110.3645757882106,111.31691932127065,99382200
2020-09-30,112.5413589477539,113.95043838034034,110.41317487532416,110.5783749906428,142675200
2020-10-01,113.49369049072266,114.3974422328623,112.56078666239472,114.31969839365316,116120400
2020-10-02,109.83008575439452,112.11376456822066,109.0526696470594,109.70375758314336,144712000
2020-10-05,113.21187591552734,113.3576437621792,110.34514039230348,110.69498025864372,106243800
2020-10-06,109.96614837646484,112.84260373156758,109.08182887759448,112.43445227836398,161498200
2020-10-07,111.83195495605467,112.2886907442599,110.9087635462189,111.38493900127489,96849000
2020-10-08,111.72506713867188,113.11470685692662,111.35578758231397,112.9689390012096,83477200
2020-10-09,113.66862487792967,113.69777696782543,111.67648137568932,112.0263212825614,100506900
2020-10-12,120.88890075683594,121.64688463034302,115.91340641347357,116.67139028698064,240226800
2020-10-13,117.68205261230467,121.85097185102632,116.27298061147238,121.73435608129198,262330500
2020-10-14,117.7695083618164,119.5575722262898,116.2438206939987,117.58486859235376,150712000
2020-10-15,117.30304718017578,117.7792152107274,114.81530369020432,115.36921555833268,112559200
2020-10-16,115.66073608398438,118.11933473782236,115.45666408455465,117.8569511570842,115393800
2020-10-19,112.70655059814452,117.02122972774796,112.39558266615455,116.57421378889114,120639300
2020-10-20,114.1933822631836,115.62189394960576,112.36643891932444,112.9203508575227,124423700
2020-10-21,113.57144927978516,115.35951333260172,113.16329777724089,113.377089656178,89946000
2020-10-22,112.48304748535156,114.70841493004065,111.35578401227828,114.13506335968486,101988000
2020-10-23,111.79308319091795,113.2604666496336,111.05453154484074,113.104978970855,82572600
2020-10-26,111.80281829833984,113.26048212275596,109.6940589976644,110.79217049039062,111850700
2020-10-27,113.30905151367188,113.96985932342136,111.3071958315164,112.23037983284463,92276800
2020-10-28,108.06146240234376,112.17207716189112,107.96428630838616,111.80280503922792,143937800
2020-10-29,112.06519317626952,113.62975292211088,109.03324978889977,109.19845732169942,146129200
2020-10-30,105.78752899169922,108.82918500247833,104.67970501772538,107.92543308538788,190272600
2020-11-02,105.70004272460938,107.55613792475565,104.2909708839372,106.03045032760409,122866900
2020-11-03,107.32292175292967,108.3432818947634,105.6611860241768,106.56493781497863,107624400
2020-11-04,111.7056121826172,112.32754802876924,109.178996880867,110.91847624915664,138235500
2020-11-05,115.67046356201172,116.24381509607196,113.57143184766636,114.62094399780884,126387100
2020-11-06,115.53905487060548,116.03551019200556,113.04701195376391,115.1788748490344,114457900
2020-11-09,113.23197174072266,118.75144452373826,112.96914288637264,117.30100266982896,154515300
2020-11-10,112.89126586914062,114.46825386220856,111.10010975217423,112.48241768033424,138023400
2020-11-11,116.31781005859376,116.45409278270938,113.34878508110144,114.07887428608583,112295000
2020-11-12,116.04525756835938,117.33021441554035,115.42224863802024,116.44437660987316,103162300
2020-11-13,116.09391784667967,116.49302940870272,114.74081980829088,116.269139549406,81581900
2020-11-16,117.10630798339844,117.77798498184065,115.01338417236556,115.7629391328116,91183000
2020-11-17,116.2204818725586,117.46649976087988,115.80189704193324,116.37623782202498,74271000
2020-11-18,114.89657592773438,116.63905646851768,114.86737354648494,115.46118005472933,76322100
2020-11-19,115.4903793334961,115.89922751370858,113.70895985661822,114.4682514561133,74113000
2020-11-20,114.22488403320312,115.6169210548832,114.17621587656544,115.49037493540368,73604300
2020-11-23,110.82755279541016,114.49747245412723,110.73020904206231,114.069151027174,127959300
2020-11-24,112.1125030517578,112.77445093316165,109.6009942581799,110.88595846342132,113874200
2020-11-25,112.94967651367188,113.65056340347142,112.11250688717266,112.4824235383736,76499200
2020-11-27,113.49480438232422,114.3709129708123,113.1346317708944,113.47533860340312,46691300
2020-11-30,115.8895034790039,117.75853018018704,113.70896490077166,113.8647208392962,169410200
2020-12-01,119.46205139160156,120.19214051849596,116.82399690431193,117.79744907350444,127728200
2020-12-02,119.81251525878906,120.0948173273605,117.68065226704212,118.78065073270164,89004200
2020-12-03,119.67623138427734,120.49392777356492,118.96560791819012,120.24082808918226,78967600
2020-12-04,119.00457000732422,119.59837663586484,118.29394640326872,119.34527690234265,78260400
2020-12-07,120.46471405029295,121.2629445857138,119.0045356981682,119.06294045566084,86712000
2020-12-08,121.07799530029295,121.66207262611567,119.82224093273688,121.06826612455384,82225500
2020-12-09,118.54702758789062,122.60632215950014,117.7877359329826,121.2240215863675,115089200
2020-12-10,119.96826171875,120.5815414329292,116.9602976178108,117.3010044441038,81312200
2020-12-11,119.1603012084961,119.50100803270227,117.349679312027,119.17976698694284,86939800
2020-12-14,118.54702758789062,120.07534750085608,118.31340110026942,119.34525822854418,79184500
2020-12-15,124.48507690429688,124.50455010924838,120.83463079530904,121.03905488619016,157243700
2020-12-16,124.41693878173828,124.9620697049553,123.20012338037756,124.0275637947843,98208600
2020-12-17,125.2833023071289,126.1399450451197,124.64082025363582,125.47798978748064,94359800
2020-12-18,123.29747772216795,125.67270382324948,122.77181256405063,125.53642108894336,192541500
2020-12-21,124.8257827758789,124.90366074139116,120.17268202586978,121.70100182150271,121251600
2020-12-22,128.3788604736328,130.84169295968275,126.20805171818212,128.11602426239406,168904800
2020-12-23,127.48334503173828,128.91430653118252,127.3081158590534,128.65148505271458,88223700
2020-12-24,128.46653747558594,129.91698715927026,127.61963848875612,127.8337992434936,54930100
2020-12-28,133.0612030029297,133.6939410837403,129.96561683148184,130.43288465030292,124486200
2020-12-29,131.28952026367188,135.10545188425303,130.7735916806408,134.38510661556313,121047300
2020-12-30,130.17001342773438,132.37975381009915,129.8585016321147,131.98063489209892,96452100
2020-12-31,129.16737365722656,131.16295362039511,128.22312384324488,130.52047160916396,99116600
