Date,Close,High,Low,Open,Volume
2005-01-03,5.011241436004639,5.034231847554616,4.832012681898715,4.879970899997348,636143518
2005-01-04,4.808279514312744,5.016679333597953,4.783063232729872,4.978856094442247,552298420
2005-01-05,4.7838053703308105,4.867609896377033,4.752161848274865,4.782321614342157,330698912
2005-01-06,4.661188125610352,4.8428893162104005,4.640669223105683,4.822617469735336,417041336
2005-01-07,4.792211055755615,4.802099923807853,4.666874125759932,4.712855895011733,387964757
2005-01-10,4.822124004364014,4.897276376183399,4.742273781052833,4.808279872388746,302714411
2005-01-11,4.784546852111816,4.887634523123694,4.775646209626327,4.835967159611337,279391317
2005-01-12,4.830034255981445,4.843631331119076,4.709395178245303,4.804076805811812,328338096
2005-01-13,4.828798294067383,4.8797235481520325,4.797154769844615,4.830034047544785,275002929
2005-01-14,4.94350528717041,4.9444935113434205,4.799132740147696,4.84536109076972,387057368
2005-01-18,5.040658950805664,5.0683462637158225,4.9111197160907345,4.968225153933488,528878966
2005-01-19,4.877498626708984,5.075268385907391,4.862912856125789,5.0591998059518435,451995865
2005-01-20,4.793941020965576,4.851541998395745,4.746476914423787,4.758837289814623,361413608
2005-01-21,4.654513359069824,4.829539777503669,4.650558096154134,4.809267457715732,371724110
2005-01-24,4.467620849609375,4.68047049058931,4.457731983058109,4.664648966709619,563010421
2005-01-25,4.37862491607666,4.505197596370265,4.358105539058382,4.497781182164835,427966132
2005-01-26,4.678246021270752,4.682448340765576,4.42880884977889,4.431775415675224,494161321
2005-01-27,4.649569034576416,4.668851235584793,4.578370994658567,4.666378782329651,266089645
2005-01-28,4.705439567565918,4.813224634342377,4.606554671515917,4.697528094347972,490158373
2005-01-31,4.835968017578125,4.854261524670773,4.739555101394324,4.788255908243295,385306832
2005-02-01,4.744003772735596,4.861677217664027,4.7126082534123945,4.8053120019746025,756384528
2005-02-02,5.091584205627441,5.359561898245422,5.03472535047718,5.328660963864715,1316889593
2005-02-03,5.212718963623047,5.27476978910564,5.0878766177859225,5.0923269397545035,521471303
2005-02-04,5.052030563354492,5.135835088957257,5.008520779918725,5.104192513643543,594993855
2005-02-07,4.846101760864258,5.102460690638396,4.833246803305225,5.0742792690083,520359150
2005-02-08,4.910624980926514,4.944740008977527,4.809020118244761,4.869093539541066,460921194
2005-02-09,4.736093521118164,4.983799852323848,4.6836845117296,4.963034366683274,689434520
2005-02-10,4.647097587585449,4.751668089642487,4.57960868622391,4.745734957805211,762154073
2005-02-11,4.632758617401123,4.754387813430356,4.599879338025624,4.6144651107590935,526606480
2005-02-14,4.770950794219971,4.773176191958606,4.474543623235687,4.520277865873295,1548269624
2005-02-15,4.8263258934021,4.94029114114259,4.773175714531039,4.786030201246426,1035177611
2005-02-16,4.9049391746521,4.927682527930529,4.803335252985777,4.8132241201643575,663770685
2005-02-17,4.892331600189209,4.938065361425156,4.865385455490798,4.890600314888566,418137429
2005-02-18,4.8935675621032715,4.915569274295832,4.861677455890035,4.907411692362152,340708289
2005-02-22,4.730902194976807,4.917052789135963,4.706675555157682,4.857722889788344,541369609
2005-02-23,4.794683456420898,4.807784999562307,4.663907035168155,4.778613927691751,625776806
2005-02-24,4.669593811035156,4.693325864705428,4.504950351840755,4.533132254315604,1036442333
2005-02-25,4.594934940338135,4.695056051822113,4.586034770626603,4.6760209055510105,400435325
2005-02-28,4.64734411239624,4.693819517663016,4.594440990611362,4.598149197585762,313908211
2005-03-01,4.599631309509277,4.690853187244841,4.499263153673882,4.6794815120104465,373844027
2005-03-02,4.577877044677734,4.639433276339199,4.557605672334817,4.596912190349323,292512314
2005-03-03,4.623116493225098,4.641409996759066,4.5563701948994,4.601362312421122,305484756
2005-03-04,4.595676422119141,4.629049809263283,4.575158467110591,4.615453209072159,271979640
2005-03-07,4.667614936828613,4.68714561538825,4.623611985785986,4.642153020356183,347995502
2005-03-08,4.578372001647949,4.693325958099556,4.572686872430312,4.674784921044864,323050350
2005-03-09,4.483194828033447,4.564774900419442,4.453776704360998,4.553897809854579,456119263
2005-03-10,4.44932746887207,4.479487238020362,4.385546779489846,4.474790333415697,440063306
2005-03-11,4.395434856414795,4.473306735655559,4.379366273799024,4.460699304247974,322335682
2005-03-14,4.3259687423706055,4.410267386337603,4.266143318106209,4.408537520782032,447535208
2005-03-15,4.415459632873535,4.449821722338118,4.306685395784478,4.333632490611903,418446584
2005-03-16,4.341048240661621,4.415458957034256,4.326462469949236,4.3682409675186555,285317446
2005-03-17,4.4322686195373535,4.440920786103673,4.345992116736221,4.378871390920468,331662510
2005-03-18,4.450809955596924,4.459710125355492,4.408042758589549,4.420403132607882,284663002
2005-03-21,4.47157621383667,4.503465845046295,4.381838084521419,4.431774637289012,300470030
2005-03-22,4.415212154388428,4.497780930200143,4.396671119913517,4.478992839694706,226112360
2005-03-23,4.424605846405029,4.455754313546536,4.399637093536792,4.399637093536792,194526410
2005-03-24,4.431281089782715,4.471082198113518,4.43004533624384,4.467126934871701,148763520
2005-03-28,4.484924793243408,4.568483208737433,4.473306061095603,4.491352982580305,350830087
2005-03-29,4.439190864562988,4.5309068580446485,4.402108798926907,4.475778344894798,259890496
2005-03-30,4.4609456062316895,4.485667299332739,4.43993259305444,4.465642510208693,250378977
2005-03-31,4.462429046630859,4.484184177499166,4.391479471766695,4.399142942136526,271758815
2005-04-01,4.450809955596924,4.522748695451363,4.449574202167537,4.493331043150724,248206866
2005-04-04,4.580596446990967,4.581337615031571,4.445865727885694,4.448585710471488,324266893
2005-04-05,4.661682605743408,4.703461104611207,4.636960911568965,4.640916174390419,350777892
2005-04-06,4.677751064300537,4.688381573442994,4.637208315795968,4.678245649673133,210891521
2005-04-07,4.789984703063965,4.811245244520892,4.663412044764943,4.666873195221845,389141150
2005-04-08,4.747712135314941,4.823111552629421,4.732879307880155,4.7882553547324935,205431131
2005-04-11,4.776884078979492,4.815696020152968,4.754388250970024,4.7734234008030345,217231195
2005-04-12,4.7949299812316895,4.806301657489999,4.6824475521767805,4.771196984770503,293881426
2005-04-13,4.769466876983643,4.803828960033093,4.690358785949064,4.7828154740158135,263214910
2005-04-14,4.732879638671875,4.80481838347114,4.699506247898474,4.777872236177088,247030473
2005-04-15,4.573427677154541,4.705439377204911,4.565022565453566,4.699506245818942,464831797
2005-04-18,4.622128486633301,4.6446247853996905,4.536098554733414,4.5630447020439755,262994085
2005-04-19,4.7316436767578125,4.7464765045760045,4.648332784941443,4.6804708940724735,338463908
2005-04-20,4.897274971008301,4.9566057987517835,4.843135632105015,4.9091407579271245,620376641
2005-04-21,5.048569202423096,5.067851876634488,4.927435085221877,4.954628757897836,712737539
2005-04-22,5.335089206695557,5.5375558971803125,5.296770435103747,5.5103626936110395,1333182435
2005-04-25,5.525936603546143,5.555849316317437,5.377362210438883,5.38477862462081,796574608
2005-04-26,5.407769203186035,5.488113534888796,5.396397525516516,5.4441096338057,693469588
2005-04-27,5.433231830596924,5.459683391985097,5.358079465557198,5.388980875398047,412131000
2005-04-28,5.425074100494385,5.49009054007923,5.382058426670405,5.426309853950373,348613811
2005-04-29,5.438670635223389,5.494293260559589,5.384777875238979,5.485887203510848,368182886
2005-05-02,5.4952826499938965,5.530139322900696,5.443862336774811,5.48934904543936,392160425
2005-05-03,5.591695785522461,5.640149061776523,5.471302816463274,5.48440530630286,713873782
2005-05-04,5.648801326751709,5.682916833500872,5.611719727485731,5.617405803039745,485151677
2005-05-05,5.61122465133667,5.651767871545045,5.584031922654834,5.651767871545045,301509913
2005-05-06,5.636934757232666,5.667341579233755,5.59861693641845,5.646328092168003,271570110
2005-05-09,5.5874924659729,5.648800696946677,5.572907167919689,5.636440796286015,222302131
2005-05-10,5.631496429443359,5.631496429443359,5.55535536380091,5.573896399788298,254783425
2005-05-11,5.717773914337158,5.734831194223319,5.6347100727960715,5.660420467226036,460873014
2005-05-12,5.654240608215332,5.741011708172448,5.641384701398186,5.705907031942232,359269602
2005-05-13,5.667094707489014,5.712828469987945,5.619629659641629,5.665611898031194,297731805
2005-05-16,5.711841106414795,5.7259322946174525,5.6505328658543,5.677973127487783,228107811
2005-05-17,5.763260841369629,5.771171367543436,5.690827039302847,5.699727209501391,313526787
2005-05-18,5.91232967376709,5.9323535180409745,5.772901092229098,5.775126489689999,494325936
2005-05-19,5.9128241539001465,5.962019071526138,5.8903278547304225,5.941501113905884,390116793
2005-05-20,5.972896099090576,5.974379855119046,5.924442353978418,5.963008178533388,327763952
2005-05-23,6.315038204193115,6.380549703632669,6.000090503983949,6.011215125018256,858738744
2005-05-24,6.328635215759277,6.562003779255996,6.266831923946404,6.352367267108787,1166078427
2005-05-25,6.447544574737549,6.451746893883473,6.195882026430345,6.2477964520185045,725023418
2005-05-26,6.407742500305176,6.520471039737383,6.385493259645899,6.451252284245785,543895039
2005-05-27,6.575847148895264,6.577083848971603,6.4089787769031705,6.4388914895801035,489190760
2005-05-31,6.85445499420166,6.88239030849242,6.659157689902745,6.660640499262886,892805959
2005-06-01,7.11971378326416,7.240601329523558,6.971881510862065,7.001053054318728,1412944285
2005-06-02,7.117242336273193,7.1637177415060185,7.035662256183407,7.137760765991603,721658854
2005-06-03,6.928372383117676,7.151852083067303,6.857916449369108,7.08980126084556,754108027
2005-06-06,7.192394733428955,7.261861968785439,6.967184224396582,6.981028354918005,904413304
2005-06-07,7.246286392211914,7.406232927979346,7.176573522226402,7.344677639901368,976566743
2005-06-08,6.91106653213501,7.248017339735134,6.872501655389342,7.239612228900649,1031889331
2005-06-09,7.077935218811035,7.13207503965259,6.935788549477506,7.038629172172136,660109011
2005-06-10,6.983747959136963,7.101915525738415,6.922438778325243,7.094746167700017,509767599
2005-06-13,6.989928722381592,7.025526563906496,6.835914836613737,6.917494919388301,514047581
2005-06-14,6.881154537200928,6.952598696648244,6.8663217087239925,6.887088141879146,405189077
2005-06-15,6.793394565582275,6.855196911647968,6.61119878260652,6.798338526089563,838454999
2005-06-16,6.858658313751221,6.87991885923076,6.750626667303709,6.780044795247693,500364485
2005-06-17,6.929360866546631,6.929360866546631,6.820588051420935,6.897224175340099,418940428
2005-06-20,7.087576866149902,7.11155597254379,6.7174992452563425,6.825283825809353,844140229
2005-06-21,7.115758419036865,7.176573485282668,7.044808849397769,7.121444967314567,607560783
2005-06-22,7.151851654052734,7.226509902442511,7.136277658708924,7.160998879726162,420530365
2005-06-23,7.161987781524658,7.288066343612155,7.082632153376918,7.119713749317416,564363474
2005-06-24,7.348385334014893,7.3669263672550205,7.158773156224824,7.191405848014833,713512433
2005-06-27,7.517725944519043,7.5268731706897904,7.264580589676445,7.389175872212796,714785186
2005-06-28,7.465811252593994,7.645041421207215,7.465811252593994,7.571618920210429,764314139
2005-06-29,7.236398696899414,7.524647780757705,7.222307510214698,7.478172374890675,734691521
2005-06-30,7.271749973297119,7.389917539655182,7.194867269653691,7.2764473510621395,606039101
2005-07-01,7.200057506561279,7.323416549405846,7.1498738989796635,7.293750896365107,370487492
2005-07-05,7.310315608978272,7.316989908605745,7.174842755711459,7.221072054017562,300883574
2005-07-06,7.206732749938965,7.357037463207239,7.203271599322637,7.349621049948952,321211484
2005-07-07,7.306112766265869,7.312539536096272,7.132322100167187,7.154077229559947,428484066
2005-07-08,7.323170185089111,7.354566653047642,7.269278365787153,7.32366429716154,299422117
2005-07-11,7.2519731521606445,7.332317479723518,7.194372178764915,7.32737257265359,336869956
2005-07-12,7.213160514831543,7.277929893343822,7.192147028265473,7.252961144108939,235475323
2005-07-13,7.388187885284424,7.397581221220681,7.221071981331761,7.231206958695544,459230882
2005-07-14,7.438370704650879,7.583236877005634,7.418099332227772,7.548380206925156,428307406
2005-07-15,7.44578742980957,7.500421362559527,7.410930758270013,7.447023183250122,338801168
2005-07-18,7.404996871948242,7.463339482660273,7.36074592019363,7.416368548235268,249242734
2005-07-19,7.66110897064209,7.672233591193118,7.460867220585807,7.468283634286492,506748324
2005-07-20,7.713024139404297,7.728104023366689,7.460867484522873,7.554066297846159,574561556
2005-07-21,7.760983943939209,7.856407216071047,7.693495044570543,7.763702507138552,794543021
2005-07-22,7.475699901580811,7.64504119738858,7.325642702100264,7.573843149461397,938978379
2005-07-25,7.313776016235352,7.497701653544203,7.2917743047599854,7.475452412757382,387800142
2005-07-26,7.319708824157715,7.366926816115318,7.220824411855988,7.293010207952591,394147846
2005-07-27,7.340475559234619,7.372612249132836,7.228488180301221,7.360498930606527,289798178
2005-07-28,7.255681037902832,7.352340998764361,7.250241545709279,7.352340998764361,237912424
2005-07-29,7.113781452178955,7.239365426925826,7.094745832514221,7.222060146035191,335785908
2005-08-01,7.208957672119141,7.230959384032792,7.1221861046094075,7.122680689954768,227344963
2005-08-02,7.396345138549805,7.404503193889546,7.196844549998241,7.208710339023168,292701018
2005-08-03,7.349622249603272,7.409447677460307,7.307596216471461,7.3669275322222125,238113174
2005-08-04,7.360251426696777,7.391646946566577,7.29894319639039,7.306359609993461,210245108
2005-08-05,7.2272515296936035,7.3795346016018515,7.201541609654195,7.3545667962603885,238478538
2005-08-08,7.200057506561279,7.308830778898356,7.181269417397938,7.258153059290982,179943955
2005-08-09,7.2079691886901855,7.235410393642591,7.132322239549831,7.217610526842746,232038489
2005-08-10,7.062361240386963,7.226757151564879,7.042584452359704,7.201293815216471,276191367
2005-08-11,7.02206563949585,7.084610576732897,6.937271932265792,7.067552823551206,301722708
2005-08-12,7.162234306335449,7.1741005676082645,6.962486679246962,7.005007764332803,264423423
2005-08-15,7.020829677581787,7.237634608599914,7.015143602260826,7.16421258124089,328213631
2005-08-16,7.061619758605957,7.114522880753895,7.004512897520858,7.0425846115316855,285433881
2005-08-17,7.048022747039795,7.084363175962933,7.020829544322946,7.058158670692399,155914222
2005-08-18,6.92169713973999,6.934305516966079,6.798338556520692,6.820834854805618,476692087
2005-08-19,6.921943664550781,6.9577899787189015,6.912550329580757,6.946418302429045,222547046
2005-08-22,6.773864269256592,6.9582849868690975,6.75754863071557,6.952598911348201,273541472
2005-08-23,6.911561012268066,6.9155172218073,6.776583226538537,6.827015314093523,233740846
2005-08-24,6.985477447509766,7.039370211332895,6.83418402833931,6.861871814974978,345012362
2005-08-25,6.985971927642822,7.020829071404818,6.921202546879619,6.984983230263104,175720183
2005-08-26,7.010447025299072,7.046046288442336,6.987703669527286,7.007974571589666,150775031
2005-08-29,7.130838394165039,7.147402034001052,6.977320046905324,6.977320046905324,237005036
2005-08-30,7.101668357849121,7.157042986663578,7.0673048510140575,7.104633976858962,192398464
2005-08-31,7.0702714920043945,7.132074780445012,7.0297282735327045,7.125400008255078,202114747
2005-09-01,7.076452732086182,7.107353668907816,7.045550375402233,7.068047620476205,110095123
2005-09-02,7.130838394165039,7.16891010751329,7.081149367806679,7.082880179901439,137894934
2005-09-06,7.097712516784668,7.154077739107846,7.090049046388786,7.144435927169548,169123549
2005-09-07,7.289548873901367,7.305122869093183,7.052472115817468,7.06755199896345,301104399
2005-09-08,7.302404880523682,7.3985697885008355,7.252220320381695,7.288560749690993,265523531
2005-09-09,7.393872261047363,7.394119317068896,7.331327331458407,7.349126723906243,176278267
2005-09-12,7.657154560089111,7.698686008148445,7.441091261183631,7.459632297499165,417017246
2005-09-13,7.705112934112549,7.8002886606232416,7.568898458524344,7.638859799645758,413540262
2005-09-14,7.490531921386719,7.744665945833669,7.4237846756515475,7.6321844674042625,452722579
2005-09-15,7.481139659881592,7.583237701154024,7.364701955551449,7.404503536662451,620966845
2005-09-16,7.4213128089904785,7.527614582518233,7.413154753798438,7.515748320420719,304328438
2005-09-19,7.51006269454956,7.564696630699353,7.433921630349188,7.441090988557677,231339881
2005-09-20,7.611915111541748,7.695719651389558,7.54566196440365,7.568405320710212,375441994
2005-09-21,7.710551738739014,7.756533978912508,7.56370816112645,7.624274753427432,406305245
2005-09-22,7.697449684143066,7.891511254430905,7.667784501524101,7.7006637790578765,522206047
2005-09-23,7.79608678817749,7.841821024010677,7.727609672373152,7.737745595571749,340623975
2005-09-26,7.769388675689697,7.934278707434711,7.726868531909622,7.898433809735158,397259466
2005-09-27,7.760983943939209,7.871487101283005,7.747139812298539,7.785951750871343,275954483
2005-09-28,7.564695835113525,7.789658799548734,7.554807441576656,7.767905091027453,321095049
2005-09-29,7.6541876792907715,7.681380882576182,7.566674938057731,7.581507766499752,225393676
2005-09-30,7.823280334472656,7.848990254357833,7.720193598892402,7.767905704919882,367424053
2005-10-03,7.878162384033203,7.913514118111984,7.732554074871299,7.753320509071832,367785402
2005-10-04,7.688302040100098,7.94243654978327,7.681874323907324,7.909557747324261,367143003
2005-10-05,7.6811323165893555,7.784714572371594,7.614138014884445,7.730080170554524,334384676
2005-10-06,7.731564998626709,7.774332196029451,7.665805971886107,7.765927084824792,320950509
2005-10-07,7.737497329711914,7.828472165077865,7.676930738054582,7.78199581332231,271827070
2005-10-10,7.67965030670166,7.782738461192522,7.642568710028346,7.745409335194517,223723439
2005-10-11,7.567168235778809,7.729092157840801,7.536513411439369,7.678661019852704,342984790
2005-10-12,7.440349102020264,7.59411498149375,7.391647352303588,7.544920066276206,373643277
2005-10-13,7.353082656860352,7.46581072551951,7.185966765453085,7.46581072551951,424292413
2005-10-14,7.320944309234619,7.42205506181665,7.231948767383952,7.413896060418183,342041267
2005-10-17,7.539974689483643,7.544919596232261,7.281885391158313,7.3545662439299875,303802474
2005-10-18,7.49745512008667,7.613150233667192,7.484105101396689,7.538986565829376,284173173
2005-10-19,7.631443977355957,7.66036799150204,7.514264637994902,7.515254281991751,281479113
2005-10-20,7.495477199554443,7.691517125888593,7.446282280895142,7.66333522396573,558553779
2005-10-21,8.402745246887207,8.56417600260016,8.232168685673566,8.548600114635573,919128253
2005-10-24,8.619056701660156,8.635126703771412,8.459358156793911,8.488528755548849,378682093
2005-10-25,8.576042175292969,8.588155493932966,8.475921057906884,8.548106857663557,276163262
2005-10-26,8.786911964416504,8.800756566079459,8.558241286450452,8.560466683586347,357635500
2005-10-27,8.728078842163086,8.827704908317408,8.693962388074837,8.81559158877445,206145800
2005-10-28,8.854403495788574,8.873686172847709,8.776531619414126,8.782711806862906,237025111
2005-10-31,9.19975757598877,9.264280846771472,8.887529880431307,8.905575382290053,575866428
2005-11-01,9.378741264343262,9.49048063946053,9.122381343434167,9.192836802905294,656696267
2005-11-02,9.386157989501951,9.51767415738672,9.324107166094915,9.436094547536491,424200069
2005-11-03,9.541160583496094,9.556735529753324,9.428184955339226,9.453648771387956,299052737
2005-11-04,9.651909828186035,9.685530271614915,9.528798310860733,9.640784734666704,354319116
2005-11-07,9.765626907348633,9.825947387864767,9.694430282130568,9.767358192697618,385098052
2005-11-08,9.63880729675293,9.779472110187498,9.606176020922334,9.7463448291199,317084071
2005-11-09,9.373054504394531,9.599007607605635,9.34536718916607,9.558958971024408,420245300
2005-11-10,9.668472290039062,9.674653423579867,9.330533722248855,9.353525077926133,366516664
2005-11-11,9.651166915893556,9.811854599418952,9.6128486249436,9.767851180743756,283615089
2005-11-14,9.813586235046388,9.844489063780452,9.679102561521605,9.693688333199344,313486637
2005-11-15,9.710500717163086,9.814329577550955,9.66476600157173,9.749560186162212,346289130
2005-11-16,9.842758178710938,9.86006346060188,9.742884116923657,9.794551959978854,349111670
2005-11-17,9.973779678344728,9.982680321412506,9.876872187613053,9.93298987603943,369869183
2005-11-18,9.893683433532717,9.99973673103744,9.884784683545282,9.974768926716784,282077347
2005-11-21,10.11988353729248,10.135211424900136,9.727557578615434,9.867974394739369,414953540
2005-11-22,10.29565143585205,10.316417395036682,10.042506082464165,10.10233055992008,385278727
2005-11-23,10.453619003295898,10.499600767287305,10.27859259016148,10.309741527058884,404912042
2005-11-25,10.596014022827148,10.59922859109377,10.51394030194208,10.525805617967434,194329675
2005-11-28,10.468948364257812,10.660784079698532,10.443237495955255,10.625680348345895,441986487
2005-11-29,9.976006507873535,10.541133530004377,9.941396887624114,10.493174363099111,863054861
2005-11-30,10.009873390197754,10.097387079493515,9.778730211767169,9.993805281258124,626202395
2005-12-01,10.236814498901367,10.27018788944643,10.093432068949491,10.11592836754818,391257051
2005-12-02,10.326058387756348,10.371298040395406,10.231129234026444,10.30726982321274,302870996
2005-12-05,10.033111572265623,10.321114551754944,9.994299162508115,10.308753230412034,413118688
2005-12-06,10.000726699829102,10.294167732846462,9.930518299071911,10.103566374255278,607279734
2005-12-07,9.992816925048828,10.054124687408384,9.864018373159931,10.040775141759966,468385066
2005-12-08,10.151773452758787,10.151773452758787,9.953756610221292,10.019515168352203,357735875
2005-12-09,10.115927696228027,10.278592792266007,10.100104751583572,10.259310116664658,306881974
2005-12-12,10.200225830078123,10.264502046257444,10.13446822431468,10.25016333097286,279046027
2005-12-13,10.320867538452148,10.33347496931577,10.176247934712704,10.19750800657973,327775997
2005-12-14,10.357206344604492,10.37624291169768,10.271423944114568,10.309742241190758,266210095
2005-12-15,10.445955276489258,10.460541048523352,10.296392662142107,10.3609149909715,242738446
2005-12-16,10.63383674621582,10.691931829618074,10.450899802094757,10.514928016509575,655668429
2005-12-19,10.496634483337402,11.03086048934485,10.385635333178366,10.684515387274814,880760980
2005-12-20,10.623701095581056,10.684515690020394,10.498364173011792,10.577226163556482,404899997
2005-12-21,10.539402961730955,10.799717695995232,10.400469425051384,10.717890078813818,450558497
2005-12-22,10.680559158325195,10.700831003820255,10.529513274056772,10.673884859549249,302995460
2005-12-23,10.653120040893556,10.691932450759747,10.599969861297264,10.683279809767946,184492943
2005-12-27,10.497623443603516,10.67611055150424,10.451148509636738,10.67611055150424,269116950
2005-12-28,10.548301696777344,10.575247843108547,10.414066023769276,10.490206611769043,285783185
2005-12-29,10.386624336242676,10.598731872801856,10.362397700588753,10.580191312023803,278873383
2005-12-30,10.255849838256836,10.338665672237312,10.228162523775993,10.315427259570484,304621533
2006-01-03,10.759422302246094,10.77029844764365,10.338913983386098,10.4452143426677,526815259
2006-01-04,11.006880760192873,11.098844297304373,10.871161798672912,10.97375442525294,613747887
2006-01-05,11.155208587646484,11.162872057661843,10.91442266266785,11.025668872346095,433952486
2006-01-06,11.511689186096191,11.63134003918608,11.204650580394944,11.29438872021236,712938289
2006-01-09,11.54234218597412,11.70302988823591,11.395003081869085,11.530228867961643,513593887
2006-01-10,11.613044738769531,11.625158056823237,11.422197268841405,11.481034466902068,365247927
2006-01-11,11.659274101257324,11.745304504924132,11.598707508177856,11.650374404326277,361646478
2006-01-12,11.461503028869627,11.742336616058516,11.408846967915403,11.710939677721871,406530084
2006-01-13,11.526273727416992,11.542094778530249,11.411566847259326,11.47831362231018,307411953
2006-01-17,11.54753303527832,11.616506155347894,11.4343103825887,11.447411924527094,332051965
2006-01-18,10.998723030090332,11.306502798847678,10.957686169324298,11.057807287515542,822499417
2006-01-19,10.789581298828123,11.210830755667946,10.704293014888613,11.153476841080266,583671575
2006-01-20,9.87514305114746,10.878082645332125,9.758458769601267,10.845204314552328,1650832619
2006-01-23,10.56832504272461,10.590327227562474,10.030145202744723,10.070935004372384,913065614
2006-01-24,10.95224666595459,10.999710768056788,10.740880290926922,10.779197640369455,620902605
2006-01-25,10.70429515838623,11.229126509126967,10.610848327407814,11.155704472359998,752401655
2006-01-26,10.735687255859377,10.877093217063765,10.470922727509809,10.865968124103633,518982008
2006-01-27,10.716405868530272,10.833337207207723,10.604913548981951,10.753734994596476,339355237
2006-01-30,10.551514625549316,10.711213137281495,10.506522036642458,10.611092037520152,344843732
2006-01-31,10.695887565612791,10.867454268097996,10.481061443153653,10.644221613860807,885948351
2006-02-01,9.932497024536133,9.937936044163711,9.57997263735844,9.617301766845603,1088966472
2006-02-02,9.790596961975098,10.049181359646472,9.78911367903186,9.982928685898434,474078326
2006-02-03,9.432385444641112,9.737692747654224,9.210388086635552,9.73077044583356,734012987
2006-02-06,9.520147323608398,9.638808066868323,9.383191179610366,9.525338340663852,358956433
2006-02-07,9.095434188842772,9.485534680937976,8.982457652916075,9.467983291956113,667701363
2006-02-08,9.124112129211426,9.16391371058719,8.767879078094282,9.10927930053567,835283155
2006-02-09,8.86923599243164,9.255627847569796,8.803477437369299,9.17652069392549,478282024
2006-02-10,8.964164733886719,9.010888613081471,8.730055012161392,8.947849570462138,611222457
2006-02-13,8.54612922668457,8.667263356313304,8.451941243199425,8.569367639156033,791668286
2006-02-14,8.487293243408203,8.694209778457456,8.46454988885925,8.536982744956159,588357072
2006-02-15,8.464055061340332,8.553545189140985,8.351572631741751,8.436613858000607,519821141
2006-02-16,9.059340476989746,9.072689072886048,8.516214866907514,8.545386404868951,855815829
2006-02-17,9.115952491760254,9.199756535024374,8.989132308458469,9.143392745337223,574955025
2006-02-21,9.062555313110352,9.234368103211706,9.02596830433399,9.058847579658602,348742290
2006-02-22,9.035364151000977,9.120899508031524,8.995068453107033,9.076401017122569,260018976
2006-02-23,9.346356391906738,9.424722379882631,9.032891493428274,9.03832956613022,503945859
2006-02-24,9.329792022705078,9.395797634054412,9.233132531188572,9.327320515753604,260344190
2006-02-27,9.650675773620604,9.683307053737265,9.400990112186667,9.425464755492918,410019113
2006-02-28,8.964411735534668,9.827677544664631,8.368382925133385,9.720387076904997,1583416872
2006-03-01,9.018303871154783,9.133257794497077,8.931778425437525,9.111255612433473,484256334
2006-03-02,9.306306838989258,9.421260774594648,8.954028618696132,9.005449400994609,735960259
2006-03-03,9.349076271057127,9.573050095813937,9.289249896372072,9.500369233711778,480273461
2006-03-06,9.09988498687744,9.478119257421154,9.07615246231159,9.416564441690747,358928328
2006-03-07,9.009651184082031,9.108537011948096,8.853907448719522,9.023742842878034,416708092
2006-03-08,8.748347282409668,8.900383267207381,8.665778519962855,8.749583508937032,471585016
2006-03-09,8.479382514953613,8.863302863235642,8.442300445065257,8.7856780457943,558501584
2006-03-10,8.343415260314941,8.516465248810368,8.196325089202402,8.49174355143247,775921484
2006-03-13,8.332537651062012,8.556017351527904,8.292737017559581,8.428208919612068,547741403
2006-03-14,8.681107521057129,8.711020234517477,8.222775953780774,8.334516281170844,740794310
2006-03-15,8.516465187072754,8.70929101755278,8.418320513015686,8.67146588372962,512666424
2006-03-16,8.374811172485352,8.621528324312472,8.353303099635175,8.618067646804318,402169802
2006-03-17,8.400025367736816,8.44922169648454,8.279880422810919,8.375551677940722,343350155
2006-03-20,8.607684135437012,8.654655067792225,8.443287765343271,8.463064551641637,417864410
2006-03-21,8.403239250183105,8.693466645822648,8.382474239556688,8.652676846036279,394717975
2006-03-22,8.410655975341797,8.506575239590836,8.343414141245708,8.399037716241674,304978867
2006-03-23,8.451940536499023,8.547364738754363,8.41016156601054,8.463311739174287,298502683
2006-03-24,9.0430269241333,9.14908117932507,8.96169341982147,9.112740274600664,609500025
2006-03-27,9.139192581176758,9.189130089676237,9.02325040083581,9.07491730178408,282001062
2006-03-28,9.324848175048828,9.341164286055324,9.175779671624502,9.189129216993454,359173242
2006-03-29,9.76439094543457,9.863769935881788,9.381952972928604,9.392583007434665,763952790
2006-03-30,9.60271453857422,9.727803451881146,9.483310753518897,9.621255099190968,590673723
2006-03-31,9.641279220581056,9.687508042019536,9.49369305973494,9.610131229298554,1466331647
2006-04-03,9.633862495422363,9.702340555974178,9.590106128848287,9.629660649897716,326125835
2006-04-04,9.995783805847168,10.009627465334589,9.595300225569984,9.6388085992233,630984252
2006-04-05,10.086015701293944,10.248680808877236,9.958206320678634,10.091206717959952,538430634
2006-04-06,10.164874076843262,10.23186884949421,10.022727897146469,10.048931925225142,345229172
2006-04-07,10.04077434539795,10.20615989674873,9.9878712256667,10.195281858996193,282089392
2006-04-10,10.29342555999756,10.31295529151302,10.018278033450471,10.063518630001942,374201361
2006-04-11,10.127299308776855,10.360666927067552,10.042258077187311,10.294415206358924,445953300
2006-04-12,10.109746932983398,10.168584132626592,10.016795175678428,10.110983159739954,241582128
2006-04-13,9.941888809204102,10.12976969867202,9.900851954020574,10.101835331192929,263098475
2006-04-17,10.05709171295166,10.197508531438766,9.90925847987633,9.973780813506425,331618345
2006-04-18,9.993310928344728,10.131502341344856,9.925574030081892,10.084531402753488,326724069
2006-04-19,10.148063659667969,10.225688464962817,10.054863914169706,10.199236434819111,272284779
2006-04-20,10.259309768676758,10.284031462339248,10.09120565944106,10.160672889770067,492699864
2006-04-21,10.805648803710938,11.142351125914294,10.782658395897531,11.097358534338753,905433112
2006-04-24,10.889704704284668,10.993532624415524,10.791312964458964,10.862510550708713,354780840
2006-04-25,10.559921264648438,10.903051820768132,10.5312447785047,10.868195147199655,384194678
2006-04-26,10.530502319335938,10.631117546880285,10.470182783331689,10.574259635117569,292203159
2006-04-27,10.383658409118652,10.553739912272048,10.367835465086106,10.454855031241651,334766100
2006-04-28,10.331992149353027,10.524569978155624,10.291449398732746,10.349049429504726,297964674
2006-05-01,9.861299514770508,10.369074501887017,9.852647819720891,10.345093972085383,416001453
2006-05-02,9.759942054748535,9.950048361021578,9.601725855121408,9.91519168880047,526136725
2006-05-03,9.744367599487305,9.925573253919197,9.663034106038392,9.798258942796824,324098263
2006-05-04,9.758706092834473,9.860557549297022,9.695914101980389,9.76562744831453,186777474
2006-05-05,9.747581481933594,9.905302619704038,9.685283606122788,9.829161087015772,243509324
2006-05-08,9.75944709777832,9.817294174911796,9.642514823716718,9.767604679116458,205511431
2006-05-09,10.106040000915527,10.110983961759064,9.733984939572466,9.782192107452907,366994449
2006-05-10,9.96216106414795,10.177978243634495,9.934473748908424,10.093926180591454,248415646
2006-05-11,9.56711769104004,10.004931342718638,9.517181127328092,9.973040284657428,357045296
2006-05-12,9.24895477294922,9.514460508123854,9.234616056639515,9.481581229604076,405016432
2006-05-15,9.300126075744627,9.397775681506635,9.103593477220606,9.293452723211963,344891912
2006-05-16,9.178994178771973,9.31644443552104,9.14413655588078,9.29493635928659,260617209
2006-05-17,9.258099555969238,9.390111714117518,9.152293320526873,9.161934184632337,427347823
2006-05-18,9.171329498291016,9.438813561701364,9.164407196523666,9.36390825529417,234274840
2006-05-19,9.147348403930664,9.258099545888363,8.9137337491798,9.227939780371054,457636930
2006-05-22,9.170340538024902,9.221760377384271,9.029429618574344,9.093704891060984,345466056
2006-05-23,9.284798622131348,9.489984796367638,9.23486206988015,9.250931123259289,360666820
2006-05-24,9.424969673156738,9.479109024943792,9.1866571349285,9.32855723261266,383584400
2006-05-25,9.467984199523926,9.468231255556898,9.203961759137544,9.37132470984195,329012615
2006-05-26,9.427441596984863,9.539428974749548,9.394809375486236,9.506549697214162,147229793
2006-05-30,9.194814682006836,9.418789449259783,9.18270136297289,9.35154760787396,173287097
2006-05-31,9.191847801208496,9.350805172649425,9.067252990719211,9.240796134340844,320448635
2006-06-01,9.45883846282959,9.467985216481065,9.186410408611584,9.234369574554412,252061259
2006-06-02,9.38022518157959,9.569096240441192,9.331030731593891,9.563162161686495,256413512
2006-06-05,9.256617546081545,9.429912676093592,9.24944818846661,9.299631798621514,223173385
2006-06-06,9.641032218933104,9.641279274964546,9.302598585978444,9.309520887732951,411930250
2006-06-07,9.555002212524414,9.76142366758928,9.554755156507264,9.721375981866744,357788070
2006-06-08,9.722859382629396,9.74683896178063,9.359209959314086,9.585656206565204,415933198
2006-06-09,9.55648422241211,9.775514024352924,9.526324460841105,9.695417717000783,247223193
2006-06-12,9.43213939666748,9.653393717068512,9.418789850241868,9.600243534001208,201516513
2006-06-13,9.555251121520996,9.56711738524356,9.34759245295111,9.416318528060929,307512327
2006-06-14,9.502593994140623,9.668472718618316,9.357480282296208,9.63707767034336,312045255
2006-06-15,9.666001319885254,9.696903203005796,9.468231539693477,9.55772262080547,272445379
2006-06-16,9.658584594726562,9.664270669771794,9.59183781667772,9.61903101859205,212979318
2006-06-19,9.59529972076416,9.759943182639327,9.56662323241495,9.662294509983624,306468429
2006-06-20,9.571318626403809,9.687508802483409,9.555003461391683,9.59257964527926,162201701
2006-06-21,9.94114875793457,9.987377580820985,9.635099335310723,9.667484500907449,351087046
2006-06-22,9.887256622314451,10.036819238465007,9.591838177213951,9.927552314635715,237362370
2006-06-23,10.008638381958008,10.129524519238696,9.906785973298168,9.956723480117422,213388847
2006-06-26,9.992816925048828,10.093679212261998,9.968836396830929,10.055360914212386,142580431
2006-06-27,9.945846557617188,10.0862633777549,9.913461389105429,10.029650623586852,164899777
2006-06-28,10.039539337158203,10.048687037262557,9.916427802020342,9.987625381806051,148976315
2006-06-29,10.328778266906738,10.338419132276451,10.03236969546431,10.086015881420431,267326263
2006-06-30,10.366353034973145,10.366353034973145,10.193304021451844,10.27414245355698,251258261
2006-07-03,10.46202564239502,10.47611635626769,10.36932093699748,10.383906709539731,86591354
2006-07-05,10.419010162353516,10.452136496464204,10.275131728861387,10.420492498598152,200171490
2006-07-06,10.46177864074707,10.515917045518272,10.43186592736499,10.466475545395715,148036806
2006-07-07,10.394041061401367,10.57796717826854,10.281065461447014,10.532480471047826,242581861
2006-07-10,10.338418960571287,10.512209162988183,10.293426363110084,10.467957733662384,178121149
2006-07-11,10.495645523071287,10.5077588413366,10.210610066635738,10.346081965009969,239747276
2006-07-12,10.314932823181152,10.450652721487035,10.302078337067371,10.434583667269983,197003661
2006-07-13,10.106781005859377,10.341879923522832,10.057338558497737,10.234590390158774,278018189
2006-07-14,9.975017547607422,10.172539329861916,9.85412952185622,10.143862843575436,303216285
2006-07-17,10.083542823791504,10.160426472394375,9.980455143765594,10.002951441522336,233347377
2006-07-18,9.963891983032228,10.149795496322142,9.832621930080371,10.129523649438209,342751921
2006-07-19,9.86377239227295,9.916675521966576,9.756481903299203,9.76513454529547,342017177
2006-07-20,9.570083618164062,9.998255428387546,9.53399071612218,9.994299691759352,503427925
2006-07-21,9.643999099731444,9.684542794308465,9.336961450803903,9.545855378102074,471946365
2006-07-24,9.663529396057127,9.737446484928006,9.423981574387309,9.710994448809004,324656348
2006-07-25,9.625458717346191,9.673664936346558,9.488008471924209,9.518168240804954,231307761
2006-07-26,9.530034065246582,9.688497319179891,9.468231247487708,9.59678178996005,222105397
2006-07-27,9.453399658203123,9.57923070764973,9.34339060924925,9.576264141718278,226489769
2006-07-28,9.594804763793944,9.630402605100768,9.436835615856353,9.443509915296731,163956253
2006-07-31,9.55722713470459,9.620761236961696,9.475894586012142,9.59183769660758,184500973
2006-08-01,9.28306770324707,9.536708077784391,9.28306770324707,9.520391969408765,219347097
2006-08-02,9.078376770019531,9.324105677673366,9.028192217376278,9.285292327303033,284976172
2006-08-03,9.28010082244873,9.342398688673134,8.98270504179037,9.022753670077488,254028606
2006-08-04,9.242032051086426,9.410877337961267,9.190117154051244,9.383190023925728,204571922
2006-08-07,9.343389511108398,9.387392936203176,9.175284443608737,9.183937084321007,158467758
2006-08-08,9.41878890991211,9.5053134236927,9.37157186330346,9.46378150562604,230589077
2006-08-09,9.31842041015625,9.509762936493908,9.30408169485234,9.463286113057022,173086347
2006-08-10,9.25068473815918,9.336467136783495,9.207669537542513,9.242773265616565,171114986
2006-08-11,9.10977268218994,9.277382686211723,9.097412308142864,9.255627557040029,151224711
2006-08-14,9.132762908935549,9.273674767239651,9.113975292211537,9.183936636028124,199476896
2006-08-15,9.418046951293944,9.435352232966762,9.211130418788226,9.248460491719577,268932260
2006-08-16,9.584916114807127,9.602962565202052,9.446477643096756,9.48009809025788,235005569
2006-08-17,9.537449836730955,9.641278677161695,9.490973961881986,9.552035607429907,203969673
2006-08-18,9.477129936218262,9.569340514271824,9.412607615811313,9.55005784029421,198830482
2006-08-21,9.327322006225586,9.369348043439649,9.275902158630148,9.347098797871908,161535213
2006-08-22,9.351794242858888,9.375773823797408,9.2665059547871,9.337950585525531,167188323
2006-08-23,9.231649398803713,9.35130024896998,9.212613778120476,9.335725306020109,146238089
2006-08-24,9.23906421661377,9.305069817634196,9.202723320392918,9.256616551439338,139822131
2006-08-25,9.227445602416992,9.278372271584177,9.208657986394424,9.222995754426158,99037832
2006-08-28,9.41755199432373,9.41755199432373,9.270459953025664,9.285539835839153,167184308
2006-08-29,9.368109703063965,9.451420590466006,9.324847448649017,9.41334935222495,179068687
2006-08-30,9.41260814666748,9.509021521993102,9.3572325748259,9.374536908578074,162382376
2006-08-31,9.35772705078125,9.447218128141364,9.349569468916158,9.430902017836354,118839777
2006-09-01,9.359457015991213,9.425709678686948,9.324600345927378,9.41854126780292,107316747
2006-09-05,9.50185203552246,9.52756195306864,9.330781362187512,9.390852890751097,163582859
2006-09-06,9.39752960205078,9.47292902775698,9.38566239220735,9.445982879347234,149522354
2006-09-07,9.356739044189451,9.437329480318326,9.329791951368106,9.378988286031724,154256030
2006-09-08,9.340916633605955,9.413597487085202,9.312981317873575,9.312981317873575,123798294
2006-09-11,9.495177268981934,9.51001009650167,9.338939414540484,9.351052732585798,181847062
2006-09-12,9.688250541687012,9.708768498469054,9.51470739901742,9.517673964645532,218503948
2006-09-13,10.050910949707031,10.05560785424814,9.767358765765833,9.768594045980691,392192544
2006-09-14,9.986883163452148,10.04374202563837,9.936204488906832,9.994793690043515,215448538
2006-09-15,10.132739067077637,10.136940913167557,10.05511424381792,10.073407750809084,314703180
2006-09-18,10.251646995544434,10.350531883761429,10.122601392901135,10.135704828541323,285333506
2006-09-19,9.982681274414062,10.271424486217626,9.709016054417535,10.27068331805987,573858932
2006-09-20,9.814329147338867,10.071183197062142,9.755492890355663,10.064013838656962,367283528
2006-09-21,10.057832717895508,10.097386293618328,9.885031696919492,9.895908788257044,429287065
2006-09-22,9.981938362121582,10.072665667241145,9.922112939179357,10.011604017559849,186681114
2006-09-25,9.986883163452148,10.12210801654093,9.95029614971402,10.02643768955882,230352192
2006-09-26,10.058327674865724,10.078352467013922,9.932248630186947,10.024459224709137,212369039
2006-09-27,9.960679054260254,10.165865257992891,9.947081505663746,10.044236061378916,235949093
2006-09-28,9.976993560791016,10.061046567614248,9.901841197268332,9.989354881737722,205061752
2006-09-29,9.935462951660156,10.027426487846318,9.923349632881989,10.015313169068149,132932403
2006-10-02,9.924091339111328,10.036819894618851,9.908270285658483,9.935463490372696,146623529
2006-10-03,9.98836612701416,10.048191553081349,9.843746522485866,9.920383118562755,219407321
2006-10-04,10.276615142822266,10.278345481545244,9.963891441911056,10.011356488368984,267470802
2006-10-05,10.180450439453123,10.339407808449142,10.156964970700496,10.251894123285837,232460064
2006-10-06,10.39527702331543,10.430133694227823,10.129523304852798,10.141142510681869,294559960
2006-10-09,10.60540771484375,10.678335628507162,10.467463360213031,10.50157886481226,304468963
2006-10-10,10.547313690185549,10.82419062660448,10.442000609628831,10.66869393262304,393011603
2006-10-11,10.543604850769045,10.627903967891058,10.4758679539361,10.507017839360618,226260915
2006-10-12,10.566843032836914,10.622218607391291,10.481801802882895,10.594530346826684,194486260
2006-10-13,10.56338119506836,10.617768544392945,10.52036599560864,10.574753344933224,145443121
2006-10-16,10.42617893218994,10.61035210088403,10.416043009066014,10.573270032488452,173423607
2006-10-17,10.398738861083984,10.475620615547111,10.301336310829052,10.390332329997356,209221284
2006-10-18,10.36586093902588,10.50034368276674,10.321115394275122,10.456834364908676,241594173
2006-10-19,10.532727241516112,10.617768469147956,10.372286597281445,10.38860270730571,461864718
2006-10-20,11.363609313964844,11.374239350426045,11.213304574018188,11.346798143212316,467662368
2006-10-23,11.88547420501709,11.980898424869183,11.3809147379275,11.428130842584205,606444615
2006-10-24,11.700804710388184,11.81328618964004,11.653834724004644,11.77422672856246,347706422
2006-10-25,12.029351234436035,12.07632122777849,11.745304930205632,11.804140239977576,368877480
2006-10-26,11.992270469665527,12.161856941527097,11.970021225863375,12.056050688656766,282322262
2006-10-27,11.747528076171877,11.99572945434064,11.680533298164658,11.962603122658422,265150137
2006-10-30,11.781396865844728,11.877563196551048,11.619226813719612,11.738135553047996,263508004
2006-10-31,11.776947021484377,11.919588275370238,11.713907031131267,11.81823093600524,252358369
2006-11-01,11.557175636291504,11.844683555710189,11.501800059575244,11.83553680270068,217865564
2006-11-02,11.616753578186035,11.71118767046361,11.529487897167211,11.557175211219564,210253137
2006-11-03,11.663476943969728,11.711683162599986,11.496856101697624,11.674106979809611,197043811
2006-11-06,11.79079246520996,11.857787255344768,11.676580622380676,11.712179413883302,200408375
2006-11-07,11.682513236999512,11.841965676923694,11.662735500434936,11.790791943117144,196618221
2006-11-08,11.74258518218994,11.909206026395202,11.584368976392284,11.627631234955311,319794191
2006-11-09,11.683995246887209,11.853582646097854,11.664959627140917,11.7796665111029,195899538
2006-11-10,11.706738471984863,11.735662012044337,11.626147092201396,11.712424546900992,112287309
2006-11-13,11.891653060913086,11.89511468508642,11.72132354529304,11.740112109202402,174326980
2006-11-14,12.096098899841309,12.112167008762327,11.878551376961637,11.883496284237244,290019003
2006-11-15,12.161115646362305,12.35690804320176,12.161115646362305,12.198197718978664,336083018
2006-11-16,12.259258270263672,12.30326169475627,12.176688547147766,12.237009028697246,204467533
2006-11-17,12.33070182800293,12.352208953027828,12.187564579740767,12.193745712895671,221266263
2006-11-20,12.238245010375977,12.321060841291445,12.178913700720228,12.321060841291445,205748315
2006-11-21,12.59917449951172,12.607826193058154,12.257526315331411,12.275078651593068,338363534
2006-11-22,12.558631896972656,12.6819904710892,12.503503380796849,12.631806861652787,180702789
2006-11-24,12.48422145843506,12.546025223806042,12.459499762971694,12.471861083990804,69567783
2006-11-27,11.98361873626709,12.404621221707195,11.98361873626709,12.394485296555674,294086191
2006-11-28,12.101041793823242,12.109942436819752,11.792767933714504,11.894125271881078,313073093
2006-11-29,11.981143951416016,12.230581561855766,11.921812641657354,12.218221187847652,253558852
2006-11-30,11.985100746154783,12.123292163002562,11.904509358806116,11.969773805305012,223936234
2006-12-01,11.885966300964355,12.07360108691438,11.829107447023398,12.01402272362781,226100315
2006-12-04,11.986087799072266,12.049868956463484,11.850121793111024,11.94035403704207,196730641
2006-12-05,12.039238929748535,12.099558463095336,11.987077924710002,12.0491268502391,164735162
2006-12-06,12.081512451171877,12.172733869143642,11.977930658852538,12.038250194380533,178679233
2006-12-07,11.931455612182615,12.157901888807688,11.926016592734614,12.119089477664891,187271318
2006-12-08,11.96779441833496,12.078792621637165,11.866190023562057,11.914149183471912,159591956
2006-12-11,11.963345527648926,12.08621000274849,11.960131905872464,11.987820168194494,131025281
2006-12-12,11.910194396972656,12.023417051135077,11.873112328327837,11.961367178415095,167866857
2006-12-13,11.84122085571289,12.002157501206524,11.792520529433618,11.982132711561672,187182988
2006-12-14,11.918599128723145,11.958894819205538,11.79845417194212,11.872371253785662,190668002
2006-12-15,11.87360668182373,11.967794664809388,11.862235478257976,11.931454710085935,208410256
2006-12-18,11.44098663330078,11.93392686755712,11.3895658454063,11.928241738751746,321865927
2006-12-19,11.585110664367676,11.601921835086996,11.334684801445196,11.414287966581002,264467588
2006-12-20,11.443456649780272,11.656059236131112,11.42936593776338,11.618978116115672,175366863
2006-12-21,11.277825355529783,11.50155306104276,11.18240114198337,11.475101026050652,279174507
2006-12-22,11.262497901916504,11.33814532307027,11.19204244373718,11.309962950483571,160129965
2006-12-26,11.310705184936523,11.35866434607578,11.238024328548502,11.285736433652994,83282999
2006-12-27,11.570276260375977,11.571513433638334,11.349516085742014,11.371765326393636,169894428
2006-12-28,11.435051918029783,11.583874307511278,11.427388448125814,11.547780462290389,125115211
2006-12-29,11.38363265991211,11.482270496134246,11.368305719322802,11.423681296855849,102751700
2007-01-03,11.55940055847168,11.783621419154969,11.399206966221994,11.52009309186158,309415434
2007-01-04,11.946781158447266,11.963838436381614,11.578187770222954,11.594256824063882,316686586
2007-01-05,12.043935775756836,12.05159924540117,11.819466918973534,11.927993613842848,275914333
2007-01-08,11.954692840576172,12.110189525776809,11.920577337533578,12.056296288471236,190888826
2007-01-09,12.002157211303713,12.070140210951791,11.895854972004368,12.000920038085386,216062832
2007-01-10,12.100053787231444,12.201163124613773,11.916621783181167,11.9757050911194,239634856
2007-01-11,12.353694915771484,12.403879480483324,12.266182167469262,12.291397031282642,289408724
2007-01-12,12.48422145843506,12.48422145843506,12.3606158208428,12.409810262582912,179618741
2007-01-16,12.466421127319336,12.681990282070217,12.442194492326651,12.547259560350916,303890804
2007-01-17,12.293374061584473,12.552699603410275,12.221682374829363,12.444419958587288,268968395
2007-01-18,12.059759140014648,12.273597985933304,12.04987027187668,12.225142816029734,238169384
2007-01-19,12.107222557067873,12.132191308757424,12.032812307226497,12.063466187532605,199878396
2007-01-22,11.886957168579102,12.178913979566026,11.82910819376543,12.17520624591506,216982266
2007-01-23,11.842706680297852,11.98361760855379,11.799197364296104,11.88572093761867,187319498
2007-01-24,12.337624549865724,12.349243756279918,11.947524011453888,11.97620049685658,243280470
2007-01-25,12.06618595123291,12.471861441204304,12.006113469549424,12.385336924466614,255694828
2007-01-26,12.25777530670166,12.308701034310488,12.039981682861423,12.136394118918478,220684089
2007-01-29,12.17446517944336,12.329714825580684,12.12576484627189,12.311174262579856,191744020
2007-01-30,12.22019863128662,12.311172991087057,12.14356298692654,12.212287158904097,167846782
2007-01-31,12.397696495056152,12.484221006181206,12.2496162234018,12.273843805913678,490074058
2007-02-01,11.909453392028809,12.50918995530229,11.904013426453286,12.50894289927041,628695706
2007-02-02,11.903271675109863,11.98979618336848,11.812050262751177,11.930711931650968,252402534
2007-02-05,11.548770904541016,11.816749088986723,11.524790376871769,11.80438776780441,289356529
2007-02-06,11.655564308166504,11.70055784718344,11.551241355089786,11.572007312613056,213673912
2007-02-07,11.619226455688477,11.72651598477523,11.58881868443802,11.71341349537015,165409681
2007-02-08,11.644441604614258,11.71168344559416,11.499080830509516,11.57077252008165,163679219
2007-02-09,11.418490409851074,11.685231430068292,11.408848597930634,11.659769511862132,195072449
2007-02-12,11.32949161529541,11.4308489460172,11.248653185356751,11.388575864406556,231042771
2007-02-13,11.349515914916992,11.44049027090941,11.304029210208176,11.35075214158594,163113105
2007-02-14,11.518362998962402,11.597471099360629,11.35248332813587,11.371766004517143,228806420
2007-02-15,11.408105850219728,11.523306848751444,11.38956528870324,11.520093227147909,162302076
2007-02-16,11.617494583129885,11.622686546051058,11.42269137706752,11.440985828731613,248006116
2007-02-20,11.670894622802734,11.6869636796124,11.48820375909047,11.581155528682585,163313855
2007-02-21,11.763845443725586,11.833558792010304,11.563109090839603,11.61502399126698,226469694
2007-02-22,11.763595581054688,11.97100714734452,11.727503632373772,11.83380397691118,230617182
2007-02-23,11.634306907653809,11.790791833724027,11.564592611361562,11.761126175727329,155886118
2007-02-26,11.49364185333252,11.748763646154654,11.464470310442756,11.688939170777404,159391206
2007-02-27,11.094146728515623,11.36682180861591,11.054592205848344,11.248160133763736,373908266
2007-02-28,11.110957145690918,11.215281053331648,10.952493889363009,11.134688723817264,322496281
2007-03-01,11.08079719543457,11.18437898668678,10.87734134656628,10.943346956518102,348710170
2007-03-02,10.844709396362305,11.09241573188961,10.844709396362305,11.003666766116112,264331078
2007-03-05,10.90082550048828,11.013306974794675,10.80317590551292,10.803670017518206,255156819
2007-03-06,11.311199188232422,11.347044084149935,11.059783232146357,11.062008629587522,302477526
2007-03-07,11.263981819152832,11.4493912289867,11.2306084282867,11.43826613431473,262343656
2007-03-08,11.241236686706545,11.507731552552215,11.225909748525376,11.352481936385614,215316044
2007-03-09,11.19772720336914,11.33221181873778,11.127024691486476,11.322322951753748,199854306
2007-03-12,11.24197769165039,11.254339010993547,11.15199251192469,11.18808635279106,139135567
2007-03-13,10.95224666595459,11.172265681576482,10.947302705575678,11.127272139801484,256048147
2007-03-14,11.075111389160156,11.091427500019748,10.85262086149726,10.957191825991758,321877972
2007-03-15,11.030365943908691,11.12010502769635,10.974743311514167,11.071649860202466,158359353
2007-03-16,10.898354530334473,11.04297412930774,10.874622952230649,11.017016207153013,227212468
2007-03-19,11.056076049804688,11.08747299212994,10.892915883635638,10.957686216643795,208687290
2007-03-20,11.007868766784668,11.065222680033962,10.966336851191164,11.020477143020091,137372985
2007-03-21,11.28647804260254,11.286972154691366,11.006139478734235,11.008363929708842,232801338
2007-03-22,11.422197341918944,11.425410963475205,11.187098443926349,11.26323997687595,228079706
2007-03-23,11.417006492614746,11.455571848201306,11.299581033467442,11.407612683060943,165068406
2007-03-26,11.495370864868164,11.495370864868164,11.263486545050297,11.385361835752212,189118214
2007-03-27,11.46125602722168,11.50105760307387,11.380169592855571,11.459525688545458,150208917
2007-03-28,11.418242454528809,11.506249302250168,11.375473364239111,11.41799445192482,184352418
2007-03-29,11.394509315490724,11.520093294244065,11.24816032421091,11.484247451176874,160137995
2007-03-30,11.326279640197754,11.455819359678925,11.276342135605544,11.423681249209691,135714793
2007-04-02,11.335424423217772,11.335424423217772,11.176962122457152,11.31638975058958,138457033
2007-04-03,11.683253288269045,11.724044037780889,11.47065068641121,11.47188691315018,261046814
2007-04-04,11.644194602966309,11.693142937709563,11.608595814062124,11.671882865416752,151718555
2007-04-05,11.656307220458984,11.670644041893455,11.609583343341138,11.651114311282337,109039179
2007-04-09,11.574727058410645,11.693141672656008,11.509956731192355,11.692646614035963,122943100
2007-04-10,11.532453536987305,11.63850778218504,11.49932720384789,11.547039308713938,119618686
2007-04-11,11.483753204345703,11.604146165198364,11.436288155528237,11.5215764418347,153051532
2007-04-12,11.554455757141112,11.569535640979892,11.427141440631434,11.47065075333305,108721995
2007-04-13,11.527262687683104,11.588570447880835,11.454828886641684,11.58065992181901,112211024
2007-04-16,11.724539756774902,11.79178160278739,11.57324489331558,11.580908364257724,203877329
2007-04-17,11.688197135925291,11.776947045344372,11.658531480775451,11.71291883074177,128885290
2007-04-18,11.767552375793455,11.863716798814696,11.607357849704568,11.650125990512365,227670177
2007-04-19,11.659768104553224,11.914396721630682,11.60884238113773,11.730222612351335,442034667
2007-04-20,11.927498817443848,12.175206091205636,11.916126667452351,12.126257760240916,488283372
2007-04-23,11.8434476852417,11.989797630946592,11.82317583712569,11.868663494074456,227834792
2007-04-24,11.805130004882812,11.865696598347084,11.756180724876176,11.83182909584559,148341946
2007-04-25,11.816500663757324,11.90005861053898,11.770024786046644,11.866190163025015,159266742
2007-04-26,11.89536190032959,11.976200338936035,11.794746673420846,11.819219419544792,165614446
2007-04-27,11.841715812683104,11.925521764112924,11.824906536394469,11.867920790990045,117466650
2007-04-30,11.653093338012695,11.89956438372365,11.653093338012695,11.845177034085756,146193924
2007-05-01,11.594257354736328,11.688444391583456,11.474853564006326,11.67311745168588,146876473
2007-05-02,11.514654159545898,11.645676198737316,11.513416986328568,11.585603724451609,122967190
2007-05-03,11.698824882507324,11.71959178362422,11.502538431433672,11.525528836389556,144306878
2007-05-04,11.646668434143066,11.738631036447703,11.51712869694512,11.621946734510628,158592223
2007-05-07,11.551487922668455,11.68869014492648,11.531711136626503,11.671880870694295,121256803
2007-05-08,11.540117263793944,11.5737386563237,11.488698370705492,11.5233070408165,116639561
2007-05-09,11.600438117980955,11.661746827190711,11.467684775612987,11.523802468112487,156179212
2007-05-10,11.408105850219728,11.606370684672951,11.396981702624805,11.545803146551044,148004686
2007-05-11,11.538387298583984,11.544815488681204,11.396488149549374,11.417006106926392,118205408
2007-05-14,11.415769577026367,11.557421654507538,11.371765208225492,11.507238045482689,155488633
2007-05-15,11.3223237991333,11.43455823554396,11.307738026877043,11.420219519330203,165377561
2007-05-16,11.683501243591309,11.696603733513168,11.347540036357078,11.421209121976828,263150670
2007-05-17,11.64271068572998,11.74802281725858,11.639002952041931,11.679792755484716,187122763
2007-05-18,11.626890182495115,11.685726438233246,11.61279852203574,11.66916327072346,148390126
2007-05-21,11.633811950683594,11.846413608879072,11.537892681268396,11.607358969886842,247295463
2007-05-22,11.763845443725586,11.841716374504298,11.693142924669669,11.693142924669669,154135581
2007-05-23,11.717122077941896,11.950490645415554,11.711683058761626,11.886461481751969,203166675
2007-05-24,11.726021766662598,11.846414740359332,11.656061359289636,11.74629361561603,167569747
2007-05-25,11.953208923339844,11.988560654018704,11.798701404790856,11.858773884081629,214741900
2007-05-29,12.041959762573242,12.157902893478218,11.965077995240929,11.989798747702125,209502334
2007-05-30,12.326006889343262,12.331939074283246,11.940355234025162,11.97743730599323,290918361
2007-05-31,12.308947563171388,12.577666903111506,12.287934548696102,12.374459060032503,358310019
2007-06-01,12.37050437927246,12.48471525858472,12.30944178353782,12.385336260290089,192679513
2007-06-04,12.535393714904783,12.62043494279469,12.301036936085604,12.308947461808556,285104652
2007-06-05,12.826363563537598,12.830319300078123,12.52402375162302,12.601648573528404,419450332
2007-06-06,12.81177806854248,12.874323002323498,12.73786098441042,12.774695998457403,316650452
2007-06-07,12.732917785644531,13.015728812787192,12.669878736016152,12.848859960709198,426813829
2007-06-08,12.743547439575195,12.846140065532358,12.594478933250532,12.761099777701318,255281284
2007-06-11,12.64095401763916,12.811778603197364,12.6078276825057,12.707207634480978,186604829
2007-06-12,12.47853660583496,12.649112238032725,12.438982081533767,12.575938213896524,257742474
2007-06-13,12.490154266357422,12.571734818042763,12.32823033628897,12.535888975822283,282414606
2007-06-14,12.430824279785156,12.505976644083212,12.402640959954812,12.49361626958383,185540856
2007-06-15,12.50622272491455,12.5831054220584,12.391021733920756,12.563080632493037,247889682
2007-06-18,12.736379623413086,12.756155466872894,12.46543390829492,12.513394020327189,194161046
2007-06-19,12.714377403259276,12.787057319430774,12.645899333196052,12.706960988693316,174864989
2007-06-20,12.607085227966309,12.824137669674933,12.584588931233831,12.779887190854351,174178426
2007-06-21,12.709433555603027,12.738603208864062,12.51586655356982,12.632055787371485,177049146
2007-06-22,12.978150367736816,12.978397423746651,12.75862548451406,12.766536956277315,289228049
2007-06-25,13.038472175598145,13.225611929590512,12.938598109663106,13.07703658424046,318188194
2007-06-26,13.108678817749023,13.181358723138649,13.00929887730789,13.169739517613165,228433026
2007-06-27,13.010536193847656,13.0525622217582,12.84416242093742,12.978645142306275,245842035
2007-06-28,12.978893280029297,13.08989243646941,12.948980567324083,12.975679658320042,167360967
2007-06-29,12.921788215637209,13.037977441275055,12.84169094323932,13.003861936364844,155805818
2007-07-02,13.11164665222168,13.147986608433865,12.95886946661447,12.990759574316495,140026895
2007-07-03,13.20954132080078,13.211024603519364,13.04044898403184,13.128455829901403,75152639
2007-07-05,13.38976001739502,13.458239031524082,13.15540321884739,13.239702339179305,198457088
2007-07-06,13.33463191986084,13.445135068654274,13.318068753014964,13.380366630646376,110291857
2007-07-09,13.412750244140623,13.56552741914578,13.355891388203762,13.423628281904932,149751208
2007-07-10,13.432032585144045,13.52251188307672,13.390253613612076,13.443157678657766,154818129
2007-07-11,13.459968566894531,13.510153128581228,13.349712468648596,13.438709441125033,132868163
2007-07-12,13.481228828430176,13.530423270003489,13.354902735135685,13.494331317515584,138179998
2007-07-13,13.65007495880127,13.662683336591682,13.528694711620918,13.545009876755715,210269197
2007-07-16,13.670592308044434,13.808783709892392,13.57961795044564,13.604092588513607,264969462
2007-07-17,13.720282554626465,13.7877714485089,13.655513170297231,13.721272671922897,173792986
2007-07-18,13.584317207336426,13.707922850862609,13.443653337546396,13.692842966138713,244111573
2007-07-19,13.56182098388672,13.683696289176115,13.404841001678838,13.682213006300335,446756299
2007-07-20,12.858006477355955,12.933652951318232,12.595466376184364,12.654797686409545,713556598
2007-07-23,12.669877052307127,12.855039386590157,12.660977356136993,12.830564748834885,255221059
2007-07-24,12.70671272277832,12.82265488844944,12.536383206610282,12.590522554499508,223719424
2007-07-25,12.601895332336426,12.7813706635343,12.498065533127043,12.78038243935366,222631361
2007-07-26,12.55838394165039,12.67185554243968,12.332925915933853,12.576678392820387,276368027
2007-07-27,12.65455150604248,12.771482849223604,12.496582354924286,12.571488612554312,221189978
2007-07-30,12.75887393951416,12.838723207908334,12.620188417912429,12.68001384184254,159126217
2007-07-31,12.607828140258787,12.865918421617048,12.607828140258787,12.860726458112534,171460275
2007-08-01,12.68050765991211,12.768762510964637,12.561845985525672,12.620188125306688,177791919
2007-08-02,12.632795333862305,12.731185159916729,12.583105835493958,12.699790113008834,126669014
2007-08-03,12.434779167175291,12.686936299076708,12.434779167175291,12.609064424599406,127524207
2007-08-06,12.607828140258787,12.611536820844146,12.42241966851412,12.43478004398211,146607469
2007-08-07,12.756648063659668,12.852072264044432,12.58409411305219,12.601646448611506,171211346
2007-08-08,12.997928619384766,12.997928619384766,12.783100615853389,12.838723247603182,163362034
2007-08-09,12.724759101867676,13.023638212332076,12.7222866484031,12.87481677046602,194586635
2007-08-10,12.74997329711914,12.823394364782748,12.499793600303676,12.612276020100415,235888868
2007-08-13,12.74379539489746,12.84886048187298,12.682733737790231,12.843669464827403,127648672
2007-08-14,12.57321548461914,12.790762015933836,12.558382659009649,12.749231050801964,145892800
2007-08-15,12.300048828125,12.649607578343318,12.27928286805511,12.583106905595116,217191045
2007-08-16,12.15097999572754,12.272360237982252,11.877562790878232,12.163340370390156,347120233
2007-08-17,12.361604690551758,12.38533721653202,12.154193090849176,12.29732941488018,219997525
2007-08-20,12.309195518493652,12.423902410388086,12.261730467147691,12.421429956772188,108296406
2007-08-21,12.52402400970459,12.56234136277,12.305488256191463,12.334411799676314,144965337
2007-08-22,12.675810813903809,12.762335326561136,12.58928630124648,12.606838638440214,130595677
2007-08-23,12.661967277526855,12.75936888255849,12.53366379008759,12.756154314383023,123529289
2007-08-24,12.73143482208252,12.745030476919888,12.570745218967792,12.672350565360825,99278731
2007-08-27,12.6884183883667,12.792001127330405,12.642437568584915,12.71734287597523,93352602
2007-08-28,12.51883029937744,12.730937832960864,12.50375041631157,12.645649550743729,131446855
2007-08-29,12.679024696350098,12.689407675945604,12.539350003747872,12.55442988777887,102354216
2007-08-30,12.642436981201172,12.741320918028674,12.62216513521354,12.66616855809489,106465569
2007-08-31,12.737613677978516,12.768515560204424,12.644167809775928,12.684463500713774,119550431
2007-09-04,12.98235321044922,13.05280866254158,12.722038527066214,12.73192739352162,148301796
2007-09-05,13.04786777496338,13.08939875207592,12.91066457178318,12.939093058065136,133012703
2007-09-06,12.942058563232422,13.098049362359568,12.8115306270351,13.086430156320027,145579631
2007-09-07,12.838970184326172,12.885694065410654,12.775932085732096,12.802137063831058,147093283
2007-09-10,12.718578338623049,12.906213140418371,12.629582316779208,12.886682461314107,129515644
2007-09-11,12.887920379638672,12.8958309062082,12.749480958509878,12.780629899256974,108549350
2007-09-12,12.920551300048828,13.052316417810642,12.8303190487116,12.868142288144414,119887690
2007-09-13,12.9732084274292,13.03328091016121,12.93464307294757,12.955409033053062,75927532
2007-09-14,13.071351051330566,13.108927234599564,12.909922170188535,12.93414786125848,111010541
2007-09-17,12.98606300354004,13.084452838804802,12.955656177893191,13.016469829186883,88229471
2007-09-18,13.232531547546388,13.281479876586028,12.96059859488956,13.016221222783573,169260059
2007-09-19,13.518803596496582,13.583077915296956,13.321280896452508,13.33141681889536,221904647
2007-09-20,13.666638374328612,13.764781149044978,13.498534251651304,13.52251288602482,221828362
2007-09-21,13.846359252929688,13.8634174766432,13.666636889931532,13.753407504845814,321669193
2007-09-24,14.042154312133787,14.127195545563277,13.8438894714934,13.868610220953496,212674178
2007-09-25,14.066380500793455,14.080225105418991,13.914593427764396,13.94277485596838,109633398
2007-09-26,14.045614242553713,14.135352375742915,13.938076716344352,14.100989816424809,134345680
2007-09-27,14.029296875,14.134115835988847,13.986776734776772,14.13386783339004,82560301
2007-09-28,14.02361297607422,14.07997772433082,13.945741099796626,14.016938676541804,105975740
2007-10-01,14.40135383605957,14.445852323642931,14.081460730724054,14.09036137481566,189158364
2007-10-02,14.446840286254885,14.753877931752596,14.338560642190815,14.421871534769872,283759629
2007-10-03,14.43769359588623,14.560558073879369,14.347214285618415,14.49282211920552,155761653
2007-10-04,14.31433391571045,14.464144530532234,14.265633586379032,14.464144530532234,119915795
2007-10-05,14.68564796447754,14.733855132033623,14.511610699576854,14.51408315326945,203507949
2007-10-08,15.070556640625,15.086377692934388,14.683174663036878,14.70913258558566,201873847
2007-10-09,15.2080078125,15.42061043352423,15.040150734696384,15.206277473539384,352026555
2007-10-10,15.460411071777344,15.467579483237143,15.2480555197764,15.360784067136644,216231462
2007-10-11,15.376604080200195,15.856443671964188,15.055228682884316,15.664359980274524,473729022
2007-10-12,15.757065773010254,15.782033578299028,15.283653391212242,15.425554429648775,273971076
2007-10-15,15.32988166809082,15.818125914086766,15.21715407109962,15.783764301034642,278793083
2007-10-16,15.228279113769531,15.47351300332662,15.12914621871777,15.289833932273854,241915372
2007-10-17,15.660404205322266,15.673258691101118,15.36646906566996,15.585498901703858,242124152
2007-10-18,15.812192916870115,15.85545517345334,15.537293384102377,15.7081170129815,493410518
2007-10-19,15.938023567199709,16.278682592633256,15.90143655728252,16.181528046325678,633927242
2007-10-22,16.08734130859375,16.192407335359984,15.729624977274415,15.78870923548842,267575192
2007-10-23,16.70586585998535,16.751104563022427,16.31601145432239,16.346913335376716,272766578
2007-10-24,16.707103729248047,16.747893534716173,16.305135019722552,16.630219129801674,297278110
2007-10-25,16.526390075683594,16.784975417765917,16.40377265111862,16.777806059171105,232688918
2007-10-26,16.676942825317383,16.724901985793814,16.515264057583277,16.662850219207307,134658850
2007-10-29,16.791399002075195,16.810434619967978,16.61488931835054,16.755306107482866,123111730
2007-10-30,17.17557144165039,17.30263776434571,16.748881976565876,16.748881976565876,277058606
2007-10-31,17.4779109954834,17.4779109954834,17.20696529055906,17.32191923901252,276103037
2007-11-01,17.38421630859375,17.64403596008212,17.348865524196537,17.373834275624525,262066622
2007-11-02,17.582975387573242,17.640576363956942,17.239103654504962,17.564681880875163,234535815
2007-11-05,17.938961029052734,18.052184638004597,17.454920493048384,17.477662901367456,356679932
2007-11-06,18.33795928955078,18.33795928955078,17.922891924499556,18.233389279580432,338716853
2007-11-07,18.119178771972656,18.47269229733567,17.876910510046645,18.32164545433195,332180444
2007-11-08,17.152578353881836,18.167384229621497,16.740723629584323,18.160216764734383,662963671
2007-11-09,16.414154052734375,16.856910626451253,16.34592304841438,16.70611179597737,457231416
2007-11-12,15.625547409057615,16.56149316941418,15.480681700964956,16.26014160037836,410625377
2007-11-13,16.329608917236328,16.338756616626178,15.625547487344743,15.944945507483476,339082217
2007-11-14,15.863120079040527,16.698944793682703,15.729378507496516,16.644310382001922,325001637
2007-11-15,15.565722465515137,16.00699671555581,15.426047778082166,15.786236535808747,279752666
2007-11-16,15.664114952087402,15.710095775620433,15.228773785405844,15.67177842267624,363067785
2007-11-19,15.471781730651855,15.741738246886117,15.290081012084904,15.564239374001088,221924722
2007-11-20,16.032705307006836,16.29376306383366,15.645324303596317,15.734568322173322,395099399
2007-11-21,16.328866958618164,16.562483527988245,15.87300786343337,15.914785891592452,281591533
2007-11-23,16.728858947753906,16.76791841672479,16.516504322198266,16.563225368860365,109958613
2007-11-26,16.464340209960938,17.14170158707504,16.439617568501188,16.815381272673033,272622038
2007-11-27,16.651479721069336,16.722183188641342,16.075227623516447,16.681887494013388,357515050
2007-11-28,17.1135196685791,17.163951286600714,16.616128630399974,16.86259969845251,317846919
2007-11-29,17.23069953918457,17.373834914010715,17.002520090292006,17.076190120527095,249250764
2007-11-30,17.131811141967773,17.578276397033324,16.862597697094554,17.57679406090118,317003771
2007-12-03,16.8482608795166,17.181256464865072,16.838619067548212,17.082617680457265,173652461
2007-12-04,16.913278579711914,17.107093591927157,16.73924130500229,16.76866085519252,169906473
2007-12-05,17.26802635192871,17.278410278175834,16.99584632267164,17.125137090059237,169015145
2007-12-06,17.68210792541504,17.714246036084273,17.230945721838392,17.250475454971276,197096005
2007-12-07,17.672466278076172,17.749844989763858,17.564435578011434,17.67543284380941,154661545
2007-12-10,17.76022720336914,17.917949300927475,17.65096027537828,17.700155666524225,154826159
2007-12-11,17.285083770751953,17.82376059814515,17.27470173757059,17.797803622042007,246484434
2007-12-12,17.28879165649414,17.658868337216585,17.020566427173193,17.65095875796091,247287433
2007-12-13,17.15777015686035,17.24602690828326,16.84035140611871,17.21364079432561,202387766
2007-12-14,17.056657791137695,17.297443687711212,16.989911019779605,16.99609215284493,147490767
2007-12-17,16.544189453125,17.191637171487137,16.406739215127473,17.0082061145198,220262515
2007-12-18,16.646039962768555,16.72910189945004,16.130601599450397,16.666063805601148,287742502
2007-12-19,16.745420455932617,16.798076522345664,16.538502977439308,16.66730152573675,177506855
2007-12-20,17.049985885620117,17.08237200018668,16.825518893632733,16.95456356033731,177551020
2007-12-21,17.22303581237793,17.28656992477004,17.137747513886364,17.252455362633395,216086922
2007-12-24,17.322904586791992,17.322904586791992,17.13329430781841,17.181005460926485,65380146
2007-12-26,17.57284164428711,17.63167695531582,17.260612012176885,17.27989374339599,101579322
2007-12-27,17.32315444946289,17.700400493013145,17.32315444946289,17.479640308848044,118141168
2007-12-28,17.367406845092773,17.501396421606827,17.219328447107916,17.426738162600834,102892225
2007-12-31,17.09423828125,17.366418329311635,17.07198809098306,17.269511774441884,95404263
2008-01-02,16.938737869262695,17.239843304885085,16.75431859918587,17.12859805114071,172921733
2008-01-03,16.94219970703125,16.979776834984833,16.724406088654305,16.940471261375468,130587647
2008-01-04,16.24184799194336,16.83416909331492,16.19240649472587,16.80277309891092,215195594
2008-01-07,16.05025863647461,16.37237807932855,15.756077352174398,16.16620270440377,257096061
2008-01-08,15.615907669067385,16.31502419639983,15.599096499551186,16.14296339092134,214364490
2008-01-09,16.14790916442871,16.151369842303094,15.389214228115,15.575364810374923,270598482
2008-01-10,15.987958908081056,16.246790291708592,15.824304663103186,15.94543877294154,254317685
2008-01-11,15.778325080871582,16.055698971032566,15.57709462053645,15.888335066711274,199826201
2008-01-14,16.163232803344727,16.251735646286868,15.951372343210569,16.09698014571348,178566813
2008-01-15,15.763492584228516,16.045315382250216,15.707375837932664,15.967442558482126,223562839
2008-01-16,15.227042198181152,15.821341680161153,14.880450956713675,15.548913635984796,423983259
2008-01-17,14.85226821899414,15.469062052647638,14.78354215402173,15.34595053126052,329903943
2008-01-18,14.838918685913086,15.079703656522105,14.794420203482304,15.039407966305587,342864341
2008-01-22,14.44585132598877,14.770935425804035,13.873554054388826,13.894072957786577,381484558
2008-01-23,13.56256103515625,14.041658524855428,12.83031819979498,13.861440143576358,681171664
2008-01-24,14.20210075378418,14.330651309036112,13.69902457453036,13.81422558351248,377445475
2008-01-25,14.002104759216309,14.709131778175648,13.996665740335152,14.63027073727294,279684411
2008-01-28,13.74450969696045,14.14647648176688,13.562066865611657,14.115080488043848,233540097
2008-01-29,13.609532356262209,13.876768422357213,13.36602786832194,13.855508351145238,252262009
2008-01-30,13.553908348083496,13.85451777326004,13.4362349071093,13.576651699781095,318774383
2008-01-31,13.950189590454102,14.165264636028544,13.208305915067715,13.324989243528618,597081651
2008-02-01,12.75368309020996,13.26714316081025,12.607827262176157,13.06937243422163,706658840
2008-02-04,12.247641563415527,12.676554554946296,12.176443034801824,12.584838067543611,528256642
2008-02-05,12.528719902038574,12.583106306678305,12.07681560241708,12.099311900326226,449811709
2008-02-06,12.402887344360352,12.63675095590686,12.309441479411449,12.636008841258157,306600924
2008-02-07,12.482985496520996,12.711410105423449,12.231076364991171,12.282991263963291,318344779
2008-02-08,12.773212432861328,12.798922352026157,12.575689714918552,12.59324110555786,274179856
2008-02-11,12.883716583251951,12.94675563262524,12.691880871986603,12.86789553018312,233913491
2008-02-12,12.807821273803713,13.117083346319486,12.682731416578775,12.93884331517718,267490877
2008-02-13,13.216464042663574,13.225610795289931,12.82265483479244,12.91684281713053,265981240
2008-02-14,13.157875061035156,13.3751745698958,13.126973178482732,13.308674846960203,260039050
2008-02-15,13.093351364135742,13.16800960789827,12.962082270813651,13.060472090159028,210389647
2008-02-19,12.581869125366213,13.227340360450407,12.52130253811927,13.224373795092404,254968114
2008-02-20,12.58310604095459,12.63279554013428,12.331443976929988,12.447386141682598,267486862
2008-02-21,12.431317329406738,12.687182171180469,12.348254446117108,12.678281528548789,227963272
2008-02-22,12.553442001342772,12.58310671155312,12.300048638447995,12.411541907436677,221462998
2008-02-25,12.025397300720217,12.5213050888389,12.008092017081664,12.50770753936577,336167332
2008-02-26,11.475347518920898,11.53171226389634,11.04668164027954,11.40143138340143,934983461
2008-02-27,11.68968105316162,11.754697490150162,11.36286568975276,11.374979007519736,406393575
2008-02-28,11.752226829528809,11.843695313368777,11.553715864222651,11.6313406894421,264463573
2008-02-29,11.648148536682127,11.85976291300743,11.48671966480764,11.665206761732264,378429149
2008-03-03,11.298096656799316,11.686219789069808,11.127272082956182,11.656308024341588,303312645
2008-03-04,10.991059303283691,11.20761669923984,10.773017677950588,11.148039277693028,546910299
2008-03-05,11.067694664001465,11.227640253302065,10.97622619128863,11.007127126720432,298578968
2008-03-06,10.69687843322754,11.206135770667473,10.6593022463793,11.067449284537965,299923991
2008-03-07,10.712945938110352,10.877342337891376,10.537178333777325,10.602441835004916,324082204
2008-03-10,10.22519588470459,10.654850980517136,10.210858114166102,10.601205739233205,320701579
2008-03-11,10.873384475708008,10.881047944787875,10.497868811345976,10.512948693499066,354399416
2008-03-12,10.881790161132812,11.072144466158775,10.829629155163309,10.877588315465475,267073318
2008-03-13,10.951752662658691,11.049897337620155,10.599970395687375,10.696135782471837,310222448
2008-03-14,10.825922012329102,11.108238941838415,10.645457495492778,10.951011893786854,263961699
2008-03-17,10.379703521728516,10.721844897299366,10.187866874708464,10.580438918988548,316710676
2008-03-18,10.856575965881348,10.898107885636616,10.519625596398184,10.60491388689388,290573072
2008-03-19,10.679571151733398,11.062750310053556,10.671412623535788,10.90478212119988,248086416
2008-03-20,10.717889785766602,10.77104091371614,10.32111492598707,10.563877314518898,398022314
2008-03-24,11.385608673095703,11.514654265364555,10.82097587424907,10.838528210270322,271554050
2008-03-25,11.14383602142334,11.309220627109928,11.025668460825486,11.30897357108234,234138331
2008-03-26,11.327020645141602,11.442715758699244,11.107001621946692,11.188582177168335,209811488
2008-03-27,10.978203773498535,11.090191150783442,10.88945575534168,11.025668822747734,234162421
2008-03-28,10.829877853393556,11.212809045741162,10.736678089712608,11.061762197375366,175704123
2008-03-31,10.888959884643556,10.943841348515951,10.679818901955224,10.7695570385132,178522648
2008-04-01,11.512924194335938,11.532453927118349,11.047176226635615,11.068684300902866,244637537
2008-04-02,11.512676239013672,11.76087761710943,11.381407139011522,11.616506028736884,240859429
2008-04-03,11.251127243041992,11.453098872111257,11.078325265525182,11.41453446485858,272152284
2008-04-04,11.64592456817627,11.812546356481043,11.277825265078892,11.297849109907492,236772166
2008-04-07,11.787577629089355,12.000674350871902,11.70624412967373,11.792768645694672,238631108
2008-04-08,11.564838409423828,11.72132331847204,11.421455042419907,11.694131063699524,182561731
2008-04-09,11.475347518920898,11.668420387503856,11.310952081463054,11.59747081750941,242830791
2008-04-10,11.596234321594238,11.714401881214746,11.417499226147992,11.494382871982612,203656504
2008-04-11,11.30872631072998,11.551241614532932,11.248406778095548,11.472380574691746,167413162
2008-04-14,11.165590286254885,11.308725639757547,11.128261164607872,11.301556282638307,154280120
2008-04-15,11.04643440246582,11.364843239378956,10.969303700084495,11.325537666681468,183790319
2008-04-16,11.248902320861816,11.329246653635348,10.902064017525529,10.986115137692186,306372069
2008-04-17,11.11318302154541,11.35619246100703,11.038524766567448,11.26373481173698,536122013
2008-04-18,13.334877967834473,13.539817088307888,12.972958884961349,13.231049126206026,732158060
2008-04-21,13.294830322265623,13.413492946164686,13.1094209189982,13.334384845756931,298703433
2008-04-22,13.720282554626465,13.86440804177252,13.289144213096264,13.289391269132944,318730218
2008-04-23,13.509904861450195,13.826831362955904,13.372949683738527,13.792962915925989,197597880
2008-04-24,13.424616813659668,13.707674873123462,13.349958563206448,13.628567720941744,166023975
2008-04-25,13.449832916259766,13.670840160365469,13.416953638613997,13.572450330040606,167200368
2008-04-28,13.649084091186523,13.765026243059136,13.324741207942736,13.494823647836068,160945009
2008-04-29,13.80606460571289,13.927940847859158,13.596923630053638,13.617195476597884,174491595
2008-04-30,14.197154998779297,14.458459832957685,13.806065283385347,13.898522930950158,317304895
2008-05-01,14.661666870117188,14.70740157926456,14.263407818818695,14.296534151323902,265101957
2008-05-02,14.370203971862791,14.89330487596069,14.32100858586365,14.795408216012962,281001329
2008-05-05,14.706661224365234,14.80801857538905,14.514577505426631,14.80455789742212,252181709
2008-05-06,14.495540618896484,14.634967299438394,14.412475841186335,14.610245605599369,185866070
2008-05-07,14.313592910766602,14.820130674983654,14.250059752849912,14.592201128545367,265511486
2008-05-08,14.412723541259766,14.568221175566515,14.311367147742448,14.491585530418112,205684075
2008-05-09,14.170210838317873,14.4619215720641,14.123240842960616,14.313594224721518,180068420
2008-05-12,14.460434913635254,14.505180450355324,14.064154219102726,14.208526752073931,195285244
2008-05-13,14.412476539611816,14.53484689490923,14.30246750512034,14.49232675319833,207314163
2008-05-14,14.246845245361328,14.614944544966049,14.220888269485377,14.498755320334531,175688063
2008-05-15,14.363035202026367,14.411241419322304,14.22978680721553,14.313592757978642,174359100
2008-05-16,14.340044975280762,14.454009756261826,14.29678271500884,14.373666369963903,171604815
2008-05-19,14.27700424194336,14.55783689665711,14.17811935771566,14.302467104364863,225020282
2008-05-20,14.303703308105469,14.399621626720856,14.16303945166128,14.205560538687312,133040807
2008-05-21,13.596428871154783,14.373170154202215,13.54451397711174,14.301725529210204,259693761
2008-05-22,13.583325386047363,13.700751773899212,13.355643860882669,13.644882090614676,203813089
2008-05-23,13.463675498962402,13.670839069255248,13.29532433441908,13.521523523559884,177924414
2008-05-27,13.866137504577637,13.908164481698057,13.444640972357488,13.47208217749096,155199554
2008-05-28,14.047593116760254,14.127937449841742,13.871083397296417,14.04017670222081,162623276
2008-05-29,14.412476539611816,14.483674112606629,14.170209229067984,14.209515749204783,194526410
2008-05-30,14.481697082519531,14.58354853762476,14.370451818488055,14.424096109043106,129491554
2008-06-02,14.214707374572754,14.434479343512924,14.12249772937972,14.400116782281506,147518872
2008-06-03,14.02435302734375,14.350674281530113,13.858969369304091,14.251788450623,172857493
2008-06-04,14.145983695983888,14.288872018608508,13.956371489149785,13.975654166673158,135032244
2008-06-05,14.49405574798584,14.537070944348129,14.244618156176232,14.26612622764475,157255230
2008-06-06,14.016938209533691,14.356113018805727,14.016938209533691,14.33213343797728,190089843
2008-06-09,13.791231155395508,14.091100368327568,13.482958251508409,14.043141210191948,212324874
2008-06-10,13.6997652053833,13.814719153799484,13.517075304045443,13.585799481157649,146844353
2008-06-11,13.47801399230957,13.77813027567856,13.459720487105775,13.750937073904028,153087667
2008-06-12,13.669604301452637,13.794446160861224,13.519545688930462,13.566022512424349,220487355
2008-06-13,14.12843132019043,14.232013119339758,13.877016291467823,13.880724025386638,248303226
2008-06-16,14.160567283630373,14.316063013506971,14.00457649515142,14.00457649515142,142243171
2008-06-17,14.077751159667969,14.290601757545458,14.051052070601989,14.248080670545072,139035192
2008-06-18,13.90272617340088,14.066133399492614,13.82312395664722,13.955382242294068,135754943
2008-06-19,13.848832130432127,13.93733497986464,13.616699809123311,13.728935181614837,228176066
2008-06-20,13.508420944213867,13.76922974531479,13.460956845285612,13.76922974531479,240221045
2008-06-23,13.478262901306152,13.674549404549808,13.399401853596869,13.48197063517255,145981130
2008-06-24,13.40632438659668,13.626096363360508,13.228331386722909,13.476532794393137,187604562
2008-06-25,13.62139892578125,13.789503050973376,13.440191364595192,13.472329474749497,165506041
2008-06-26,13.073081970214844,13.471341065900948,13.059238311885746,13.450823107751102,227228528
2008-06-27,13.05453872680664,13.102251776315336,12.733657441264228,13.044898809015177,218716743
2008-06-30,13.013749122619627,13.300020797986411,12.930686235842533,13.163313623173492,151176531
2008-07-01,13.219182968139648,13.268378353267964,12.780875296660271,12.844656452769929,199139637
2008-07-02,13.02907657623291,13.35885755212406,13.004849941167558,13.263186291958,169553154
2008-07-03,13.275300979614258,13.330429496892634,13.04044914176422,13.124006140488708,96379907
2008-07-07,13.446125030517578,13.571955117939194,13.240690838276237,13.40632345139514,170845981
2008-07-08,13.708663940429688,13.724980050752183,13.349464350454149,13.497543676933248,198035514
2008-07-09,13.387781143188477,13.737092797987584,13.367509297499195,13.615463617001486,166782808
2008-07-10,13.363555908203123,13.584317050286588,13.120052357847264,13.473071783084162,173917451
2008-07-11,13.196192741394045,13.337103663389756,12.84094887075064,13.26294046861169,200002860
2008-07-14,12.895089149475098,13.35094824911409,12.742559021114907,13.324743270347165,177655409
2008-07-15,12.758379936218262,13.040449779402504,12.387808183143765,12.763076840684452,243750224
2008-07-16,13.24069118499756,13.262940427334197,12.622660146421048,12.707701379382794,190398997
2008-07-17,13.187291145324709,13.276535158138202,12.966283929070029,13.205091483260851,352813493
2008-07-18,11.898823738098145,12.335400192400895,11.82144596959226,12.319826194905914,453389067
2008-07-21,11.589312553405762,11.96729973984048,11.51267596632888,11.887944590004713,236944811
2008-07-22,11.794747352600098,11.872372174066976,11.510205043713109,11.53789330619058,188363396
2008-07-23,12.094120025634766,12.292136859889276,11.819219541694778,11.90599205892103,196497772
2008-07-24,11.757912635803224,12.283239002334726,11.757912635803224,12.279036209660088,142166886
2008-07-25,12.16235065460205,12.190780082996945,11.903272177505729,12.026630755712128,127817302
2008-07-28,11.794995307922363,12.165072046378144,11.745799913330986,12.165072046378144,126873778
2008-07-29,11.943074226379396,12.045666850042863,11.816749077684412,11.848885294373142,112532223
2008-07-30,11.932937622070312,12.015012284264518,11.688443974243404,12.002157798322235,140151360
2008-07-31,11.711682319641112,11.888192016921971,11.654576408151682,11.731707109668443,115033564
2008-08-01,11.56607437133789,11.6985806549286,11.433569980896928,11.681028317059384,120766974
2008-08-04,11.445929527282717,11.693388792112207,11.418736326300326,11.57250172383524,99852875
2008-08-05,11.862482070922852,11.86816814577104,11.528250293896669,11.559400177549776,143917423
2008-08-06,12.02292537689209,12.107719566623969,11.681030054525092,11.825896734354693,135538133
2008-08-07,11.844436645507812,11.96507666813665,11.777441861385704,11.915633275548284,111367875
2008-08-08,12.237256050109863,12.255550501951506,11.75964183889296,11.869898875707491,150132633
2008-08-11,12.381381034851074,12.580139986214704,12.157406275540025,12.17446450126248,170207597
2008-08-12,12.425137519836426,12.51215709496622,12.311173690798052,12.410057635451476,110641162
2008-08-13,12.361356735229492,12.448127357170025,12.209320725016308,12.400169143173676,145563571
2008-08-14,12.49633502960205,12.548744040606596,12.268899591668193,12.303757211373831,117181585
2008-08-15,12.61153507232666,12.624143448678876,12.496581135317223,12.533416147131796,142359606
2008-08-18,12.318589210510254,12.60782650244776,12.249616090441927,12.603871712893708,133855851
2008-08-19,12.125764846801758,12.31809561894914,12.030093572837467,12.124033561269009,122316761
2008-08-20,11.98979663848877,12.278787825508514,11.929724160411867,12.230086550796374,159881036
2008-08-21,12.027621269226074,12.110932168895523,11.84814498228294,11.938377237870077,141090868
2008-08-22,12.1279878616333,12.2340421033602,12.10054760446246,12.150484158570835,92232419
2008-08-25,11.940601348876951,12.286451395259096,11.903272223800656,12.017237940428506,80874004
2008-08-26,11.721818923950195,11.9517258659918,11.633563123605448,11.9517258659918,132823998
2008-08-27,11.583874702453612,11.738382225691453,11.491417055237577,11.711188076188304,176141757
2008-08-28,11.712424278259276,11.778428938623462,11.627135996197987,11.68053322688498,121642242
2008-08-29,11.453099250793455,11.643947684738794,11.42936767115134,11.612798744078942,154504960
2008-09-02,11.50155258178711,11.92008348679748,11.406870486891073,11.786340981149388,245376296
2008-09-03,11.480785369873049,11.725031962338637,11.361382529656352,11.587581726713816,173230887
2008-09-04,11.130980491638184,11.451862726232326,11.10972042140374,11.371765458952805,194666935
2008-09-05,10.982407569885254,11.185368363860263,10.87931894222017,11.013061449969234,182051827
2008-09-08,10.381681442260742,11.197234289427636,10.322350127157703,11.174490934163106,362068052
2008-09-09,10.3497896194458,10.688966314577648,10.259310317199562,10.461282883044818,290267933
2008-09-10,10.238545417785645,10.493668163465722,10.127794267638125,10.493420160856036,250005583
2008-09-11,10.722833633422852,10.755959965810504,10.046213433180432,10.094913761075397,259826256
2008-09-12,10.819494247436523,10.926535769542516,10.605407416925196,10.63532012829712,242023777
2008-09-15,10.725552558898926,10.92604184534778,10.474632604079943,10.481801962006166,263680649
2008-09-16,10.94977569580078,11.106754728056035,10.518637340049924,10.530255600181142,280676114
2008-09-17,10.246703147888184,10.856081538540726,10.220746172082348,10.839765427682105,366444394
2008-09-18,10.854598999023438,10.85707145272658,10.14806600952814,10.448181375682722,344863807
2008-09-19,11.103541374206545,11.422939412283515,10.958427654626334,11.396488323075475,401740198
2008-09-22,10.633588790893556,11.226650999665466,10.605406420967268,11.226650999665466,176952786
2008-09-23,10.612083435058594,10.89687185390012,10.524322689386247,10.710473270330729,208948265
2008-09-24,10.756454467773438,11.000947179946948,10.632848830196428,10.638533958769182,170316002
2008-09-25,10.86745262145996,11.124552740455607,10.77796154985356,10.848664058912991,201564693
2008-09-26,10.655839920043944,10.80713382832539,10.408380626491391,10.580687551295958,212493504
2008-09-29,9.41878890991211,10.469688612540876,9.411619552007176,10.370803724384444,432129680
2008-09-30,9.901347160339355,10.508500150853866,9.698632475543215,9.789112726274498,123914728
2008-10-01,10.178224563598633,10.308258385182723,9.965127855728111,10.16413385095422,250326782
2008-10-02,9.653392791748049,10.135210750611837,9.542395531384273,10.130513846193312,240293315
2008-10-03,9.564891815185549,10.197507666304178,9.469961716509932,9.82298112781017,320914374
2008-10-06,9.17676830291748,9.294935875005647,8.829434945024259,9.245246371659714,450506303
2008-10-07,8.553792953491211,9.269966770672424,8.537971901038622,9.229176966179963,443833384
2008-10-08,8.358495712280273,8.874675360647126,8.061841949653623,8.1619630796598,474829130
2008-10-09,8.132789611816406,8.617079034400911,7.952077129687079,8.516957928028429,324210683
2008-10-10,8.207448959350586,8.451941682195375,7.670998462113421,7.741701454052031,425500926
2008-10-13,9.419282913208008,9.442274269445395,8.547365379361825,8.795566767603654,357555200
2008-10-14,8.966638565063477,9.752526742345264,8.825480574837535,9.72854715899979,312559174
2008-10-15,8.384699821472168,8.874922439387001,8.376295182997149,8.767384905517035,269863738
2008-10-16,8.727089881896973,8.81312029422348,7.649738485449694,8.226238136081315,652022815
2008-10-17,9.209647178649902,9.542395695735117,8.987402758333504,9.368358440341428,572104380
2008-10-20,9.377257347106934,9.418294208082362,8.88950718710515,9.387887383061862,271148536
2008-10-21,8.967626571655273,9.487513866921466,8.949085063835827,9.205939091215573,232146894
2008-10-22,8.792600631713867,9.139191865266223,8.504103538525806,8.825232854269695,263383540
2008-10-23,8.709783554077148,8.850199398957987,8.35552795416442,8.742662827992897,260127380
2008-10-24,8.387665748596191,8.664048557964204,8.027972996087515,8.070740193072453,295463334
2008-10-27,8.145397186279297,8.479381900535826,8.049231814149367,8.276914286903674,248957670
2008-10-28,9.115952491760254,9.129796146545283,8.121170649987889,8.38173237069663,325431241
2008-10-29,8.850200653076172,9.171577024613809,8.711020068520533,9.042779419954186,391726805
2008-10-30,8.891979217529297,9.196297349021153,8.859346996507908,9.108784611947724,320753774
2008-10-31,8.883822441101074,9.195309012097455,8.757991396534885,8.804714334855596,298044974
2008-11-03,8.565659523010254,8.973560422273833,8.440569648861782,8.839818853462349,239072757
2008-11-04,9.071208000183104,9.205196608950825,8.54118385620117,8.737471285083528,295097969
2008-11-05,8.460594177246094,9.119167969799411,8.437603766587094,8.952794182782432,278901487
2008-11-06,8.188166618347168,8.51448598368665,8.05442411479176,8.404476950710718,344277618
2008-11-07,8.186188697814941,8.433648927231335,8.042557319681908,8.235136084516093,187953866
2008-11-10,7.880634307861328,8.144162645056193,7.650479360888083,8.1085638573132,324415448
2008-11-11,7.699674129486084,7.819324977172187,7.429224442009525,7.631197011488964,407385278
2008-11-12,7.193877696990967,7.725137165505271,7.113781844175541,7.467048319980861,403550960
2008-11-13,7.715000629425049,7.737745401976779,6.921943697974503,7.212912745224029,531372276
2008-11-14,7.664075374603272,8.034151547890044,7.479654691333924,7.496712441432628,382110897
2008-11-17,7.41933536529541,7.667537223721161,7.365691076753555,7.490532464124107,302883041
2008-11-18,7.352588653564453,7.508579936742579,7.054203635580905,7.455182227029614,335095329
2008-11-19,6.926393985748291,7.421065961087248,6.886840408697164,7.302404756646439,314558640
2008-11-20,6.416642189025879,6.994625063062229,6.403787702317357,6.795619055946896,392642224
2008-11-21,6.487592697143555,6.659157959310492,6.113559818686291,6.489569618607929,411315956
2008-11-24,6.364233016967773,6.6734955835896,6.1558332061446785,6.656438778186638,403695499
2008-11-25,6.972623348236084,7.086588595884979,6.608479309596054,6.642100229038877,432462924
2008-11-26,7.2208251953125,7.30413562107014,6.828004173230248,6.9288669378582055,255217044
2008-11-28,7.242331027984619,7.328608956334354,7.1266359206855014,7.183495250223625,103004645
2008-12-01,6.575599193572998,7.104386137747317,6.57535213756398,7.087081804793869,229304279
2008-12-02,6.801057815551758,6.867063898445893,6.491301140831792,6.668057425638932,234463545
2008-12-03,6.907852649688721,6.955564753369042,6.559531101739346,6.671023889915885,237077306
2008-12-04,6.782022476196289,7.008220724483802,6.644325185881238,6.83616134888342,196196647
2008-12-05,7.020582675933838,7.026762390104058,6.526899381710631,6.6999484168248395,261825722
2008-12-08,7.468530654907227,7.649737257797624,6.971387196302462,7.168909909257017,326993073
2008-12-09,7.563954830169678,7.8613511237609135,7.342452065100219,7.359263233721479,276629001
2008-12-10,7.634410381317139,7.784715104077138,7.527861552969452,7.644793360534425,210265182
2008-12-11,7.421808242797852,7.734779028290683,7.361983290511115,7.51945690743239,248094446
2008-12-12,7.805975914001465,7.823528251515415,7.268041684175701,7.31031524385883,229741913
2008-12-15,7.680145740509033,7.87346569116111,7.542695483719972,7.76271405440582,270526212
2008-12-16,8.041322708129883,8.14564662674682,7.694978032481601,7.775322841125365,283442445
2008-12-17,7.793120384216309,7.963449901019609,7.723407040248889,7.877172917178548,232456049
2008-12-18,7.67050313949585,7.919446175644369,7.641580071279197,7.829213926859294,191254191
2008-12-19,7.667783737182617,7.856158740260862,7.6388597255570945,7.688054635648101,225345496
2008-12-22,7.3449249267578125,7.651220460447854,7.1847313299247455,7.627982994151551,157291365
2008-12-23,7.367420196533203,7.498195174964073,7.3340463379818095,7.426998556629163,151674390
2008-12-24,7.4892964363098145,7.573100962176386,7.376319895235398,7.452956010206923,77148090
2008-12-26,7.42526912689209,7.5464027832351475,7.374590456206651,7.516984183593152,78657728
2008-12-29,7.352588653564453,7.450484375823646,7.208216577227604,7.421808362654357,148631025
2008-12-30,7.493252277374268,7.584720279810901,7.384479466553684,7.436145889091057,154316255
2008-12-31,7.605486869812012,7.688302706413632,7.480891584267608,7.520198579613369,115904817
2009-01-02,7.94342565536499,7.955786029027831,7.552335973663343,7.628971142290268,144961322
2009-01-05,8.109798431396484,8.188660416745213,7.787187285290105,7.935514608062785,196293007
2009-01-06,8.258373260498047,8.424994077619337,8.068761089722111,8.231674173619915,257971329
2009-01-07,7.960484027862549,8.180502116986704,7.879893112087945,8.116474842526435,180453860
2009-01-08,8.039095878601074,8.039095878601074,7.845034322654691,7.868273206876351,144567852
2009-01-09,7.788917541503906,8.096203183915389,7.747633153322457,8.096203183915389,174270770
2009-01-12,7.730080604553223,7.884836120242647,7.66926695930897,7.819571680241702,132667413
2009-01-13,7.770377635955811,7.925627281047471,7.673223079747009,7.7073381130002225,177964564
2009-01-14,7.440349102020264,7.757522199180455,7.360746416073602,7.66358174386404,219535801
2009-01-15,7.391400337219238,7.50487147220352,7.089801234521902,7.356296608426515,238269759
2009-01-16,7.4082112312316895,7.620319245345931,7.310067986653761,7.540469032601637,209759293
2009-01-20,6.989928722381592,7.404008850360707,6.989928722381592,7.395108680048321,202684876
2009-01-21,7.49251127243042,7.502893305769517,7.128367227168413,7.128367227168413,197718329
2009-01-22,7.577056884765625,7.64751281905972,7.296471267524175,7.367915425986517,331919470
2009-01-23,8.026982307434082,8.206458560157639,7.52069165529629,7.645534452968606,430921167
2009-01-26,8.006465911865234,8.108564431236697,7.924638768075302,8.030692550824574,185119281
2009-01-27,8.19459342956543,8.25367768725912,8.016353378880192,8.070245673334325,197830749
2009-01-28,8.619550704956055,8.710030949035138,8.313996364002492,8.355280276723521,308809170
2009-01-29,8.487293243408203,8.530060442886967,8.407938085242101,8.517453012111693,292444059
2009-01-30,8.368878364562988,8.622764883805422,8.306333431527882,8.52116048627148,187580472
2009-02-02,8.41930866241455,8.528822622243439,8.20744725980474,8.26405905284235,209056670
2009-02-03,8.41634464263916,8.479383696949357,8.252689400243877,8.468752713287063,263243015
2009-02-04,8.479382514953613,8.762193523677386,8.384699472076202,8.406948714009216,273718132
2009-02-05,8.744393348693848,8.785431155670244,8.331055339306886,8.427714832303952,291665150
2009-02-06,9.178499221801758,9.241044156507376,8.78691350248941,8.8121302570949,282579221
2009-02-09,9.36366081237793,9.41878933405551,9.08010767762224,9.178499404713175,199838246
2009-02-10,8.862809181213379,9.332264895767445,8.847482240440765,9.294688711982213,285213056
2009-02-11,8.851190567016602,9.0232504445941,8.72659479780275,8.873686867584386,210048373
2009-02-12,8.975043296813965,8.9891340102597,8.689017716323272,8.730549635115768,222844155
2009-02-13,8.842288970947266,8.97355901204324,8.781721438375161,8.95378127901474,166489714
2009-02-17,8.470976829528809,8.580491752484509,8.397554805310323,8.566153036773223,228067661
2009-02-18,8.729312896728516,8.7359881422878,8.418072473215762,8.58420013864923,241883252
2009-02-19,8.470480918884277,8.89469691096862,8.440074098283274,8.837096891033006,200295955
2009-02-20,8.564671516418457,8.625732225587722,8.281613428060263,8.357012854306683,249616129
2009-02-23,8.1594877243042,8.647484821918042,8.146879349900242,8.578264657125382,209626799
2009-02-24,8.539948463439941,8.64303613667408,8.18000677647142,8.183221344431892,244749957
2009-02-25,8.445761680603027,8.709290976966773,8.378520784863776,8.45836911191041,258529413
2009-02-26,8.335502624511719,8.713984834000113,8.335008512524661,8.552555040159616,225064447
2009-02-27,8.355528831481934,8.499653371363248,8.185446369525962,8.230934023878063,217612620
2009-03-02,8.087798118591309,8.42252404041009,8.059121632095994,8.24032825086952,232407869
2009-03-03,8.046265602111816,8.249227336694457,7.968888789490973,8.159736259443529,261970262
2009-03-04,7.88409423828125,8.133284782287355,7.7965805600415345,7.988912250094785,313908211
2009-03-05,7.555797576904297,7.888051049832214,7.481633905977971,7.823775773705241,262175027
2009-03-06,7.628230571746826,7.668279210337007,7.274222907914902,7.594857179542472,290452622
2009-03-09,7.191159248352051,7.578788291395364,7.155560459928965,7.415875180410452,259822241
2009-03-10,7.618340969085693,7.675941940996219,7.274222206689649,7.37310756677791,270217058
2009-03-11,7.859126091003418,7.9107939328162225,7.557527464551755,7.6660532181000445,237832124
2009-03-12,7.998059749603272,8.034399705421471,7.753814089429646,7.849979943442727,201717262
2009-03-13,8.020060539245605,8.095213846798945,7.886814515343507,8.061593402467697,156841686
2009-03-16,7.903130531311035,8.151331925843827,7.875937328679029,8.058874279635122,198613673
2009-03-17,8.290018081665039,8.290018081665039,7.888298305630338,7.91524398099372,189206544
2009-03-18,8.234640121459961,8.405216661595913,8.109797336050143,8.276913199227,201239478
2009-03-19,8.156523704528809,8.306334335616897,8.0932375965,8.199538909996415,165064391
2009-03-20,8.161961555480957,8.231921953466866,8.067525572509165,8.165421286428995,190226352
2009-03-23,8.617820739746094,8.638833754333472,8.232911231492398,8.246013720249481,171500425
2009-03-24,8.582468032836914,8.747358491044272,8.504101120461918,8.56590392364921,153372732
2009-03-25,8.505834579467773,8.685557927828691,8.31251462834884,8.662320459079977,174102141
2009-03-26,8.7337646484375,8.878878384719195,8.615350007062405,8.729809858019866,241032074
2009-03-27,8.595571517944336,8.70187376442156,8.54044299988737,8.652430374789217,133410187
2009-03-30,8.471719741821289,8.499407058565579,8.307570396662506,8.468258117297054,124227898
2009-03-31,8.604472160339355,8.739202903474522,8.55799627768791,8.625979289399488,146760038
2009-04-01,8.753539085388184,8.78196851177634,8.420297440587285,8.498663418520595,132542948
2009-04-02,8.961444854736328,9.14092205732496,8.907553513303899,8.981469644015007,180192885
2009-04-03,9.141416549682615,9.189375709021064,8.850199969570685,9.010888616216878,152160204
2009-04-06,9.103346824645996,9.142405343477092,8.934252583147572,9.072691050929498,131703815
2009-04-07,8.866270065307617,8.992348165403914,8.783701281478766,8.963918734211125,147755757
2009-04-08,8.949085235595703,9.023249375147254,8.805949866123486,8.98616730537148,111022586
2009-04-09,9.208659172058104,9.254392937928955,9.054150699133896,9.134495029328493,135811153
2009-04-13,9.347344398498535,9.371819038099671,9.154271524138858,9.179734387894682,122461301
2009-04-14,9.119908332824709,9.319656439288597,9.038081674640864,9.31842021260587,137658049
2009-04-15,9.381707191467283,9.420272545401668,9.002482788737332,9.075163648075206,197967259
2009-04-16,9.610130310058594,9.712969975809562,9.419281911539484,9.431149119020064,408931050
2009-04-17,9.696656227111816,9.884042082557231,9.512977158877703,9.542889871509072,430840867
2009-04-20,9.37676239013672,9.657347985320836,9.292462331652844,9.54610178202279,177820024
2009-04-21,9.43040657043457,9.5003679130655,9.297654189196924,9.299384527910618,148370051
2009-04-22,9.489490509033203,9.641278504262372,9.369592617382162,9.437328560449757,140597024
2009-04-23,9.510010719299316,9.635099644141224,9.421508807018906,9.579725013207568,104751167
2009-04-24,9.628671646118164,9.719893060902676,9.406428185362628,9.543630418291505,135923572
2009-04-27,9.541160583496094,9.62867428875438,9.462053411464408,9.5013599413861,91967429
2009-04-28,9.485782623291016,9.61779478973993,9.432138334146275,9.48677274057019,118185333
2009-04-29,9.677619934082031,9.764143497689274,9.538191357799912,9.541652981878066,144941247
2009-04-30,9.788865089416504,9.98119583663376,9.759941549842072,9.783673126641082,174881049
2009-05-01,9.732501029968262,9.828913456994128,9.679596965852218,9.765626414182629,97471985
2009-05-04,9.937439918518066,9.94782195039902,9.759694004719568,9.843250997811063,128600225
2009-05-05,9.962408065795898,10.012097562553228,9.820507986369783,9.88799687538194,96391952
2009-05-06,9.97427463531494,10.093184310038016,9.913212987206451,10.056349297721814,105710750
2009-05-07,9.804686546325684,10.01185010922362,9.703082159523852,9.989848872371825,120441759
2009-05-08,10.069698333740234,10.138918513182308,9.764886085142331,9.958947182522742,155183494
2009-05-11,10.08576774597168,10.185145794498537,9.918156799562135,9.95771132072944,102755715
2009-05-12,9.86401653289795,10.160177042368764,9.767604112221258,10.135950409199726,152200354
2009-05-13,9.629908561706545,9.799248914819891,9.600489960970874,9.742390054850452,114138220
2009-05-14,9.579476356506348,9.695913578923916,9.5100100699618,9.611614464901027,117920344
2009-05-15,9.641279220581056,9.742883616018732,9.618782923224344,9.668472422233144,120799094
2009-05-18,9.81037139892578,9.821990602501849,9.527560457171663,9.758209457397257,134570520
2009-05-19,9.860804557800291,9.929034620977648,9.715443787946512,9.792080382540997,113925426
2009-05-20,9.818778038024902,10.02866112684513,9.76488574708014,9.94015922066495,91702440
2009-05-21,9.80196762084961,9.958699583694642,9.736209069237413,9.797023660649948,109199779
2009-05-22,9.72780418395996,9.855119450778863,9.690722113361002,9.805923114971854,69001669
2009-05-26,9.99627685546875,10.01209885504047,9.64128002834456,9.689487195211958,124645457
2009-05-27,10.025941848754885,10.18168559419587,10.007400340703672,10.027920190179584,121826932
2009-05-28,10.145593643188477,10.175753410882958,10.00245732808205,10.103072554600072,107152133
2009-05-29,10.314438819885254,10.314438819885254,10.153009947649595,10.187866619346591,106325044
2009-06-01,10.545087814331056,10.620240176325812,10.3465768740115,10.351520834344758,133394127
2009-06-02,10.590576171875,10.629142476154922,10.46697051825399,10.53742598692746,105337356
2009-06-03,10.670920372009276,10.690944218810904,10.481803213252356,10.53124566337949,141841672
2009-06-04,10.884263038635254,10.907996510255366,10.74137472285849,10.761151511537909,146069460
2009-06-05,10.984137535095217,11.058795790903536,10.86399256886224,11.002679044309808,147783862
2009-06-08,10.846935272216797,10.900085452979472,10.73198132293486,10.864981722728649,124412588
2009-06-09,10.769062995910645,10.889703973341684,10.673639721733746,10.84223891902782,130684007
2009-06-10,10.69440460205078,10.825179597682837,10.547807607721678,10.784141791430253,134859599
2009-06-11,10.60540771484375,10.722340000689092,10.589833718640229,10.673885780081177,115037579
2009-06-12,10.502568244934082,10.573270762506676,10.41282915993345,10.552504802771391,117173555
2009-06-15,10.303067207336426,10.419998549288389,10.234590087103538,10.419998549288389,150036273
2009-06-16,10.284031867980955,10.40986289885208,10.269693152570673,10.365859475081416,122445241
2009-06-17,10.263267517089844,10.375997023500734,10.174270538344404,10.288730383801738,140127270
2009-06-18,10.236071586608888,10.350530455023636,10.20986661209542,10.276120216383855,123870563
2009-06-19,10.38514232635498,10.394289079852529,10.248928301538276,10.338666444126272,171002566
2009-06-22,10.07019329071045,10.320867134504397,9.935215504009792,10.307516642880325,165594371
2009-06-23,10.02890968322754,10.11073730257585,9.951531912785557,10.052890213368553,116418737
2009-06-24,10.118152618408203,10.190833475983789,10.050663723946876,10.104556017100418,98680498
2009-06-25,10.278345108032228,10.281558729340231,10.04942641480476,10.061539732000217,122236461
2009-06-26,10.514434814453123,10.586373560919249,10.212588167926771,10.22667888201373,130756276
2009-06-29,10.485261917114258,10.57574121464686,10.438290983063636,10.531243680513096,87097243
2009-06-30,10.422223091125488,10.561155661691062,10.338913149305975,10.481801455985533,104144903
2009-07-01,10.357949256896973,10.541133278440244,10.337183295927908,10.48674686885694,92778458
2009-07-02,10.098374366760254,10.269445030359442,10.056842454162853,10.269445030359442,101081463
2009-07-06,10.126062393188477,10.151525255068282,9.929528855617592,10.049179695508116,90843231
2009-07-07,9.805183410644531,10.11568273271384,9.789114353223583,10.092196313490907,130860666
2009-07-08,9.950048446655272,10.036819070614213,9.840533522040868,9.888492683727646,138163938
2009-07-09,10.145346641540527,10.245714812562188,10.031875034876634,10.03978556089427,131515110
2009-07-10,10.244476318359377,10.317898333672389,10.103565418125298,10.125320545087355,117502785
2009-07-13,10.489217758178713,10.49465583038102,10.263759733572584,10.288234371494752,162434571
2009-07-14,10.498858451843262,10.54928911187671,10.404422480807035,10.474630872520924,116266167
2009-07-15,10.832100868225098,10.84470829751503,10.592799195131834,10.621723680214233,151646285
2009-07-16,10.941617965698242,11.019488900824117,10.731486845192473,10.795268012135272,263162715
2009-07-17,10.636308670043944,10.765601330665438,10.54854887471339,10.70429356989867,275191634
2009-07-20,10.634332656860352,10.70058532742556,10.537425158082574,10.62716329854996,126612804
2009-07-21,10.578214645385742,10.677099536158236,10.524322351517489,10.653367010920856,119173022
2009-07-22,10.573022842407228,10.635073666053474,10.469441992116044,10.58068725927699,103855823
2009-07-23,10.811582565307615,10.907253828636144,10.518883646971158,10.597496685522614,139649486
2009-07-24,11.043468475341797,11.136667290627445,10.75373515918459,10.773759004019013,145619780
2009-07-27,10.99600315093994,11.044209368225973,10.81825721912506,11.026657030818804,100551484
2009-07-28,10.87363338470459,10.946808357305274,10.780928678778798,10.902063761809066,101679697
2009-07-29,10.78438949584961,10.822954847515255,10.67685196930013,10.808863188042316,79777911
2009-07-30,11.016769409179688,11.160893952881636,10.941864099695412,10.941864099695412,128423566
2009-07-31,10.952740669250488,11.191300223238173,10.937412784375544,11.124058392949696,114844859
2009-08-03,11.179186820983888,11.220966740377312,11.066211223098977,11.0934044245203,104000363
2009-08-04,11.216761589050291,11.223436833838427,11.085739558727058,11.108977967625064,95950302
2009-08-05,11.15273666381836,11.2953779284431,11.072145276948785,11.272882575977096,94031136
2009-08-06,11.13345432281494,11.245193706673714,11.088214667318251,11.230855936251093,84752487
2009-08-07,11.30007553100586,11.357428507656245,11.247914517995142,11.264723796083237,102105287
2009-08-10,11.287961959838867,11.332459497274323,11.21824766822271,11.251621057943018,69941178
2009-08-11,11.22195529937744,11.303288796615451,11.183390893495805,11.21528100012432,68756755
2009-08-12,11.336661338806152,11.415027318039202,11.246181095573968,11.258295359573104,94007046
2009-08-13,11.428129196166992,11.48844872904875,11.344819254418368,11.424915574703594,80107140
2009-08-14,11.371766090393066,11.450379132735527,11.294882440324653,11.440491211720364,67255147
2009-08-17,10.998228073120115,11.173748599882156,10.954470759510832,11.16163528207529,105200846
2009-08-18,11.007868766784668,11.067694186817048,10.93469474902917,11.003418918685364,94396500
2009-08-19,10.97548484802246,11.000946764055968,10.84174234539076,10.877094075124331,90538092
2009-08-20,11.381900787353516,11.425657152238246,11.154959488493256,11.17399510692946,160555554
2009-08-21,11.501306533813477,11.52231955051732,11.437278312907967,11.508722948331004,142953825
2009-08-24,11.587581634521484,11.621202078505842,11.481034227704562,11.55346613191322,98503838
2009-08-25,11.652846336364746,11.726515415502568,11.587334839094522,11.597470762352618,93990986
2009-08-26,11.569535255432127,11.69314183415899,11.537398093976536,11.687208703234903,79810030
2009-08-27,11.521577835083008,11.583875719189312,11.38981365473412,11.583875719189312,80255695
2009-08-28,11.489192008972168,11.67756702480139,11.45532356180011,11.600684324516068,71129616
2009-08-31,11.413049697875977,11.417746602217418,11.32232333946926,11.366574766526504,78609548
2009-09-01,11.266948699951172,11.540364971173677,11.23382236420468,11.363856200086005,104185053
2009-09-02,11.198965072631836,11.330481237586598,11.188582092954505,11.268431362136836,72462593
2009-09-03,11.310458183288574,11.328504632811264,11.248160306084992,11.2684312065061,66094814
2009-09-04,11.40390396118164,11.436041123669842,11.267441945542954,11.311693372869422,60192775
2009-09-08,11.337651252746582,11.544568743593452,11.2689270739512,11.47782101322754,106666319
2009-09-09,11.469908714294434,11.52676756770269,11.342099348846224,11.3485275381233,88145156
2009-09-10,11.642216682434082,11.642216682434082,11.421208491205771,11.536162435232072,101764012
2009-09-11,11.671883583068848,11.700560071479886,11.560390304838696,11.628868377164812,76401301
2009-09-14,11.745551109313965,11.7870830267285,11.62021418897537,11.631586339030484,79324216
2009-09-15,11.805377006530762,11.83924545545108,11.685973212451504,11.744562410729092,96283547
2009-09-16,12.07112979888916,12.09782888973753,11.828614476878782,11.86124669902679,103799614
2009-09-17,12.155923843383787,12.295598536868845,12.042948240455935,12.127494413978877,179996150
2009-09-18,12.149495124816896,12.285957137282292,12.143809996443188,12.28076517439022,131832295
2009-09-21,12.28645133972168,12.333422275824809,12.01995644901332,12.057532629950924,84973311
2009-09-22,12.337376594543455,12.409809444173783,12.3064747138959,12.383358358196473,122103967
2009-09-23,12.322545051574709,12.533664382224682,12.30400448919911,12.379898024175787,108573440
2009-09-24,12.280765533447266,12.39547147358516,12.187565773866666,12.372234007630007,101482963
2009-09-25,12.174711227416992,12.35888440162682,12.162845911749873,12.21945676685859,82291296
2009-09-28,12.324275016784668,12.397697042496606,12.194982356443878,12.233054543950772,73847766
2009-09-29,12.324275016784668,12.354434785023765,12.187813945017266,12.34899671244409,84282733
2009-09-30,12.25802230834961,12.364076555486704,12.04517264596128,12.36061587780433,126139035
2009-10-01,12.044183731079102,12.273349509169956,12.039239770488566,12.187566160803646,112949783
2009-10-02,11.979413032531738,12.1564177965349,11.93046564705831,11.958648020055804,104421937
2009-10-05,12.076814651489258,12.17347508136413,11.94875822942815,12.055307525992893,86105539
2009-10-06,12.329465866088867,12.345039860879238,12.155428627764095,12.155428627764095,109701653
2009-10-07,12.794225692749023,12.830071535961787,12.306475547648034,12.335894147590189,195698788
2009-10-08,12.711161613464355,12.935383421293755,12.690396601249772,12.844410006792272,172797268
2009-10-09,12.762335777282717,12.892369606893386,12.719073519426177,12.77222464494916,109934523
2009-10-12,12.954914093017578,12.997434234704318,12.83822886626187,12.9395862066789,133386097
2009-10-13,13.006086349487305,13.039459739601934,12.88915500949098,12.963566206424955,121951397
2009-10-14,13.233768463134766,13.240195705843435,13.102251364174132,13.16306595361507,130824531
2009-10-15,13.100028038024902,13.272829063969208,13.034763594973487,13.194957190433923,244930632
2009-10-16,13.592967987060549,13.7141030619462,13.461451825950787,13.530670110817896,355001664
2009-10-19,13.648343086242676,13.685672210166931,13.565280200719872,13.663175913402965,129198459
2009-10-20,13.639198303222656,13.669605127893876,13.366769321667377,13.637219961736404,162354271
2009-10-21,13.62386989593506,13.827819857030075,13.571954998964117,13.594451296555718,147374332
2009-10-22,13.697786331176758,13.72028262925994,13.547234546533476,13.596676991108874,93810311
2009-10-23,13.687898635864258,13.791728433786728,13.626342871811946,13.726463989378315,96066737
2009-10-26,13.700754165649414,13.88443324762089,13.618680438381556,13.738825409977526,119261352
2009-10-27,13.554404258728027,13.709405895831004,13.45230479869016,13.620656927943974,129142249
2009-10-28,13.35688018798828,13.596675979000317,13.306201520420313,13.54401991670048,103096990
2009-10-29,13.62263298034668,13.6419156553894,13.374184548696906,13.423874992286692,101282213
2009-10-30,13.253545761108398,13.600878135411936,13.2070689379613,13.596676289832509,139260032
2009-11-02,13.200889587402344,13.3361144238361,13.058742449444406,13.277277227317558,128564090
2009-11-03,13.282469749450684,13.287661712456162,13.060226282145786,13.102499367991124,95564863
2009-11-04,13.357621192932127,13.48542961237969,13.260961709648756,13.369240398311392,93657741
2009-11-05,13.563302040100098,13.590991246601304,13.41522176912254,13.435741617971615,74185025
2009-11-06,13.62386989593506,13.640680118476894,13.485430486204155,13.540311948716296,73341877
2009-11-09,13.905938148498535,13.907669433797324,13.701247028678152,13.7314067947744,106393299
2009-11-10,14.011004447937012,14.06094195216997,13.89333193862592,13.911378388663856,89566463
2009-11-11,14.104945182800291,14.177625089152158,13.988754072581946,14.102966841466706,93135792
2009-11-12,14.037951469421388,14.1627933362126,13.979856383193344,14.080224556654713,75734813
2009-11-13,14.141780853271484,14.153153004218666,14.00729716976308,14.073549840738208,66921903
2009-11-16,14.246352195739746,14.263903588146777,14.159827674267314,14.214708195730738,88297726
2009-11-17,14.276263236999512,14.27651029302806,14.183064426597769,14.21149290822764,76955370
2009-11-18,14.255497932434082,14.308153999048942,14.142275273053857,14.255497932434082,62216331
2009-11-19,14.16501808166504,14.189986832503818,14.091100999844985,14.18429981093132,87045048
2009-11-20,14.09011173248291,14.130654475981054,14.076267130059342,14.07873958332957,80548789
2009-11-23,14.396409034729004,14.501474113243615,14.23596837931288,14.251542375770386,102281946
2009-11-24,14.414701461791992,14.4443671162284,14.252777535663885,14.400610749222103,64448667
2009-11-25,14.480213165283203,14.512844439056511,14.404812801413314,14.496776331485313,58667077
2009-11-27,14.332380294799805,14.399128019846778,14.115080787564702,14.140543650838666,55591593
2009-11-30,14.412476539611816,14.42904065269728,14.266868718622934,14.353888290030428,69262644
2009-12-01,14.582313537597656,14.615686930299676,14.412478115071949,14.539298332544536,93159882
2009-12-02,14.523969650268556,14.659936605101135,14.492079544321715,14.610246159518493,66777363
2009-12-03,14.480213165283203,14.62137113533062,14.461919660309947,14.561792769578703,57362205
2009-12-04,14.462165832519531,14.704928182345864,14.318041305793724,14.660182646759424,100920864
2009-12-07,14.49282169342041,14.553141231826825,14.363035863427916,14.44239007633396,65693315
2009-12-08,14.512598037719728,14.601842062359548,14.38775711878938,14.424838242464778,61188493
2009-12-09,14.561299324035645,14.568962794129954,14.426815646889043,14.523723141682163,71507025
2009-12-10,14.62260627746582,14.7019614250482,14.595660134060669,14.596402248664582,66982128
2009-12-11,14.598133087158203,14.702951105898332,14.52940891378246,14.701221713658928,69057879
2009-12-14,14.727178573608398,14.766238037651934,14.650047869650386,14.717783818358493,76822876
2009-12-15,14.663150787353516,14.743247112615933,14.60999966216815,14.66710652370994,91557900
2009-12-16,14.777361869812012,14.841885142149064,14.74967455644212,14.79812782812684,112797213
2009-12-17,14.682926177978516,14.774395591522142,14.67847727654157,14.744729938110671,105947635
2009-12-18,14.744235038757324,14.80628585557566,14.70913131289111,14.734594174581852,141789477
2009-12-21,14.800107955932615,14.82878349687175,14.725696754085185,14.773654972929878,103233500
2009-12-22,14.86042594909668,14.869819757726829,14.804309206772045,14.865864021505002,75513988
2009-12-23,15.121481895446776,15.150900494785304,14.903193219013875,14.919263220010372,83218760
2009-12-24,15.289586067199709,15.315296932994128,15.136067719981664,15.152383830492614,34476745
2009-12-28,15.398113250732422,15.475243010820638,15.289586548799084,15.368200538282611,68170566
2009-12-29,15.312328338623049,15.44681200288561,15.2848890291108,15.44434049615398,57205620
2009-12-30,15.394651412963867,15.394651412963867,15.27796807699839,15.2900813954349,58843737
2009-12-31,15.326668739318848,15.460658306289806,15.326668739318848,15.44458925118003,48974884
2010-01-04,15.494030952453612,15.562261012875917,15.431980132530704,15.498974912798028,78541293
2010-01-05,15.425801277160645,15.520977485684698,15.365233738486378,15.504661374908462,120638494
2010-01-06,15.03693675994873,15.472029913440076,14.989966766759578,15.472029913440076,159744526
2010-01-07,14.686882019042969,15.079950036407809,14.651036178676762,15.065117209595943,257533695
2010-01-08,14.882676124572754,14.91308294980098,14.563525147974998,14.634968834459002,189680313
2010-01-11,14.860179901123049,14.942995738769534,14.68540052603563,14.942995738769534,289597429
2010-01-12,14.597392082214355,14.7872513336077,14.536084322053595,14.7746439031238,194859654
2010-01-13,14.513587951660156,14.545478060420972,14.18751561252418,14.251542886097656,260838034
2010-01-14,14.58181858062744,14.689356113742187,14.407780375446327,14.43472652273635,170239717
2010-01-15,14.338314056396484,14.67353408600071,14.289859834632743,14.668095066714256,218194794
2010-01-19,14.526689529418944,14.59590970860918,14.246598030760577,14.36797921716125,173315202
2010-01-20,14.348450660705566,14.486147969111949,14.221877500869615,14.486147969111949,130515377
2010-01-21,14.411981582641602,14.506911674402724,14.146722931414944,14.423353732075414,253253712
2010-01-22,13.596924781799316,14.1059350270476,13.22239727366543,13.955135231643604,273035583
2010-01-25,13.349465370178224,13.593711038462578,13.23846715756025,13.51237753666758,177458675
2010-01-26,13.409290313720703,13.58678824646174,13.257749356979714,13.299280329264814,174873019
2010-01-27,13.40138053894043,13.538582787290258,13.233522515232483,13.380861634400262,159170382
2010-01-28,13.208306312561035,13.522512359620045,13.117083950203009,13.460461540186232,129648138
2010-01-29,13.100769996643066,13.373939210592134,12.99372657279019,13.312136388053528,166240784
2010-02-01,13.176910400390623,13.245883526893737,13.10966855937559,13.215970813548353,90369462
2010-02-02,13.1299409866333,13.224869194178345,13.043168468179536,13.224869194178345,164462143
2010-02-03,13.36973476409912,13.401378759471916,13.05849434571615,13.069371436677226,120413655
2010-02-04,13.022649765014648,13.300020797363052,12.992489998192983,13.275300996015122,135614418
2010-02-05,13.134142875671388,13.188776337698906,12.915854190453786,13.062699190448852,126713179
2010-02-08,13.188034057617188,13.398906310913834,13.140074899072978,13.164054478345085,108175956
2010-02-09,13.261456489562988,13.38728752064,13.22758898893557,13.338093080462592,113206742
2010-02-10,13.212262153625488,13.294830935513984,13.04514719488392,13.202868344325124,107380987
2010-02-11,13.260469436645508,13.3615787819747,13.089892851998062,13.184326951078924,96761331
2010-02-12,13.179383277893066,13.2790102890907,13.114613888428002,13.175675543899136,91529795
2010-02-16,13.38160228729248,13.451563636933468,13.208554199961712,13.272087359568712,146723904
2010-02-17,13.305213928222656,13.433516467363448,13.290381100592246,13.39890685175077,81492313
2010-02-18,13.429067611694336,13.473319041825077,13.254041179293122,13.288650797463998,93826371
2010-02-19,13.368252754211426,13.44909024361574,13.342047776967055,13.3625657327086,102506786
2010-02-22,13.418684005737305,13.534873229911549,13.374185521632349,13.53116549619023,86105539
2010-02-23,13.227588653564451,13.4392020761252,13.15886259021138,13.42362808094101,115334688
2010-02-24,13.138591766357422,13.310898671338688,13.114860189410592,13.2006425845775,93412827
2010-02-25,13.013997077941896,13.06492375319691,12.85504065106834,13.031055303899974,132864148
2010-02-26,13.023143768310549,13.145514119915696,12.94106910633179,13.038470707620638,82279251
2010-03-01,13.168752670288086,13.183585498770327,13.046382308597046,13.082476155620425,89851528
2010-03-02,13.375669479370115,13.48938624770415,13.22610497529231,13.23772512802106,174925214
2010-03-03,13.480981826782228,13.550201059604444,13.33092415479678,13.40780591106751,124039193
2010-03-04,13.710147857666016,13.748218152463776,13.50273626474985,13.51015267887602,127829347
2010-03-05,13.947965621948242,14.03350096895221,13.841417258907391,13.877263103508536,157074555
2010-03-08,13.905198097229004,13.971945824210485,13.868857194807209,13.962056956540122,95813793
2010-03-09,13.848586082458496,13.95908923113344,13.757364663597745,13.840181444313176,127540267
2010-03-10,14.250555038452148,14.301232767391056,13.898523819647195,13.93684211964301,227043838
2010-03-11,14.366496086120604,14.49183301015103,14.194931285562747,14.19641362179638,169966698
2010-03-12,14.326940536499023,14.543003805840687,14.31754672824281,14.53954312839362,110548817
2010-03-15,13.922502517700195,14.077504143128008,13.745003648720976,14.009026081519922,186853758
2010-03-16,13.97243881225586,14.052041019572714,13.862676838846737,13.88912887147019,137774484
2010-03-17,13.981338500976562,14.126947271621477,13.948954281942818,14.049075397797992,133362007
2010-03-18,14.002104759216309,14.052536372155794,13.917063531353094,13.960572842677909,71354455
2010-03-19,13.84388828277588,14.041658047774478,13.77664644908738,13.84388828277588,192486794
2010-03-22,13.782086372375488,14.013229540079452,13.702484159793984,13.747723811924407,160792439
2010-03-23,13.571954727172852,13.802109661464314,13.398906651693224,13.770713667877857,220876809
2010-03-24,13.777883529663086,13.840181407060012,13.34204828364588,13.485678712165305,263592319
2010-03-25,13.91508674621582,14.140543838438113,13.810762838246273,13.819662535037272,157825359
2010-03-26,13.910388946533203,14.026579117319455,13.8443842816187,13.974170107104037,108252241
2010-03-29,13.90445613861084,13.960572880033274,13.857979315119822,13.918051792700483,124645457
2010-03-30,14.009767532348633,14.032510884273451,13.850809231739516,13.913848271492183,79412546
2010-03-31,14.019905090332031,14.08467447631378,13.913355782414405,13.968731359313464,121686407
2010-04-01,14.06143569946289,14.176389642743816,13.981091372527056,14.124474744938754,84423257
2010-04-05,14.116069793701172,14.211740111957514,14.066379347902547,14.11335028420923,76345092
2010-04-06,14.047099113464355,14.113104730089251,13.977384816253544,14.077752996081564,82712870
2010-04-07,13.931402206420898,14.06020075658967,13.889871233755356,14.024353966051914,103626969
2010-04-08,14.029050827026367,14.087393915875722,13.845125649825333,13.925964090522717,78191988
2010-04-09,13.997655868530272,14.060694915729432,13.94277440363606,14.0290509175333,82572346
2010-04-12,14.158591270446776,14.189988214005874,13.9976564955054,14.02559086800299,94448695
2010-04-13,14.505675315856934,14.55783631875795,14.119034544094696,14.153645104117794,157078570
2010-04-14,14.56080436706543,14.643372194461485,14.437444844871772,14.587008397489203,136618166
2010-04-15,14.716547966003418,14.779339951900312,14.54325189144291,14.639170209021664,271485795
2010-04-16,13.600385665893556,14.061683809824304,13.587531178427916,13.918053370606806,491254466
2010-04-19,13.59914779663086,13.695313164559895,13.473069720228551,13.565774410894894,156343827
2010-04-20,13.721272468566896,13.83548334893506,13.62288074691072,13.699764395071568,119542401
2010-04-21,13.70297908782959,13.850070203309013,13.650075015933528,13.756377271830315,96018557
2010-04-22,13.52399730682373,13.658480038924116,13.43228082753912,13.64611966421698,131719875
2010-04-23,13.472823143005373,13.579866559212814,13.405582252403503,13.528693776583902,83889263
2010-04-26,13.14279556274414,13.472823626747552,13.082723081277225,13.472329514661366,175407013
2010-04-27,13.07901382446289,13.308180538841802,13.03377417332427,13.076294314958965,154364435
2010-04-28,13.082228660583496,13.221655350488136,12.880503146569078,13.154166456446063,136754676
2010-04-29,13.151694297790527,13.262940510168509,13.019931074961216,13.185563693451847,122814620
2010-04-30,12.995951652526855,13.292111270679364,12.989524409035829,13.130188277150303,97781139
2010-05-03,13.117083549499512,13.174437462904868,12.980623433899128,13.015727160172627,74590540
2010-05-04,12.518088340759276,13.021660458751503,12.464691109309186,13.016221439909218,243963019
2010-05-05,12.601895332336426,12.749233499590844,12.372234493849984,12.384841924752251,183975008
2010-05-06,12.327735900878906,12.793730926728609,11.37176626781006,12.57692647023162,200753664
2010-05-07,12.191027641296388,12.492132160027612,11.899069875508426,12.359873879835964,204322993
2010-05-10,12.895830154418944,12.92475464242821,12.672103399863804,12.70597090179408,165738910
2010-05-11,12.584342956542969,12.852074089554442,12.563824999382588,12.747997234611596,133402157
2010-05-12,12.493863105773926,12.65825854481757,12.410057155596188,12.65825854481757,154649500
2010-05-13,12.629582405090332,12.904482891806046,12.61697497443029,12.76851593126554,133530637
2010-05-14,12.54676628112793,12.632301623909653,12.267911011034654,12.602141856176052,165257111
2010-05-17,12.55764389038086,12.567284755581738,12.319825469768794,12.52822528953863,112170874
2010-05-18,12.320319175720217,12.631807616192116,12.288182012868468,12.607827088853124,113443627
2010-05-19,12.222918510437012,12.346771203934845,12.057532952111831,12.268158162388907,138344613
2010-05-20,11.74283218383789,12.00413512632127,11.712919471022442,11.991527695480825,197268650
2010-05-21,11.669655799865724,11.98979590504624,11.480537734130552,11.59573872292974,389084940
2010-05-24,11.795981407165527,12.108210999512316,11.787082657430338,11.88423625561891,174475535
2010-05-25,11.793757438659668,11.803151247401647,11.470898744632716,11.573243363233248,121148398
2010-05-26,11.754202842712402,12.107469276353775,11.742583637522364,11.91736298767383,139545096
2010-05-27,12.124775886535645,12.17051060127202,11.892149415909914,11.988561859712355,112785168
2010-05-28,12.00537109375,12.198691024101247,11.940354652876158,12.18113963303636,116226017
2010-06-01,11.92478084564209,12.13960696022963,11.869157266228438,11.876821682996002,107071833
2010-06-02,12.196714401245115,12.209074776556966,11.9022851119493,12.03132883113589,102012942
2010-06-03,12.499053955078123,12.558384318782757,12.22959249851696,12.239727475210678,146575349
2010-06-04,12.328970909118652,12.589285600702148,12.279034356396403,12.353692602748582,157399770
2010-06-07,12.002653121948242,12.383112814125775,11.944062974916989,12.33737810090927,145852650
2010-06-08,11.98435878753662,12.084726965667372,11.805377562583098,12.060253271198947,107806577
2010-06-09,11.71835708618164,12.085715210567413,11.668420530282598,12.044677404777495,109569158
2010-06-10,12.0394868850708,12.076320953497934,11.763350167015144,11.875337548288169,103502504
2010-06-11,12.07632064819336,12.081512611296054,11.90623913091804,11.927994260906958,71535130
2010-06-14,11.945051193237305,12.22464762730866,11.945051193237305,12.224153515246496,81921917
2010-06-15,12.310927391052246,12.370505764122472,11.920084706674126,11.942333003978629,171022641
2010-06-16,12.392010688781738,12.45949958174453,12.2644493167298,12.26593259950453,91915234
2010-06-17,12.362590789794922,12.505727089222804,12.278786741694216,12.445902619030418,79388456
2010-06-18,12.361356735229492,12.44639796494716,12.314385798785665,12.422665440693407,115346733
2010-06-21,12.077804565429688,12.384594202240852,11.987078207245023,12.35814311505907,119787316
2010-06-22,12.02069854736328,12.276562455833794,12.007843114644915,12.110930792697078,89120799
2010-06-23,11.916869163513184,12.03651905590539,11.820702844931397,12.03651905590539,81468223
2010-06-24,11.74505615234375,11.934173286631165,11.699569444879211,11.857785643444734,76027907
2010-06-25,11.685232162475586,11.80809664548194,11.63282314676196,11.79351087195021,90144622
2010-06-28,11.67039680480957,11.805622580902815,11.594503280821918,11.683005180522253,70756221
2010-06-29,11.229866027832031,11.484247610489827,11.152241209449008,11.456807351726988,140609069
2010-06-30,10.999710083007812,11.318120800336125,10.994024954884804,11.247170287772004,144668227
2010-07-01,10.86473274230957,11.084998789905194,10.719866105199769,11.008115150235495,141070793
2010-07-02,10.79205322265625,10.93370530940064,10.778456621494874,10.91739014526687,77730264
2010-07-06,10.780186653137209,11.066952442685004,10.71986711904376,10.976226085515734,102787835
2010-07-07,11.129497528076172,11.156443673967525,10.763129523626665,10.83556237674614,125657235
2010-07-08,11.286725044250488,11.305760665052082,11.11614846489044,11.212313846496428,107156148
2010-07-09,11.556928634643556,11.699569896259622,11.440491405393624,11.667432732554005,173909421
2010-07-12,11.763103485107422,11.852347514502036,11.645678027396004,11.677568136222858,133875926
2010-07-13,12.09362506866455,12.187317988131465,11.873111951742189,11.92181227820538,159648166
2010-07-14,12.146529197692873,12.20808590809926,12.025890123591696,12.110437244453877,125187481
2010-07-15,12.21278190612793,12.229592128006214,11.932443366700346,12.156170107047208,195056389
2010-07-16,11.362125396728516,11.63282214715412,11.359899999192889,11.597224305757996,314165171
2010-07-19,11.524543762207031,11.610326166198874,11.310458809589328,11.396735325680432,182694226
2010-07-20,11.905498504638672,11.94010812279061,11.386599395259278,11.397229431411844,162787890
2010-07-21,11.804387092590332,12.007100821541677,11.753214311656716,11.965075739595177,131675710
2010-07-22,11.985100746154783,12.088188432678091,11.927499770080772,11.946040332730508,86230004
2010-07-23,12.114888191223145,12.127989735194104,11.8664387692778,11.885227335586563,90915501
2010-07-26,12.087940216064451,12.13194269283919,11.986828987648934,12.09090583495477,80107140
2010-07-27,12.178420066833496,12.298812083066355,12.11760641862341,12.12774139560852,98415508
2010-07-28,11.973726272583008,12.243187698308294,11.93219530671482,12.235524229369974,100214225
2010-07-29,11.989548683166504,12.08571500624944,11.849627885230865,12.0132821538307,107421137
2010-07-30,11.986087799072266,12.048138617707584,11.84492983026852,11.857538206761166,86085465
2010-08-02,12.123538970947266,12.19448854486918,12.037756568579152,12.088435241341184,74626675
2010-08-03,12.109198570251465,12.174215950326136,12.033305046262251,12.125762681858124,72362219
2010-08-04,12.516853332519531,12.533663554886092,12.13935929120047,12.167294607517944,153071607
2010-08-05,12.560856819152832,12.57321719331561,12.448623334413025,12.506223359545457,97178890
2010-08-06,12.366053581237791,12.502514648478453,12.262966849358987,12.494110010561444,133277692
2010-08-09,12.49287223815918,12.496580918165904,12.394235359287126,12.416237543584293,75168699
2010-08-10,12.45233154296875,12.508943346135249,12.32526333260758,12.418711096785737,83270954
2010-08-11,12.156417846679688,12.311173369481084,12.150484715497846,12.304498123614088,89253294
2010-08-12,12.163092613220217,12.230828560493638,11.928240775293927,11.963591558380235,88514535
2010-08-13,12.02316951751709,12.142820356541671,12.014764880007998,12.088681011758192,77678069
2010-08-16,12.004382133483888,12.11019027325464,11.878551095336224,11.957165085460584,52395658
2010-08-17,12.12625789642334,12.229592631903907,12.015259691043894,12.077062508875857,75911472
2010-08-18,11.919341087341309,12.13491026695912,11.904509205357646,12.124280230921304,107858771
2010-08-19,11.568793296813965,11.928239912061263,11.55099295868326,11.891157846319684,157588475
2010-08-20,11.421703338623049,11.65828457505622,11.39698164348783,11.568794442966832,157291365
2010-08-23,11.472379684448242,11.57571440775692,11.31564773417019,11.408846535293687,119895720
2010-08-24,11.158916473388672,11.331470445540845,11.14729726690149,11.314907278525553,110922211
2010-08-25,11.238764762878418,11.317625801286114,11.124552942586073,11.124552942586073,104072633
2010-08-26,11.148780822753906,11.304030463572362,11.135432223658585,11.274364806527448,71346425
2010-08-27,11.34284210205078,11.37151953535285,11.066459268329998,11.187841408039011,92842698
2010-08-30,11.191054344177246,11.365833710106813,11.18437909836078,11.350752879654754,49440624
2010-08-31,11.125049591064451,11.244946556644043,11.075112084621288,11.127273095549914,78163883
2010-09-01,11.379923820495604,11.493889542289567,11.186356831167783,11.24766553924328,129616018
2010-09-02,11.450379371643066,11.481282201828533,11.379429797908225,11.441974733262304,67620512
2010-09-03,11.62639617919922,11.665454699450216,11.555692713342932,11.631834252020925,101996882
2010-09-07,11.480539321899414,11.559401316321926,11.446424762599095,11.48301177553128,68652365
2010-09-08,11.633315086364746,11.6807801322073,11.483257425981002,11.500068594100094,96432101
2010-09-09,11.771756172180176,11.876079131959736,11.633315815413615,11.812545975219988,97588419
2010-09-10,11.77076530456543,11.860998492087717,11.74456127491791,11.841963819827413,79268006
2010-09-13,11.922308921813965,11.97372876448992,11.854572967282676,11.88844047126086,89996068
2010-09-14,11.876821517944336,11.98361693364766,11.868168877126914,11.91588003649256,88992319
2010-09-15,11.882012367248535,11.912914249772298,11.829108298932262,11.86495508846773,96472251
2010-09-16,11.89239501953125,11.926756632182968,11.851604270681344,11.864954761985713,79075287
2010-09-17,12.117109298706056,12.143067218599102,11.89536090699746,11.958894058924724,226509844
2010-09-20,12.565306663513184,12.61796272827901,12.164328098843374,12.17520613681506,176800216
2010-09-21,12.69336223602295,12.854545946161728,12.58088074791922,12.599916367929032,179321632
2010-09-22,12.756155014038086,12.800159387871307,12.64935959438171,12.678530192996805,101864387
2010-09-23,12.69385814666748,12.847377450639994,12.63996585117365,12.721793465187414,93043447
2010-09-24,13.035258293151855,13.0486078389217,12.812025642085157,12.898055101582582,134779299
2010-09-27,13.112388610839844,13.271593037986069,13.073823257544216,13.073823257544216,124761892
2010-09-28,13.0322904586792,13.191000763028017,12.816721298963676,13.18828125361421,146735949
2010-09-29,13.04514503479004,13.174931790887989,12.971475015728316,13.049099824064337,87213678
2010-09-30,12.998175621032717,13.1484812953794,12.828341160892007,13.08148651357738,130250387
2010-10-01,12.993971824645996,13.117578399135509,12.929202445328285,13.102251460298644,89333594
2010-10-04,12.913135528564451,13.05899136739092,12.826611953337238,12.97741175305742,77910939
2010-10-05,13.305706977844238,13.349463342572648,13.016961920744691,13.062202514692462,140809819
2010-10-06,13.209789276123049,13.348228690423966,13.100769408747473,13.331171411286428,110906151
2010-10-07,13.102499961853027,13.28024590049134,13.080991887330242,13.25577126028092,96191202
2010-10-08,13.259231567382812,13.290134396769108,13.043415339503156,13.170730604467352,114796679
2010-10-11,13.32078742980957,13.463181623204523,13.279502570007264,13.31188773356146,105445761
2010-10-12,13.383828163146973,13.49754494084263,13.29483118941787,13.35243121971344,150706777
2010-10-13,13.43104362487793,13.534624458809576,13.407063100447722,13.52251114187844,122682126
2010-10-14,13.372455596923828,13.479251962083111,13.278020553226424,13.45279898026416,266358649
2010-10-15,14.86858367919922,14.87328058356111,14.625079194457674,14.814691387191992,595214680
2010-10-18,15.270551681518556,15.319499067398963,14.846335639964138,14.846335639964138,284992232
2010-10-19,15.026304244995115,15.19910620852451,14.903439781879063,15.051520051225896,184203863
2010-10-20,15.03001308441162,15.262393415206844,15.01814682253017,15.033967873988896,141532518
2010-10-21,15.129146575927734,15.228279473320091,14.981066289831697,15.117281259404804,117257870
2010-10-22,15.142498016357422,15.199108879092956,15.081188355464194,15.127417183914147,90582257
2010-10-25,15.240638732910156,15.444341639078848,15.2028154953419,15.218142435196375,126809538
2010-10-26,15.292555809020996,15.35757131136142,15.105416042788102,15.15658788608028,100892759
2010-10-27,15.239897727966309,15.327162463657496,15.137551215143462,15.222592446505129,90012128
2010-10-28,15.292057991027832,15.351883411970933,15.161530058036012,15.328397944437954,87699492
2010-10-29,15.17141819000244,15.302442130019912,15.153866799688943,15.25472907964012,91473585
2010-11-01,15.203557014465332,15.3434797109573,15.10986408778781,15.221603464259807,123946848
2010-11-02,15.218388557434082,15.32716135909465,15.1931727517442,15.294282083947756,80203500
2010-11-03,15.33161163330078,15.372401435057249,15.166474084919878,15.26535991570269,135726838
2010-11-04,15.43272304534912,15.572396786403027,15.379076863870177,15.44186885128217,143367369
2010-11-05,15.452747344970703,15.462884215662664,15.354604565338253,15.405777351450691,70892731
2010-11-08,15.494525909423828,15.561767749388808,15.40454071474456,15.426542901325442,84367048
2010-11-09,15.446319580078123,15.59538808474137,15.339771218856498,15.57437601563814,89823423
2010-11-10,15.398358345031738,15.401324910294688,15.265605969376882,15.37858155880366,100254375
2010-11-11,15.257696151733398,15.323454706666164,15.184027070766758,15.31974602639804,90803081
2010-11-12,14.914071083068848,15.250527318421014,14.862650298834293,15.178587631698518,136228712
2010-11-15,14.720749855041504,14.931623056614104,14.685646128499837,14.908878757265496,139677591
2010-11-16,14.43027687072754,14.780576790268707,14.423602571112912,14.653757524991594,132791878
2010-11-17,14.426074028015137,14.573166077746569,14.372180789849834,14.461919870398235,98066204
2010-11-18,14.747697830200195,14.832244955455629,14.549928039071007,14.560806078048552,103988318
2010-11-19,14.60604476928711,14.780576134619018,14.593931450838712,14.758573948636792,92244464
2010-11-22,14.615686416625977,14.670567883213195,14.406298367541092,14.52298170986745,87791837
2010-11-23,14.412723541259766,14.56105181777259,14.293814810592623,14.511609374459926,86828238
2010-11-24,14.70839023590088,14.74868687387518,14.512597854032515,14.519026043844445,96215292
2010-11-26,14.585525512695312,14.659195538901352,14.511362321000588,14.596897662754923,52640573
2010-11-29,14.39047622680664,14.58058254315222,14.33707804362391,14.565007599769809,114816754
2010-11-30,13.737834930419922,14.19789776102123,13.67850361845687,14.19789776102123,285763111
2010-12-01,13.951425552368164,14.1299135976714,13.903219335404206,13.91805216317386,150726852
2010-12-02,14.136093139648438,14.173422263402578,13.976146609644577,14.057974214676792,102298006
2010-12-03,14.16526699066162,14.25129645524684,14.041660393600154,14.077506240487732,105642495
2010-12-06,14.297770500183104,14.387756636498947,14.254508244103798,14.352403959708075,84065923
2010-12-07,14.514822959899902,14.659689611883683,14.486640587432602,14.616921467833116,122144116
2010-12-08,14.598875045776367,14.647823376994689,14.42953470120181,14.634226776085404,70539412
2010-12-09,14.62260627746582,14.72346854994048,14.560803465470674,14.681443470769558,75036204
2010-12-10,14.64016056060791,14.6841639868598,14.592695510035172,14.663150971191644,68443585
2010-12-13,14.699737548828123,14.906901120385935,14.686635060628106,14.761540363238426,96299607
2010-12-14,14.706908226013184,14.790466181626613,14.646835741056176,14.76080052323428,65978380
2010-12-15,14.592941284179688,14.744977287652643,14.564511856856884,14.689354659686252,87033003
2010-12-16,14.627799034118652,14.67872570829788,14.537813841386654,14.65598235407576,64115423
2010-12-17,14.605301856994627,14.64881211450747,14.527924099513292,14.610245817204122,123946848
2010-12-20,14.710614204406738,14.780328493308764,14.552398956154494,14.700479227811346,79227857
2010-12-21,14.9086332321167,14.94942398425887,14.77365449117926,14.797387963633271,75461793
2010-12-22,14.968459129333496,15.005788258241523,14.913824717569788,14.93162505911344,48481040
2010-12-23,14.93730926513672,14.981065635110252,14.88292285936509,14.96475047063866,44598542
2010-12-27,14.89157485961914,14.92618352855324,14.820377287206602,14.900473609595878,48505130
2010-12-28,14.806038856506348,14.928409213157028,14.78354255866404,14.883416617472411,42751645
2010-12-29,14.857460975646973,14.892317650985936,14.80604018555251,14.88218267317651,40920808
2010-12-30,14.804556846618652,14.865617551697364,14.768215944245547,14.783295828484606,39728356
2010-12-31,14.68366813659668,14.793678109066304,14.635708033041166,14.752146194731491,61802787
2011-01-03,14.940275192260742,14.97092907156379,14.745719041374192,14.745719041374192,94962614
2011-01-04,14.885147094726562,14.985515266539116,14.835704650220746,14.97167255583031,73253547
2011-01-05,15.056961059570312,15.08810905226162,14.833975470732891,14.834469582815336,101671667
2011-01-06,15.166474342346191,15.288350584207706,15.08118605727605,15.096760052906102,82620526
2011-01-07,15.239153861999512,15.283900346084147,15.083164013923616,15.226052320152002,84363033
2011-01-10,15.184026718139648,15.213198261235291,15.044352029447747,15.19861248968747,63404769
2011-01-11,15.228525161743164,15.297497336517717,15.19119603686278,15.270551190915478,57787794
2011-01-12,15.249785423278809,15.311095079401358,15.197871469590604,15.311095079401358,65552790
2011-01-13,15.245335578918455,15.31900465892636,15.182790646420454,15.252256934142451,53560006
2011-01-14,15.430498123168944,15.432723520644704,15.254977588188927,15.262888114222504,94978674
2011-01-18,15.812440872192385,15.870782065835751,15.4574431239228,15.476972856006553,145222296
2011-01-19,15.617636680603027,15.8947616093527,15.565969786271229,15.873996597151892,136754676
2011-01-20,15.494525909423828,15.675238413490646,15.408496451180696,15.62900958935379,220254485
2011-01-21,15.12519073486328,15.864355887142128,15.113571528624938,15.811204762947485,357511035
2011-01-24,15.106648445129396,15.141505115466034,14.863143971667524,15.019877826608344,184657557
2011-01-25,15.324938774108888,15.344220503629936,14.993920605466773,15.035452523211765,146418764
2011-01-26,15.240638732910156,15.388719008166746,15.21047896526914,15.3353208281352,81829572
2011-01-27,15.247807502746582,15.319745294874798,15.160293822180911,15.275000703781602,81070738
2011-01-28,14.857213020324709,15.336063478807274,14.826806195587004,15.3041724246642,169878368
2011-01-31,14.84163761138916,14.94324105574597,14.722727940223804,14.921733930038105,112616538
2011-02-01,15.105661392211914,15.162767307587172,14.909621950187718,14.943736508528223,110223602
2011-02-02,15.12939167022705,15.187240641902946,15.018887582744384,15.104670923028577,70691981
2011-02-03,15.083659172058104,15.115796335421551,14.984280169754744,15.067096005007544,60028160
2011-02-04,15.10417652130127,15.115548671315011,14.99614488247002,15.083658565275138,62264511
2011-02-07,15.186005592346191,15.287361995238877,15.060421604332165,15.08390707471488,72253814
2011-02-08,15.287113189697266,15.318016017629978,15.191442873308032,15.201824905861285,68050116
2011-02-09,15.240638732910156,15.313565698523329,15.137798109115092,15.249784539041206,73976246
2011-02-10,15.239153861999512,15.26535978541894,15.118514796514258,15.176362822446404,93725996
2011-02-11,15.43840789794922,15.450768271757994,15.15411362089854,15.173643352283335,103984303
2011-02-14,15.528639793395996,15.565473857972949,15.328150521231892,15.409730122432013,85439051
2011-02-15,15.42975616455078,15.576600215891352,15.403799188711746,15.508123097295062,83993653
2011-02-16,15.431486129760742,15.48784992849578,15.379077120699314,15.466343748174006,67612482
2011-02-17,15.457196235656738,15.50639162373706,15.33408471072549,15.3580642913889,59373716
2011-02-18,15.576353073120115,15.603546275576234,15.430498193321467,15.475490789365194,129198459
2011-02-22,15.085142135620115,15.44903863752452,15.024822599970772,15.327904507580032,146141730
2011-02-23,15.112582206726074,15.196140153872538,14.931623602019323,15.088108514319796,116017237
2011-02-24,15.050779342651367,15.156338528404856,14.866111111728426,15.11431249892878,108874565
2011-02-25,15.080940246582031,15.196635364376403,15.06759070069327,15.125932844978449,77585724
2011-02-28,15.16400146484375,15.240390997828255,15.030754023310648,15.079950355423058,91602065
2011-03-01,14.851526260375977,15.307880399320164,14.815433362022812,15.272280666454597,133426247
2011-03-02,14.85226821899414,14.981064868763935,14.713828811509671,14.827793580388994,81371863
2011-03-03,15.069072723388672,15.116784827497858,14.95634323419968,14.9904596840817,78103658
2011-03-04,14.848065376281738,15.054735802579016,14.837683343004304,15.038666747426053,120891439
2011-03-07,14.62656307220459,14.923958895229502,14.511362077078848,14.846335027245258,139027162
2011-03-08,14.642630577087402,14.782800317004243,14.59046862729062,14.657957515916378,91738575
2011-03-09,14.62928295135498,14.697018900497802,14.48046150806785,14.610246384700732,86362499
2011-03-10,14.34572982788086,14.50196768502037,14.324716812960832,14.47279708811103,125592995
2011-03-11,14.256980895996094,14.338313446338292,14.173422948195071,14.294310021553802,121734587
2011-03-14,14.090853691101074,14.2960398733742,14.042153363598407,14.16032092340424,113066217
2011-03-15,14.080224990844728,14.11582377974944,13.73264458007488,13.782087026917567,160824559
2011-03-16,13.772197723388672,14.085910620828272,13.62832023602366,14.041907194762551,152509508
2011-03-17,13.877511024475098,14.066380165073944,13.85723917669826,13.95464078598052,116406692
2011-03-18,13.870094299316406,14.041412044522868,13.837462077398548,13.958595262953702,132438559
2011-03-21,14.251788139343262,14.333368687751715,14.066872860667289,14.096538514634,121288923
2011-03-22,14.272061347961426,14.319278396221682,14.153152611293825,14.270825121165627,75758903
2011-03-23,14.391711235046388,14.39888059272173,14.140543286405538,14.21940338110984,72920303
2011-03-24,14.508644104003906,14.545726176442145,14.308648915466124,14.472550255780746,84262658
2011-03-25,14.331886291503906,14.509137165056076,14.319524970536682,14.50839599694846,114764559
2011-03-28,14.223607063293455,14.4616725223495,14.207538009238478,14.389485780402824,89068604
2011-03-29,14.381081581115724,14.38503637081228,14.165512412533817,14.23942854892079,64432607
2011-03-30,14.383801460266112,14.47428076559146,14.352651574512484,14.446592504129828,57105245
2011-03-31,14.505428314208984,14.540038876620372,14.381328566523209,14.412476558173717,81480268
2011-04-01,14.630024909973145,14.713829918167797,14.554872542879837,14.554872542879837,104919797
2011-04-04,14.528172492980955,14.702703853477226,14.414948891141297,14.659689600005242,82488031
2011-04-05,14.068604469299316,14.37514704313448,13.984304409577314,14.365012066608582,242806701
2011-04-06,14.194436073303224,14.218662710054854,14.04165889225636,14.144993629080046,107132058
2011-04-07,14.338314056396484,14.354136055591251,14.194683623143938,14.232754864999368,101639547
2011-04-08,14.29282569885254,14.459199467671636,14.290354192114034,14.459199467671636,76357137
2011-04-11,14.273297309875488,14.291343759664514,14.165265667180938,14.244372821745236,74606600
2011-04-12,14.10618019104004,14.26192392630637,14.042894094230649,14.214705936430173,83736694
2011-04-13,14.246352195739746,14.278983473403835,14.134364808570565,14.22731752041276,83086265
2011-04-14,14.301478385925291,14.3247167982753,14.143016078069277,14.219403721174498,219070062
2011-04-15,13.119555473327637,13.49161046779434,13.103734422842166,13.480238318665917,563853569
2011-04-18,13.024131774902344,13.044403620676992,12.830317746237016,13.013748795993951,202347616
2011-04-19,12.892863273620604,13.124006436556336,12.877289277823165,13.101016026908962,107766427
2011-04-20,12.996692657470703,13.023638804475372,12.889403128112347,13.000895449921636,122858785
2011-04-21,12.981118202209473,13.05973218948546,12.914123421129831,13.040202457327169,99174342
2011-04-25,12.97988224029541,13.028088458302296,12.904729875686488,12.984827147375505,65476506
2011-04-26,13.171967506408691,13.286180296251697,12.983838569960293,13.016223739561386,140524754
2011-04-27,13.29408836364746,13.302741003888064,13.209788305169427,13.300020547914812,92280599
2011-04-28,13.299280166625977,13.33092416403936,13.203114787349342,13.301505564110837,80299860
2011-04-29,13.450822830200195,13.450822830200195,13.312630466092305,13.349465482099308,169773978
2011-05-02,13.31386661529541,13.49111844541286,13.278268772901964,13.490376330688566,85667905
2011-05-03,13.198418617248535,13.39915497168559,13.093106479285597,13.278515892812534,83572079
2011-05-04,13.245388984680176,13.324743195510596,13.176909972497432,13.230062044432708,84997401
2011-05-05,13.207813262939451,13.335126640425797,13.139334248367806,13.197677338909358,80211530
2011-05-06,13.233275413513184,13.385558492962462,13.230309794299156,13.30373087771319,82552271
2011-05-09,13.292109489440918,13.31213427851779,13.129444402997786,13.225856828742806,78240168
2011-05-10,13.415220260620115,13.458977569693008,13.288648076831626,13.349462662160676,82022292
2011-05-11,13.236981391906738,13.437223609528536,13.19347302820572,13.35292544492672,93902656
2011-05-12,13.227094650268556,13.273817586123718,13.124748135003813,13.231791554800834,58149143
2011-05-13,13.091127395629885,13.24860242812043,13.07876702118207,13.21621726262931,84664157
2011-05-16,12.81597900390625,13.034762728578604,12.766042450789028,13.011030205410089,118771522
2011-05-17,13.11362361907959,13.13241218325635,12.732175726175267,12.742063647047376,132639308
2011-05-18,13.097556114196776,13.110410601237469,12.99595171180644,13.090880868054589,78420843
2011-05-19,13.133153915405272,13.26392890642735,13.095329732117897,13.169739978826293,99118132
2011-05-20,12.954668045043944,13.151447716961078,12.932418801764396,13.146750812253435,93047462
2011-05-23,12.815237998962402,12.855039576295344,12.691879424009825,12.770986573478726,92344839
2011-05-24,12.812024116516112,12.952935025177512,12.809304607161373,12.864186066569149,76284867
2011-05-25,12.846883773803713,12.923518480499297,12.787057398219709,12.789035739832771,52259149
2011-05-26,12.808810234069824,12.907449011301637,12.7314343673514,12.79818019867538,85057626
2011-05-27,12.877288818359377,12.89929100309161,12.763570161192948,12.817463397629435,70093747
2011-05-31,13.07802677154541,13.0787679397084,12.941564744662312,12.978646817184892,107894906
2011-06-01,12.99347972869873,13.181360653047928,12.986310370203022,13.053799269335194,118679178
2011-06-02,13.054292678833008,13.10966825564626,12.916348322172524,13.04218030672138,88510520
2011-06-03,12.931180953979492,13.042921276653308,12.892122435470002,12.904482810011284,70202152
2011-06-06,12.881244659423828,13.023638865311144,12.836499118235514,12.942553367875648,77975179
2011-06-07,12.831059455871582,12.969499811543272,12.8300712317456,12.926483664818091,76590006
2011-06-08,12.834519386291504,12.885692161602194,12.750714394483513,12.769255899871606,66383894
2011-06-09,12.77420139312744,12.855039829504038,12.747255247668576,12.855039829504038,67817246
2011-06-10,12.59571361541748,12.773212490039622,12.590275542950964,12.708689215943844,97961814
2011-06-13,12.477547645568848,12.612773451599722,12.414261536708215,12.607828543994229,97455925
2011-06-14,12.567532539367676,12.70868957001882,12.533417034541504,12.56209352017478,94011061
2011-06-15,12.433542251586914,12.567036750927477,12.3756951715984,12.484962088593331,83242849
2011-06-16,12.369759559631348,12.523031774107013,12.278292046771634,12.43008003212421,110693357
2011-06-17,11.990290641784668,12.525999925884738,11.98485256946818,12.513392495913754,210602442
2011-06-20,11.979413032531738,12.02020378252606,11.847155701394277,11.98979695863198,121598077
2011-06-21,12.187565803527832,12.21080516268924,11.983121727532644,12.04393632197046,111030616
2011-06-22,12.0394868850708,12.1714981114215,12.032565529525376,12.149248868793592,96644896
2011-06-23,11.871627807617188,11.93689224683015,11.71118716555592,11.918845798295091,192787918
2011-06-24,11.739620208740234,11.884733944655704,11.693638434294911,11.883003605530478,152794573
2011-06-27,11.935410499572754,12.073848963846038,11.707974121770503,11.717862989179244,138304463
2011-06-28,12.203636169433594,12.266922272697876,11.965570694199908,11.965570694199908,109011074
2011-06-29,12.300542831420898,12.366795495861917,12.17223840156717,12.275079022326604,94071286
2011-06-30,12.518336296081545,12.525505654186464,12.39769722138444,12.409810540062637,97500090
2011-07-01,12.880502700805664,12.884211380960869,12.51833560105506,12.527236244112588,146013250
2011-07-05,13.162572860717772,13.235747834472551,12.9860631432868,12.9860631432868,154545110
2011-07-06,13.234758377075195,13.31263025386865,13.177404457681122,13.188776608455996,108228151
2011-07-07,13.51262378692627,13.613487962639178,13.24761312084153,13.37418532275813,158010049
2011-07-08,13.151447296142578,13.291369994987315,13.03476395719053,13.17518076812292,191523195
2011-07-11,13.035009384155272,13.250084422187903,12.99100501660723,13.057258623942246,113997696
2011-07-12,13.201383590698242,13.335125143316136,13.003366769856036,13.056764000549844,114073981
2011-07-13,13.30644989013672,13.448349984021345,13.262445517053658,13.275301897091822,112026334
2011-07-14,13.076045989990234,13.398905596883516,13.021411588905842,13.32770803092552,266976958
2011-07-15,14.773900985717772,14.838918369199746,14.54003832178103,14.770934420285704,551342851
2011-07-18,14.707650184631348,14.883417788877663,14.634969322341677,14.647082641627469,179401931
2011-07-19,14.895774841308594,14.948430899362176,14.722232673418867,14.737312555148424,119144917
2011-07-20,14.71778392791748,14.90269921670754,14.71778392791748,14.886631108742373,89446014
2011-07-21,15.005538940429688,15.031990972839187,14.6846567138205,14.685151772433851,139300182
2011-07-22,15.283406257629396,15.314802252686318,14.938298314617343,14.965985629360922,141656982
2011-07-25,15.301945686340332,15.46090399131759,15.154113421479211,15.163013117682368,125733520
2011-07-26,15.389461517333984,15.512573052115584,15.25843945590184,15.278957413982155,94067271
2011-07-27,15.011222839355469,15.350645598513642,14.950162144601116,15.257446799238853,157965884
2011-07-28,15.103188514709473,15.22778332171952,14.906902022153702,14.961041370364477,124802042
2011-07-29,14.923959732055664,15.202568900281822,14.923959732055664,14.937309277468335,166116320
2011-08-01,15.000102043151855,15.2159182852783,14.812468176130483,15.110112033825828,159238637
2011-08-02,14.644856452941896,15.071791982821072,14.624337550777105,14.981064680394947,128503865
2011-08-03,14.861663818359377,14.906903474292484,14.428053931790082,14.691087228528858,153601587
2011-08-04,14.27700424194336,14.804308885723994,14.275768961814732,14.696771361147038,197320845
2011-08-05,14.314580917358398,14.585525660966114,13.89333144742955,14.40110543069418,238052949
2011-08-08,13.498286247253418,14.06637878949243,13.45700138760067,13.917557353760122,300987964
2011-08-09,14.17540168762207,14.20506734407368,13.37443274972809,13.868610145964064,259758001
2011-08-10,13.572203636169434,13.945741016068633,13.540559637867194,13.878005064094058,215589063
2011-08-11,13.89654541015625,14.05401854090984,13.557369673424104,13.69111028072416,193948251
2011-08-12,13.937088966369627,14.103461803097614,13.85377712683698,14.078741054111832,126644924
2011-08-15,13.775410652160645,13.967248238905896,13.499027841842867,13.681470673457996,286867234
2011-08-16,13.324742317199709,13.656995753086973,13.10966726953189,13.656748697062955,278616423
2011-08-17,13.180124282836914,13.440686048244697,13.121287083401391,13.350205798197344,163775579
2011-08-18,12.48125457763672,12.975926064699772,12.372727880210332,12.940822337123649,252571164
2011-08-19,12.136146545410156,12.728219630983636,12.13466231608886,12.344299295399276,217211120
2011-08-22,12.315377235412598,12.533664988261346,12.225392035693536,12.459500842023145,196971541
2011-08-23,12.825868606567385,12.889896822276585,12.337377298573498,12.447139277950098,174523715
2011-08-24,12.936372756958008,13.102252426781114,12.78656214178457,12.838476092845266,144318923
2011-08-25,12.856029510498049,13.28197686978536,12.81301430598572,13.111647337281743,132213719
2011-08-26,13.02462673187256,13.113375690656015,12.685451001136736,12.854792283772902,144391193
2011-08-29,13.326722145080566,13.335868898438354,13.190261066293576,13.214982763224686,93782206
2011-08-30,13.366768836975098,13.423381584974758,13.122277075110794,13.30471896309746,120008140
2011-08-31,13.373198509216309,13.505208797539323,13.25058108406672,13.466644387728923,108135806
2011-09-01,13.164055824279783,13.444147334645246,13.132412772235153,13.368006743530758,96982155
2011-09-02,12.974692344665527,13.050832940008544,12.873087936754786,12.965544644407004,96408011
2011-09-06,12.90893268585205,12.923271402935708,12.620189468318456,12.627605882917774,109039179
2011-09-07,13.201878547668455,13.249096541130228,13.0379772184803,13.113376638507113,110645177
2011-09-08,13.224868774414062,13.327215285977095,13.149222299398836,13.196192289597676,95576908
2011-09-09,12.974937438964844,13.21720474006945,12.8844581400507,13.13686136412282,131242091
2011-09-12,13.105217933654783,13.1514458058584,12.793235407548302,12.80460755687472,107216373
2011-09-13,13.090386390686035,13.19817097754214,12.939091543533555,13.151694151615324,94520965
2011-09-14,13.153425216674805,13.274064288191736,12.99891675044044,13.16627970314144,108179971
2011-09-15,13.412750244140623,13.47257566554506,13.214981421643712,13.238218886756483,118875912
2011-09-16,13.514601707458496,13.518557443610762,13.427088972653712,13.468126777187164,141901897
2011-09-19,13.514355659484863,13.594204930542729,13.235253321562642,13.35811779515124,99106087
2011-09-20,13.51336669921875,13.80730184958893,13.415469090147871,13.58184381586984,111580670
2011-09-21,13.32968807220459,13.720283698770023,13.321283433382286,13.539572131903828,100948969
2011-09-22,12.87135410308838,13.072090425417194,12.7067116228027,13.009546444950953,176671736
2011-09-23,12.991252899169922,13.013749196401138,12.719072881562475,12.769998607012257,111508400
2011-09-26,13.148974418640137,13.174684336291405,12.688170455912388,13.034267539994351,105762945
2011-09-27,13.333148002624512,13.52374841358893,13.251814508491144,13.304965630751312,120887424
2011-09-28,13.07357406616211,13.448842692112418,13.045392641737296,13.386545765951254,90871336
2011-09-29,13.040451049804688,13.282719336785334,12.84045585371287,13.251569448185732,116699786
2011-09-30,12.732421875,12.953923213595845,12.716104818916463,12.86023029514798,109352349
2011-10-03,12.24986457824707,12.657271370444777,12.237010090831742,12.604120242104708,179646846
2011-10-04,12.407586097717283,12.445657339225075,11.881023532614414,12.11414504647064,166975528
2011-10-05,12.476804733276367,12.553441324699046,11.885225754641338,12.270383266851049,182043797
2011-10-06,12.724265098571776,12.737119584917854,12.424889980335667,12.546025055938037,137485405
2011-10-07,12.734399795532228,12.867400183848442,12.615243063967096,12.77667382701964,114664185
2011-10-10,13.279502868652344,13.286919282359223,12.934146939089125,12.983095269554534,93236167
2011-10-11,13.428078651428224,13.517568784407864,13.187787785800811,13.187787785800811,114563810
2011-10-12,13.55959415435791,13.725967928351285,13.463922892260529,13.550447402018987,127588447
2011-10-13,13.818921089172363,13.819168145204673,13.547728345109824,13.597417844573414,228356741
2011-10-14,14.627058029174805,14.822850415650247,14.525453628871738,14.819636793956091,342474886
2011-10-17,14.3978910446167,14.630764535635905,14.28887023932826,14.430275261458418,160928949
2011-10-18,14.598133087158203,14.648812704288863,14.274038166154927,14.34301128871456,152601853
2011-10-19,14.355619430541992,14.636453055383036,14.319031471295856,14.5197678220446,117699519
2011-10-20,14.429041862487791,14.55808558121077,14.326201230619873,14.385285490370102,135666613
2011-10-21,14.597639083862305,14.653509717852025,14.503946158561812,14.573413393707472,136148412
2011-10-24,14.744235038757324,14.831995773285035,14.499001176581524,14.504439248715848,137589795
2011-10-25,14.416433334350586,14.709133227164696,14.40876986390164,14.662162287118058,102000897
2011-10-26,14.494304656982422,14.589975925766147,14.161804141781689,14.574401929414092,115354763
2011-10-27,14.79985809326172,14.899485092156889,14.667105708843163,14.79367885289319,151778780
2011-10-28,14.836198806762695,14.889597934330828,14.690590982373006,14.697266228284596,100696024
2011-10-31,14.650789260864258,14.825074515520775,14.626810626746886,14.711357745834585,102695490
2011-11-01,14.304940223693848,14.474528585986471,14.25797117626719,14.340787015835073,125472546
2011-11-02,14.457469940185549,14.535094760652823,14.350181355800952,14.459448281706614,85153986
2011-11-03,14.77093505859375,14.77093505859375,14.430276024381364,14.511362465220229,107192283
2011-11-04,14.73731517791748,14.826312148135134,14.645598698069584,14.6720507330912,113817021
2011-11-07,15.038666725158691,15.049791819699994,14.64065470675072,14.667600853803156,134799374
2011-11-08,15.137798309326172,15.187982868430176,14.921735026002676,15.055229531272282,121630197
2011-11-09,14.856223106384276,15.064870916386168,14.799611305614928,14.938050714010595,148996390
2011-11-10,14.71111011505127,14.97982945261224,14.62409054585336,14.97933534055949,115166059
2011-11-11,15.03916072845459,15.1316183755707,14.798128689560103,14.864876416600444,159676271
2011-11-14,15.154114723205566,15.27969775834628,15.025070063749748,15.030508136402275,128026081
2011-11-15,15.242120742797852,15.279696923527675,15.092311078510734,15.149168988375418,107441212
2011-11-16,15.116290092468262,15.285137273836764,15.095030967993946,15.13137092292041,104731092
2011-11-17,14.854247093200684,15.136563062066006,14.753136800338028,15.081187482872071,140255750
2011-11-18,14.706165313720703,14.943982771619751,14.678229997618503,14.882180901590184,132000924
2011-11-21,14.36155128479004,14.548443961143564,14.142768503208368,14.530149509859967,120501984
2011-11-22,14.338314056396484,14.461178529832411,14.220641546202154,14.338314056396484,96572626
2011-11-23,14.09382152557373,14.344494436433438,14.09382152557373,14.22336124683474,93380707
2011-11-25,13.91805362701416,14.196661869203108,13.876769707525591,13.972193927355065,62730250
2011-11-28,14.540780067443848,14.556354062279606,14.25178794774887,14.32273846029456,113580136
2011-11-29,14.410747528076172,14.594425647316054,14.371193004286964,14.533117886606275,73546641
2011-11-30,14.81765842437744,14.820624990024095,14.637193925164173,14.782060583192475,136389312
2011-12-01,15.173151016235352,15.228279539353968,14.808018261491224,14.832739012002312,145366836
2011-12-02,15.336063385009766,15.4260485784595,15.234705094495965,15.254235773790422,164040568
2011-12-05,15.466838836669922,15.621346364098478,15.386494505914117,15.516034227261713,128379401
2011-12-06,15.420361518859863,15.540258470550684,15.333095840582466,15.401078843412272,93408812
2011-12-07,15.410966873168944,15.46708361113602,15.280191890870531,15.368692844466269,90630437
2011-12-08,15.229514122009276,15.51133691232082,15.21097355997524,15.352873652585677,96885796
2011-12-09,15.510594367980955,15.552867454055528,15.253246224709676,15.277720863943516,111062736
2011-12-12,15.460411071777344,15.479939857836651,15.334332032507811,15.37363950039104,87683432
2011-12-13,15.466343879699709,15.736546509259451,15.397617812994556,15.543720693923875,161731947
2011-12-14,15.279449462890623,15.433957920505293,15.14150511765672,15.372896273470715,156733281
2011-12-15,15.315791130065918,15.426048167999642,15.294777168509182,15.389460210519797,96705121
2011-12-16,15.47450065612793,15.557563541128738,15.363502455721669,15.433957911002864,179040582
2011-12-19,15.372401237487791,15.537292674298609,15.32716158812615,15.525178410022871,86061375
2011-12-20,15.58352279663086,15.619862752770583,15.524685595366686,15.524932651409832,95886062
2011-12-21,15.471040725708008,15.619368056966096,15.301452376910635,15.574622517582302,100290510
2011-12-22,15.5669584274292,15.617142037284196,15.500458707662656,15.523696172547414,73165217
2011-12-23,15.65199851989746,15.690069758092053,15.588218310311396,15.623817095145364,58365953
2011-12-27,15.827767372131348,15.93258444089498,15.623817416355916,15.62505269648683,64496847
2011-12-28,15.81417179107666,15.94519384540946,15.774617266817325,15.889571212664176,85406931
2011-12-29,15.880919456481934,15.895752284699574,15.702925517870266,15.858422211539455,63252199
2011-12-30,15.96744155883789,15.988703522881885,15.871524183780382,15.871524183780382,71559220
2012-01-03,16.44975471496582,16.517491614973853,16.127389166241187,16.141481773386513,147611217
2012-01-04,16.52070426940918,16.569405548070847,16.33134006729404,16.440360884953495,114989399
2012-01-05,16.29153823852539,16.41415565620277,16.22281311544916,16.36866894659579,131808205
2012-01-06,16.069297790527344,16.316014994141206,16.06361076787055,16.29500102893135,108119746
2012-01-09,15.387977600097656,15.99463744470011,15.35756982845152,15.982275176685588,233776981
2012-01-10,15.404787063598633,15.66831633865773,15.250774604327397,15.568195224727384,176483032
2012-01-11,15.47450065612793,15.559294826432229,15.354849815503409,15.413686065152932,96359832
2012-01-12,15.565475463867188,15.645820739837973,15.487850644106818,15.604535876366416,75289148
2012-01-13,15.450522422790527,15.498975697714169,15.35336787032486,15.481918418388467,92637933
2012-01-17,15.539270401000977,15.623323405210368,15.467578717353884,15.623323405210368,76658261
2012-01-18,15.646313667297363,15.673258865843788,15.379570778939827,15.491064039531032,110882061
2012-01-19,15.810956954956056,15.846061630138076,15.61046766716745,15.846061630138076,253157352
2012-01-20,14.486392974853516,14.610245660812993,14.380339681347452,14.598627401773788,424637703
2012-01-23,14.474774360656738,14.552399176503048,14.416432220756157,14.486640622777186,137027695
2012-01-24,14.361305236816406,14.528173134853024,14.28887143439558,14.494551741943985,122690156
2012-01-25,14.078493118286133,14.306422650346724,14.00160947341725,14.276756996157753,200255805
2012-01-26,14.0441312789917,14.20185337694381,13.956371479278369,14.1400505544369,129531704
2012-01-27,14.337820053100586,14.346225638138913,14.074539712722204,14.110384610721228,145242371
2012-01-30,14.281207084655762,14.33831299664329,14.175153789007387,14.290106781062246,93569411
2012-01-31,14.34103298187256,14.437198360198492,14.218415569476186,14.412476664946473,86017210
2012-02-01,14.35883331298828,14.474281375040736,14.317054336283606,14.460436770439548,93175942
2012-02-02,14.464637756347656,14.496775863602435,14.389732453526246,14.45870557214155,96950036
2012-02-03,14.74201202392578,14.760305529984022,14.537319939812969,14.601842269677084,127215053
2012-02-06,15.057454109191896,15.100468361425689,14.684656981617117,14.70937867576768,147735682
2012-02-07,15.000102043151855,15.064872378655148,14.92569084208429,15.009496799236826,83997668
2012-02-08,15.07624340057373,15.11332547263127,14.949918246101769,15.046330686876466,73731331
2012-02-09,15.116043090820312,15.191196401017171,15.0552294430225,15.129887694572933,90927546
2012-02-10,14.978839874267578,15.03372038732243,14.931622830695842,15.027541147106795,93356617
2012-02-13,15.1343355178833,15.174879208959135,15.080444175802132,15.092310437273152,72924318
2012-02-14,15.074014663696287,15.129390230176858,14.950409046319397,15.11801902831482,72418428
2012-02-15,14.970186233520508,15.152381989949298,14.896022103843007,15.152381989949298,97399715
2012-02-16,14.99392032623291,15.050532126723308,14.776620823369065,14.90245185442881,101615457
2012-02-17,14.9474458694458,15.02136201131554,14.892070290412892,14.955603452053031,98331193
2012-02-21,15.178834915161133,15.274753236795227,14.903934436578972,14.928409075628544,99603946
2012-02-22,15.029024124145508,15.24756080133029,14.99861730093598,15.128404068794048,78974912
2012-02-23,14.983783721923828,15.029023370424024,14.841390477643616,15.005785906129434,82508106
2012-02-24,15.077478408813477,15.120740664954916,14.968951711125566,15.01443936469805,77714204
2012-02-27,15.062893867492676,15.138293291928289,14.957828785385704,14.995652025629232,72827958
2012-02-28,15.287361145019531,15.32147759645064,15.022597528115902,15.079951446007868,114330940
2012-02-29,15.28390121459961,15.465601937798231,15.215917261814344,15.292553855364986,125946315
2012-03-01,15.386492729187012,15.468073277339062,15.281427660530786,15.383032051760036,89843498
2012-03-02,15.358064651489258,15.42604860535213,15.33507424100456,15.376605213501929,63167885
2012-03-05,15.185015678405762,15.388718578892078,15.114065163043533,15.3377928537705,63970883
2012-03-06,14.955355644226074,15.050532800450586,14.68045515787516,15.031745182505665,127451937
2012-03-07,15.000842094421388,15.109368794114694,14.97760462843064,15.056464725752528,50769586
2012-03-08,15.009249687194824,15.117034279828871,14.989719006935063,15.08094043167374,54021731
2012-03-09,14.838918685913086,15.12691975526981,14.83273755231868,15.029272043100551,107224403
2012-03-12,14.960052490234377,15.005787201292346,14.814444665430925,14.832738171224166,67010233
2012-03-13,15.272281646728516,15.274012932207802,14.969941839606845,15.04904899656409,90168712
2012-03-14,15.228032112121582,15.395889184492118,15.165487176059171,15.203557471685263,117916329
2012-03-15,15.355098724365234,15.413686974875882,15.199354030968848,15.243111346686687,97769094
2012-03-16,15.45175838470459,15.473265512169386,15.328398855393942,15.349164814740922,122477361
2012-03-19,15.67276668548584,15.754100189499749,15.357818489527505,15.404294371860482,87237768
2012-03-20,15.660651206970217,15.72418530730018,15.50688486417967,15.597118053215045,61850967
2012-03-21,15.821091651916504,16.00427564394966,15.636424377195937,15.688338324680558,99154267
2012-03-22,15.971152305603027,16.039135319369656,15.599098177087088,15.78450760118239,96769361
2012-03-23,15.885616302490234,16.03171824003366,15.843837327593546,15.98474730199248,77898894
2012-03-26,16.052234649658203,16.056191332220134,15.810214411037537,15.94519218773635,73040752
2012-03-27,15.995131492614746,16.155324146272925,15.9402509740795,15.99537949523395,80588939
2012-03-28,16.21119499206543,16.281156342534,16.095500822133474,16.118985345271415,101936657
2012-03-29,16.02949333190918,16.231712008089357,15.927889881752703,16.15384108231682,77260510
2012-03-30,15.85224151611328,16.155077311512866,15.846309331591234,16.112061164485603,92774443
2012-04-02,15.992657661437988,16.00699637652237,15.694025617219156,15.84062165663812,91710470
2012-04-03,15.886357307434082,16.018122428542384,15.787967471200693,15.955330435080793,82102591
2012-04-04,15.701690673828123,15.796866886531111,15.60156955386532,15.7832702847164,65348026
2012-04-05,15.631729125976562,15.733332580945389,15.539024421498356,15.62975078446764,93095642
2012-04-09,15.595141410827637,15.70614056983726,15.457939165451316,15.536799266899765,87635252
2012-04-10,15.496750831604004,15.685619965644149,15.43964397066328,15.661394275406188,99652126
2012-04-11,15.72171401977539,15.722702243936046,15.606513018794375,15.672518630812217,88289696
2012-04-12,16.093769073486328,16.146425143311312,15.828016270662149,15.87968411626736,231127086
2012-04-13,15.44088077545166,16.04383190469937,15.414675797819491,16.0082331184405,327595322
2012-04-16,14.982795715332031,15.421349497104847,14.87377396336749,15.401325653900525,228537416
2012-04-17,15.069320678710938,15.270057974335275,15.006034575211324,15.044352873033093,121409373
2012-04-18,15.016913414001465,15.14917075679336,14.902206517042757,15.03174624320194,107180238
2012-04-19,14.815433502197266,15.234704629480657,14.808017088316523,14.973401697994754,132277959
2012-04-20,14.735336303710938,15.051520699446929,14.72965117518718,14.937803930349114,122794545
2012-04-23,14.77340602874756,14.794419989514973,14.59046908794432,14.65721681062514,88241516
2012-04-24,14.864133834838867,14.996638212427754,14.766484233841265,14.789228532682596,77453230
2012-04-25,15.07302951812744,15.113325211304058,14.903935272468894,14.931624481226292,73117037
2012-04-26,15.215176582336426,15.277721518003544,15.072535319445024,15.10244803245322,84013728
2012-04-27,15.203062057495115,15.246570422155784,15.094783364745718,15.204050281598889,65701345
2012-04-30,14.952634811401367,15.230254782774969,14.84781679944018,15.153866197830256,96652926
2012-05-01,14.942255020141602,15.119504961039745,14.837436992460404,14.926432073704923,80392204
2012-05-02,15.012215614318848,15.03322768342959,14.847818276050656,14.86240404832417,64701612
2012-05-03,15.105165481567385,15.199353462190285,15.05399270036809,15.070555866521604,75000069
2012-05-04,14.75783348083496,15.027790016912824,14.753878690893645,14.979088738195584,88626955
2012-05-07,15.01938533782959,15.094042651443273,14.709134036024771,14.709134036024771,80079035
2012-05-08,15.148923873901367,15.25052922837354,14.850044728532644,14.969448531673905,107493407
2012-05-09,15.05893611907959,15.237671209383166,14.877482465998426,15.001336096942122,93501157
2012-05-10,15.170429229736328,15.232974157936566,15.085635061470308,15.153123949715797,61666277
2012-05-11,14.962030410766602,15.192432405273484,14.950658260688108,15.0886026115237,84290763
2012-05-14,14.93162441253662,15.042869679699011,14.847077290096289,14.852021250737426,73249532
2012-05-15,15.107392311096191,15.203557695628657,14.925443575611846,14.964998101252965,84399167
2012-05-16,15.54792308807373,15.576847576667944,15.226794720463928,15.276732224809129,194128926
2012-05-17,15.40256118774414,15.768436016242417,15.35756859386747,15.669057020073016,134654835
2012-05-18,14.842626571655272,15.634200722106314,14.751158098993075,15.453241171607509,239835606
2012-05-21,15.181553840637209,15.22061424988565,14.832737239408855,14.845345615785671,123477094
2012-05-22,14.85251522064209,15.174137679708302,14.733853547929025,15.164991873808816,122533571
2012-05-23,15.06659984588623,15.070061469927822,14.761540559243702,14.8735269840423,127600492
2012-05-24,14.923218727111816,15.127415753772958,14.8048041025429,15.059184743139882,75935562
2012-05-25,14.623351097106934,14.875507298224978,14.543005817473844,14.857460847280056,143813034
2012-05-29,14.692815780639648,14.811229451051643,14.543994340670308,14.729155734601669,104618672
2012-05-30,14.541768074035645,14.632494425503388,14.425578861398726,14.54003773536586,76553871
2012-05-31,14.359574317932127,14.585526478725562,14.31359349573443,14.553883426493044,119177037
2012-06-01,14.115326881408691,14.156611740367463,14.05031044618131,14.135351670845187,122774470
2012-06-04,14.303457260131836,14.350428198648542,14.091348761828188,14.096539778450364,97672734
2012-06-05,14.101237297058104,14.2920847725628,14.003835691148158,14.225832105376057,93946821
2012-06-06,14.352404594421388,14.387014211500423,14.180345679768418,14.251295252794211,84146223
2012-06-07,14.294557571411133,14.533365160816624,14.270330934010548,14.526195802698629,70603652
2012-06-08,14.349438667297363,14.36303621595211,14.20432494651996,14.23572188987738,56627461
2012-06-11,14.054018020629885,14.469829384570865,14.009272484787472,14.442388182056185,106842978
2012-06-12,13.96996784210205,14.098518392249291,13.808785069035528,14.0854159025571,129451404
2012-06-13,13.870834350585938,14.016937222757752,13.811255986765206,13.886408345596225,78460993
2012-06-14,13.82040309906006,13.969224537904775,13.75785816821962,13.87602572828512,94147570
2012-06-15,13.955382347106934,13.955630349734273,13.771951274067554,13.852295606151262,120497969
2012-06-18,14.112114906311035,14.195177793806495,13.825348169834816,13.90865811335968,100250360
2012-06-19,14.376138687133787,14.444121697444084,14.168232973063152,14.17985218013025,83359284
2012-06-20,14.27675724029541,14.338313000502753,14.177872355691076,14.333616096271644,94219840
2012-06-21,13.972685813903809,14.334356896157177,13.936097858526615,14.334356896157177,80753554
2012-06-22,14.127689361572266,14.127689361572266,13.987766666342932,14.041658959200372,89450029
2012-06-25,13.86119270324707,14.04388258633393,13.778376873944271,14.025094969692006,63501129
2012-06-26,13.959586143493652,14.007050249576194,13.831034643688062,13.912121090836193,54210435
2012-06-27,14.073797225952148,14.189739402870318,13.992712670843916,14.034243645912776,67945726
2012-06-28,13.950437545776367,13.997902595379434,13.77491700986484,13.989745013266337,77124000
2012-06-29,14.340044975280762,14.341528258184798,14.145489751946924,14.213719818957696,101157748
2012-07-02,14.349932670593262,14.412476656930645,14.25178895089385,14.383306059918825,66468209
2012-07-03,14.531880378723145,14.546219094413802,14.288870952681188,14.338560452381826,47758342
2012-07-05,14.731876373291016,14.83422289053244,14.549433528261629,14.554872547601354,94187720
2012-07-06,14.486146926879885,14.672544555418774,14.408027996725922,14.646093467494406,86796118
2012-07-09,14.48688793182373,14.550917094445944,14.369215425840586,14.460683900233311,68861145
2012-07-10,14.380340576171877,14.64559830102844,14.307164660482345,14.590222725474751,77212330
2012-07-11,14.12052059173584,14.28516404276464,13.966012118113472,14.246845744418714,140496649
2012-07-12,14.102967262268066,14.138813104467562,13.895555678886687,14.019904374448265,92738308
2012-07-13,14.252284049987791,14.317301440899003,14.055256375414926,14.14425240197135,79336261
2012-07-16,14.21273136138916,14.318290555322603,14.135106539544006,14.248576259977462,58723287
2012-07-17,14.257475852966309,14.354876510595004,14.051546603919308,14.299500936026634,67455897
2012-07-18,14.357101440429688,14.429535242561045,14.24264350041088,14.263655569354606,62160121
2012-07-19,14.661173820495604,14.795162442973654,14.4866415022614,14.490102180065016,187688877
2012-07-20,15.100220680236816,15.152629685228431,14.787744044970374,15.049294011326564,259517101
2012-07-23,15.216163635253906,15.286372035802934,14.789476106226584,14.844603676834703,143002005
2012-07-24,15.019877433776855,15.275988383691123,14.94002722568745,15.203555535519552,80677269
2012-07-25,15.030261039733888,15.16350849127118,14.965491654138868,15.038419568552936,73193322
2012-07-26,15.163013458251951,15.24978407831946,15.080691739811156,15.203556204118684,67660662
2012-07-27,15.696992874145508,15.697981098281206,15.265360425358647,15.299722038720692,142520206
2012-07-30,15.631234169006348,15.885861852640147,15.562013991157771,15.723938868473793,87795852
2012-07-31,15.647796630859377,15.735063259257991,15.53037118122455,15.531360351940844,74903709
2012-08-01,15.640626907348633,15.809474085086238,15.608490692005894,15.754839679279105,74060561
2012-08-02,15.54347324371338,15.772886064184764,15.411462025866529,15.463376921987413,79404516
2012-08-03,15.854466438293455,15.913550691457925,15.72616295545686,15.821587162212976,76168432
2012-08-06,15.891301155090332,16.05347214475574,15.802305134233054,15.81194599908411,71563235
2012-08-07,15.834938049316406,15.92690063978342,15.734322817763076,15.86583898666055,79569131
2012-08-08,15.876716613769531,15.96670180695494,15.78450602307109,15.798102624465049,53086237
2012-08-09,15.879683494567873,15.979062498708783,15.859164590762076,15.933081677042033,42972470
2012-08-10,15.871027946472168,15.87696202370006,15.725914248060226,15.786729783829484,57599089
2012-08-13,16.316261291503906,16.319721969376776,15.986726381604234,16.00501988832498,131205956
2012-08-14,16.53009796142578,16.633679758968462,16.291292260770938,16.29747150168148,147016998
2012-08-15,16.502408981323242,16.66828864223422,16.417368701388966,16.570145873933402,96789436
2012-08-16,16.634174346923828,16.677932612393235,16.491038966749674,16.501670896267548,68965534
2012-08-17,16.739734649658203,16.742453212551283,16.605250978184838,16.66507640017943,87434502
2012-08-20,16.700180053710938,16.782501777262993,16.62898247806597,16.69919182954356,70587592
2012-08-21,16.551111221313477,16.760993370583822,16.369656608064233,16.640108189104634,89221174
2012-08-22,16.74072265625,16.825268825236442,16.48164323727591,16.49845440592276,76654246
2012-08-23,16.7313289642334,16.822302376820822,16.587945597135004,16.66878308657361,71635505
2012-08-24,16.776565551757812,16.821558140321354,16.664084080348957,16.701661202725365,57277890
2012-08-27,16.543943405151367,16.61266853226986,16.29722621901261,16.38992998257215,104939872
2012-08-28,16.742454528808594,16.751600335472236,16.433191471312018,16.439618714868853,82652646
2012-08-29,17.00845718383789,17.03268382441971,16.715263149802826,16.745422922492438,120060335
2012-08-30,16.85196876525879,16.993127687680737,16.81488764173266,16.915254867181233,65319921
2012-08-31,16.936269760131836,17.022546276972562,16.81142599511611,16.909322665564638,85402916
2012-09-04,16.836149215698242,16.934043996352273,16.649751570979323,16.922919847616573,75867307
2012-09-05,16.828235626220703,16.971124882269912,16.789176162664823,16.810436233221846,68584110
2012-09-06,17.290029525756836,17.302143791545568,16.927368277777777,16.957776050413905,122196311
2012-09-07,17.456897735595703,17.607696571907393,17.24725980779487,17.304860779405185,129804723
2012-09-10,17.323898315429688,17.621541231331463,17.265061110582298,17.54614085826084,102783820
2012-09-11,17.111787796020508,17.32092971720288,17.082370143623514,17.254429049479786,75232938
2012-09-12,17.07940673828125,17.179033756997597,16.832193531914747,17.043065830893525,106088160
2012-09-13,17.454179763793945,17.527353794937227,17.07100053825597,17.13404053781719,106758663
2012-09-14,17.544160842895508,17.62623455257576,17.478154292905618,17.54218250168231,105132591
2012-09-17,17.55158042907715,17.623270222919118,17.42846700921507,17.505351605906473,60558139
2012-09-18,17.756763458251953,17.766157266021512,17.472469199333236,17.497189945374128,82981875
2012-09-19,17.98469352722168,18.01089850326388,17.710535182291203,17.73748227295619,124396528
2012-09-20,18.00002098083496,18.080612359394827,17.82944441538978,17.90978779135178,116731906
2012-09-21,18.14513397216797,18.16812627318288,18.049463660781495,18.101131497693725,255317419
2012-09-24,18.52559471130371,18.541909874073273,18.052678382632585,18.07121799611626,143086320
2012-09-25,18.52015686035156,18.90902116008914,18.483073844747057,18.616321290648,243248350
2012-09-26,18.62645721435547,18.818789861251904,18.31843229838322,18.53721413922605,227766537
2012-09-27,18.70160865783691,18.858342510764633,18.581711709248697,18.786898832279473,157833389
2012-09-28,18.652170181274418,18.770832815540448,18.56935433992203,18.643516593188423,111757330
2012-10-01,18.83213806152344,18.91173932373519,18.69444171682085,18.76464917060169,127194978
2012-10-02,18.71372413635254,18.93621466089452,18.547598357625784,18.916684928659613,112026334
2012-10-03,18.849939346313477,18.88504402330228,18.59531069641895,18.682329327589223,88663090
2012-10-04,18.98714256286621,19.032631168905397,18.773303707924057,18.85612144389002,98535958
2012-10-05,18.977249145507812,19.143622897726623,18.911984714407115,19.052895607708937,109846193
2012-10-08,18.73473739624023,18.87663653302848,18.64351408854113,18.812856322253925,78637653
2012-10-09,18.394821166992188,18.820766595670495,18.356255814614087,18.77997679240416,120578269
2012-10-10,18.40644073486328,18.479862764590987,18.251439092804752,18.33969395142441,81901842
2012-10-11,18.5775089263916,18.75105205444013,18.54809127520367,18.612613598891617,95713418
2012-10-12,18.411134719848633,18.66131253661861,18.39506566666818,18.58665618504331,96528461
2012-10-15,18.317935943603516,18.38839140012951,18.063803323947013,18.341668467330138,121216653
2012-10-16,18.409902572631836,18.46651532861534,18.20619963844828,18.296926956457693,82636586
2012-10-17,18.6766414642334,18.697655426214897,18.30013752576551,18.39136083856193,92059774
2012-10-18,17.181257247924805,18.77379765617412,16.711553507286876,18.677881216817628,499561487
2012-10-19,16.85468864440918,17.470494325911584,16.612668365563298,17.44280700912403,461009524
2012-10-22,16.777559280395508,16.924897450213333,16.55580896437059,16.835406365815135,162832055
2012-10-23,16.819089889526367,16.991644820706945,16.612668400325344,16.612916402958287,117101285
2012-10-24,16.743690490722656,16.98348630581732,16.693504983579054,16.978541398628852,100234300
2012-10-25,16.755062103271484,16.859880122992465,16.64999608093914,16.81043673214498,96403996
2012-10-26,16.690540313720703,16.88534353151078,16.59288975563141,16.72391275779891,78324483
2012-10-31,16.817853927612305,16.835157315746862,16.686830930959722,16.80697588951371,61710442
2012-11-01,16.998071670532227,17.079899285456996,16.778793805647986,16.79807742977458,82311371
2012-11-02,17.006227493286133,17.194851456670172,16.992632785793177,17.176063839742152,93324497
2012-11-05,16.883609771728516,16.980022201146664,16.700672833226253,16.921681010081432,65681270
2012-11-06,16.852954864501953,16.971123361849408,16.74986719590648,16.94590661078534,63549309
2012-11-07,16.49203109741211,16.76668363070308,16.476456151753013,16.686834346880378,89626688
2012-11-08,16.125411987304688,16.60005869850724,16.099207008896812,16.568168591493755,104269368
2012-11-09,16.39091682434082,16.52218782628189,16.076216652381408,16.183753236218422,125030896
2012-11-12,16.461868286132812,16.55828072216379,16.33752053276382,16.40871621446148,56446786
2012-11-13,16.29252815246582,16.503892642584955,16.272256304944655,16.39017681656199,64007018
2012-11-14,16.131839752197266,16.369905230185786,16.08116202573565,16.332328100201973,66986143
2012-11-15,16.00106430053711,16.31601247536235,15.918000463130538,16.068799304606983,74233205
2012-11-16,15.99908447265625,16.143457950547226,15.722700730015577,15.969666821786896,138043489
2012-11-19,16.518972396850586,16.536523787037318,16.20550657485415,16.20970936702485,95083064
2012-11-20,16.562482833862305,16.760992826389177,16.42898738650989,16.55111068393327,83861158
2012-11-21,16.461124420166016,16.558278960552958,16.325898642865234,16.538255118044866,84804682
2012-11-23,16.513038635253906,16.563222243634982,16.466809816291427,16.562482022159315,37038310
2012-11-26,16.344440460205078,16.48906004819154,16.29178439836199,16.47521544546419,88514535
2012-11-27,16.58077621459961,16.686830457024897,16.26657017005615,16.32021445804906,100724129
2012-11-28,16.901166915893555,16.931820801136723,16.412181409024193,16.514030987346654,122136087
2012-11-29,17.104373931884766,17.154063435381016,16.859881204391087,17.002768580696298,111476280
2012-11-30,17.264562606811523,17.285574671887183,16.95109871717307,17.090031271430867,127018318
2012-12-03,17.187435150146484,17.450469375863364,17.15925372302671,17.360238072666892,88028721
2012-12-04,17.083110809326172,17.19386194755305,16.95134571177692,17.181253571959623,79966615
2012-12-05,17.003759384155273,17.16889695703467,16.868039467616924,17.110801865964614,74775229
2012-12-06,17.085586547851562,17.196335814224316,16.921931315700125,16.998071909618858,58711242
2012-12-07,16.914512634277344,17.22773046662909,16.87026215307848,17.181255534527143,77059760
2012-12-10,16.944425582885742,17.0984389843641,16.904129893108266,16.94368346823257,54872909
2012-12-11,17.227731704711914,17.352327468334597,17.001286372803808,17.05764922986423,107906951
2012-12-12,17.24454116821289,17.391633216832798,17.14367794097926,17.28582697585415,97403730
2012-12-13,17.37160873413086,17.712019747089126,17.29373591915174,17.69842125362885,138312493
2012-12-14,17.353313446044922,17.498181039408824,17.266048715430077,17.28434221997355,85523366
2012-12-17,17.818567276000977,17.84674869940375,17.40423825667668,17.440825263843287,121871097
2012-12-18,17.82573890686035,18.024248908920335,17.67691651281954,17.715233863513284,120646524
2012-12-19,17.802005767822266,17.87345135091233,17.717213478121405,17.816838597084054,77031655
2012-12-20,17.857627868652344,17.914238721631264,17.724378532902705,17.879876162944164,66528434
2012-12-21,17.691251754760742,17.77011468634188,17.564927563493622,17.650215844710747,141568653
2012-12-24,17.539716720581055,17.680133549389417,17.48953120717446,17.663568486870734,33762076
2012-12-26,17.524139404296875,17.623270404445115,17.36444086432581,17.504361668900724,47473277
2012-12-27,17.460355758666992,17.52339574650683,17.270497466811573,17.481369718996795,66142994
2012-12-28,17.30510902404785,17.475685597262263,17.30510902404785,17.346640941909584,56290202
2012-12-31,17.487302780151367,17.566163818711104,17.20597507434446,17.304859955924325,80195470
2013-01-02,17.879629135131836,17.97233478375112,17.713997466163693,17.784948931355007,102033017
2013-01-03,17.890012741088867,18.094209759339662,17.817084828895794,17.921160732867918,93075567
2013-01-04,18.243528366088867,18.330052889306984,17.989147706621523,18.030185517093237,110954331
2013-01-07,18.163923263549805,18.278381189478292,18.060835593548912,18.181226650026364,66476239
2013-01-08,18.12807846069336,18.202242600668207,17.90880060898011,18.183454982924484,67295297
2013-01-09,18.247234344482425,18.252919472802585,18.01188744900413,18.102614751573423,81291563
2013-01-10,18.330299377441406,18.41731990773198,18.133025580756925,18.363673717790633,73703226
2013-01-11,18.2934627532959,18.353782285250283,18.202241340728513,18.34315225035216,51600690
2013-01-14,17.879629135131836,18.348096605846692,17.85738083962705,18.21954606043643,114985384
2013-01-15,17.921159744262695,18.170103234752276,17.603987142863783,17.782721287982014,157696879
2013-01-16,17.680377960205078,17.906577180177553,17.642800829423013,17.858618015781257,81239368
2013-01-17,17.584705352783203,17.79038469517134,17.57728799274973,17.742673539591046,88791570
2013-01-18,17.416351318359375,17.620548302093855,17.33773639779904,17.560968998405702,129555794
2013-01-22,17.375812530517578,17.436874187374936,17.194111789466692,17.420064909417583,152264594
2013-01-23,18.33078956604004,18.51619895234512,18.189632550186182,18.19457745677949,237249950
2013-01-24,18.64499855041504,18.709768879249964,18.306317865064138,18.32436526063843,135815168
2013-01-25,18.631649017333984,18.750557740625716,18.547100958391,18.559957336991133,89369729
2013-01-28,18.558971405029297,18.679362479288137,18.48876205211367,18.584434269633597,65327951
2013-01-29,18.63189697265625,18.712736359637866,18.45538726364199,18.46057828022482,70145942
2013-01-30,18.63560485839844,18.811620447825913,18.612860558410468,18.633380407550604,69579828
2013-01-31,18.68158531188965,18.72929646863058,18.547101642283845,18.553528885246127,65613015
2013-02-01,19.17378616333008,19.1985088053635,18.741165485266272,18.743636045634876,150405652
2013-02-04,18.763906478881836,19.046964522406633,18.745366865190828,18.978239406894435,122075862
2013-02-05,18.930036544799805,19.062789888621047,18.775034904462625,18.816070819649784,75108474
2013-02-06,19.039548873901367,19.10852009819897,18.75105181442863,18.765142526507216,83435569
2013-02-07,19.132993698120117,19.25313864130917,18.924099802127703,19.02792958340504,114033831
2013-02-08,19.415313720703125,19.44745183247709,19.271684228239252,19.285774942537884,121256803
2013-02-11,19.342384338378903,19.356723054222005,19.12805328801439,19.24300723107076,87037018
2013-02-12,19.299863815307617,19.477857746779943,19.266985485081285,19.325822683509585,74638720
2013-02-13,19.353261947631836,19.414817708828735,19.281818265760435,19.285773055400306,48107646
2013-02-14,19.475879669189453,19.49862396956889,19.227430276431395,19.275885442754984,69672173
2013-02-15,19.601215362548828,19.61036306172087,19.457337881303772,19.465495463202014,109601278
2013-02-19,19.946325302124023,19.950033982335377,19.660300676778448,19.67785206740604,117711564
2013-02-20,19.59058380126953,19.998731691643236,19.57402063615729,19.90800439425618,110982436
2013-02-21,19.666479110717773,19.911713923129486,19.55993075828572,19.72754075779838,140781714
2013-02-22,19.769813537597656,19.807882880422255,19.6237097267424,19.75868749812378,82463941
2013-02-25,19.548805236816406,19.98488842937573,19.541883882378787,19.83383971315188,92501423
2013-02-26,19.532983779907227,19.676863150061845,19.3913326468404,19.65337673603371,88430220
2013-02-27,19.77154541015625,19.89440892756911,19.55721247553635,19.648431996993093,81347773
2013-02-28,19.80664825439453,19.949785511586946,19.802447355366517,19.804175800978314,90971711
2013-03-01,19.930009841918945,19.95349436550646,19.68180843402365,19.72259824016767,87342157
2013-03-04,20.30849266052246,20.34161899701897,19.900592695505097,19.908008163561835,111440145
2013-03-05,20.731224060058594,20.769543304081655,20.491428247392157,20.492170362092867,162370331
2013-03-06,20.552738189697266,20.864719806573618,20.489204083308294,20.79129777891917,115350748
2013-03-07,20.582897186279297,20.68227618674466,20.508238934624785,20.61899008535104,82415761
2013-03-08,20.556198120117188,20.640250180692327,20.396251581043092,20.62986625456379,116912581
2013-03-11,20.637779235839844,20.758418316420812,20.55570361755619,20.56040241546596,64027093
2013-03-12,20.459537506103516,20.565343749019416,20.36213495465291,20.53617409862581,80633104
2013-03-13,20.402679443359375,20.535678893576847,20.32851530143989,20.46670766145405,65898080
2013-03-14,20.309478759765625,20.444210435906516,20.206887085674023,20.444210435906516,66295564
2013-03-15,20.130495071411133,20.278821430140287,20.106762551110577,20.234322954576736,124452737
2013-03-18,19.969560623168945,20.092426029639913,19.813322776246977,19.90058939838389,73807616
2013-03-19,20.056827545166016,20.252866971377053,19.936434590221015,20.054851096995392,84242583
2013-03-20,20.140634536743164,20.20985187559927,20.059795151958564,20.193042599528393,58771467
2013-03-21,20.05534553527832,20.19526633050705,20.02048697133419,20.056085756779552,59325536
2013-03-22,20.0318603515625,20.153735652104245,20.015297184523963,20.14137527747919,59751126
2013-03-25,20.015295028686523,20.25237225141584,19.94558169032413,20.08377214040459,68736680
2013-03-26,20.084020614624023,20.12308007668325,19.96956079123798,20.11071970309927,47854701
2013-03-27,19.842744827270508,19.950035305862595,19.809864601551254,19.94212193970031,86852328
2013-03-28,19.63335418701172,19.909738902701612,19.611353893974893,19.875622451379297,91855009
2013-04-01,19.8064022064209,19.832607183674725,19.61011477276908,19.653625030840505,72562968
2013-04-02,20.099349975585938,20.143602352265543,19.87587121376686,19.889219813038213,81966082
2013-04-03,19.93025779724121,20.128027586460902,19.79354776920413,20.109732186588992,69800653
2013-04-04,19.65511131286621,19.91913380032843,19.561913430752963,19.882052670974755,98270968
2013-04-05,19.357959747314453,19.45536230182984,19.193564302679807,19.432369998144917,137870844
2013-04-08,19.155242919921875,19.271433079559873,18.995792400230957,19.251657239504173,113708616
2013-04-09,19.224468231201172,19.37526709039107,19.112232836472995,19.171316153232237,86615444
2013-04-10,19.53422164916992,19.58786593575417,19.183674713481793,19.35474538925157,79440651
2013-04-11,19.53941345214844,19.606408232289866,19.382927594464743,19.600969213318848,81452163
2013-04-12,19.531007766723633,19.581687382839757,19.354992178064816,19.578966926793477,65713390
2013-04-15,19.330272674560547,19.70282183176639,19.208891483820207,19.42965167865817,98491793
2013-04-16,19.613082885742188,19.678099328802137,19.379468202295843,19.445472869543465,69941178
2013-04-17,19.34584617614746,19.55053730047331,19.23558914167957,19.449427965018963,81785407
2013-04-18,18.934236526489254,19.42594235936351,18.819282594206157,19.41481631960745,133398142
2013-04-19,19.77376937866211,19.862024225655897,18.942888746987467,19.0145804283296,232998073
2013-04-22,19.77970314025879,19.874879345142517,19.15895262611749,19.791817404790176,115768308
2013-04-23,19.97228240966797,20.16016426400923,19.78588289153127,19.80170583661137,92035684
2013-04-24,20.109485626220703,20.221967120324244,19.97475583591747,19.977474398999732,73438237
2013-04-25,20.00194549560547,20.18414221527584,19.965606488601388,20.178703196410368,79986690
2013-04-26,19.812088012695312,19.96832587115536,19.692437165341783,19.96486708665305,99880980
2013-04-29,20.24817276000977,20.338157958227708,19.851148948062583,19.857330082291767,92376959
2013-04-30,20.38438606262207,20.46028054389079,20.21405559120325,20.246687813848585,92613843
2013-05-01,20.282039642333984,20.388091995047553,20.18142441554186,20.352000989279308,58418148
2013-05-02,20.508983612060547,20.63110503515799,20.24792770125983,20.27388468006971,81034603
2013-05-03,20.907238006591797,20.933937095361,20.66694810081857,20.690680624168973,100880714
2013-05-06,21.298572540283203,21.305989899636803,20.970027820614675,20.970027820614675,85973045
2013-05-07,21.1917781829834,21.35592750349549,21.02960720378095,21.33466743372776,78653713
2013-05-08,21.59720802307129,21.60338726343861,21.08498420920367,21.186093544233596,99102072
2013-05-09,21.54405975341797,21.74627844136802,21.463714476337753,21.5282368074746,88353936
2013-05-10,21.7603702545166,21.768033725252952,21.56087011958665,21.638742946975228,76192522
2013-05-13,21.693620681762695,21.815743978883404,21.591029009500833,21.727241126258985,58157173
2013-05-14,21.930206298828125,21.96951187616747,21.683983228374643,21.692881032704424,63408784
2013-05-15,22.641929626464844,22.65404199888776,22.10127633386942,22.137863346911814,160033605
2013-05-16,22.34477806091309,22.743038075592132,22.29879724037145,22.718811438550325,128865215
2013-05-17,22.476049423217773,22.58259778464687,22.26196258303708,22.49681538289361,112098604
2013-05-20,22.45998191833496,22.75836695145538,22.372715281149457,22.372715281149457,91248746
2013-05-21,22.421415328979492,22.537357501125577,22.190025096780627,22.44737230565103,79617311
2013-05-22,21.9875545501709,22.47925847070099,21.92476256919025,22.312390598668387,102807910
2013-05-23,21.823654174804688,22.000905994515985,21.60635655957973,21.680518805760045,91345105
2013-05-24,21.58954429626465,21.725510300521712,21.53243743858692,21.637503455076185,92216359
2013-05-28,21.786083221435547,22.054802621509324,21.764575143515263,21.84121175140989,90638467
2013-05-29,21.4656925201416,21.70499422285568,21.366313516452852,21.648629474944965,80837869
2013-05-30,21.52626037597656,21.72749083989415,21.41872189523095,21.50549441591568,85145956
2013-05-31,21.53763008117676,21.68051934431037,21.446162551355748,21.4609953795902,79071272
2013-06-03,21.448883056640625,21.605615044885734,21.13714941917197,21.58163640807272,99399181
2013-06-04,21.238012313842773,21.522058629182872,21.11366265690825,21.454321726358483,75024159
2013-06-05,21.25284194946289,21.49387207693453,21.18930784892684,21.32230728769201,84587872
2013-06-06,21.374963760375977,21.416743679672994,20.94431954713164,21.366558175996133,103550684
2013-06-07,21.74800682067871,21.754682066236168,21.391774749975124,21.51785283516794,107385002
2013-06-10,22.007333755493164,22.026617378747495,21.75690790785103,21.806597409083743,93862506
2013-06-11,21.749984741210938,21.927730662373133,21.742815383741572,21.852824412837784,70567517
2013-06-12,21.556419372558594,21.903009651328208,21.498818399073023,21.88966105262819,88522565
2013-06-13,21.680519104003903,21.74627765958949,21.396224810286117,21.482255213092387,83106340
2013-06-14,21.63206672668457,21.870874321936142,21.60957042760833,21.757156599735374,90136592
2013-06-17,21.909191131591797,21.987804175100884,21.71216346415857,21.735647986849244,86173794
2013-06-18,22.264432907104492,22.27382671529631,21.961103016428623,21.968520376464,87000883
2013-06-19,22.26591682434082,22.51708286810365,22.187301896185495,22.282974101773743,117073180
2013-06-20,21.87185859680176,22.273825341855332,21.836507816965067,22.100530226732364,135385563
2013-06-21,21.77767562866211,21.998929949850872,21.58336650990577,21.96086059864497,159889066
2013-06-24,21.50227928161621,21.663710053222108,21.34060240054392,21.553947124360732,121128323
2013-06-25,21.413530349731445,21.746772033518067,21.37175232116844,21.686946608440145,102510801
2013-06-26,21.597702026367188,21.705238603823453,21.52156144208971,21.600174479761513,73530581
2013-06-27,21.6822509765625,21.87062695980217,21.671868942753942,21.725019124952187,77348840
2013-06-28,21.76382827758789,21.80016917835607,21.61105299361772,21.628604384064783,94324230
2013-07-01,21.949485778808594,22.053315572088085,21.87828820627408,21.914133101997557,69250599
2013-07-02,21.811786651611328,22.026613675418727,21.687190915553835,22.006835943407413,75943592
2013-07-03,21.913639068603516,21.981375963796825,21.7176015271233,21.75221019624093,42036977
2013-07-05,22.088171005249023,22.135636050944097,21.936134057469605,22.002140609926705,68331166
2013-07-08,22.374935150146484,22.404106690779397,22.17691928512994,22.229575345300216,79075287
2013-07-09,22.378644943237305,22.569245351146936,22.199168682338243,22.521040083051275,79472771
2013-07-10,22.397188186645508,22.524502506668544,22.258501716133573,22.334396196065224,68592140
2013-07-11,22.749462127685547,22.763552839118507,22.45972885483395,22.570479991410544,103755449
2013-07-12,22.81769561767578,22.81769561767578,22.625858975628603,22.74353147947464,103113050
2013-07-15,22.859472274780273,22.941299877929932,22.653544932101507,22.849832357254,78713937
2013-07-16,22.733890533447266,22.94055810064043,22.592731621216128,22.91979403603264,79617311
2013-07-17,22.707685470581055,22.91311870346591,22.65206284294416,22.768251111755944,60469809
2013-07-18,22.51313209533691,22.743534115957416,22.32797067755092,22.718565362106126,145924920
2013-07-19,22.165054321289062,22.32203428694864,21.64615526524069,21.918089168367892,295475379
2013-07-22,22.51362419128418,22.5623254677496,22.174943493242953,22.298551024554133,116563276
2013-07-23,22.343048095703125,22.570481622551743,22.23847619140765,22.513622767552192,82134711
2013-07-24,22.320798873901367,22.50373582053189,22.26641246992333,22.428583457725008,83451629
2013-07-25,21.945039749145508,22.171237086810237,21.904990162778542,22.097568944323942,120493954
2013-07-26,21.886940002441406,22.001645931150072,21.804124177200265,21.927481799161924,71374530
2013-07-29,21.810800552368164,22.121051829943266,21.776685993499814,21.875816994943943,75959652
2013-07-30,22.02463722229004,22.140579382278617,21.776187843450646,21.88965944323177,70487217
2013-07-31,21.946271896362305,22.16283118625421,21.907460433903942,22.07581255926536,87265872
2013-08-01,22.353431701660156,22.361589283848343,22.125502153572025,22.125502153572025,85856610
2013-08-02,22.411529541015625,22.42215957805774,22.26938237604548,22.334150822578856,68812965
2013-08-05,22.372713088989254,22.38556946861133,22.22932971690616,22.382354900418385,52584363
2013-08-06,22.1643123626709,22.48915033393575,22.14354640445284,22.365048696679068,60469809
2013-08-07,22.017961502075195,22.21078824882158,21.97939615272592,22.126488192802046,55374783
2013-08-08,22.067655563354492,22.146268607664418,21.885458829233183,22.13761502005357,59743096
2013-08-09,22.01203155517578,22.138355752167147,22.001893738776293,22.01573834219916,53146462
2013-08-12,21.89089584350586,21.927730855258822,21.79547163795473,21.925258401882186,55286453
2013-08-13,21.785585403442383,21.96481367617364,21.660741643457772,21.9235297596677,57004870
2013-08-14,21.50277328491211,21.760368489483092,21.437262731589303,21.714387668794608,83600184
2013-08-15,21.25185203552246,21.381884910110216,21.21081423127649,21.37001864831136,75048249
2013-08-16,21.18387031555176,21.320578443967023,21.174722616048868,21.291901011833385,67255147
2013-08-19,21.39993476867676,21.556914752981143,21.197220070662468,21.203647314351727,72707508
2013-08-20,21.394248962402344,21.559632633587672,21.347772135428592,21.466680872789947,49504863
2013-08-21,21.49091148376465,21.67829735977136,21.420950127061563,21.52354181644316,70555472
2013-08-22,21.59918785095215,21.6248968245929,21.51365155882871,21.57421909886468,34926424
2013-08-23,21.512659072875977,21.70523781710905,21.50128881671358,21.70103502512095,43245489
2013-08-26,21.418228149414062,21.62860631672099,21.409822564196897,21.50747123210262,42257801
2013-08-27,21.016754150390625,21.352468281192422,20.961131518831067,21.250864829534216,69623993
2013-08-28,20.977201461791992,21.14678792663164,20.957917838053653,21.01922749393095,53395392
2013-08-29,21.147281646728516,21.26965295359256,20.978189297117865,20.99005555976772,59361671
2013-08-30,20.936410903930664,21.21180550051068,20.903284570134755,21.155440753905033,74743109
2013-09-03,21.2696533203125,21.413284701375655,21.11069499858732,21.120830922537973,82210996
2013-09-04,21.547765731811523,21.593994554793873,21.140855917561147,21.26891045768765,81954037
2013-09-05,21.743803024291992,21.751714496185425,21.54726949194623,21.593992422391295,51845604
2013-09-06,21.74430274963379,21.848130660319953,21.59992924848804,21.815004324144866,62698130
2013-09-09,21.95368766784668,21.995713695491553,21.814507096631953,21.846891313438707,49569103
2013-09-10,21.96901512145996,22.051336839956893,21.853567070742915,22.00238945628156,51697050
2013-09-11,22.15492057800293,22.174202308677625,21.904988835053228,21.96580248595782,64665477
2013-09-12,22.077543258666992,22.19719221622468,22.002142890292955,22.184831841485448,43984248
2013-09-13,21.97890281677246,22.14231191853343,21.87433280489901,22.113140376188618,53214717
2013-09-16,21.946521759033203,22.174945437595056,21.87507806875517,22.15516959391907,53660381
2013-09-17,21.90572929382324,21.962094038445812,21.779403203769338,21.93786740233474,50564822
2013-09-18,22.331178665161133,22.347247718023407,21.830575038945433,21.911660524706996,77678069
2013-09-19,22.209306716918945,22.397188579876296,22.13539057716796,22.397188579876296,64155573
2013-09-20,22.325990676879883,22.351207431492437,22.140829272853193,22.20930639230445,174463490
2013-09-23,21.91537094116211,22.288414184372307,21.883232832890883,22.15393051346851,71362485
2013-09-24,21.92377662658691,22.0043680140486,21.789294836600344,21.91537293457511,59694916
2013-09-25,21.68620491027832,21.916606918066265,21.645909217191328,21.916606918066265,66207234
2013-09-26,21.709442138671875,21.822665741438534,21.631075207768703,21.712656706824394,50584897
2013-09-27,21.665441513061523,21.69337493894237,21.539857525312836,21.62662815505345,50540732
2013-09-30,21.65357208251953,21.775449275710777,21.46569211721018,21.48472773772554,69154239
2013-10-01,21.927732467651367,21.944293741563555,21.755919663135995,21.760862677103155,67644602
2013-10-02,21.952205657958984,21.98607221139436,21.700789709841256,21.822170890458533,60036190
2013-10-03,21.658023834228516,22.103252913784427,21.55938694274151,21.952454065536813,84997401
2013-10-04,21.56556510925293,21.693127430356643,21.507470023877087,21.63107566207157,54523605
2013-10-07,21.402158737182617,21.606109657440612,21.36186304385673,21.444432772041303,51937949
2013-10-08,21.10377311706543,21.40809125802415,21.0533415011908,21.39177609358076,78039419
2013-10-09,21.157915115356445,21.325771250393124,20.83950623528179,21.16829714935567,106449509
2013-10-10,21.46396255493164,21.478547380964084,21.26545065356744,21.355187847072603,90550137
2013-10-11,21.55666732788086,21.593502345204065,21.39128364702883,21.40932915173792,56567236
2013-10-14,21.65851593017578,21.66197850085898,21.39350527161003,21.424901265163967,49930453
2013-10-15,21.804372787475582,21.89386386814716,21.606356898792797,21.649865265783006,63914673
2013-10-16,22.20040512084961,22.20782248102716,21.85381296943948,21.89979568035129,80604999
2013-10-17,21.97198486328125,22.17247511749669,21.896338379442827,22.07581466973098,170902191
2013-10-18,25.00329971313477,25.1034208290938,24.07847903779475,24.1422592517769,464390148
2013-10-21,24.802812576293945,25.19093479132392,24.710106923276086,25.004537154237497,145675990
2013-10-22,24.894275665283203,25.042603926372724,24.6171507662013,24.844834173686344,88675135
2013-10-23,25.497726440429688,25.58029617274556,24.73680702695003,24.7459528340535,106927293
2013-10-24,25.35285758972168,25.72417049696788,25.33431608201745,25.509095444307626,83997668
2013-10-25,25.096996307373047,25.433698700590025,24.986739255870084,25.433698700590025,81524432
2013-10-28,25.092050552368164,25.300450381980134,25.04236104802295,25.096995459799476,46521724
2013-10-29,25.617124557495117,25.63442794298105,25.05496330988895,25.193401752672795,64440637
2013-10-30,25.473247528076172,25.64852098164139,25.36397872934555,25.64654264048831,53162522
2013-10-31,25.477205276489254,25.747654955850788,25.313798064563414,25.436415474158792,65845885
2013-11-01,25.38969039916992,25.611194585346425,25.34173313273895,25.50711679127927,51524405
2013-11-04,25.366703033447266,25.521458568530814,25.26584168850083,25.499950493002228,45722740
2013-11-05,25.253231048583984,25.503656889275295,25.15187560060295,25.22430750765503,47433127
2013-11-06,25.28363800048828,25.388702125306843,25.10119517098822,25.354093456985886,36652871
2013-11-07,24.917762756347656,25.312808160468787,24.91009928707841,25.280175942140243,67435822
2013-11-08,25.117509841918945,25.178571488772747,24.931358335951085,24.937539469360203,51825529
2013-11-11,24.983030319213867,25.115043448276964,24.919003989481265,24.956331226126377,44670812
2013-11-12,25.0124454498291,25.155332806693725,24.844835452743812,24.911582227095604,48906630
2013-11-13,25.523927688598633,25.533321496963556,24.8819171133996,24.88809824687631,63412799
2013-11-14,25.5921573638916,25.703896727517726,25.471516411261696,25.5597712551958,46842923
2013-11-15,25.55087661743164,25.660637653413993,25.470531342204985,25.583260836989304,51243355
2013-11-18,25.50118637084961,25.926145499797503,25.44408139933608,25.605016173351245,70651832
2013-11-19,25.34420394897461,25.580292962286215,25.291053772571335,25.50538860326317,45433661
2013-11-20,25.27276039123535,25.545930528064552,25.22455322833032,25.461630466919477,38692487
2013-11-21,25.563480377197266,25.668298388021576,25.363980278209315,25.388701024959975,43835693
2013-11-22,25.50959014892578,25.615396392355745,25.44358548473094,25.547413386727268,50356042
2013-11-25,25.856672286987305,26.036148528991873,25.586962865413906,25.639866925230763,64761837
2013-11-26,26.16519546508789,26.24158404985512,25.78275842921644,25.92268111323493,91794785
2013-11-27,26.28138732910156,26.402274402121765,26.20450462731747,26.254688239119513,45112461
2013-11-29,26.19436836242676,26.368157607928435,26.190907684851,26.257902464966396,47890836
2013-12-02,26.068042755126953,26.361484743933815,25.97607922246111,26.29127539439709,55133884
2013-12-03,26.03788375854492,26.289545834217492,25.933065736355072,25.980776896346196,67295297
2013-12-04,26.159515380859375,26.302898769920727,25.957294785261837,25.991163237429937,47842656
2013-12-05,26.13874626159668,26.196099231662625,25.9842387422383,26.135285583950846,45517975
2013-12-06,26.448501586914062,26.451714261727556,26.20647945324779,26.4465232456176,57366220
2013-12-09,26.65294647216797,26.756036045482546,26.402768633552856,26.47619065804801,59526286
2013-12-10,26.814130783081055,27.00324887559308,26.591392243254617,26.603754511454575,74433955
2013-12-11,26.631935119628903,26.978773404528724,26.579525162153665,26.881866855502476,68728650
2013-12-12,26.450729370117188,26.771610689382005,26.42699684416788,26.688300739084845,64099363
2013-12-13,26.224035263061523,26.60721445159192,26.152343575238433,26.585212265215727,86820208
2013-12-16,26.525386810302734,26.567658950987955,26.25419500229443,26.30339039160189,64320188
2013-12-17,26.448253631591797,26.717715075549197,26.411666623014,26.52142954189696,61658247
2013-12-18,26.816356658935547,26.821299672979407,26.180773273674166,26.49745179424136,88743390
2013-12-19,26.85269546508789,26.995336726414717,26.67618575467104,26.717963783431166,66877738
2013-12-20,27.208681106567383,27.222277707924572,26.896699496896257,26.90411496438666,130953011
2013-12-23,27.56664276123047,27.58394804242081,27.31992560227558,27.38716649247562,69122119
2013-12-24,27.486053466796875,27.570103633565736,27.393595822256533,27.56343028090992,29478078
2013-12-26,27.62498664855957,27.663057889651743,27.40818124820569,27.539698360024342,53712576
2013-12-27,27.648223876953125,27.69469880771043,27.513246093209005,27.68777745259011,63023345
2013-12-30,27.427215576171875,27.70013770799248,27.4163375383297,27.69618291839062,49629328
2013-12-31,27.70532989501953,27.71249925301623,27.348109580851222,27.495941856332166,54519590
2014-01-02,27.51769638061523,27.63215621421683,27.397551418328465,27.57554535738275,73129082
2014-01-03,27.316959381103516,27.61188370713167,27.315229042277636,27.56417254839006,66917888
2014-01-06,27.62152671813965,27.65959606711204,27.35255935596831,27.514978355241688,71037271
2014-01-07,28.15401840209961,28.174538251039113,27.71645472598673,27.811382928346127,102486711
2014-01-08,28.212610244750977,28.363162973836044,28.01632280545859,28.330530752632153,90036218
2014-01-09,27.940921783447266,28.286525716961098,27.82522762231831,28.26724398782282,83692529
2014-01-10,27.939441680908203,28.15946165713518,27.7434022331565,28.15946165713518,86061375
2014-01-13,27.76144790649414,28.35302689084728,27.6178165334834,27.847724416824033,97118665
2014-01-14,28.414579391479492,28.45413485897214,27.887770762464125,28.13152323767309,99676216
2014-01-15,28.395299911499023,28.55302200246811,28.275897064376025,28.503332501295823,78300393
2014-01-16,28.58318328857422,28.62545732446746,28.3799744780617,28.407167682341615,67608467
2014-01-17,28.44252014160156,28.692203885560396,28.286034270317643,28.598758010258564,108457005
2014-01-21,28.768096923828125,28.775512391315395,28.461552440309717,28.699617911842008,79492846
2014-01-22,28.80072784423828,28.871677413414226,28.64844478009377,28.84003341712915,63091600
2014-01-23,28.67909812927246,28.738181435393653,28.537445102991203,28.6766256758842,78256228
2014-01-24,27.78246307373047,28.517177507830855,27.76194511521873,28.454385512267336,156283602
2014-01-27,27.2237606048584,27.848467844910704,26.75504701257907,27.838579923669933,174796734
2014-01-28,27.762189865112305,27.829926764872184,27.439084095997767,27.448477905293704,88739375
2014-01-29,27.364423751831055,27.73103975476089,27.179014354251148,27.666023316222983,95552818
2014-01-30,28.0682373046875,28.49097195924117,27.867006847623017,28.30580866390836,204419353
2014-01-31,29.195030212402344,29.332726554083028,28.457349332667818,28.95721086879043,223486554
2014-02-03,28.01978302001953,29.21357101116294,27.98468023905052,29.151273135348724,183449044
2014-02-04,28.136714935302734,28.553020432946553,28.10828550725049,28.13251214311548,112897588
2014-02-05,28.261310577392575,28.448450323674436,27.886042860657547,28.265761372463025,96139007
2014-02-06,28.675640106201172,28.680585013435433,28.368849504350752,28.457352363575236,78155853
2014-02-07,29.10776710510254,29.119139256013852,28.690473344435972,28.865250828085586,105843245
2014-02-10,28.99627113342285,29.23037989504854,28.89961070571254,28.968333926095475,78099643
2014-02-11,29.422710418701172,29.464490334945086,28.978471530390323,29.175251168531663,82339476
2014-02-12,29.33643913269043,29.41826674793764,29.205170016395257,29.393544104263825,69238554
2014-02-13,29.663005828857425,29.663005828857425,29.162646355734932,29.189593448963937,73731331
2014-02-14,29.734695434570312,29.774002902124952,29.48748415834723,29.55694950087877,87795852
2014-02-18,29.9344425201416,29.98363790696373,29.66547706982295,29.700333741190956,84672187
2014-02-19,29.72332763671875,29.893410114432495,29.603676778464013,29.79650166559857,84459392
2014-02-20,29.76708221435547,29.835807336889346,29.670915886071818,29.74310168636427,68287001
2014-02-21,29.75917053222656,29.909475263097622,29.735686009637256,29.85854953495152,74771214
2014-02-24,29.974740982055664,30.16385907704501,29.7915560186201,29.797985155428215,67223027
2014-02-25,30.15989875793457,30.27114401458172,29.923069529588947,30.05953153887454,57763704
2014-02-26,30.164106369018555,30.37942754567271,30.00564215974049,30.25878657587145,79585191
2014-02-27,30.140371322631836,30.264472967648928,30.085984916852524,30.120101368347544,50588912
2014-02-28,30.0523624420166,30.263480807510035,29.819241891710405,30.16830460382076,92890878
2014-03-03,29.731977462768555,29.859291783705388,29.47116768694904,29.83234469011111,84507572
2014-03-04,30.034069061279297,30.061016152994807,29.900327506253145,30.036293512084814,58928052
2014-03-05,30.116886138916016,30.236042874191902,29.94754579138907,30.037530982935657,49597208
2014-03-06,30.15026092529297,30.311937805248533,30.12529217352503,30.21626559057383,50914126
2014-03-07,30.03110122680664,30.33270077344729,29.948285400104183,30.328003869434284,60831159
2014-03-10,29.95150375366211,30.10156238738787,29.766590337115336,30.053355218317513,48766105
2014-03-11,29.66522979736328,30.01948543446283,29.582412070706997,30.00588694018742,68776830
2014-03-12,29.845945358276367,29.85954196079765,29.274638156596975,29.576483868459295,78866507
2014-03-13,29.39502716064453,29.92505040518776,29.288724908593956,29.862010411402576,94175675
2014-03-14,28.99305725097656,29.439770499498177,28.98638200564451,29.220244663362557,92099924
2014-03-17,29.470178604125977,29.593044019561752,29.12432855144671,29.152511871008993,86808163
2014-03-18,29.943836212158203,29.950511457800456,29.49391026793286,29.53371184603348,72872123
2014-03-19,29.64693832397461,29.961886515497955,29.52728557545722,29.95718961077711,64757822
2014-03-20,29.59526634216309,29.90304513227115,29.550767861698745,29.66423756702064,67640587
2014-03-21,29.246204376220703,29.903543826387175,29.231619550680463,29.821468212878397,128821050
2014-03-24,28.62545394897461,29.292185273619577,28.329291516316022,29.274633883536683,121939352
2014-03-25,28.64498519897461,28.919885701046052,28.355253761050957,28.82495748858277,96769361
2014-03-26,27.98369407653809,28.96265319599883,27.97207392307777,28.726318054662,103586819
2014-03-27,27.63924789428711,28.111401332912052,27.365064910407288,28.111401332912052,262719
2014-03-28,27.7149715423584,28.033698441343773,27.649642732143334,27.77485565400563,824257
2014-03-31,27.565505981445312,28.061910669262357,27.563527639961663,28.056465970595397,216593
2014-04-01,28.069826126098633,28.133672597396444,27.65161990691278,27.65161990691278,158434
2014-04-02,28.061908721923828,29.934186361176028,27.82385273059401,29.694646140549036,2942055
2014-04-03,28.1975154876709,29.065604111984317,27.9198661608005,28.202960186048635,101983228
2014-04-04,26.881031036376953,28.594935287589795,26.874102109049193,28.44052054510656,127386783
2014-04-07,26.63406753540039,27.145318280506316,26.089656380851594,26.762250805722797,88033033
2014-04-08,27.463058471679688,27.46800716516545,26.805310089920745,26.854308592138953,63024560
2014-04-09,27.920360565185547,27.98123478851596,27.366546172519183,27.69665655026287,66616395
2014-04-10,26.77264404296875,27.962924021776036,26.72067708510407,27.962924021776036,80737057
2014-04-11,26.26040267944336,26.725625265254777,26.058969667508304,26.356911660396783,78496923
2014-04-14,26.355430603027344,26.92854574738853,26.208934882070594,26.63901876968313,51501009
2014-04-15,26.54943466186523,26.648913991382027,25.65956918062518,26.568241209516284,77101101
2014-04-16,27.54422378540039,27.566988910011187,26.72562587423961,26.874103708593054,97865955
2014-04-17,26.532609939575195,27.19580303257368,26.28762499646002,27.161652503318045,136190888
2014-04-21,26.16240882873535,26.56230452001077,26.012944659660473,26.532608573764932,51334553
2014-04-22,26.468767166137695,26.588537287907563,26.1074746729929,26.163402104231743,47307527
2014-04-23,26.07926368713379,26.422243727047444,26.045115052654587,26.418283257852934,41046384
2014-04-24,25.991167068481445,26.312370197511243,25.840710892957095,26.23417365109313,37663121
2014-04-25,25.546728134155273,25.96840069499127,25.50911503865796,25.860012203119535,42007014
2014-04-28,25.59473991394043,25.666501650769575,24.884530440869028,25.596224143394185,66710653
2014-04-29,26.11687660217285,26.20398231289402,25.55365888778543,25.582364716645163,53981801
2014-04-30,26.065406799316406,26.131725729290338,25.860509305382212,26.1119290620317,35023895
2014-05-01,26.29751968383789,26.375716222700422,25.9278140964197,26.087673530824517,38110345
2014-05-02,26.128257751464844,26.428674077193264,26.013436339545997,26.416796457065335,33770463
2014-05-05,26.1223201751709,26.176267366619932,25.80111894562288,25.974340242309964,20482080
2014-05-06,25.495258331298828,26.072827998258305,25.49129975538658,25.99463145208164,33780490
2014-05-07,25.2388916015625,25.57147826086158,24.90927718740997,25.527430345049716,64486563
2014-05-08,25.29036521911621,25.598698746016662,25.065175046554323,25.16465439079652,40426688
2014-05-09,25.672935485839844,25.73084125697126,24.953818770378668,25.277990373148377,48789585
2014-05-12,26.22675323486328,26.240115087415465,25.68679657043662,25.909510520272818,38250730
2014-05-13,26.38364028930664,26.53112612685019,26.206460396672018,26.274759563106244,33068541
2014-05-14,26.06490898132324,26.379181266014744,25.99759994358389,26.379181266014744,23835261
2014-05-15,25.734800338745117,26.02630943475929,25.608101289831623,26.017894383994697,34087331
2014-05-16,25.766969680786133,25.82487545091561,25.510107128356427,25.804582779191744,29705333
2014-05-19,26.17428970336914,26.219821849249257,25.61616831718713,25.72094469296091,25555972
2014-05-20,26.21932601928711,26.53904302999648,26.04758894628008,26.217839896790164,35695734
2014-05-21,26.67316436767578,26.685189653239043,26.3252356748746,26.374232276836626,23925508
2014-05-22,26.976055145263672,27.10176405824577,26.76422875475616,26.78155107266505,32316482
2014-05-23,27.35417366027832,27.400695918869378,26.90874584672179,27.084937494909,38643806
2014-05-27,28.009944915771484,28.012419262594975,27.43583776507624,27.517500676000676,42083223
2014-05-28,27.79861068725586,28.103479707301386,27.764956167395024,27.94164192337702,33040464
2014-05-29,27.719423294067383,27.913431363460862,27.651618250952236,27.881261073711713,27082150
2014-05-30,27.71002197265625,27.78227970852706,27.51304353779234,27.755058109698556,35422988
2014-06-02,27.415048599243164,27.760006971808732,27.00921599928648,27.750109585374247,28700582
2014-06-03,26.970117568969727,27.336358740762,26.851831681456527,27.269543807774323,37332215
2014-06-04,26.956260681152344,27.151752993745287,26.663763380351984,26.7998656951882,36329469
2014-06-05,27.413564682006836,27.46553164082849,26.945865838911313,27.04237482349457,33782496
2014-06-06,27.533830642700195,27.619452122956343,27.16758947958007,27.619452122956343,34735104
2014-06-09,27.82038688659668,27.858991994231932,27.519478322542493,27.574413739046992,29350361
2014-06-10,27.74268341064453,27.893633681910412,27.61152980316027,27.740703176321535,27034019
2014-06-11,27.658056259155273,27.709527214176383,27.468996860774247,27.616482690953728,22002242
2014-06-12,27.287363052368164,27.61598924349205,27.144329906925343,27.581838714583295,29169867
2014-06-13,27.307653427124023,27.334379022193698,27.000804142483325,27.332398787551572,24410836
2014-06-16,26.937454223632812,27.20174172092548,26.8008558935254,27.183925288230952,34051232
2014-06-17,26.874597549438477,26.988922962847827,26.692467088641862,26.933491541485893,28891103
2014-06-18,27.3873348236084,27.396738097995534,26.92359456106564,26.966158244988733,34835379
2014-06-19,27.463058471679688,27.46800716516545,27.146804017133828,27.430394065634054,49136535
2014-06-20,27.535316467285156,27.595696586450643,27.23994913135738,27.559567715999957,90166875
2014-06-23,27.960447311401367,27.962921657783408,27.43088417745837,27.475426198634132,30736155
2014-06-24,27.94411849975586,28.341341066848763,27.765452495069045,27.972328323711764,44142862
2014-06-25,28.63848876953125,28.70332346550341,27.973813394101413,27.975791735482872,39387843
2014-06-26,28.507335662841797,28.82655856213703,28.301944067596043,28.754796830309935,34839390
2014-06-27,28.568706512451172,28.698870021611334,28.39845366477053,28.565738053686527,44738493
2014-06-30,28.471702575683594,28.68402120394466,28.445471093902913,28.638985066525446,26275943
2014-07-01,28.837448120117188,28.923067708090947,28.5395061147282,28.622157243984784,28959290
2014-07-02,28.820865631103516,28.974538258879953,28.7246027631896,28.871100354201687,21127848
2014-07-03,28.93939781188965,28.953255666630707,28.750834436783983,28.871100548551073,14283107
2014-07-07,28.816659927368164,29.023537649743812,28.68501218871977,28.89139390586777,21292298
2014-07-08,28.264331817626953,28.6819436115476,28.01909887997719,28.58949353722761,38190565
2014-07-09,28.51129722595215,28.542971514488737,28.17950380004083,28.288583302575113,22335153
2014-07-10,28.264827728271484,28.536538275450702,27.963423125557572,28.007965155434544,27134293
2014-07-11,28.66472053527832,28.74737166340107,28.28066294196489,28.304914189187677,32434806
2014-07-14,28.946327209472656,28.96315541613854,28.60780366633395,28.833982033617836,37081529
2014-07-15,28.941875457763672,28.99260619216672,28.53505271725767,28.989389730706453,32460877
2014-07-16,28.83695411682129,29.121038286186028,28.814187097043867,29.10124161848168,27942506
2014-07-17,28.394989013671875,28.75429933890169,28.14158904875006,28.682041605592744,60331186
2014-07-18,29.451644897460938,29.53677037978957,28.80428988399833,29.348701088885736,80283816
2014-07-21,29.173992156982425,29.417986974677863,28.964295533092123,29.286835240271564,41242922
2014-07-22,29.434814453125,29.677819147484275,29.229916968899396,29.235857672630303,33983045
2014-07-23,29.496183395385746,29.58873380028658,29.323950323471664,29.36008108374602,24663528
2014-07-24,29.36602020263672,29.670395120408244,29.287821764094694,29.519444834804503,20702684
2014-07-25,29.15172004699707,29.29227694401556,29.053230828726612,29.220019207529575,18649061
2014-07-28,29.229917526245117,29.32395216634851,28.940540124682755,29.10470460328326,19736037
2014-07-29,28.982954025268555,29.185375271980053,28.87926810866369,29.138358898869683,26997920
2014-07-30,29.07253646850586,29.17548027886903,28.903273725122617,29.029478667911857,20329662
2014-07-31,28.289569854736328,28.8859479618891,28.210383191500185,28.734997675164088,42055146
2014-08-01,28.015880584716797,28.50535631066324,27.856517143328265,28.230181334764893,39105069
2014-08-04,28.366283416748047,28.475164129636447,27.918381259966456,28.16287206493181,28546159
2014-08-05,27.96639060974121,28.308380547206895,27.84464025341804,28.21286167441242,31024946
2014-08-06,28.030927658081055,28.245031537475334,27.715466433479335,27.80356226459092,26687069
2014-08-07,27.881755828857425,28.20493917672612,27.769904766490523,28.111398656913845,22218835
2014-08-08,28.149511337280273,28.222759196262224,27.732789309755383,27.89165865482393,29895854
2014-08-11,28.1054630279541,28.23463642342569,28.012418502795267,28.209891062712103,24294518
2014-08-12,27.85057830810547,28.00746740280784,27.759018020237605,27.939168244231027,30840441
2014-08-13,28.44695472717285,28.457844123827076,28.00004268103773,28.077251002273684,28784812
2014-08-14,28.440523147583008,28.601370826932214,28.253938097840184,28.516245349937087,19709966
2014-08-15,28.382617950439453,28.674619261734527,28.23612034298134,28.599391169937064,30383189
2014-08-18,28.812206268310547,28.928511917677433,28.507335340201266,28.51278003862365,25682318
2014-08-19,29.044818878173828,29.06857601433058,28.903271857999467,28.952764471797057,19573592
2014-08-20,28.92752265930176,29.036899384160296,28.832497902442395,28.996317826841945,20734771
2014-08-21,28.872093200683594,28.92801874025883,28.761726351011713,28.89436610861165,18296094
2014-08-22,28.832002639770508,28.964443602337276,28.73697788670329,28.882979480146663,15781209
2014-08-25,28.715200424194336,28.952762302211347,28.65581042797748,28.938904447112456,27228551
2014-08-26,28.59939193725586,28.794390153508157,28.536043358468707,28.767664557705807,32793789
2014-08-27,28.259878158569336,28.63057203462357,28.21548379575744,28.57019191489979,34067276
2014-08-28,28.17079162597656,28.37123453636523,28.066859597250787,28.188609951526516,25858801
2014-08-29,28.289569854736328,28.31134675507116,28.065324386461864,28.27620800456131,21675347
2014-09-02,28.573162078857425,28.597907439731397,28.269281247547895,28.30194565398348,31568434
2014-09-03,28.603351593017575,28.853285223212545,28.457845996265913,28.7053033865859,24302540
2014-09-04,28.80329704284668,29.002253819636948,28.66669872257297,28.705301937206965,29163850
2014-09-05,29.006216049194336,29.029477180428493,28.80181456158786,28.902284019925677,32647388
2014-09-08,29.18636703491211,29.28782472002589,29.01710429587171,29.031952269904167,28620362
2014-09-09,28.755292892456055,29.150732131596214,28.70530427172589,29.145783437993163,25744488
2014-09-10,28.858728408813477,28.87852507472711,28.553857481963913,28.779541745158937,19547521
2014-09-11,28.77211570739746,28.79488272424125,28.520201865443724,28.72311910312887,24420864
2014-09-12,28.488527297973633,28.786469282707493,28.431117537541464,28.75479499740525,32033708
2014-09-15,28.363813400268555,28.45537370145321,28.121796904882657,28.355894354286928,31951483
2014-09-16,28.70282936096191,28.779543576051,28.34203477043176,28.34698346393758,29607064
2014-09-17,28.94137954711914,29.077481861969815,28.644675667758815,28.70579789745432,33856699
2014-09-18,29.164093017578125,29.17745486762667,28.952762618163437,29.051745946271694,28891103
2014-09-19,29.50113296508789,29.520929631130112,29.175477146090916,29.274460476302036,74732617
2014-09-22,29.070056915283203,29.395663489036597,28.87654295675069,29.38927978882556,33790518
2014-09-23,28.761228561401367,29.0443225804467,28.75479563905012,29.0443225804467,29428575
2014-09-24,29.100744247436523,29.181911149159884,28.73104050150551,28.777562763084788,34562632
2014-09-25,28.4608154296875,29.10025139110517,28.41726351816251,29.078970494019657,38519466
2014-09-26,28.56177520751953,28.668183465108218,28.441014983080105,28.510304257151763,28873054
2014-09-29,28.52515411376953,28.615722394933144,28.26828967069762,28.29699549944519,25648224
2014-09-30,28.57464599609375,28.69788058017242,28.351437959122745,28.553365099563624,32434806
2014-10-01,28.1247615814209,28.58553145338427,28.06240123669366,28.507829025060506,28909153
2014-10-02,28.214344024658203,28.30491419786202,27.87977904296319,28.077251591545306,23568530
2014-10-03,28.471702575683594,28.567963556782207,28.334114137362675,28.361335736419,22834521
2014-10-06,28.57415199279785,28.754798237396404,28.430130623729884,28.645915621286314,24292512
2014-10-07,27.900562286376953,28.47120489097602,27.900562286376953,28.428147097498368,38226664
2014-10-08,28.33411407470703,28.40241323507864,27.591240254018523,27.991135936663305,39817018
2014-10-09,27.759021759033203,28.284130417277893,27.66894568832955,28.26878833075031,50496258
2014-10-10,26.947845458984375,27.969358714700608,26.926068558667644,27.60262344575716,61638766
2014-10-13,26.389575958251953,27.19580022166647,26.38413315313737,26.972590310630025,51633371
2014-10-14,26.623676300048828,27.08147589473474,26.387598625189003,26.67118868091151,44451708
2014-10-15,26.23219108581543,26.36928350575837,25.65165111684818,26.280691682466927,74387672
2014-10-16,25.958995819091797,26.20249650478291,25.48832854231346,25.68629519422931,74171079
2014-10-17,25.298778533935547,26.279212440961928,25.168119011143347,26.09460761336129,110787334
2014-10-20,25.777362823486328,25.822896859831506,25.146836067166017,25.213650999177094,52150788
2014-10-21,26.059467315673828,26.071840942322194,25.69174191172971,25.99265238218227,46725935
2014-10-22,26.364830017089844,26.715727181784622,26.171316055035305,26.22526324498919,58385859
2014-10-23,26.922607421875,27.082959098130512,26.52023737581479,26.691974454615732,46976621
2014-10-24,26.714744567871097,26.967152572694513,26.517270095460173,26.941417092127413,39462046
2014-10-27,26.76373863220215,26.94388887215873,26.578637805569723,26.578637805569723,23706909
2014-10-28,27.166105270385746,27.170063846354708,26.805804810671933,26.87410397147173,25419598
2014-10-29,27.187387466430664,27.42791971665571,27.071081810626236,27.220547877712026,35410955
2014-10-30,27.23589134216309,27.359125932345393,26.899346091426334,27.168582292015735,29113713
2014-10-31,27.66993522644043,27.69418647573756,27.455634452206525,27.6832970779267,40701440
2014-11-03,27.47889518737793,27.61153303957653,27.3804059689317,27.49275304296432,27645693
2014-11-04,27.4239559173584,27.492751078310256,27.18589993593205,27.369020504152175,24884132
2014-11-05,27.018619537353516,27.557091887354975,26.926069128909596,27.557091887354975,40645286
2014-11-06,26.82659339904785,27.0663816460781,26.773636319645533,26.99783447805897,26665008
2014-11-07,26.77561378479004,27.03297043536005,26.659802250801253,27.03297043536005,32675465
2014-11-10,27.09632110595703,27.200255020106276,26.776108099746736,26.79788499982795,22692131
2014-11-11,27.23489761352539,27.316560515088337,27.037425070889796,27.14581356549252,19310873
2014-11-12,27.087413787841797,27.243312776528988,26.981501525129374,27.23985020563792,22593862
2014-11-13,26.99189567565918,27.210651028461907,26.89786103183036,27.210651028461907,26787343
2014-11-14,26.94339370727539,27.056234903457817,26.832036740567116,27.056234903457817,25790614
2014-11-17,26.552900314331055,26.913200766927833,26.431695195127386,26.90280737542122,34520517
2014-11-18,26.47965431213379,26.821642352190977,26.43709062587286,26.60189877903059,39253475
2014-11-19,26.576658248901367,26.638520701448204,26.234668329301176,26.47816902922709,27844237
2014-11-20,26.46975326538086,26.48361112076652,26.284160233293687,26.29257339030651,31267610
2014-11-21,26.601898193359375,26.831541041607057,26.55537593195529,26.805309558982536,44485801
2014-11-24,26.689498901367188,26.85925764305546,26.508854548385195,26.609322114601937,34127440
2014-11-25,26.77907943725586,26.92260668784539,26.65643741404522,26.676135636568556,35798014
2014-11-26,26.743940353393555,26.80234023430137,26.579230652971404,26.76917982474544,30459397
2014-11-28,26.816198348999023,26.82461150619762,26.557355565215207,26.75631234502441,22966883
2014-12-01,26.418777465820312,26.79541202950579,26.322764484750714,26.671187331346925,42307838
2014-12-02,26.41630172729492,26.502913322304256,26.220809418323356,26.40442410659353,30533600
2014-12-03,26.296037673950195,26.52746196415521,26.19408399378282,26.30197648433912,25559983
2014-12-04,26.592493057250977,26.593979179683057,26.16092310297539,26.288118144814952,27842232
2014-12-05,25.996118545532227,26.373743254109932,25.947617939377626,26.28020271973705,51312493
2014-12-08,26.08124351501465,26.280200294444658,25.923364297363943,26.088666554914024,46587556
2014-12-09,26.39749526977539,26.438078718269388,25.760535612964823,25.841700616803195,37426473
2014-12-10,26.03571319580078,26.54399363037066,26.010965941436655,26.38314594275292,34245764
2014-12-11,26.148550033569336,26.424715109771704,26.087179806285533,26.12182444210296,32216207
2014-12-12,25.669469833374023,26.15647122282976,25.669469833374023,25.90950606423605,39891221
2014-12-15,25.42894172668457,25.889215669809385,25.402710242779364,25.871399236853847,56268061
2014-12-16,24.517793655395508,25.391821115256416,24.20154110503644,25.31807914818297,79285081
2014-12-17,24.987966537475582,25.0923945667179,24.58807274525078,24.597476019688273,57663883
2014-12-18,25.295310974121097,25.432403403306495,24.97856243301364,25.386871261977515,58534266
2014-12-19,25.55514144897461,25.622944595933458,25.087986001628177,25.315599358011323,73804074
2014-12-22,25.976816177368164,26.055508732256172,25.541781727974794,25.541781727974794,54475152
2014-12-23,26.259910583496097,26.456393024279,26.04709404660124,26.082234692409074,43952341
2014-12-24,26.16983413696289,26.31776675004812,26.083222536795898,26.255949731900515,14118657
2014-12-26,26.430160522460938,26.441049919449163,26.09757577209625,26.169833509274035,20810980
2014-12-29,26.247039794921875,26.501924001358137,26.231252819785603,26.339096090997707,45570772
2014-12-30,26.251495361328125,26.287624231073615,26.088667444856743,26.13617982402267,17525986
2014-12-31,26.05253791809082,26.3593890868718,26.022841971929864,26.2925741545845,27364925
2015-01-02,25.97384262084961,26.29356149435355,25.938703873019133,26.181708542569268,28951268
2015-01-05,25.432403564453125,25.950089115556363,25.39231612115554,25.897132041111817,41196796
2015-01-06,24.842958450317383,25.546487042422793,24.797922306541796,25.488333262755788,57998800
2015-01-07,24.80039405822754,25.104471768776605,24.72863043119614,25.09239536661254,41301082
2015-01-08,24.878589630126953,24.91818296214316,24.30052395365088,24.64647244330592,67071641
2015-01-09,24.556398391723633,24.989450699342942,24.48809923107024,24.981533547421986,41427428
2015-01-12,24.377235412597656,24.546795356039752,24.13027026168035,24.49552129241907,46535413
2015-01-13,24.556894302368164,24.893437650746673,24.369319126152455,24.688542046929324,47409807
2015-01-14,24.78901100158691,24.905810769814128,24.39950868840014,24.48117159689095,44714427
2015-01-15,24.834543228149418,25.02706709466939,24.635090433447488,25.02162239591221,54316718
2015-01-16,25.145845413208008,25.151290111600403,24.74594973326353,24.746445738471735,45965854
2015-01-20,25.08744430541992,25.364597614269712,25.043693619157004,25.29036154068997,44640224
2015-01-21,25.638784408569336,25.700154637881127,25.052799718170817,25.104766673614215,45374234
2015-01-22,26.44797706604004,26.543991939021335,25.720943216827767,25.809037151493435,53538588
2015-01-23,26.72315216064453,26.83302488981985,26.37918389838782,26.507369064617308,45634948
2015-01-26,26.48855781555176,26.676132961163727,26.214374866612648,26.652871833256924,30874534
2015-01-27,25.667985916137695,26.26535415135436,25.646209015409116,26.229223389778692,38080263
2015-01-28,25.240873336791992,25.883773786509128,25.240873336791992,25.873380393627215,33676205
2015-01-29,25.273534774780273,25.294815670163764,24.80534182429587,25.290362982151844,83727244
2015-01-30,26.45441246032715,26.719194061633104,25.51406605574064,25.53089426372995,112127002
2015-02-02,26.155479431152344,26.37918155248343,25.66402349202379,26.31632709486255,56996054
2015-02-03,26.193096160888672,26.398981880542436,25.897134373989623,26.13172592398471,40773638
2015-02-04,25.872386932373047,26.362951226696783,25.798644967489174,26.193094054451183,33273101
2015-02-05,26.110937118530273,26.156471153875355,25.83922660153243,25.923363851359532,36995292
2015-02-06,26.280202865600582,26.587052168523982,26.05303434739834,26.1139104744979,35270570
2015-02-09,26.123308181762695,26.32968987044361,26.03372813548463,26.13172133797513,25355423
2015-02-10,26.574182510375977,26.61179750235317,26.07827383186004,26.196063714885295,34997823
2015-02-11,26.52617454528809,26.64891500803467,26.39789094044134,26.493014136467572,27555446
2015-02-12,26.87063789367676,26.964178420056157,26.461984493884582,26.58952598876781,32404724
2015-02-13,27.17154884338379,27.21609086707581,26.88053578065373,26.89142517712927,38006060
2015-02-17,26.866186141967773,27.220547807186698,26.77957454044964,27.06365870027936,32336537
2015-02-18,26.71078109741211,26.99733960218584,26.60239259488307,26.794918351667743,29061570
2015-02-19,26.8676700592041,26.87954768066008,26.62713970554673,26.62862393494129,19782163
2015-02-20,26.673662185668945,26.91122408248286,26.517761303470863,26.880538018128902,28887092
2015-02-23,26.325239181518555,26.549388111044102,26.201508593790507,26.530134778161713,29157834
2015-02-24,26.53211212158203,26.56675675809664,26.144095978917477,26.230705677054463,20101036
2015-02-25,26.917160034179688,27.033465676930263,26.50019005896849,26.52270907289407,36519991
2015-02-26,27.49176025390625,27.52442655054161,26.79986518405902,26.8844965445219,46230579
2015-02-27,27.636280059814453,27.948574048190903,27.3640735181152,27.43039434134995,48203982
2015-03-02,28.276704788208008,28.31679223298629,27.65360107040189,27.7416968982797,42592618
2015-03-03,28.39053726196289,28.477146970896623,28.03815393594288,28.23265803670051,34095352
2015-03-04,28.377174377441406,28.562273315737965,28.111898650708397,28.30293640002063,37536775
2015-03-05,28.474178314208984,28.601867479165016,28.37915355519755,28.45883433541097,27792094
2015-03-06,28.09581184387207,28.540991694475707,28.05003169585228,28.451905745200744,33182854
2015-03-09,28.153470993041992,28.223748497953903,27.89042162198169,28.05497987744902,21242161
2015-03-10,27.468502044677734,27.955501549721944,27.45464418896573,27.925807496874565,35846146
2015-03-11,27.278947830200195,27.623412110232028,27.25420246956148,27.4749361601002,36415706
2015-03-12,27.493244171142575,27.535805957410336,27.2433086856495,27.394260851375225,27792094
2015-03-13,27.087907791137695,27.636277506929524,26.934483160511437,27.393766935144612,34071287
2015-03-16,27.443754196166992,27.559565732631754,27.02257762174876,27.267562544882093,32819860
2015-03-17,27.26211929321289,27.408614996746444,27.12156240002263,27.30517708806398,36110871
2015-03-18,27.690719604492188,27.704577460028787,27.072070478014496,27.344275109226857,42690887
2015-03-19,27.61598777770996,27.75505855327857,27.524673595995065,27.68527516288605,23945563
2015-03-20,27.73328018188477,27.80059111522456,27.66844738134603,27.79712665149198,52337299
2015-03-23,27.656570434570312,27.832267984007853,27.509084602801895,27.736749113051232,32876014
2015-03-24,28.219789505004883,28.43755474550692,27.775353647124543,27.84216669149459,51665459
2015-03-25,27.65533447265625,28.322238130012508,27.65310812852146,28.235132415738825,43045859
2015-03-26,27.47641944885254,27.661022356998775,27.25271353624772,27.596187663525384,31452115
2015-03-27,27.138389587402344,27.48186373316848,27.127996195679607,27.369022546714252,37949906
2015-03-30,27.321016311645508,27.392283931872456,27.12997668288414,27.30072364007657,25750504
2015-03-31,27.121564865112305,27.453655521368695,27.05821439377653,27.220548201746528,31760961
2015-04-01,26.85232734680176,27.276966502561876,26.7008810507498,27.151257576596628,39261497
2015-04-02,26.504398345947266,26.76769570951711,26.42110354657176,26.76769570951711,34327989
2015-04-06,26.565521240234375,26.64693614401781,26.20942735017393,26.340580976596648,26488525
2015-04-07,26.578140258789062,26.85875994131742,26.527659422821618,26.630603222461662,26057345
2015-04-08,26.805307388305664,26.91617022737166,26.645449838259005,26.645449838259005,23570536
2015-04-09,26.764230728149418,26.8221364961216,26.502419492135893,26.77660246103261,31157308
2015-04-10,26.726123809814453,26.83896500319768,26.592495831709343,26.83896500319768,28189181
2015-04-13,26.684551239013672,26.92656773124723,26.59249682690728,26.646938137528227,32906096
2015-04-14,26.25001335144043,26.60536516133905,26.136282370855785,26.54003634439332,52082601
2015-04-15,26.35592269897461,26.464805310571272,25.89515467399501,26.166369192546135,46376979
2015-04-16,26.418777465820312,26.507369299997556,26.211407525221276,26.225759493229173,25997180
2015-04-17,25.93623161315918,26.22278820996153,25.785775437859275,26.164388329552192,43037837
2015-04-20,26.496973037719727,26.532111785818635,25.95850073562023,26.01294203614716,33585958
2015-04-21,26.42719268798828,26.69543875264382,26.412590824122823,26.602392336577008,36895018
2015-04-22,26.69420051574707,26.779079883507865,26.317319841801552,26.448473468203517,31871263
2015-04-23,27.072071075439453,27.26805939867524,26.737011974856166,26.775121078422803,83697161
2015-04-24,27.965896606445312,28.26680708772825,27.579364639151425,28.017367563211533,98650102
2015-04-27,27.56178092956543,28.086844094861956,27.454089111106043,27.95979671426969,47960000
2015-04-28,27.47791290283203,27.59404249900625,27.31344551233881,27.5255559111676,29820000
2015-04-29,27.249624252319336,27.477911605570604,27.141682534206723,27.318606842153724,33976000
2015-04-30,26.666994094848633,27.225306666204713,26.553346423777004,27.189573465167296,41644000
2015-05-01,26.69478416442871,26.776172560034222,26.406942122572396,26.721085692193764,35364000
2015-05-04,26.83771324157715,27.00098983621262,26.553843006908753,26.726051482135674,26160000
2015-05-05,26.34242820739746,26.78609919544519,26.32212985645339,26.710168747798793,27662000
2015-05-06,26.01587677001953,26.42083852400875,25.860293943367346,26.364263639098752,31340000
2015-05-07,26.337465286254883,26.474438457179858,25.893296384369023,26.004462137861868,30926000
2015-05-08,26.710664749145508,26.85607568343359,26.05458615261029,26.632750280638422,30552000
2015-05-11,26.58560562133789,26.897269202252986,26.57071789089078,26.718112859026665,18106000
2015-05-12,26.25508499145508,26.461983557493035,26.06749276807556,26.382132387950954,32684000
2015-05-13,26.28386688232422,26.517216508076316,26.235975875650105,26.330515982828494,25046000
2015-05-14,26.7195987701416,26.74937612184015,26.42232883097747,26.489821511084592,28078000
2015-05-15,26.493791580200195,26.762972858565345,26.321583109628293,26.758308137670383,39426000
2015-05-18,26.416868209838867,26.54192967562301,26.245651755622735,26.40247648621048,40068000
2015-05-19,26.667985916137695,26.83175851128564,26.453594284032864,26.50024338604702,39338000
2015-05-20,26.762771606445312,26.943913833789413,26.450216403848646,26.72406237782053,28616000
2015-05-21,26.923566818237305,26.9895714782783,26.599497473455507,26.697263503968543,29254000
2015-05-22,26.804462432861328,27.006942362109168,26.77468508178386,26.806446453710027,23524000
2015-05-26,26.41786003112793,26.74937514316359,26.29676850102373,26.705702074233525,48130000
2015-05-27,26.7885799407959,26.82629716035731,26.387588136863673,26.441681100500084,30500000
2015-05-28,26.7880859375,26.829277089663098,26.612899539498528,26.700243789307727,20596000
2015-05-29,26.407440185546875,26.73101355867342,26.374686801301433,26.66848282162776,51948000
2015-06-01,26.50074005126953,26.63969913662393,26.290816247253133,26.63969913662393,38086000
2015-06-02,26.75830841064453,26.94788653177511,26.36873037910223,26.44813475836086,38780000
2015-06-03,26.814390182495117,26.97270295284759,26.65558140685908,26.794540505403067,34340000
2015-06-04,26.635231018066406,26.828283069376845,26.517117405956864,26.687837862966227,26966000
2015-06-05,26.46798515319824,26.66004518511544,26.427786013545905,26.61786013148103,27764000
2015-06-08,26.145402908325195,26.507189473244612,26.11612345686162,26.466992228131065,30412000
2015-06-09,26.138456344604492,26.26302180709425,25.95582608835165,26.181633409302567,29106000
2015-06-10,26.63473129272461,26.717609590347973,26.270464723201,26.270960728362898,36300000
2015-06-11,26.531509399414062,26.74838295606894,26.452601024413564,26.720839520261684,24350000
2015-06-12,26.418357849121097,26.45756308479328,26.310664139311456,26.382128644666096,19116000
2015-06-15,26.16376686096191,26.218357723199443,26.004958112534343,26.203468101494,32654000
2015-06-16,26.210912704467773,26.284859130431588,26.082377307877575,26.223320407380392,21436000
2015-06-17,26.26599884033203,26.351359063251145,26.059547088690273,26.27145868381711,25884000
2015-06-18,26.63671875,26.707189350061626,26.34192885589955,26.352350644351603,36662000
2015-06-19,26.63473129272461,26.712151640417684,26.452101056226176,26.66053870633879,37870000
2015-06-22,26.70917510986328,26.984609441042284,26.676419835974635,26.778653699142748,25006000
2015-06-23,26.822826385498047,26.873396203668904,26.563273651107412,26.781139226314075,23950000
2015-06-24,26.69180679321289,26.799002606752335,26.583618969248448,26.799002606752335,25732000
2015-06-25,26.56227684020996,26.84366702705347,26.56227684020996,26.742923070051955,26714000
2015-06-26,26.386594772338867,26.687836529787575,26.36972112957331,26.66302301742046,42182000
2015-06-29,25.881881713867188,26.233742515113015,25.833246698350106,26.05508219263819,38756000
2015-06-30,25.83175468444824,26.116618788126544,25.83125867927008,26.105204989580137,44344000
2015-07-01,25.89776039123535,26.08882840893672,25.718605964039845,26.04118540581094,39220000
2015-07-02,25.975183486938477,26.03721821996105,25.860047794853703,25.860047794853703,24718000
2015-07-06,25.948383331298828,26.066994843114745,25.756821186690956,25.78163470057491,25610000
2015-07-07,26.055578231811523,26.113147020787245,25.56724216198026,25.96178213033491,31944000
2015-07-08,25.649124145507812,25.942126895650503,25.613392841597538,25.85855381039465,25934000
2015-07-09,25.84019470214844,25.993543614135035,25.823817064095103,25.961286236399427,36846000
2015-07-10,26.30917739868164,26.42977292905886,26.081882056879323,26.11860726831694,39134000
2015-07-13,27.12406539916992,27.151856837724353,26.42183367728231,26.445653287629167,44130000
2015-07-14,27.846153259277344,28.081835282511843,27.13200977042155,27.134489796852467,64882000
2015-07-15,27.802480697631836,28.11429196546567,27.632258116973816,27.7980147568236,35692000
2015-07-16,28.776668548583984,28.817859696873313,28.03969571235532,28.045651560894623,95366000
2015-07-17,33.39602279663086,33.472350803521074,32.009919216373994,32.2084311005571,223298000
2015-07-20,32.904212951660156,33.19503102686359,32.40743912704662,32.7166207537647,117218000
2015-07-21,32.86848068237305,33.39949778212974,32.47145692395905,32.516619900464065,67544000
2015-07-22,32.85855484008789,33.67939804196393,32.70470992360707,32.79850413189273,78586000
2015-07-23,31.97418975830078,32.93448617868094,31.811409170876153,32.81736457673625,60582000
2015-07-24,30.945899963378903,32.16724087296572,30.894287023463715,32.109174185767735,72514000
2015-07-27,31.129526138305664,31.47890504248779,30.79404106057501,30.81885457512733,53508000
2015-07-28,31.166248321533203,31.40595136906204,30.93349502670133,31.40595136906204,34546000
2015-07-29,31.36128616333008,31.43225277421784,30.90073962780574,31.20595133459531,31502000
2015-07-30,31.394039154052734,31.52456046760519,30.87096378254499,31.26550375454525,29484000
2015-07-31,31.047637939453125,31.4099205306011,31.042178095736297,31.33399008268344,34122000
2015-08-03,31.325551986694336,31.417165285716493,31.034237901165092,31.034237901165092,26090000
2015-08-04,31.22828483581543,31.504215212535943,31.12456294191508,31.187093681411476,29818000
2015-08-05,31.949373245239254,32.151856962044214,31.422327947886767,31.48039084846652,46686000
2015-08-06,31.894784927368164,32.02873285027594,31.377167474082817,32.009922513588094,31452000
2015-08-07,31.52853012084961,31.894782646622375,31.25111175123858,31.77319700078376,28078000
2015-08-10,31.45061683654785,31.93250296367452,31.32749016222273,31.735976979864805,36184000
2015-08-11,32.79304885864258,33.49379066088468,32.4699714972678,33.2109124410076,100584000
2015-08-12,32.73250198364258,33.00247649359716,32.37170550868961,32.90719048154273,58734000
2015-08-13,32.57815170288086,32.97765544884764,32.3404857267989,32.72068313515151,36214000
2015-08-14,32.61140823364258,32.74713949512706,32.390068742349904,32.50669433697847,21442000
2015-08-17,32.79751205444336,32.8228234657589,32.319597774851744,32.59552812803517,21034000
2015-08-18,32.562278747558594,32.952850695986854,32.42977340693007,32.84863279963298,29122000
2015-08-19,32.79899597167969,33.101725714004886,32.465994769641526,32.5856001656231,42682000
2015-08-20,32.10074234008789,32.90272987003625,31.905706248558243,32.52902964752468,57106000
2015-08-21,30.396024703979492,31.764260756200574,30.38858083952481,31.750862936071943,85304000
2015-08-24,29.26103782653809,29.743419961269748,28.04218067400668,28.436720659276208,115406000
2015-08-25,28.88634872436523,30.642674842045373,28.83920172353988,30.51662136055824,70760000
2015-08-26,31.197017669677734,31.350368478026603,29.729523717605495,30.290318212889947,84718000
2015-08-27,31.643171310424805,31.939945238896097,30.86848121366697,31.732003572361105,69826000
2015-08-28,31.284360885620117,31.606942231675184,30.99552871885613,31.405454311556863,39574000
2015-08-31,30.682376861572266,31.553344973175623,30.65408941936636,31.1434193843463,43534000
2015-09-01,29.6669921875,30.414882865218292,29.483865924950692,29.893791520220717,74042000
2015-09-02,30.48833274841309,30.48833274841309,29.76227952009392,30.054089626095013,51512000
2015-09-03,30.086843490600582,30.754833784015112,29.916670158651986,30.620342537311277,35192000
2015-09-04,29.811410903930664,29.94888008320734,29.540940378895545,29.77667160517661,41780000
2015-09-08,30.504215240478516,30.5861015430622,29.981137943491603,30.39652341261351,45590000
2015-09-09,30.407934188842773,31.092798108719535,30.25309537310412,30.8297714706207,34042000
2015-09-10,30.83622360229492,30.97567869389314,30.343917576885275,30.426795887570243,38106000
2015-09-11,31.055578231811523,31.05607423703804,30.64118668970436,30.75681838142332,27470000
2015-09-14,30.930021286010746,31.06004470412513,30.74093916823421,31.052104834065403,34046000
2015-09-15,31.520591735839844,31.69726615289722,30.956819303513203,31.10173234668663,41688000
2015-09-16,31.56227684020996,31.660042874863507,31.380638596245085,31.53696732242825,25730000
2015-09-17,31.905698776245117,32.30271872654556,31.514630887913572,31.65210004434145,45494000
2015-09-18,31.22828483581543,31.761783928875733,31.117615081971035,31.602479155423033,102668000
2015-09-21,31.535478591918945,31.587587538210418,31.064016156000974,31.483865650856483,35770000
2015-09-22,30.90272331237793,31.143914357248885,30.542424760654207,31.11661892636908,51258000
2015-09-23,30.88634872436523,31.21240401837929,30.7692271198766,30.870964989226795,29418000
2015-09-24,31.057064056396484,31.13249659705106,30.392051762423502,30.60247343292708,44802000
2015-09-25,30.37071418762207,31.254090027540897,30.322575176704216,31.254090027540897,43480000
2015-09-28,29.5230712890625,30.50148323600541,29.24962285368135,30.289821527284516,62554000
2015-09-29,29.52704429626465,30.02481016596885,29.29131117973288,29.64168398074317,46190000
2015-09-30,30.194534301757812,30.211407944328005,29.81289805599989,29.93944753555192,48268000
2015-10-01,30.33696937561035,30.376670619015783,29.76922701765961,30.19205633485349,37352000
2015-10-02,31.112154006958008,31.13349358990773,29.932004266041517,30.133990082547378,53696000
2015-10-05,31.83473777770996,31.91116423571708,31.11662251066426,31.364761443136626,36072000
2015-10-06,32.03175735473633,32.220841368804344,31.589574359823867,31.70421404495862,43326000
2015-10-07,31.87889862060547,32.28827704132442,31.372199066739856,32.220339480601154,41854000
2015-10-08,31.72009658813477,31.98262724872883,31.04515838059512,31.82927832557495,43642000
2015-10-09,31.940937042236328,32.05905064934314,31.529423101271295,31.7617807175858,32974000
2015-10-12,32.092796325683594,32.18361449647975,31.71264810730184,31.865501002951,25504000
2015-10-13,32.37220764160156,32.64575265172576,31.918112928964113,31.918112928964113,36154000
2015-10-14,32.31562805175781,32.72406755073955,32.20099025814245,32.417365922565516,28310000
2015-10-15,32.84069061279297,32.90967320024922,32.47939814461891,32.489325821456845,37714000
2015-10-16,32.86351776123047,33.00098692904776,32.615378851872094,32.958307763607586,32222000
2015-10-19,33.05706787109375,33.09279917959269,32.73349450105978,32.81289698813525,29546000
2015-10-20,32.27195358276367,32.98857886633205,31.96996971469531,32.954831581252456,49964000
2015-10-21,31.891307830810547,32.54937039280615,31.847632871215268,32.464012066918336,35822000
2015-10-22,32.346893310546875,32.64515525839288,31.96078921694177,32.09428656069929,81420000
2015-10-23,34.83870315551758,36.22828263408445,34.813891535082135,36.10421317300881,133078000
2015-10-26,35.373695373535156,35.68982490431878,34.80198303237274,34.81637475798457,54332000
2015-10-27,35.16078186035156,35.4153725886799,34.96524982001348,35.10569499975595,44916000
2015-10-28,35.38212585449219,35.383613870094145,34.8922998942025,35.10321947975609,43578000
2015-10-29,35.57915496826172,35.64565375164805,35.23622600908147,35.26054541269647,29120000
2015-10-30,35.27592468261719,35.63274931688685,35.23820556878569,35.52009176690267,38176000
2015-11-02,35.78709030151367,35.81240171251794,35.02976985522646,35.28833245000141,37726000
2015-11-03,35.839195251464844,35.96276489601668,35.46996297430447,35.67542268725829,31308000
2015-11-04,36.13448715209961,36.3821300862551,35.82630128518444,35.83126133783705,34134000
2015-11-05,36.290313720703125,36.69874937626032,36.20197557660823,36.20197557660823,37232000
2015-11-06,36.41488265991211,36.4967689581934,36.07989360206134,36.30272489749993,30232000
2015-11-09,35.97467803955078,36.46202392444171,35.70371156178848,36.23820065375854,41396000
2015-11-10,36.14490509033203,36.25755884843655,35.657559170024605,35.950365040877855,32160000
2015-11-11,36.49627304077149,36.77418742132852,36.23969824398583,36.35036799097904,27328000
2015-11-12,36.28932571411133,36.615379110017145,36.161038314152194,36.27791002109212,36744000
2015-11-13,35.5831184387207,36.285352013492734,35.56971872545032,36.18708997370946,41510000
2015-11-16,36.17667007446289,36.20296970949171,35.3017320291909,35.513639842847375,38118000
2015-11-17,35.995033264160156,36.319848553352664,35.88222803829945,36.19304916393739,30218000
2015-11-18,36.72456359863281,36.79453820510723,36.07940083170448,36.10818806903065,33686000
2015-11-19,36.645652770996094,36.823813300356306,36.59701396961552,36.66202851566143,26542000
2015-11-20,37.54838180541992,37.613888569586294,36.873443665036795,37.04862816098787,44246000
2015-11-23,37.51761245727539,37.85150727789407,37.31116069122613,37.59056687586904,28290000
2015-11-24,37.1354866027832,37.482830419258434,36.60694939283072,37.32009902529211,46662000
2015-11-25,37.129024505615234,37.32008873086917,37.02530262803197,37.12852850043295,22442000
2015-11-27,37.23373794555664,37.39006666097351,37.09626878573683,37.14440779193258,16770000
2015-11-30,36.85359573364258,37.46550340996904,36.78758917145684,37.16178159546258,41952000
2015-12-01,38.066497802734375,38.16128402582052,37.05706655479201,37.07741412860622,42692000
2015-12-02,37.83523178100586,38.50892808158251,37.66550711192448,38.15880516464538,44608000
2015-12-03,37.34688949584961,38.163514729035654,37.00396437393389,38.01537577137912,51812000
2015-12-04,38.055076599121094,38.138450903272535,37.22083376613763,37.37467866742198,55146000
2015-12-07,37.87840270996094,38.150365012289,37.47344286027565,38.10272200886145,36246000
2015-12-08,37.83473205566406,37.95532947464809,37.42927240889243,37.61240056080544,36590000
2015-12-09,37.30073928833008,37.92703863444623,36.57572733216996,37.67592368974382,54000000
2015-12-10,37.19403839111328,37.51115989903572,36.91463599801292,37.36227881954174,39768000
2015-12-11,36.668479919433594,37.00793301040519,36.563270020837585,36.78212569286574,44488000
2015-12-14,37.11017227172851,37.1578152827213,35.938956139613914,36.81339830330879,48250000
2015-12-15,36.89329147338867,37.621828467185466,36.87393969765876,37.36972151449509,53324000
2015-12-16,37.62232208251953,37.7463915301495,36.69651516762566,37.220834288991114,39866000
2015-12-17,37.19255065917969,37.85011728446831,37.17121107548575,37.83721357594649,31068000
2015-12-18,36.6903190612793,37.425803984872296,36.63275216117527,37.04763973324836,62974000
2015-12-21,37.11017227172851,37.22084202999825,36.724564136264945,37.028781970186685,30514000
2015-12-22,37.2208366394043,37.46153168590972,36.99900114971252,37.3027229343669,27308000
2015-12-23,37.2362174987793,37.42976553145811,36.92306785304327,37.39304221738182,31318000
2015-12-24,37.14143371582031,37.28783856404282,37.053099345193395,37.19850839661029,10544000
2015-12-28,37.841678619384766,37.865502013760775,37.1970157501463,37.365748386346645,30306000
2015-12-29,38.54093170166016,38.70867230817705,38.036214294109534,38.04911800019525,35300000
2015-12-30,38.26301956176758,38.59056474378993,38.05954762233193,38.54093771853485,25866000
2015-12-31,37.66153717041016,38.188582538509415,37.63473773999157,38.188582538509415,30018000
2016-01-04,36.81587219238281,36.926045927006086,36.290712490951535,36.87344287198096,65456000
2016-01-05,36.852596282958984,37.32008682280614,36.65706044846347,37.04465250875823,39014000
2016-01-06,36.90421295166016,37.08088925824095,36.17468391203987,36.22828276755308,38940000
2016-01-07,36.049129486083984,36.650121281648175,35.6853569459485,36.24366957010248,59274000
2016-01-08,35.45756530761719,36.38858234607419,35.384614669814454,36.30024418597788,49018000
2016-01-11,35.53498077392578,35.67517987021035,34.915129476160566,35.56376800869546,41812000
2016-01-12,36.03324508666992,36.166246422752735,35.59885053871225,35.8153776377121,40490000
2016-01-13,34.767242431640625,36.463519832308506,34.6704683981863,36.2704677706576,50034000
2016-01-14,35.46996307373047,35.827529765581566,34.19850124707619,35.00644059860839,44516000
2016-01-15,34.46401596069336,35.073943391421125,34.013397085834875,34.356818246284064,72162000
2016-01-19,34.82828903198242,35.23474077499506,34.412409401723615,34.9032274835391,45362000
2016-01-20,34.66252517700195,35.079396731184026,33.412398947066904,34.17418722331773,68900000
2016-01-21,35.066497802734375,35.69180900553742,34.46451399316824,34.84764210010816,48244000
2016-01-22,35.99254608154297,36.135475079104424,35.7380045647064,35.910659795011895,40236000
2016-01-25,35.318599700927734,36.21239719987748,35.23621740998536,35.90966745955177,34234000
2016-01-26,35.3865966796875,35.64664730618874,35.06103928446814,35.42679582213477,26634000
2016-01-27,34.73895263671875,35.64441206661583,34.46103825919902,35.41785884074535,43884000
2016-01-28,36.27592849731445,36.41141366196646,35.35235532603922,35.84218135461987,53528000
2016-01-29,36.8709602355957,36.97220209359434,36.06947260542966,36.30421180548731,69486000
2016-02-01,37.32008743286133,37.61090927042448,36.88684017325421,37.24366098815808,102784000
2016-02-02,37.947879791259766,39.199493965812216,37.947879791259766,38.932991517602346,126962000
2016-02-03,36.0769157409668,38.4367153967924,35.756818215101205,38.22431158082136,123420000
2016-02-04,35.13697052001953,36.07939943347287,34.83175690553419,35.8714596431997,103374000
2016-02-05,33.92406463623047,34.93746387093855,33.75433619527138,34.931508022061124,102114000
2016-02-08,33.882877349853516,33.946896106563216,32.906201321153084,33.14392036664999,84948000
2016-02-09,33.65309143066406,34.73448114940966,33.189568917976814,33.3657491978132,72178000
2016-02-10,33.95135498046875,34.8044535317581,33.85259316302525,34.08733232864574,52760000
2016-02-11,33.90122985839844,34.21090746493768,33.19443385688364,33.49875006407995,60480000
2016-02-12,33.86600112915039,34.429277577427904,33.677416899722104,34.25607708370277,42828000
2016-02-16,34.29279708862305,34.6401938393045,33.99751117574858,34.39105912907694,50400000
2016-02-17,35.15632247924805,35.22332105183503,34.3116596045945,34.64466087390519,49852000
2016-02-18,34.607933044433594,35.35234975214557,34.54242249615055,35.235724165033425,37664000
2016-02-19,34.78461456298828,34.89235372213086,34.444165635437244,34.492800655616,31786000
2016-02-22,35.06004333496094,35.39651659401385,34.864011483474364,35.10917435255451,38996000
2016-02-23,34.53349685668945,35.156324251620525,34.42084307705248,34.81141126617266,40186000
2016-02-24,34.71761703491211,34.73945262617876,33.78560796658197,34.18957587076465,39272000
2016-02-25,35.024803161621094,35.03621885316288,34.272200505647355,34.73994095493908,32844000
2016-02-26,34.991058349609375,35.40594583530344,34.78212280500499,35.16525081572277,44870000
2016-02-29,34.628780364990234,35.27989515888286,34.624312531483646,34.75532985591445,49622000
2016-03-01,35.672950744628906,35.672950744628906,34.72803793899509,34.919105994142726,43028000
2016-03-02,35.674930572509766,35.732001459121,35.334977706166676,35.68237443657649,32580000
2016-03-03,35.35581970214844,35.70470443251406,35.03820222850446,35.66648931722082,39160000
2016-03-04,35.27989196777344,35.55781011824286,35.038204914725604,35.483367688897495,39442000
2016-03-07,34.49924850463867,35.14098458700254,34.0893248107286,35.081880454901345,59702000
2016-03-08,34.44019317626953,34.92753532608653,34.01190214964653,34.173194711645834,41526000
2016-03-09,34.9995002746582,35.02133586405433,34.44168369623189,34.66351919946229,28430000
2016-03-10,35.375675201416016,35.555327533930644,34.90619679731429,35.14242401501762,56670000
2016-03-11,36.070465087890625,36.075428926387694,35.589324879517875,35.732003999338694,39416000
2016-03-14,36.25260543823242,36.501240388951125,35.98759095446349,36.06997326609243,34366000
2016-03-15,36.14540481567383,36.34192890610035,35.96872850734533,36.075430214194704,34420000
2016-03-16,36.530517578125,36.59900416513917,35.955825453501745,36.048135437546726,32488000
2016-03-17,36.6143913269043,36.87692200626079,36.52605316286394,36.548384759945506,37216000
2016-03-18,36.6054573059082,36.82381699733241,36.31910324402751,36.816869137337555,59614000
2016-03-21,36.82828140258789,36.84862897541433,36.40277329283578,36.550863033882976,36730000
2016-03-22,36.76178359985352,36.972703219990855,36.598510777185176,36.598510777185176,25394000
2016-03-23,36.62827682495117,37.0084250197332,36.533486832258184,36.84167641664956,28642000
2016-03-24,36.491310119628906,36.612748105346995,36.27791049025039,36.32803352379687,31898000
2016-03-28,36.40346908569336,36.67443940815412,36.352354040096,36.56525767075817,26026000
2016-03-29,36.96128463745117,37.08436209116153,36.16674481860839,36.456074899986504,38076000
2016-03-30,37.24713516235352,37.61189961635426,37.15830101985767,37.22579558230464,35648000
2016-03-31,36.970218658447266,37.263020763491824,36.77121076208945,37.183618278816795,34376000
2016-04-01,37.21636962890625,37.23770921223315,36.57567476498157,36.65508103565792,31534000
2016-04-04,36.98709487915039,37.359799305438855,36.84515785646257,37.22381813242393,22684000
2016-04-05,36.61537551879883,36.863514419074015,36.49478189126946,36.62530319513735,22646000
2016-04-06,37.00694274902344,37.034238181953405,36.50421304966016,36.51463673212045,21074000
2016-04-07,36.73844909667969,37.071946289654015,36.539937240066934,36.99105580338354,29064000
2016-04-08,36.682373046875,36.99502668933109,36.503712740814656,36.9215800607345,25816000
2016-04-11,36.531009674072266,36.97269661937292,36.52852964810511,36.874434582885165,24402000
2016-04-12,36.877906799316406,36.91463390160469,36.2784031146963,36.62530384785634,27060000
2016-04-13,37.30619430541992,37.43820741446152,36.936022974651806,37.179148820971406,34142000
2016-04-14,37.37964630126953,37.58361803583099,37.35508079081242,37.41984544191735,22706000
2016-04-15,37.66748809814453,37.76674214974042,37.35453531029808,37.41835717242139,36186000
2016-04-18,38.04515075683594,38.116613360641225,37.58311628522678,37.739937209482754,31176000
2016-04-19,37.41587448120117,38.208430260964214,37.18758712665051,38.1890746980222,40610000
2016-04-20,37.35334396362305,37.62441271758322,37.221334631479486,37.61786241944445,30584000
2016-04-21,37.674434661865234,37.73944541975394,37.19850442045027,37.487834476598536,61210000
2016-04-22,35.670963287353516,36.53200567951451,35.41488448646954,36.04465969902896,119038000
2016-04-25,35.888336181640625,35.92704352400392,35.51314795292877,35.53845936676997,39184000
2016-04-26,35.1434211730957,36.018158591566674,34.88962173018415,36.00098772325792,54892000
2016-04-27,35.02927780151367,35.185110540513975,34.360545325154966,35.10123642834995,61972000
2016-04-28,34.293792724609375,35.44267722719702,34.220842087526414,35.1493753041683,57346000
2016-04-29,34.39255905151367,34.621342456810936,34.193551111251125,34.277917453049646,49754000
2016-05-02,34.65061950683594,34.77121694718035,34.2928028007712,34.62183605446401,32906000
2016-05-03,34.36029052734375,34.632249041018724,34.34242298135085,34.58411003280644,30876000
2016-05-04,34.52604675292969,34.72703865820813,34.194037537381675,34.267487955030994,33870000
2016-05-05,34.8104133605957,34.854584327244005,34.527039154707474,34.62530119194874,33670000
2016-05-06,35.29130935668945,35.32803267477772,34.64550298217596,34.65905036150577,36586000
2016-05-09,35.3796501159668,35.66798819705597,35.235729078052586,35.33498313840046,30206000
2016-05-10,35.88982009887695,35.90569983822282,35.519595751418876,35.57071457853108,31392000
2016-05-11,35.49825668334961,35.95433537449207,35.37468323066756,35.90123631206559,33842000
2016-05-12,35.39999008178711,35.6947799542046,35.18609448508278,35.586094244663464,27214000
2016-05-13,35.27691650390625,35.56634500871806,35.19900203690533,35.33150736721752,26290000
2016-05-16,35.55781173706055,35.65656978461728,35.01984674403997,35.19255121910822,26342000
2016-05-17,35.04863357543945,35.80744212749767,34.9434236635291,35.53299976074351,40024000
2016-05-18,35.068477630615234,35.31512850415148,34.77071172103921,34.921576803335874,35336000
2016-05-19,34.75532913208008,35.0372153437786,34.58064063191037,34.856570994490674,33404000
2016-05-20,35.22282791137695,35.46302699541422,34.76526113214437,34.819852005166474,36568000
2016-05-23,34.94986343383789,35.309065783205156,34.946883616943516,35.06350918235699,26614000
2016-05-24,35.73647689819336,35.7801480815196,35.07989841463002,35.07989841463002,38590000
2016-05-25,35.9935417175293,36.10470746473087,35.71736147460093,35.76971842120526,32584000
2016-05-26,35.93647003173828,36.145401808317246,35.745898020017364,35.87443530551966,31526000
2016-05-27,36.36028671264648,36.423612562156144,35.930511494342035,35.93100749950112,39500000
2016-05-31,36.512149810791016,36.71115769435939,36.29081033480852,36.31463372908957,42590000
2016-06-01,36.43423843383789,36.586099333199655,36.261037950632435,36.45309799152516,25072000
2016-06-02,36.24813461303711,36.37815992465476,35.93895296730535,36.352352507165875,26836000
2016-06-03,35.8481330871582,36.20296991560521,35.75979493738125,36.19205401462339,24526000
2016-06-06,35.560787200927734,35.97567473864922,35.46450918102208,35.97567473864922,31306000
2016-06-07,35.56575393676758,35.83026861729982,35.560790097913596,35.72406669814251,26724000
2016-06-08,36.142921447753906,36.15731317090907,35.760785417457164,35.92852982970214,31674000
2016-06-09,36.15781021118164,36.205453215034694,35.84793190542453,35.87443600039166,19778000
2016-06-10,35.70273208618164,36.02431770627848,35.5548392008709,35.705708118128754,24328000
2016-06-13,35.65061569213867,36.001980508561516,35.55880549947904,35.55880549947904,25178000
2016-06-14,35.646148681640625,35.85458445719985,35.39056212110339,35.55731452785006,26122000
2016-06-15,35.678401947021484,35.879889850868395,35.59850346450758,35.68237377472298,24290000
2016-06-16,35.25359344482422,35.565751109157844,34.90123285389928,35.4793969796826,39650000
2016-06-17,34.32853317260742,35.17717170682093,34.166350804138105,35.168732044419144,68048000
2016-06-20,34.42729187011719,34.8625269999382,34.412404140404654,34.6784068268809,41650000
2016-06-21,34.537960052490234,34.87691714274564,34.342920200462395,34.660041702376354,29312000
2016-06-22,34.61339569091797,34.782128340906795,34.39612268160644,34.69279817729522,23686000
2016-06-23,34.832252502441406,34.83622433072377,34.0942875648373,34.612900807605904,43428000
2016-06-24,33.50967025756836,34.21339179497136,33.42182812011141,33.507186445405786,88980000
2016-06-27,33.16426086425781,33.364760563003216,32.91731463069898,33.30024202112495,52580000
2016-06-28,33.748878479003906,33.76327020374017,33.399501470765586,33.695779413573405,43476000
2016-06-29,33.95086669921875,34.11557830632859,33.8168695548204,33.89577982569935,38652000
2016-06-30,34.34738540649414,34.3583050929793,33.92803006795376,34.01835223199797,31954000
2016-07-01,34.70024108886719,34.77170748957298,34.348876293153445,34.352352115979826,26894000
2016-07-05,34.488826751708984,34.5875847910798,34.187585009180076,34.543913617284495,29252000
2016-07-06,34.628780364990234,34.822824432260525,34.19800927526344,34.24218024618531,28238000
2016-07-07,34.509178161621094,34.65011937491906,34.15458742536042,34.644163525775554,26084000
2016-07-08,35.01885986328125,35.02282790564602,34.56253120503281,34.71463823358231,31504000
2016-07-11,35.48833084106445,35.55880144114523,35.098750947258786,35.13895008550602,22236000
2016-07-12,35.763763427734375,35.87790519682477,35.52902424979046,35.68832899312985,26738000
2016-07-13,35.58212661743164,35.9305153780141,35.57567476336719,35.91165582103344,18718000
2016-07-14,35.779151916503906,35.84168265249215,35.63423887632962,35.810415391348286,19004000
2016-07-15,35.72455978393555,36.01686588008294,35.685106544704766,36.01636987486804,25586000
2016-07-18,36.41587829589844,36.532503903276904,35.79106688417232,35.86650133569499,25910000
2016-07-19,36.57369613647461,36.575184152351824,36.178660104624576,36.22282729344816,24550000
2016-07-20,36.78361892700195,36.83026613617068,36.580639200027434,36.59205489285566,25794000
2016-07-21,36.65657043457031,36.80843133598498,36.5176624638363,36.742428562636505,20526000
2016-07-22,36.86054229736328,36.88535391824283,36.55384067579976,36.816867332180074,25196000
2016-07-25,36.7131462097168,36.85409121300379,36.60049243717689,36.75781318631254,20648000
2016-07-26,36.646148681640625,36.80842947113085,36.44019292932329,36.67691615003534,23734000
2016-07-27,36.812400817871094,36.94589815807279,36.57567381395452,36.63920034336357,30250000
2016-07-28,37.01786422729492,37.15384160699113,36.6898230110362,37.07394311156192,70604000
2016-07-29,38.15334701538086,38.637716994992864,38.05310094082109,38.347890887452,76830000
2016-08-01,38.3563232421875,38.73101165364052,37.771211236453,37.771211236453,54010000
2016-08-02,38.2664909362793,38.50321412887088,38.106690191836186,38.14837734256048,35690000
2016-08-03,38.37120819091797,38.37269620651058,38.055574715520365,38.07344226152935,25748000
2016-08-04,38.29329681396485,38.41537846949154,38.153593720457145,38.323568278652864,22806000
2016-08-05,38.819847106933594,38.86054225523338,38.32952509263564,38.40098771163548,36024000
2016-08-08,38.79701232910156,38.84018749566409,38.6149254278336,38.80892023919883,22158000
2016-08-09,38.92108154296875,39.15333690353388,38.73795341057618,38.764256829005056,26378000
2016-08-10,38.941932678222656,39.04773703510581,38.84754022842674,38.89577768572317,15728000
2016-08-11,38.95036697387695,39.19354205780149,38.85706498215927,38.95781083864917,19502000
2016-08-12,38.86946868896485,38.87815445907251,38.72951950207745,38.78411036232696,14810000
2016-08-15,38.83076858520508,39.081387554808146,38.71513498952473,38.895779352652085,18764000
2016-08-16,38.56773376464844,38.75830578428831,38.38431027820971,38.72455849804794,20560000
2016-08-17,38.705196380615234,38.749863346659545,38.388570936138734,38.576662897839434,18484000
2016-08-18,38.58560562133789,38.85161211293968,38.56079021252773,38.71017109806136,14388000
2016-08-19,38.48237991333008,38.565754235057256,38.368734124654274,38.46153633289829,17230000
2016-08-22,38.32008743286133,38.43870082247745,38.215869552145534,38.37567408887545,19028000
2016-08-23,38.31661605834961,38.53299169257727,38.30197443975969,38.485348691098864,18564000
2016-08-24,38.195526123046875,38.43671718351474,38.06798462649486,38.24217711841625,21440000
2016-08-25,38.184112548828125,38.30718999296785,37.875177032317545,38.064507141120934,18538000
2016-08-26,38.19056701660156,38.51513239872117,38.00743885347238,38.16376758851927,23334000
2016-08-29,38.32008743286133,38.46103241413819,38.0453990110568,38.150858797853424,16952000
2016-08-30,38.16823196411133,38.43503356287783,38.056570203673914,38.180143662539194,22600000
2016-08-31,38.066993713378906,38.16823179065698,37.98411540260249,38.06500590611691,24972000
2016-09-01,38.15284729003906,38.26401304249782,37.93051578512155,38.17617468107784,18502000
2016-09-02,38.285850524902344,38.40793217269903,38.13448563844736,38.36277298114517,21454000
2016-09-06,38.71364212036133,38.80892434270885,38.26301949328135,38.38460892329311,28856000
2016-09-07,38.7270393371582,38.845152936781616,38.52108359901055,38.70966779700522,17874000
2016-09-08,38.47740936279297,38.72704006545744,38.39105902448012,38.63969393046933,25406000
2016-09-09,37.70024108886719,38.374433299517925,37.70024108886719,38.218354476488486,37710000
2016-09-12,38.16476821899414,38.22779497522698,37.41935926191383,37.47543815693754,26220000
2016-09-13,37.70173263549805,38.02580200899393,37.508680583313975,37.93944787648638,27900000
2016-09-14,37.8406867980957,38.0982535867036,37.67294617143961,37.69775779002291,21748000
2016-09-15,38.30073547363281,38.40197353652569,37.71512753746232,37.86053656458993,26102000
2016-09-16,38.157814025878906,38.200989202021105,37.94838621365606,38.200989202021105,40986000
2016-09-19,38.0,38.4119115803289,37.93751847689505,38.333497306695186,23456000
2016-09-20,38.28336334228515,38.37864934166425,38.140434343216526,38.163761731048304,19572000
2016-09-21,38.52207946777344,38.56873046334074,38.12907672969179,38.34540316267145,23356000
2016-09-22,39.06748962402344,39.19850694834971,38.63225448743687,38.70967295492521,29724000
2016-09-23,39.05210494995117,39.152847020423096,38.91562778491338,39.03671742883275,28238000
2016-09-26,38.422325134277344,38.84565233930486,38.36575024856095,38.84565233930486,30664000
2016-09-27,38.85905075073242,39.00693981425454,38.4271892413167,38.48634638124525,23064000
2016-09-28,38.787086486816406,38.799494188957375,38.46004111601136,38.60297012062514,22196000
2016-09-29,38.462032318115234,38.9975173404931,38.42342341901402,38.781137879295095,26294000
2016-09-30,38.57517623901367,38.75632036670652,38.41636749047011,38.52753702211991,31706000
2016-10-03,38.34043884277344,38.51438522378574,38.188577946196496,38.42431294721575,25576000
2016-10-04,38.532501220703125,38.64565478532547,38.3568207038916,38.51264965171149,24028000
2016-10-05,38.534481048583984,38.8123953843192,38.49378590852292,38.67542223705003,29224000
2016-10-06,38.553836822509766,38.73348914907984,38.48833005927445,38.66004251632807,21414000
2016-10-07,38.46550369262695,38.69279902987211,38.25061227210507,38.69279902987211,18664000
2016-10-10,39.00446319580078,39.17518365888751,38.50470951036048,38.59602748433919,23498000
2016-10-11,38.862030029296875,39.31910075750247,38.738456569415945,39.040194356738034,27450000
2016-10-12,39.01437759399414,39.11313940897387,38.81189769905199,38.89626400641966,18748000
2016-10-13,38.61984634399414,38.77021923005526,38.362279531777254,38.77021923005526,27306000
2016-10-14,38.63671875,38.905701259879,38.511161268966546,38.791559472139355,17050000
2016-10-17,38.70769119262695,38.999997323468975,38.58560574188318,38.699751321946835,21860000
2016-10-18,39.46699142456055,39.78212890862154,38.98585121659037,39.09925088315243,41138000
2016-10-19,39.77667236328125,39.93051729262438,39.60446388040115,39.61488377717099,35336000
2016-10-20,39.551856994628906,39.899253777920016,39.50520599609015,39.8660024940009,35150000
2016-10-21,39.67095947265625,39.67741132682353,39.40446078981344,39.45408781596988,25324000
2016-10-24,40.35284423828125,40.455574110252655,39.941432531489696,39.94540057313152,33950000
2016-10-25,40.08286666870117,40.530013433792,39.95730920801515,40.530013433792,31528000
2016-10-26,39.65607070922851,40.04862664755627,39.51959733743232,40.01686716906813,32954000
2016-10-27,39.471466064453125,39.87543398803282,39.28039800567082,39.751860513715435,54984000
2016-10-28,39.472442626953125,40.47095392310816,39.38410449535527,40.116609386495185,85398000
2016-10-31,38.93498611450195,39.546397799237205,38.90818668482301,39.477415203967254,48546000
2016-11-01,38.88883209228515,39.1806422218374,38.48833622549667,38.8531007805869,48128000
2016-11-02,38.14887619018555,38.79155503822043,37.888329585595976,38.62033858988159,37448000
2016-11-03,37.82282638549805,38.21091833922967,37.668981447849646,38.076921185671466,38864000
2016-11-04,37.81736755371094,38.23126311092357,37.24868049522704,37.25359511214035,42696000
2016-11-07,38.83473205566406,38.96723738762346,38.33994224325345,38.43671626827202,31702000
2016-11-08,39.231258392333984,39.48550081160877,38.71909705725263,38.87840181016512,27338000
2016-11-09,38.97318649291992,39.266836674291326,38.296264440132994,38.7066878594702,52142000
2016-11-10,37.84415817260742,39.26400898462665,37.32902460440064,39.26400898462665,94904000
2016-11-11,37.42033767700195,37.75582270085439,37.239693351196415,37.545399133328864,48636000
2016-11-14,36.5300178527832,37.61041561344532,36.10619466485048,37.49875007725936,73088000
2016-11-15,37.64217758178711,37.93627081948035,37.070465295336334,37.070465295336334,47680000
2016-11-16,37.939449310302734,38.032751305903666,37.24615134307201,37.4789027542229,29452000
2016-11-17,38.27444076538086,38.34739140498322,37.92704396597484,38.060545113104105,26080000
2016-11-18,37.74391555786133,38.46153289595779,37.71711613022958,38.28138455358829,30942000
2016-11-21,38.17369079589844,38.19850620258191,37.74689154777913,37.846645393443254,26612000
2016-11-22,38.127540588378906,38.5588038948387,38.06451005956321,38.34391624947282,31862000
2016-11-23,37.76625061035156,38.128186795902295,37.481388343821145,38.1007436948481,29568000
2016-11-25,37.80049133300781,37.9652559445132,37.74292443454913,37.928532625113654,11748000
2016-11-28,38.12604522705078,38.68634557029054,37.7071896633598,37.71711355358646,43764000
2016-11-29,38.25508499145508,38.63523328266301,38.12605167887776,38.2893282872956,32332000
2016-11-30,37.619842529296875,38.36177919851358,37.46053778060396,38.21686617273224,47858000
2016-12-01,37.11761093139648,37.70967076935769,36.57691602997501,37.59006914651993,60358000
2016-12-02,37.24565887451172,37.41935538675202,36.878410492860816,36.95235693175025,29050000
2016-12-05,37.84217834472656,37.91066493084155,37.36476004918118,37.60347109010364,27884000
2016-12-06,37.672950744628906,38.155332892420034,37.58510859278864,37.951857149321064,33814000
2016-12-07,38.27244567871094,38.28088155238309,37.50867348968653,37.76673625533861,35220000
2016-12-08,38.53200149536133,38.61934763323172,38.0759228167373,38.336469428435905,29762000
2016-12-09,39.17071533203125,39.177663191726936,38.661086983628,38.7096727796035,36438000
2016-12-12,39.16972351074219,39.26798555744158,38.92580251920134,38.95979591683032,42082000
2016-12-13,39.50868606567383,39.91960564310978,39.37171287319518,39.39950431594156,42904000
2016-12-14,39.55681610107422,39.90073702009994,39.40495521108618,39.57319184529478,34084000
2016-12-15,39.59553146362305,39.851114262402255,39.35086456672645,39.57022005048211,32530000
2016-12-16,39.24565124511719,39.74470821299963,39.22033983417767,39.72207750197712,48876000
2016-12-19,39.41439056396485,39.5861030534114,39.02084254621276,39.21687444029681,24642000
2016-12-20,39.524559020996094,39.635228767663705,39.36823407554242,39.541434557651385,19020000
2016-12-21,39.432247161865234,39.53726016206624,39.062022854684635,39.49576989863726,24226000
2016-12-22,39.26847839355469,39.37071226026275,39.13547705894284,39.323069256492985,19444000
2016-12-23,39.201473236083984,39.34192219775179,39.0709519494443,39.250604247207114,12468000
2016-12-27,39.282867431640625,39.59602086432062,39.08966773807261,39.239692263966184,15782000
2016-12-28,38.96028900146485,39.415871677972994,38.86847881613216,39.38957204306204,23076000
2016-12-29,38.84813690185547,39.003969644683174,38.65607684208592,38.87493633217679,14886000
2016-12-30,38.303714752197266,38.847635582398496,38.233740154285954,38.84614756676194,35400000
2017-01-03,39.01437759399414,39.18757804118141,38.501228105396805,38.650605161238715,33146000
2017-01-04,39.05210494995117,39.27245243494324,38.86649676275968,39.124559576949736,21460000
2017-01-05,39.40544891357422,39.42827651036876,38.95879814962205,39.011404988212746,26704000
2017-01-06,40.0074348449707,40.09428497678741,39.31532584919204,39.46698985128682,32804000
2017-01-09,40.032249450683594,40.19681337098029,39.84266945185113,40.01984174834339,25492000
2017-01-10,39.939937591552734,40.15532499527599,39.87641485358092,40.09229826247042,23536000
2017-01-11,40.094783782958984,40.10669548117953,39.77021840369533,39.95036674750823,21318000
2017-01-12,40.01786422729492,40.06897927422772,39.66103955040648,40.056571569872254,27062000
2017-01-13,40.09329605102539,40.259249559195055,40.034237351038385,40.07344448261714,21984000
2017-01-17,39.931007385253906,40.05656485095926,39.720587596975214,40.05358881983703,27242000
2017-01-18,40.00346374511719,40.01016170794909,39.75135302993223,39.990560038316104,25888000
2017-01-19,39.81016540527344,40.17269598916422,39.7915557442902,39.956320343953806,18386000
2017-01-20,39.951358795166016,40.045156792716014,39.78609818082521,40.045156792716014,33400000
2017-01-23,40.66054153442383,40.73796000274862,39.88783729432724,40.06202979463292,39272000
2017-01-24,40.8868408203125,40.987582884301,40.58664029844261,40.80892635446685,29480000
2017-01-25,41.472450256347656,41.477414094831865,40.94589717448481,41.172200501992656,29890000
2017-01-26,41.297760009765625,41.58808588775149,41.04267322182403,41.578654215537,59478000
2017-01-27,40.85904693603515,41.784107939342384,40.716613939602595,41.424803307797255,59316000
2017-01-30,39.81736373901367,40.48833005867123,39.69230227182922,40.429771153086165,64932000
2017-01-31,39.54291915893555,39.764258633158825,39.2317535242813,39.546391195232765,43212000
2017-02-01,39.48858642578125,39.761290890776856,39.265012988467845,39.686352442881805,40594000
2017-02-02,39.6292724609375,39.8362202276675,39.30520309462722,39.39453325655453,30642000
2017-02-03,39.77617263793945,39.999992151074885,39.72058976356617,39.85061506934635,29268000
2017-02-06,39.76873016357422,39.78510590881043,39.46649638045499,39.6873398700256,23690000
2017-02-07,40.048133850097656,40.22332214621939,39.79056703361197,39.90024477408092,24824000
2017-02-08,40.118106842041016,40.28981930823626,39.86054003589787,40.049620257653906,23106000
2017-02-09,40.17666244506836,40.23125330085268,39.92753155805932,40.17417863306985,19794000
2017-02-10,40.38064193725586,40.45905620743384,40.187589866103544,40.28287588847433,22700000
2017-02-13,40.65706634521485,40.74237545533249,40.47096216073557,40.4962697854316,24266000
2017-02-14,40.71711349487305,40.84366676426118,40.49627001283614,40.64515487577535,21094000
2017-02-15,40.644161224365234,40.84366511522525,40.61884981424967,40.66301699435409,26272000
2017-02-16,40.9012336730957,40.913145370846635,40.64416287881749,40.69130609200783,25752000
2017-02-17,41.09527587890625,41.09527587890625,40.77691248509977,40.84465694999738,32220000
2017-02-21,41.27344512939453,41.36227929135334,41.109176519873486,41.12456025527706,25246000
2017-02-22,41.22877883911133,41.35235230224846,41.12356892949367,41.12456094001369,19658000
2017-02-23,41.2570686340332,41.31314751685952,40.83771323964309,41.19701792296539,29456000
2017-02-24,41.12356185913086,41.141429404318366,40.90321439998022,41.078402670435935,27844000
2017-02-27,41.155330657958984,41.215877374112395,40.89329601108806,40.92059144456626,22030000
2017-02-28,40.85409164428711,41.11860633526808,40.704710757908835,40.97319727738982,45216000
2017-03-01,41.45110702514648,41.5014799476348,41.05507529028573,41.1339855486726,29930000
2017-03-02,41.22233200073242,41.414884277453694,41.17319718812772,41.38213278411697,18850000
2017-03-03,41.14540100097656,41.25855455767661,40.98019340052506,41.2188514224731,17928000
2017-03-06,41.08088684082031,41.13547770594073,40.81388836421494,41.03969568936762,22180000
2017-03-07,41.28585433959961,41.36029677937437,41.01835983346017,41.062031015005466,20752000
2017-03-08,41.457557678222656,41.59552283881184,41.27988938700232,41.36524771019027,19796000
2017-03-09,41.621826171875,41.78659077097475,41.39999068385554,41.48882483736409,25230000
2017-03-10,41.84862518310547,41.93100748203498,41.66252100271283,41.85011698500722,34080000
2017-03-13,41.962276458740234,42.11835529252423,41.84862689601013,41.88585000539178,24472000
2017-03-14,41.96623992919922,42.04663820185852,41.72703670448771,41.86797789792606,15598000
2017-03-15,42.04465866088867,42.115625270336174,41.7255531346855,42.0640142233651,27630000
2017-03-16,42.123069763183594,42.22579963973736,41.991556438245574,42.13547746646631,19552000
2017-03-17,42.28882598876953,42.35234873397759,42.04019106538763,42.2635183635105,34246000
2017-03-20,42.104217529296875,42.19454350457876,41.94292871746514,42.18411982039235,24630000
2017-03-21,41.213890075683594,42.35731469183725,41.14242745703634,42.25309679535184,49270000
2017-03-22,41.17070770263672,41.46648958935855,41.05110609178956,41.285845267036215,28030000
2017-03-23,40.574684143066406,40.822327051095456,40.31051403843853,40.744408797073135,69742000
2017-03-24,40.41835403442383,40.790562391563014,40.14341570388484,40.69875220841776,39620000
2017-03-27,40.67046356201172,40.775677251023616,39.86947191416134,40.047140229376325,37886000
2017-03-28,40.740440368652344,40.9920513159965,40.398355799548625,40.715128957835745,32410000
2017-03-29,41.26103591918945,41.32828059819344,40.81289708374157,40.94292239464675,35726000
2017-03-30,41.2655029296875,41.373688862956946,41.141433470359694,41.36475698262998,21106000
2017-03-31,41.169227600097656,41.2724534878794,41.06153387871057,41.139948144784,28038000
2017-04-03,41.61537551879883,41.72951728954704,41.152345223351034,41.152345223351034,33430000
2017-04-04,41.4178581237793,41.448129586377426,41.14321890682425,41.2585533686381,20908000
2017-04-05,41.26103591918945,41.80892860109225,41.22679262657053,41.46451165396842,31106000
2017-04-06,41.08584976196289,41.50818116307929,41.01537915862443,41.31016528013309,25088000
2017-04-07,40.926544189453125,41.11587429794484,40.72024010135241,41.08981698639696,21146000
2017-04-10,40.92952346801758,41.158802838254715,40.88188046057486,40.96227874556562,19578000
2017-04-11,40.86103057861328,41.06336282362716,40.54688892465334,40.928525144271006,21594000
2017-04-12,40.909175872802734,41.02530546674005,40.74540327144756,40.79056625265079,18010000
2017-04-13,40.8714599609375,41.01140916344144,40.766246270142105,40.80098556815015,22448000
2017-04-17,41.54689407348633,41.57567752231544,40.916619085457974,40.94341851334701,17900000
2017-04-18,41.52952194213867,41.63423583973453,41.3255539907542,41.40048864317392,16734000
2017-04-19,41.59850311279297,41.79751100510896,41.50321710407866,41.676913585433226,19084000
2017-04-20,41.76922607421875,41.94540259222108,41.65359248600058,41.7588023915611,19180000
2017-04-21,41.84564971923828,41.87989301005637,41.71711243079374,41.830265985205344,26472000
2017-04-24,42.816871643066406,42.85111493857464,42.17667271179493,42.24317528170942,27450000
2017-04-25,43.290321350097656,43.424314712381104,42.81935109528079,42.928036829953896,33440000
2017-04-26,43.26202774047851,43.47642316642792,43.064413194152735,43.386097204266136,24744000
2017-04-27,43.387088775634766,43.44415966325513,43.19502874945928,43.35482950657582,40536000
2017-04-28,44.960784912109375,45.501229903641274,44.95135702705564,45.19403608915759,65526000
2017-05-01,45.2888298034668,45.44317073115996,44.73696528824315,44.76128469011674,42320000
2017-05-02,45.48088455200195,45.69577597463123,45.134135252655824,45.14242346204945,31744000
2017-05-03,46.006935119628906,46.05953816979145,45.28748154037059,45.40246765066976,29990000
2017-05-04,46.23622131347656,46.44813291994641,45.885352517944334,45.95880294057706,28442000
2017-05-05,46.01140594482422,46.39701403717178,45.91562392826819,46.32951946362046,38226000
2017-05-08,46.36724090576172,46.49751233031933,45.918606050666504,45.961285219928065,26596000
2017-05-09,46.261531829833984,46.52604648915845,46.13051451321091,46.49875105709951,31636000
2017-05-10,46.093292236328125,46.253093003541906,45.91363990123135,46.25210099309267,23478000
2017-05-11,46.18361282348633,46.27939483674108,45.80793242117971,45.92157819450625,16700000
2017-05-12,46.26401138305664,46.324558095443024,46.047139730748015,46.22976809202903,21012000
2017-05-15,46.50520324707031,46.563266148117194,46.121083174608216,46.300239502540094,22162000
2017-05-16,46.79899597167969,46.80445202848795,46.530013506922224,46.65011112378632,19390000
2017-05-17,45.63869857788086,46.617010131985296,45.565251946433946,46.43522612216995,47242000
2017-05-18,46.165748596191406,46.31115763282849,45.59552435560143,45.70718610696754,31938000
2017-05-19,46.35285186767578,46.538706181355934,46.20347098030213,46.22679837358297,27860000
2017-05-22,46.7424201965332,46.74356365889128,46.401975104063155,46.401975104063155,22408000
2017-05-23,47.087833404541016,47.21919527031774,46.777905880382555,47.04316643242572,25416000
2017-05-24,47.39254379272461,47.3989956461637,47.12157352088069,47.29427797564435,20496000
2017-05-25,48.11612319946289,48.26942289214357,47.417857638692354,47.51016761961398,33210000
2017-05-26,48.21190643310547,48.386098930619966,47.892301101024955,48.12406428333508,25040000
2017-05-30,48.43075942993164,48.446642955699616,48.1136379279777,48.154333073377984,29334000
2017-05-31,47.88386917114258,48.599006559287496,47.65160996445252,48.38808693867068,48962000
2017-06-01,47.98759078979492,48.21339814018709,47.64317381033429,48.08684485403551,28210000
2017-06-02,48.41686248779297,48.4307582060517,47.940436239079666,48.112148696505194,35020000
2017-06-05,48.81785583496094,48.97815639148954,48.39205239384203,48.46401101341419,25042000
2017-06-06,48.46500396728515,49.04465612208582,48.394037356767114,48.79205315453999,36292000
2017-06-07,48.681880950927734,48.83274984342196,48.433742022591105,48.63522995397895,29078000
2017-06-08,48.80445861816406,48.862025512300626,48.49626900259317,48.751851776074254,29638000
2017-06-09,47.13795852661133,48.858551420704245,46.43324490847689,48.858551420704245,66188000
2017-06-12,46.794044494628906,47.11439197576414,45.42099203423628,46.62828785476296,75270000
2017-06-13,47.315128326416016,47.641681513848184,46.853093769961546,47.24118568330952,40266000
2017-06-14,47.184104919433594,47.699738265235545,46.76177355409375,47.638695552427734,29794000
2017-06-15,46.76476287841797,46.815828703688254,45.877913023761096,46.35086730315322,42662000
2017-06-16,46.63919448852539,46.75135603009646,46.23299273641294,46.65011417545416,61894000
2017-06-19,47.512149810791016,47.64217511566177,47.09924629759205,47.144409275854144,30666000
2017-06-20,47.17765808105469,47.72306689655997,47.14688682811392,47.519591181900594,22520000
2017-06-21,47.615379333496094,47.64763860615237,47.18411223559756,47.32704125948276,24044000
2017-06-22,47.498260498046875,47.67840885758129,47.3722070041605,47.57816278332514,18828000
2017-06-23,47.92008972167969,47.94043729431351,47.354829307448945,47.48535061817338,30558000
2017-06-26,47.25905227661133,48.303222872514816,47.18560563433885,48.13399041952941,31968000
2017-06-27,46.02133560180664,47.06153432870879,45.99751220479918,46.77220424569464,51598000
2017-06-28,46.6744384765625,46.786596243612,45.45905144692836,46.10421418268669,54428000
2017-06-29,45.54788589477539,46.216372240335055,45.192053241483194,46.149869673565625,65984000
2017-06-30,45.0982551574707,45.957809467704,45.07741157977461,45.957809467704,41804000
2017-07-03,44.600494384765625,45.356819116545346,44.40644652313796,45.26947675416433,34196000
2017-07-05,45.24614334106445,45.38510052299905,44.59056077367351,44.75234933999681,36278000
2017-07-06,44.99700927734375,45.406637604065175,44.65011235196556,44.86946779652247,28490000
2017-07-07,45.587589263916016,45.73399032630195,45.104215105005395,45.104215105005395,32756000
2017-07-10,46.09428405761719,46.172698318378146,45.637213351857646,45.74540307117119,23856000
2017-07-11,46.15830612182617,46.2248048976662,45.7568145092016,46.1310106896659,22264000
2017-07-12,46.84019470214844,46.96277236468136,46.375676324740944,46.58460812174563,30642000
2017-07-13,47.00545501708984,47.367239725721824,46.79949925287977,46.96227605698227,25894000
2017-07-14,47.44366455078125,47.48932353552628,47.04738666684396,47.24564866354386,21076000
2017-07-17,47.316123962402344,47.67939668123599,47.108729407514986,47.49378849364798,23310000
2017-07-18,47.910667419433594,48.04168475063875,47.17617448447148,47.29528390287601,23080000
2017-07-19,48.18311309814453,48.289814792511464,47.84266801638723,48.031748219832664,24490000
2017-07-20,48.04713821411133,48.43175049444477,47.717609015627566,48.38708730819932,32490000
2017-07-21,48.28385925292969,48.29924298618919,47.650112295203215,47.7543301780405,34220000
2017-07-24,48.652095794677734,48.942917642689814,48.17716136635039,48.2491199808548,64966000
2017-07-25,47.181129455566406,47.62778022488382,46.918102832051446,47.335470364392634,93220000
2017-07-26,47.037208557128906,47.39452917345917,46.763213024547845,47.37864943513754,41766000
2017-07-27,46.3568115234375,47.23472934835672,45.657557796490224,47.23472934835672,64260000
2017-07-28,46.726043701171875,46.84018926128604,46.02976600748313,46.12406000121661,36928000
2017-07-31,46.17865753173828,46.82828432757248,45.95731423845978,46.743917997993954,39402000
2017-08-01,46.195030212402344,46.52341596228066,46.117115742657205,46.27195267169588,25554000
2017-08-02,46.17319869995117,46.28287644532785,45.49280063166004,46.08486054006636,36488000
2017-08-03,45.83870315551758,46.26500640976916,45.76872855326852,46.17071240541818,24050000
2017-08-04,46.0526008605957,46.16907879933005,45.80793774434774,45.99255393310528,21646000
2017-08-07,46.122074127197266,46.23820371292688,45.98014091176052,46.10718639836257,20644000
2017-08-08,45.99453353881836,46.44237324213131,45.935970846445734,46.00942126794548,21232000
2017-08-09,45.801483154296875,45.954336065452665,45.52108495789973,45.68783358825149,23842000
2017-08-10,45.02430725097656,45.62083490118997,44.96922038414177,45.535968791269354,36480000
2017-08-11,45.379150390625,45.54738703170126,44.941927467836045,45.06053708272487,24136000
2017-08-14,45.79006576538086,45.88922137323557,45.567734266479526,45.7831179060402,21290000
2017-08-15,45.76773452758789,45.98262216360225,45.64862890743594,45.86748458521904,17668000
2017-08-16,46.002967834472656,46.287830057876775,45.82852545583672,45.92008953038423,20134000
2017-08-17,45.209922790527344,45.99801080380412,45.209922790527344,45.944415730114365,25544000
2017-08-18,45.19453430175781,45.42306776114203,45.02004269375686,45.17666675487365,26854000
2017-08-21,44.99552917480469,45.310170674586345,44.83374059134295,45.16128580028533,18868000
2017-08-22,45.89031600952149,45.94837891083374,45.23448351769891,45.29627213762163,23334000
2017-08-23,46.00495529174805,46.15036433866498,45.625799043721415,45.753344329484456,21804000
2017-08-24,45.72108459472656,46.195526851769806,45.43423833199691,46.08733713026824,25406000
2017-08-25,45.45358657836914,45.93323874625085,45.43423480320125,45.830758772333,21068000
2017-08-28,45.350364685058594,45.6200930905454,45.25408666076372,45.45905041289345,21730000
2017-08-29,45.72158432006836,45.822826190251334,44.91314873332289,44.91811257235239,23712000
2017-08-30,46.13249969482422,46.19448520314443,45.64018989494472,45.660041462968834,26024000
2017-08-31,46.61686706542969,46.74838039403895,46.241186637666125,46.241186637666125,31652000
2017-09-01,46.518104553222656,46.773191315820014,46.40941883503,46.70619275168767,18948000
2017-09-05,46.0769157409668,46.50123116537027,45.75483039936179,46.30669110410414,26528000
2017-09-06,46.04515075683594,46.19924556255545,45.62133135346935,46.16128034026075,30554000
2017-09-07,46.449127197265625,46.471954797640095,45.837215744003174,46.23969560670115,24254000
2017-09-08,45.98014450073242,46.5007379768701,45.899746215190454,46.47592635564204,20230000
2017-09-11,46.108177185058594,46.56971569818122,46.000983268514176,46.364755750091,25340000
2017-09-12,46.256568908691406,46.326543508481265,45.8491744487818,46.28237632561515,22688000
2017-09-13,46.40644836425781,46.51364229341428,46.1468937375189,46.18659687556188,22052000
2017-09-14,45.911163330078125,46.29131160721135,45.85607645560465,46.21587715809903,27952000
2017-09-15,45.67195129394531,45.97964490629129,45.47691523087322,45.88882673136075,50108000
2017-09-18,45.40941619873047,45.76078095264756,45.19105276714278,45.65805109022147,26138000
2017-09-19,45.74738693237305,45.777658396042554,45.28783241580533,45.529519478838715,18734000
2017-09-20,46.23225021362305,46.34639578432198,45.756815945670915,45.805450962608845,33396000
2017-09-21,46.27542495727539,46.47790487660978,45.84763373476711,46.302720387805934,25812000
2017-09-22,46.08088684082031,46.388580478966745,45.97915275648688,46.04217949986454,21054000
2017-09-25,45.7056999206543,45.97517842210565,45.14639534473411,45.92803142187983,37136000
2017-09-26,45.89875411987305,46.194536057173885,45.71413793839541,45.842179231470105,33338000
2017-09-27,46.87294006347656,47.141426531428536,46.04167703137227,46.04167703137227,44788000
2017-09-28,47.121578216552734,47.18063691371901,46.67741122681818,46.71761036695246,20406000
2017-09-29,47.598506927490234,47.63205354155148,47.22133469727457,47.24565031301964,31620000
2017-10-02,47.30867767333984,47.768724397414616,47.03919539312805,47.64167891063977,25668000
2017-10-03,47.53299331665039,47.54341699865638,47.10371405955138,47.34490511202643,17766000
2017-10-04,47.22977066040039,47.66202976365102,47.180639637277686,47.493789328891914,19048000
2017-10-05,48.136962890625,48.18410988773783,47.403462086281706,47.41884960605897,24276000
2017-10-06,48.58013916015625,48.60842660192808,47.80941901427693,47.97517562328337,23478000
2017-10-09,48.48634719848633,48.90446449147255,48.4421800121251,48.63523207650573,17828000
2017-10-10,48.26798629760742,48.713145332120824,47.94441291700778,48.6352308582096,19368000
2017-10-11,49.09428787231445,49.16674249989779,48.25061325473489,48.32356767385465,33866000
2017-10-12,49.02381134033203,49.33597279050275,48.88336613842552,49.00495556955333,25248000
2017-10-13,49.115623474121094,49.4893198473855,49.08187618925017,49.23075726054038,23396000
2017-10-16,49.23075866699219,49.325401004783345,48.83373867924345,49.2357225054001,18210000
2017-10-17,49.23969268798828,49.45110448972942,49.061528379461,49.14589469807974,25804000
2017-10-18,49.27095413208008,49.464998171434615,48.98137798171939,49.21934308990478,21152000
2017-10-19,48.85607147216797,49.07592294755481,48.55532570983306,48.93299393103233,26272000
2017-10-20,49.04217529296875,49.18113248036504,48.862522959792216,49.10371401685845,23664000
2017-10-23,48.0620231628418,49.107681586778746,47.94638958967814,49.107681586778746,29568000
2017-10-24,48.16574478149414,48.24961509143012,47.69229459119459,48.13894535692067,24244000
2017-10-25,48.304203033447266,48.441176179083634,47.66847210488186,48.05804817541677,24226000
2017-10-26,48.265995025634766,49.01239957821491,48.24813126523405,48.63522736704138,40842000
2017-10-27,50.584110260009766,52.02926875579224,50.034729593268295,50.083860612735535,103354000
2017-10-30,50.4769172668457,50.86699321406217,49.99999496491908,50.3225763348559,41702000
2017-10-31,50.45359420776367,50.81885475113504,50.14490855413983,50.38312359820798,26614000
2017-11-01,50.89329147338867,51.10023923149699,50.46897227533672,50.481875983180785,27468000
2017-11-02,50.89726257324219,51.021828039753295,50.27344323022357,50.70768634470198,20980000
2017-11-03,51.23969268798828,51.24812856276158,50.63572115995284,50.725051318627195,21528000
2017-11-06,50.91313552856445,51.358298271413645,50.86847234587938,51.06648820956739,22504000
2017-11-07,51.28187561035156,51.31363887477932,50.874927953010854,50.98112986073933,22246000
2017-11-08,51.6054573059082,51.787691918401094,51.03970080750984,51.14243069544163,21774000
2017-11-09,51.17914962768555,51.31463478412583,50.603764618087496,51.31463478412583,24904000
2017-11-10,51.02083587646485,51.15433322304356,50.88237469128597,50.94093738512943,14400000
2017-11-13,50.90569686889648,51.19502693449379,50.7478839115701,50.790067072740285,17716000
2017-11-14,50.91810607910156,50.958305220597,50.33001804509275,50.748877424195406,19184000
2017-11-15,50.665504455566406,50.823317421755874,50.39304612461565,50.58113434218829,17080000
2017-11-16,51.240684509277344,51.41041294602197,50.74539870361191,50.74539870361191,22594000
2017-11-17,50.57518005371094,51.33597639552678,50.508681272263736,51.31562882099525,27942000
2017-11-20,50.539939880371094,50.74986746013537,50.49626870395884,50.633241868332846,19070000
2017-11-21,51.339447021484375,51.37021827821555,50.752104870886285,50.78461025282761,21940000
2017-11-22,51.41239547729492,51.59829897907473,51.1875801791895,51.36475247513815,14926000
2017-11-24,51.643165588378906,51.77061242442869,51.364755211029625,51.407930382493554,10740000
2017-11-27,52.31810760498047,52.38014233808192,51.53547947191954,51.61289794040864,26158000
2017-11-28,51.98064041137695,52.72332311059604,51.61289983284545,52.36178449108223,28488000
2017-11-29,50.70272064208984,51.815373924549085,50.404458698012355,51.745895331690754,49188000
2017-11-30,50.6903190612793,51.04168389601292,50.37220551135079,50.73796207160756,34480000
2017-12-01,50.13249588012695,50.74391127737167,49.72803203001534,50.41190205066266,38192000
2017-12-04,49.562278747558594,50.42679701820307,49.40793780704197,50.25607654456388,38128000
2017-12-05,49.88336563110352,50.65060997267496,49.04614669122781,49.42629493235906,41346000
2017-12-06,50.539939880371094,50.866989057149446,49.684357394544435,49.70222494105818,25440000
2017-12-07,51.16277313232422,51.32704173546013,50.52460749940628,50.641679879467645,29164000
2017-12-08,51.46649932861328,51.714638272829575,51.2417824350092,51.48833491960595,25816000
2017-12-11,51.667484283447266,51.80147762923954,51.218353460935184,51.38956991510815,23856000
2017-12-12,51.636714935302734,52.1245568998282,51.29974564440155,51.594531773286825,25590000
2017-12-13,51.643165588378906,51.9436614498244,51.53249584473959,51.916615913582454,25654000
2017-12-14,52.06698989868164,52.53100846622461,51.76723614553814,51.86103414127662,31174000
2017-12-15,52.81338882446289,52.983613268189714,52.08435582661199,52.33795458082559,65518000
2017-12-18,53.4560661315918,53.52306469566698,52.704701562460826,52.90718527026602,31092000
2017-12-19,53.135475158691406,53.44118096955348,52.78163033768194,53.3597906783683,26774000
2017-12-20,52.851112365722656,53.26947196882836,52.68088790773504,53.1900694796505,25372000
2017-12-21,52.78560256958008,53.068480804015806,52.69448526808906,52.85111312642187,19914000
2017-12-22,52.61140823364258,52.813888173888905,52.577660945884936,52.66053925641192,15102000
2017-12-26,52.44366455078125,52.61140518306557,52.11909540084048,52.5096673204526,15212000
2017-12-27,52.07790756225586,52.52455838943571,52.01240079362924,52.47592337163276,25438000
2017-12-28,52.01686477661133,52.344902173302785,51.849616364983,52.18857723508629,16742000
2017-12-29,51.93051528930664,52.094287892833435,51.856072852585406,51.94639502988997,17750000
2018-01-02,52.85358810424805,52.9498661229892,51.87244815150404,52.02678907009557,24752000
2018-01-03,53.72108459472656,53.910164817581695,52.76475622018498,52.819347085920995,28604000
2018-01-04,53.91562271118164,54.271455336055325,53.79661553689371,53.99502898076155,20092000
2018-01-05,54.70123291015625,54.80148276178872,54.193539370259614,54.29279721142535,25582000
2018-01-08,54.93497848510742,55.149866120086365,54.67095982938128,54.70123129291965,20952000
2018-01-09,54.90123748779297,55.11513313683671,54.65165974931023,55.05707022920225,18050000
2018-01-10,54.720088958740234,54.81884700203979,54.39750762166274,54.44663864071174,20856000
2018-01-11,54.864501953125,54.914375083161936,54.570208079358615,54.90320928749849,19566000
2018-01-12,55.69527816772461,55.7960240273906,54.6476355734461,54.710166311283736,34410000
2018-01-16,55.67045974731445,56.571201379835045,55.475522136392314,56.20395686791563,31506000
2018-01-17,56.17765808105469,56.20842933665583,55.43472933517314,55.89180383174745,24052000
2018-01-18,56.0689697265625,56.203958868097494,55.45904613623243,56.14936800523843,23964000
2018-01-19,56.45209884643555,56.469470387810375,55.995028148932235,56.17021264682469,35564000
2018-01-22,57.36029052734375,57.56227446023891,56.33299553448241,56.45110914724933,32360000
2018-01-23,58.06301498413086,58.14524582927394,57.50619047085721,57.56078133213693,26662000
2018-01-24,57.77865219116211,58.5538364091276,57.62033944134248,58.428278935273944,28332000
2018-01-25,58.08287048339844,58.35929684484292,57.70520226187664,58.19006440615728,29610000
2018-01-26,58.35433197021485,58.35433197021485,57.47443007831587,58.31661664240436,40376000
2018-01-29,58.3414306640625,58.90272306149275,58.16277033564805,58.386097639315864,27578000
2018-01-30,57.75135803222656,58.38808108207836,57.74291837071484,57.95681400019914,31126000
2018-01-31,58.06153106689453,58.21339196429759,57.525054087435535,58.092794541260176,30774000
2018-02-01,57.95036315917969,58.26302062942556,57.44515342617763,57.69776018582842,48242000
2018-02-02,55.18113708496094,55.735477855417784,54.951755480558035,55.68237500305651,97158000
2018-02-05,52.39700698852539,55.08683154820342,52.20991081759321,54.12405147889847,75966000
2018-02-06,53.62778091430664,53.68286778353816,50.77601975677535,50.976667118187514,68960000
2018-02-07,52.038700103759766,53.6863423022352,52.0228165783757,53.67443060477196,47384000
2018-02-08,49.703216552734375,52.536962456967466,49.660537387087615,52.37765770045382,57182000
2018-02-09,51.502716064453125,51.80991364996371,49.2585463389027,50.48385707213635,70118000
2018-02-12,52.2054557800293,52.67989807258979,51.658952630264295,52.00992368735615,41154000
2018-02-13,52.21338653564453,52.52455216894356,51.81571911292265,51.86102975434887,25302000
2018-02-14,53.08683395385742,53.18708000420061,51.94787737417266,52.05705530368036,31116000
2018-02-15,54.070465087890625,54.167685898819904,52.820834818034385,53.55185186618272,36868000
2018-02-16,54.33250045776367,54.82232645135116,54.01056277026163,54.01537894322437,33590000
2018-02-20,54.712646484375,55.282866951989995,54.0208327996035,54.12257066299627,28462000
2018-02-21,55.153343200683594,56.27642020301784,54.90470827366589,54.91165613318555,30258000
2018-02-22,54.91959381103515,55.72306545709481,54.7190979034279,55.39403604665405,26344000
2018-02-23,55.92009353637695,55.944409152405285,54.824508815748224,55.217859908546615,25220000
2018-02-26,56.76177978515625,56.77220346784738,55.91537902241603,55.97021599895641,31182000
2018-02-27,55.49825668334961,56.77617062830554,55.4838649589421,56.63721343657824,35482000
2018-02-28,54.82530212402344,55.95681500410083,54.751355695291686,55.73349148851168,37652000
2018-03-01,53.07790756225586,55.09279431620366,52.95289531771841,54.98113256305667,50318000
2018-03-02,53.54440689086914,53.69721057452737,52.0156241533111,52.262025157385395,45432000
2018-03-05,54.140438079833984,54.44663989340734,53.05210041249542,53.35681421042986,24044000
2018-03-06,54.345401763916016,54.68237485530872,54.08312100464206,54.55185353565559,30656000
2018-03-07,55.0689697265625,55.19701100777629,53.87006457804611,54.05408250714306,25850000
2018-03-08,55.880882263183594,55.96028853250133,55.22579568650959,55.35085715301563,27102000
2018-03-09,57.570213317871094,57.607932432783485,56.201530441352794,56.37716172666961,42560000
2018-03-12,57.79155349731445,58.414384615607105,57.44018869241683,57.75929801209454,43446000
2018-03-13,56.4848518371582,58.39998847027691,56.24465280300403,58.06450343077077,38144000
2018-03-14,57.04663848876953,57.498253127139144,56.64713468801923,56.83423466919762,25828000
2018-03-15,57.05110549926758,57.621825747294984,56.30470475136143,57.06996505593682,27908000
2018-03-16,56.36376190185547,57.36376144209525,56.176665702236335,57.27741109748615,61840000
2018-03-19,54.58163070678711,55.68187631918904,54.04515372380921,55.58361427582476,56118000
2018-03-20,54.47692108154297,54.84862970044317,53.7697235871358,54.54093983768897,36638000
2018-03-21,54.13795852661133,54.90321890444212,53.85359227893501,54.23026851167669,37578000
2018-03-22,52.06351089477539,53.741924320620846,51.90619394943885,53.69130528665603,53340000
2018-03-23,50.6982536315918,52.772199127816826,50.68088587624504,51.96177960428966,43134000
2018-03-26,52.26848220825195,52.38858363619606,50.04465963321654,51.910665523352776,53302000
2018-03-27,49.88088607788086,52.84560014704485,49.47493041652546,52.75433518662523,61906000
2018-03-28,49.85408020019531,50.83025620919586,48.66698462484414,49.5285228621433,67386000
2018-03-29,51.205448150634766,51.76177666141171,49.77170159991489,50.20495266962171,54536000
2018-04-02,49.94887924194336,51.35483450713833,49.14987158617625,50.76029081514383,53608000
2018-04-03,50.29328918457031,50.66946556827201,49.333485091949335,50.31810080227702,45502000
2018-04-04,50.875431060791016,51.05300094791662,49.28039548358154,49.30074305860421,49694000
2018-04-05,51.0079345703125,51.751359360314495,50.62684351109204,51.67890473031705,27260000
2018-04-06,49.9771614074707,51.18708467027028,49.77815352241644,50.620336263374114,34928000
2018-04-09,50.39453125,51.59304266169788,50.32654067247287,50.46152981709598,35032000
2018-04-10,51.19800567626953,51.428277039610286,50.19056230891741,50.939939089910794,39490000
2018-04-11,50.61884689331055,51.18430415705455,50.41537118066514,51.01686265276877,29678000
2018-04-12,51.241180419921875,51.64713606649352,50.691553648349895,50.8704600741607,27140000
2018-04-13,51.08039093017578,51.93150562040225,50.76822946855096,51.6565672690841,24460000
2018-04-16,51.51264572143555,51.77368835099451,50.95483294066934,51.46401070494847,24224000
2018-04-17,53.30818176269531,53.49279794089307,52.022820161226015,52.17716487477743,46406000
2018-04-18,53.204952239990234,53.47045890293108,52.91438027595463,53.47045890293108,26882000
2018-04-19,53.98014068603515,54.30098413792864,53.01140837167972,53.07195508790182,34954000
2018-04-20,53.24862289428711,54.21090705524818,53.08038626095791,53.697257702797536,37794000
2018-04-23,52.97517776489258,53.73299421530266,52.64018871867365,53.49180316218884,46826000
2018-04-24,50.61934280395508,52.456561131292545,50.15333647275878,52.20842223514395,95206000
2018-04-25,50.678897857666016,51.2401902372451,50.38758376936211,50.894285284423,47822000
2018-04-26,51.6148796081543,52.00892357875088,50.53051373459591,51.0922983436544,41590000
2018-04-27,51.119102478027344,52.08436281850225,50.89776296409837,51.91066631500416,32396000
2018-04-30,50.48783493041992,51.464011090370974,50.46401153407672,51.1171141180938,33426000
2018-05-01,51.47939682006836,51.5369637153954,50.0352265217496,50.30569702956278,28558000
2018-05-02,50.83771514892578,51.632205781795385,50.76277670451639,51.0223275515386,32062000
2018-05-03,50.80495834350586,51.10049038805684,49.93994411770963,50.57071513096834,36302000
2018-05-04,52.02033996582031,52.03522769547663,50.466495656884376,50.466495656884376,38774000
2018-05-07,52.346885681152344,52.68882257913594,51.96524943564682,52.07095533780392,29322000
2018-05-08,52.30321502685547,52.63274422551583,51.967483869979674,52.53299038476868,24354000
2018-05-09,53.734981536865234,53.867982881320565,52.42505441144925,52.51115864962099,40656000
2018-05-10,54.469966888427734,54.612396109503536,53.877907051906945,53.89725882767105,28860000
2018-05-11,54.50420379638672,54.65656447328912,54.139443097312494,54.27294043196023,25074000
2018-05-14,54.600486755371094,55.12406003247765,54.54639568113281,54.59056286445841,30362000
2018-05-15,53.55978775024414,54.09676069801482,53.273933522082785,54.09428067206087,29898000
2018-05-16,53.68585205078125,54.05806045285485,53.412401702818215,53.464512545080375,21946000
2018-05-17,53.52803039550781,53.93894610142845,53.27542365030891,53.592545149561474,20876000
2018-05-18,52.92108917236328,53.09875750278712,52.639202940760605,52.697761853008814,31304000
2018-05-21,53.5771598815918,53.99502722109449,53.28286598934361,53.303213561287905,20464000
2018-05-22,53.08832931518555,53.925052271542945,52.93746042733686,53.77468317522154,21800000
2018-05-23,53.58262634277344,53.63672120624044,52.69031667079601,52.86004512635948,21214000
2018-05-24,53.56028366088867,53.62132258532655,52.91065321479325,53.54837196457445,15336000
2018-05-25,53.382625579833984,53.725054730808665,53.28907747522058,53.549374214924214,17988000
2018-05-29,52.62133026123047,53.26897298749954,52.3682312914605,52.84812959535997,37302000
2018-05-30,52.992549896240234,53.06252449978982,52.44813301695981,52.75582665677678,22770000
2018-05-31,53.84564971923828,54.45110929079594,52.980635534466465,52.980635534466465,61766000
2018-06-01,55.55830764770508,55.58312305644662,54.51612484765666,54.55830801347746,48432000
2018-06-04,56.54044342041016,56.66947673030023,55.68262691693071,55.69875655395444,37792000
2018-06-05,56.558799743652344,56.86043527633344,56.237706418936504,56.62480251281944,33560000
2018-06-06,56.42083358764648,56.724555365945136,55.86812855888481,56.68336421672166,33964000
2018-06-07,55.77468490600586,56.36823280829476,55.41041637769218,56.144909283634426,30400000
2018-06-08,55.62628936767578,55.91413140348537,55.193534303577785,55.49279203139714,25816000
2018-06-11,56.07889938354492,56.439692067320166,55.51363895942996,55.51363895942996,21586000
2018-06-12,56.54192352294922,56.56524712627329,56.115870200864585,56.13249584083147,18240000
2018-06-13,56.31711196899414,56.89825593298057,56.24713736806355,56.63125745163093,30128000
2018-06-14,57.17716217041016,57.343414794396296,56.60743768724737,56.766742451682745,26868000
2018-06-15,57.18410873413086,57.24167941646082,56.74862750899572,57.01537608780714,42450000
2018-06-18,58.2362174987793,58.27840065919572,56.75383589022043,56.75681192146424,28274000
2018-06-19,57.96822738647461,58.127532143906194,57.27095764959267,57.49378515065285,32420000
2018-06-20,58.05656051635742,58.87273891270067,58.022813233469485,58.32802300866459,32970000
2018-06-21,57.45209884643555,58.42654085290179,57.18271879129082,58.3052013169163,24762000
2018-06-22,57.34390640258789,57.69214748450773,56.935966741301826,57.52554653374387,26220000
2018-06-25,55.82183074951172,56.76971948280123,55.224807036564926,56.75433574773209,43146000
2018-06-26,55.50669479370117,56.23870389221836,55.41731540405546,55.980145061407256,31264000
2018-06-27,54.78807830810547,56.170509140994426,54.77021076235153,55.64961660613399,25878000
2018-06-28,55.2962646484375,55.69775624370907,54.39254318120302,54.694280937576984,21448000
2018-06-29,55.36724090576172,55.99140860979127,55.33498163310413,55.58312056419428,26302000
2018-07-02,55.953338623046875,55.98013804864467,54.28286507401202,54.54093165353943,24346000
2018-07-03,54.733985900878906,56.36822841907488,54.591552892562575,56.36822841907488,13580000
2018-07-05,55.79502868652344,55.95532545667653,55.011404809889015,55.11314267397664,21334000
2018-07-06,56.58411407470703,56.62183319267256,55.61969809646625,55.76079076981169,19922000
2018-07-09,57.27294158935547,57.30371284385501,56.745400292669544,56.99651523556588,18180000
2018-07-10,57.212894439697266,57.54788350575739,57.0516056516236,57.418354198278166,15968000
2018-07-11,57.265499114990234,57.78113251286008,56.625300253067934,56.803464571466314,22400000
2018-07-12,58.733489990234375,58.77964498069898,57.36649200439671,57.56276998230441,25038000
2018-07-13,58.99850082397461,59.325894545902976,58.560781915045865,58.80892082146555,24438000
2018-07-16,58.752342224121094,59.10668301527745,58.525046909338734,59.02678453395051,21114000
2018-07-17,59.4937858581543,59.70420944860593,58.094282506404355,58.17468078835937,32208000
2018-07-18,59.348876953125,59.77666823696019,59.07393858765371,59.38262424223517,27872000
2018-07-19,58.906192779541016,59.55333949276121,58.72554843729657,59.106688689305635,25534000
2018-07-20,58.80445098876953,59.39750280349431,58.77020769968646,58.906188845653894,24948000
2018-07-23,59.826297760009766,59.87542878368614,58.61041472670823,58.6109107319565,52384000
2018-07-24,61.93944549560547,62.82877531565581,61.318106170032515,62.65954665813497,66364000
2018-07-25,62.71463394165039,62.821827868365226,61.49527888760951,61.49527888760951,42556000
2018-07-26,62.94440460205078,63.01591643639878,61.9860922563379,62.084354295041734,48112000
2018-07-27,61.464012145996094,63.220340217855586,61.09180375134578,63.076915189480815,42612000
2018-07-30,60.532989501953125,61.28614121407781,60.12256981018797,60.94341298001752,36998000
2018-07-31,60.409908294677734,60.92246337633987,59.83124821880901,60.54638544206168,32894000
2018-08-01,60.54639434814453,61.2143846745319,60.06004417030798,60.942922141638405,31344000
2018-08-02,60.851104736328125,61.03621691114453,59.79105450962844,59.846141378751035,30626000
2018-08-03,60.73001480102539,61.042172462431914,60.300731756353265,61.02331290550278,21792000
2018-08-06,60.782615661621094,60.84802776636651,60.33730522800142,60.794031353668295,21634000
2018-08-07,61.64862823486328,62.09279525250614,61.34837846432512,61.38956961747566,29880000
2018-08-08,61.816864013671875,62.35731283577001,61.439593342353234,61.56177722813773,27406000
2018-08-09,61.99006652832031,62.30976650624542,61.836713829164474,62.02976587775118,16972000
2018-08-10,61.41983795166016,61.82107964575506,61.141423802166074,61.68733241439009,22174000
2018-08-13,61.29081344604492,61.99865460198405,61.22287208426426,61.388579490546626,19946000
2018-08-14,61.64267349243164,61.8297697033267,60.79949863711877,61.29974454684991,26962000
2018-08-15,60.26698684692383,61.30222163847336,60.025296007876435,61.00544771815984,36576000
2018-08-16,59.87542343139648,60.843659666172826,59.67988757836699,60.78063292857957,26864000
2018-08-17,59.600982666015625,60.00098247624438,58.96971569050751,59.65408551462471,27792000
2018-08-20,59.93894577026367,60.09924253493787,59.28663835069556,59.802468614115675,17416000
2018-08-21,59.63373565673828,60.40991185184236,59.57090580746533,59.95036114279354,24112000
2018-08-22,59.9171142578125,60.14093378007894,59.50371471964633,59.55334174717575,17748000
2018-08-23,59.820335388183594,60.609415285056514,59.76376050565219,59.907677737951666,19852000
2018-08-24,60.578155517578125,60.62778254412683,59.86892484099524,59.99105950151113,18932000
2018-08-27,61.6287727355957,61.69179947441483,60.829568243437514,60.92306711934762,23126000
2018-08-28,61.099246978759766,61.66475732034995,60.9771653224337,61.602472692785405,26080000
2018-08-29,61.9999885559082,62.0674831273615,61.357756467391035,61.41190054748652,25978000
2018-08-30,61.494781494140625,62.215128754606184,61.17071212250397,61.74837647374232,26628000
2018-08-31,60.45606994628906,61.471949224682774,60.11339091768337,61.289320858672426,36328000
2018-09-04,59.40445327758789,60.198004809922395,59.18112977409216,59.765249734949606,36620000
2018-09-05,58.88236999511719,59.504205263614864,57.667479117970046,59.24564268087913,41226000
2018-09-06,58.13597106933594,58.87343998475544,57.17120680773628,58.87343998475544,37770000
2018-09-07,57.80793762207031,58.32555509170469,57.43001946893263,57.50222799194077,28026000
2018-09-10,57.79850006103515,58.28981784237908,57.57368853480023,58.173192248592336,22308000
2018-09-11,58.42977142333984,58.49527819398653,57.38163280259547,57.649127301910376,24186000
2018-09-12,57.70817565917969,58.491799509390425,57.48683617803756,58.1994934215384,25910000
2018-09-13,58.32902526855469,58.49180586328862,57.70967373001747,58.10123390875792,28624000
2018-09-14,58.190067291259766,58.58188114682514,57.98163149808923,58.51612448161183,18880000
2018-09-17,57.37220001220703,58.4238105798596,57.27195016432812,58.07145377608804,26130000
2018-09-18,57.62877655029297,58.36624545589058,57.423812801381594,57.423812801381594,24072000
2018-09-19,58.11860275268555,58.22381265629148,57.29924754556268,57.81537695895896,23828000
2018-09-20,58.90172576904297,59.051602644819205,58.23125544242857,58.56028864730506,24508000
2018-09-21,57.87046432495117,59.166741825456775,57.86798051247211,59.15631814290364,88112000
2018-09-24,58.23175048828125,58.461529636684205,56.91860129434319,57.4277828303761,25420000
2018-09-25,58.79155349731445,58.90222703178197,57.96525421161534,58.36971808340542,19554000
2018-09-26,58.58510208129883,59.266984291373426,58.30098196956823,58.816365455069715,29246000
2018-09-27,59.28733444213867,59.657558801914746,58.74093356916582,58.89477848823333,25216000
2018-09-28,59.229270935058594,59.325548956373915,58.78410814120594,59.149864663899834,27612000
2018-10-01,59.320579528808594,60.04464864134261,59.07194462909008,59.547874847081125,27152000
2018-10-02,59.558799743652344,60.04763371156834,58.889817437475735,59.10470507255934,33758000
2018-10-03,59.699737548828125,59.87145000227939,59.24713470549051,59.801475407403146,25124000
2018-10-04,57.97468185424805,59.42976810597928,57.34867781487357,59.32157838443933,44190000
2018-10-05,57.43671417236328,58.23820179668711,56.82976660660757,57.94043586001968,23686000
2018-10-08,57.02083587646485,57.96525253412296,55.94857481979366,57.07741076199877,38648000
2018-10-09,56.517120361328125,57.2878368323457,56.4551840690769,56.8808891153345,26174000
2018-10-10,53.65855407714844,56.187090308048134,53.65408624375751,56.13299544732256,53514000
2018-10-11,53.56425857543945,54.90817903551192,53.01587369134782,53.24763307626606,58980000
2018-10-12,55.09081268310547,55.334979777720214,53.91572328035809,54.98758680036194,42026000
2018-10-15,54.20594787597656,55.25785761623235,54.04465908785686,55.03274696294184,27448000
2018-10-16,55.646636962890625,55.79254200162412,54.714628061907995,54.818349941525625,38570000
2018-10-17,55.36921691894531,56.02926728889679,54.699242659157306,55.90370982576472,29344000
2018-10-18,53.99353790283203,55.67443143689045,53.45358889312594,55.67443143689045,41890000
2018-10-19,54.41488265991211,55.10470856433861,53.98262356472057,54.26152995789179,25352000
2018-10-22,54.64812469482422,55.19750533818632,54.143907027361166,54.74241868809968,30284000
2018-10-23,54.7736930847168,54.982128878417655,53.101731328967226,53.64217637684152,36974000
2018-10-24,52.144412994384766,54.89428892444622,52.04664694816212,54.80148671721502,39648000
2018-10-25,54.37071228027344,55.13547663254539,53.07939861084746,53.190564365135984,50916000
2018-10-26,53.1746826171875,54.91463106628275,51.31959280364146,51.46550163693563,83752000
2018-10-29,50.62431335449219,54.44366732636698,49.42083803407899,53.72059012363,77614000
2018-10-30,51.4248046875,51.488327430138625,49.66500094612399,50.04763299016234,64254000
2018-10-31,53.43770980834961,54.19056244154555,52.45656603740237,52.59602301795857,50596000
2018-11-01,53.10173034667969,53.79527819287967,52.72753793543866,53.3895724105418,29640000
2018-11-02,52.49577331542969,53.74564969183618,52.33795656850068,53.2868410709809,36780000
2018-11-05,51.61736297607422,52.529520369958234,50.681878191447936,52.35731189962229,48828000
2018-11-06,52.39750671386719,52.821079995290134,51.51710887223829,51.58708346608809,24666000
2018-11-07,54.26251983642578,54.36524971020342,52.89825181600936,53.05210051721853,41168000
2018-11-08,53.71711730957031,54.25657415825943,53.21116164141125,54.16277615359496,29764000
2018-11-09,52.91065979003906,53.37765816711325,52.2635130755954,53.29974369883126,26864000
2018-11-12,51.54490661621094,52.710662819230706,51.16624636848579,52.67443550491351,29436000
2018-11-13,51.416866302490234,52.43696350522861,51.17368743937391,51.776170967178786,30274000
2018-11-14,51.79452896118164,52.33567063443929,51.16624182468418,52.10917042778004,31318000
2018-11-15,52.83919906616211,53.19353990468014,51.20495647684598,51.846643370564856,36722000
2018-11-16,52.67939376831055,52.95284029455292,52.05855050668651,52.576167893969014,33162000
2018-11-19,50.620338439941406,52.64465688103662,50.43473025971473,52.466492565323634,37172000
2018-11-20,50.906192779541016,51.202970495428175,49.43026300134525,49.62778287969341,48982000
2018-11-21,51.49428939819336,52.03771427736658,51.28882963088297,51.45210623315567,30686000
2018-11-23,50.81289291381836,51.493290885280274,50.739393273183865,51.116614692776565,13830000
2018-11-26,52.04068756103515,52.07493085377874,51.31066251194047,51.5310099980645,38856000
2018-11-27,51.831756591796875,52.485355195726704,51.53795867686173,51.66252414633079,36064000
2018-11-28,53.907188415527344,53.9374598795694,51.40247182208586,52.047634529275605,49508000
2018-11-29,54.009918212890625,54.30495423760984,53.39949480397906,53.40346663208833,29378000
2018-11-30,54.31413269042969,54.370707573153645,53.4927935216429,54.04812623976902,51604000
2018-12-03,54.909671783447266,55.813889374698114,54.77245249586861,55.73895471725297,39824000
2018-12-04,52.149864196777344,54.80991351042002,52.10817704327678,54.745394973122146,46904000
2018-12-06,53.03870391845703,53.161285366889075,51.15483435595777,51.328034843280555,55384000
2018-12-07,51.44316864013672,53.362773297922544,51.0421767983588,52.605948809283746,42024000
2018-12-10,51.59056091308594,52.032247863357824,50.783613462481625,51.3672336256557,36154000
2018-12-11,52.19602584838867,52.63522903178919,51.604957973502,52.43126107122275,27894000
2018-12-12,52.78807830810547,53.679891900379005,52.74391112607517,53.00247372304621,30476000
2018-12-13,52.699745178222656,53.58609516127768,52.3042094063539,53.005947000907746,26596000
2018-12-14,51.71711349487305,52.734484586169714,51.652102733209155,52.10818143421229,33732000
2018-12-17,50.44813537597656,52.26550624836878,50.01984807961657,51.48932615826659,47708000
2018-12-18,51.05259704589844,52.083364025039714,50.691800584584094,50.9225717412705,43850000
2018-12-19,50.769718170166016,52.70470262113094,50.02728546589889,51.31463100089168,49586000
2018-12-20,50.09477996826172,51.32604283692482,49.44713726687282,50.5275350416924,53470000
2018-12-21,48.612403869628906,50.81984687564678,48.32208176877878,50.38709175329372,91920000
2018-12-24,48.447635650634766,49.803464030983505,48.1444098630065,48.332498072112095,31806000
2018-12-26,51.586090087890625,51.61288951227979,48.78410765929945,49.082369577473045,47466000
2018-12-27,51.805450439453125,51.805946444670326,49.478898212018336,50.47889773809106,42196000
2018-12-28,51.467979431152344,52.3851006159341,51.27045955943804,52.09031071710802,28296000
2018-12-31,51.395023345947266,52.243161917546146,50.79849949491799,52.15681158021039,29866000
2019-01-02,51.90321731567383,52.22431065247262,50.407435939846046,50.45011510701264,30652000
2019-01-03,50.42481231689453,52.45557906531082,50.32605047311144,51.662527214908216,36822000
2019-01-04,53.136962890625,53.14341474471129,50.98847654839155,51.245153567384584,41878000
2019-01-07,53.021827697753906,53.30024187381271,52.34540150280366,53.176172411250896,39638000
2019-01-08,53.413387298583984,53.82430677906244,52.63175126262081,53.404951423947885,35298000
2019-01-09,53.33298873901367,53.72852066933664,52.9230613001989,53.67988565971611,23986000
2019-01-10,53.11809921264648,53.15879435486463,52.49179991374545,52.98559389099909,29128000
2019-01-11,52.46599960327149,52.79279890505535,52.03374049969427,52.76326955474528,30416000
2019-01-14,51.84564971923828,52.18510281738695,51.67517916233614,51.95631946376203,22886000
2019-01-15,53.45655822753906,53.60047923532797,51.97715658674249,52.11760177213392,29272000
2019-01-16,53.646148681640625,54.2121550432304,53.56525438968833,53.59800966793215,26636000
2019-01-17,54.08932113647461,54.18361513841397,53.27542577553338,53.571703708867574,24854000
2019-01-18,54.50420379638672,55.00504787241297,54.138943305827624,54.59055792059431,39112000
2019-01-22,53.127532958984375,54.16921959504917,52.77765619505517,53.995027114027074,32270000
2019-01-23,53.37815475463867,53.84266932439849,52.59304285545852,53.46649290602938,19340000
2019-01-24,53.2952766418457,53.57195289919321,52.640190048097296,53.423317929253095,27226000
2019-01-25,54.14341735839844,54.29279823504705,53.68833065505454,53.84614740712893,22382000
2019-01-28,53.10569763183594,53.74688847310223,52.79403219791114,53.60346345868098,25686000
2019-01-29,52.63621520996094,53.357308320221286,52.40023789854855,53.234726883584095,20436000
2019-01-30,54.04763412475586,54.14391214787525,52.945400697498215,53.02381495968173,25596000
2019-01-31,55.40296936035156,55.45061236586029,54.36277068162671,54.73944689238962,30766000
2019-02-01,55.12405776977539,55.831255183283375,54.83323969196794,55.205944065066795,29244000
2019-02-04,56.218353271484375,56.218353271484375,55.038205382402374,55.21884972913294,51530000
2019-02-05,56.87294006347656,56.91561922801698,55.44653892616135,55.82331355918271,71044000
2019-02-06,55.34639358520508,56.92306542976768,55.22430814890697,56.55433288109731,42112000
2019-02-07,54.52653884887695,54.83075662307856,53.895767922052435,54.79700933915435,40896000
2019-02-08,54.345401763916016,54.536469800399416,53.92307033444429,53.94540192945804,21516000
2019-02-11,54.342918395996094,54.88559732473736,54.23622047995844,54.43919641618791,21304000
2019-02-12,55.6511116027832,55.84590157399884,54.88088738506814,54.928034388169976,32182000
2019-02-13,55.591060638427734,56.31413784976207,55.50867833126117,55.83076369487137,20996000
2019-02-14,55.665992736816406,55.99155010007894,55.10892210957509,55.48634041284445,18952000
2019-02-15,55.26797866821289,56.162272274065785,55.119097593173336,56.08336579651373,28996000
2019-02-19,55.51165771484375,55.67691833313461,55.08684247322352,55.08684247322352,20928000
2019-02-20,55.275421142578125,55.75234717755814,54.85259375073205,55.58261874280414,21756000
2019-02-21,54.440185546875,55.18311423700566,54.21934207563554,55.12852337568362,28302000
2019-02-22,55.105201721191406,55.14837689206565,54.37219689524838,54.63522353475482,20990000
2019-02-25,55.05706405639648,55.510658936855016,54.95135436376531,55.384605457608735,28262000
2019-02-26,55.3414306640625,55.558798327150576,54.58659022648473,54.87592029624514,29426000
2019-02-27,55.38709259033203,55.482870825408504,54.64019198295833,54.93547791738053,19368000
2019-02-28,55.57914352416992,55.96276757814939,55.13696056594894,55.15135228940827,30850000
2019-03-01,56.62479782104492,56.72305985199364,55.81884243534151,55.826286299122536,29006000
2019-03-04,56.96276092529297,57.482862079695344,56.11363040135005,56.922561790466595,28920000
2019-03-05,57.66897964477539,58.04515609495763,56.88312177815293,57.074931935872776,28864000
2019-03-06,57.4620246887207,57.94371010689203,57.34440708877357,57.69180004509437,21986000
2019-03-07,56.739444732666016,57.40718512363419,56.32306539532885,57.35582018692131,23332000
2019-03-08,56.690818786621094,56.92704603961883,55.74689799891338,55.91711868512943,24248000
2019-03-11,58.35036087036133,58.37170424005521,56.79651660653413,56.79651660653413,34384000
2019-03-12,59.21587371826172,59.55334281231683,58.47443296456696,58.47443296456696,40262000
2019-03-13,59.221832275390625,59.59950052921121,59.153345685701744,59.58535491338427,28718000
2019-03-14,58.836219787597656,59.448131215724246,58.78311693768877,59.28088279603259,23456000
2019-03-15,58.78211975097656,59.383111438541825,58.69030956978558,59.22479869951355,49236000
2019-03-18,58.77219772338867,59.05705994710976,58.43279385903887,58.72455471998491,25852000
2019-03-19,59.49626922607422,59.55334011685571,58.85209853739669,58.99800358458469,30414000
2019-03-20,60.742919921875,60.900236876115834,59.36326435607966,59.421827049074516,44548000
2019-03-21,61.11859893798828,61.131006640875405,60.20594556245717,60.34738277373228,24080000
2019-03-22,59.826297760009766,61.0421770070117,59.69354252325416,60.85954863185712,34284000
2019-03-25,59.20594787597656,59.870859920922854,58.91016594989514,59.40098394651485,29936000
2019-03-26,58.79006576538086,59.69378730767583,58.39800580886961,59.48038768036716,38024000
2019-03-27,58.21438217163086,58.93591829951689,57.53696021699804,58.8337374400555,28004000
2019-03-28,57.98956680297851,58.142173596481655,57.5399891960569,58.140931690309486,19234000
2019-03-29,58.22877883911133,58.510665060326055,57.71116138918155,58.307685323417566,25398000
2019-04-01,59.27691650390625,59.387586254052586,58.66004121898063,58.76426290095839,25050000
2019-04-02,59.577659606933594,59.62033877377832,58.84415875553229,59.321081028044915,16558000
2019-04-03,59.84713363647461,60.362267204051555,59.57815116084592,59.92455209453657,20286000
2019-04-04,60.297760009765625,60.331011292785256,59.758306975351886,59.848133146879746,19000000
2019-04-05,59.90817642211914,60.358303049126576,59.80296652175782,60.29726033081854,18144000
2019-04-08,59.7439079284668,59.9846029640504,59.54638806184276,59.944899831391446,17204000
2019-04-09,59.416866302490234,59.66698925461782,59.20991852479666,59.35483156970703,17528000
2019-04-10,59.66053771972656,59.741182110398846,59.3764175999248,59.587087297892126,14492000
2019-04-11,59.78261947631836,59.94837609123345,59.559791970622165,59.74986798655146,14204000
2019-04-12,60.440185546875,60.46400515466193,59.95581565888276,60.04961364707315,18668000
2019-04-15,60.600486755371094,60.75433167265763,60.005450872909854,60.44664183808456,23748000
2019-04-16,60.89973831176758,61.082866461399966,60.551849350175274,60.79403240924438,17126000
2019-04-17,61.356815338134766,61.56624313108792,60.933984137848206,61.19105872257389,24438000
2019-04-18,61.35830307006836,61.637705461121435,61.270956929388305,61.4977562629847,26636000
2019-04-22,61.97716522216797,61.98956913955247,60.958306085136854,61.33944635854237,16146000
2019-04-23,62.756813049316406,62.97765652921605,61.85507557806055,62.06897119872493,26398000
2019-04-24,62.332496643066406,62.92852833473088,62.2828696157719,62.73547628310465,20376000
2019-04-25,62.70222473144531,62.89865037506428,62.135476282402166,62.76773149848051,22146000
2019-04-26,63.13547897338867,63.1796461588382,62.54689111976673,62.97766221756169,24828000
2019-04-29,63.89973831176758,63.983612414789135,62.84341380357096,63.22579596040781,49988000
2019-04-30,58.98162460327149,59.1965122273465,58.312642331366526,58.808920138441984,124140000
2019-05-01,57.96921920776367,58.96028683685597,57.924556021175,58.96028683685597,52784000
2019-05-02,57.69776153564453,58.27244987852371,57.32019173736996,57.9533443327076,38896000
2019-05-03,58.82876968383789,58.89824827153737,58.01487441110194,58.2456417660397,39614000
2019-05-06,59.02679061889648,59.09924524387455,57.87889823519034,57.87889823519034,31278000
2019-05-07,58.26798248291016,59.07889801258723,57.61983996461566,58.58410819275789,31028000
2019-05-08,57.87939453125,58.58182500986882,57.853091109309574,58.164256766702366,26186000
2019-05-09,57.68634414672851,58.0476366323101,57.11413584692029,57.5200915215265,23714000
2019-05-10,57.7801399230957,58.19353944664589,56.69974211713778,57.74639263685698,26290000
2019-05-13,56.18014144897461,56.96971739778879,55.68783165364714,56.672943463226225,37212000
2019-05-14,55.60496139526367,56.59652520259023,55.56079420617674,56.437220417880106,36732000
2019-05-15,57.777156829833984,58.130509411724105,55.41765636102318,55.47740794791195,45786000
2019-05-16,58.51016616821289,58.965748862513145,57.70917073453454,57.79204904306433,30628000
2019-05-17,57.682373046875,58.56822699226342,57.56872348679593,57.98857485834736,24172000
2019-05-20,56.51859664916992,56.91298891418042,56.15100380863591,56.798991023231274,27066000
2019-05-21,57.0535888671875,57.20634333392742,56.473440699993105,56.9970139801652,23196000
2019-05-22,57.142425537109375,57.49478236969928,56.867983178907615,56.91066613496639,18290000
2019-05-23,56.6138916015625,56.87210209048057,56.040888162197945,56.60049188720563,23978000
2019-05-24,56.25160598754883,57.06029141716899,56.16177981712104,56.940935896582445,22240000
2019-05-28,56.28535079956055,57.15070952271948,56.23423197163944,56.27790693498067,27300000
2019-05-29,55.40743637084961,56.034731516716384,54.998500895164106,55.95631725704594,30764000
2019-05-30,55.48138427734375,55.73845888284577,55.19205418456308,55.36178264192196,19038000
2019-05-31,54.77070617675781,55.06698408312878,54.599489730417936,54.65457659635776,30156000
2019-06-03,51.42579650878906,52.8784026408867,50.8684759779692,52.8784026408867,102612000
2019-06-04,52.260536193847656,52.40942105495793,51.29974381474591,51.75681450745354,56670000
2019-06-05,51.72306823730469,52.285352626025706,51.14093606725862,52.18559878268545,43368000
2019-06-06,51.828277587890625,51.98460631483639,51.30024028262379,51.860536858225295,34064000
2019-06-07,52.90519714355469,53.14738398314855,52.02976312802505,52.14043665252835,36048000
2019-06-10,53.61686706542969,54.22629468680496,53.21696568545992,53.24961873229719,29284000
2019-06-11,53.534481048583984,54.68931745940361,53.47904584153486,54.29180147568166,28734000
2019-06-12,53.45061111450195,53.64415915999703,52.9796409223379,53.49875012327429,21220000
2019-06-13,54.03323745727539,54.30122792349193,53.60544623622099,53.77864670368464,21154000
2019-06-14,53.86351776123047,54.22778248892692,53.60654161557679,53.916616825126845,22230000
2019-06-17,54.21835708618164,54.54987033856478,53.909671434404025,53.909671434404025,18832000
2019-06-18,54.76922225952149,55.403961278289025,54.540438904196655,55.07145603702866,27734000
2019-06-19,54.70619583129883,54.93795521927746,54.26698888396777,54.868476624776434,26776000
2019-06-20,55.15730667114258,55.58906972233689,54.82579346259445,55.58261786858196,25240000
2019-06-21,55.676414489746094,55.78708422493976,54.99154871596556,55.049119393156694,38952000
2019-06-24,55.360782623291016,55.68236815683203,55.136959334269626,55.56375854909301,27912000
2019-06-25,53.91314697265625,55.30272272411924,53.78659369373631,55.21885240095757,30938000
2019-06-26,53.58808517456055,54.24167999853569,53.212896960481615,53.92059043320143,36218000
2019-06-27,53.39999008178711,53.95036277413282,53.36425877448817,53.796517857509905,20086000
2019-06-28,53.64316940307617,53.64763345008945,53.26897321794013,53.41885009408402,33864000
2019-07-01,54.48883056640625,54.96674869333816,54.27806239853041,54.491314379112865,28726000
2019-07-02,55.14887619018555,55.1746836077292,54.49974542749203,54.70172936180596,19832000
2019-07-03,55.661529541015625,55.91860413224405,55.27840525294814,55.454581768941104,15340000
2019-07-05,56.158302307128906,56.222324844227884,55.39155395431283,55.47393625735853,25286000
2019-07-08,55.40196990966797,55.879884129943186,55.146883166198826,55.8396849944782,24728000
2019-07-09,55.82282257080078,55.98138143649293,54.946396458176686,55.176171831851825,26608000
2019-07-10,56.59949493408203,56.677413192379966,56.12753648233123,56.13994418593404,24190000
2019-07-11,56.78460693359375,57.22430989810299,56.55483156026896,56.73696392659797,23910000
2019-07-12,56.81884765625,56.939941082365465,56.515125866828505,56.77368846378926,17280000
2019-07-15,57.08882522583008,57.11264862267963,56.545900158911394,56.91612074386901,18076000
2019-07-16,57.2496223449707,57.49776127550365,56.82381509204505,56.87344212089173,24776000
2019-07-17,56.89080810546875,57.48683597124616,56.86202465872768,57.12008745529851,23400000
2019-07-18,56.88982009887695,56.95309294975067,56.21488192336091,56.662028748612755,25814000
2019-07-19,56.08436584472656,57.128532685683325,56.0605424460744,56.98213161570804,32944000
2019-07-22,56.47989273071289,56.53845542515183,55.79354264689984,56.25061336420676,26030000
2019-07-23,56.88386154174805,56.91810483275756,56.16872425853041,56.774183809475566,21874000
2019-07-24,56.466983795166016,56.774181390743465,55.93001084911636,56.17368570378367,31796000
2019-07-25,56.184608459472656,56.660042743377936,55.62877967581696,56.46748669009733,44196000
2019-07-26,62.055076599121094,62.806441206796734,60.74440741977182,60.746391440646434,96116000
2019-07-29,61.50917053222656,61.90420649757747,60.95433001842405,61.59056082207909,44474000
2019-07-30,60.80097961425781,61.28385771159497,60.709665436174646,60.814379327167224,29066000
2019-07-31,60.38113021850586,61.240684534568935,59.93864813305677,60.69477968279282,34510000
2019-08-01,60.000492095947266,61.2461506274668,59.83721549307753,60.24962304499123,33970000
2019-08-02,59.25507736206055,59.89577221917585,59.00445463591391,59.590062623880264,32902000
2019-08-05,57.18708801269531,58.32455670789354,56.58262046487473,58.06649011603183,51950000
2019-08-06,58.0620231628418,58.55879697306576,57.56822538376678,57.73249397333079,34188000
2019-08-07,58.26252365112305,58.48361324976776,57.05329318943033,57.36971802242692,28886000
2019-08-08,59.79155349731445,59.801973392962765,58.2143818866247,58.70122803573656,29360000
2019-08-09,58.95830154418945,59.74589343170104,58.739589755917585,59.45358734544703,21314000
2019-08-12,58.29825210571289,58.80693762829212,57.94896978301298,58.52157561011388,20060000
2019-08-13,59.4178581237793,59.79056252454037,58.13696811555186,58.13696811555186,25888000
2019-08-14,57.781131744384766,58.67492935581998,57.59502755861387,58.37765563476223,31574000
2019-08-15,57.92852783203125,58.35433507945226,57.67294503979034,57.74192763129633,24374000
2019-08-16,58.44168472290039,58.69577951463167,58.15433864652795,58.53845875889944,26266000
2019-08-19,59.476417541503906,59.90023696345549,59.06152999980768,59.06152999980768,24632000
2019-08-20,58.694278717041016,59.35780493346073,58.66549527054799,59.31760579488977,18310000
2019-08-21,59.11909484863281,59.50371091340738,58.92951484485984,59.2133888453167,14814000
2019-08-22,59.03373718261719,59.454679007196304,58.490312362011,59.25904470871033,18950000
2019-08-23,57.1359748840332,59.25954759668159,56.960294362448955,58.659547822260414,33740000
2019-08-26,58.00941848754883,58.0382019349265,57.21884676358638,57.43224637916817,24522000
2019-08-27,57.95730972290039,58.67989089594126,57.640188212595795,58.58708869645985,21544000
2019-08-28,58.1151237487793,58.383114224891315,57.43423355085018,57.65308922132062,16040000
2019-08-29,59.19850540161133,59.3578101680603,58.6163694213861,58.6163694213861,21768000
2019-08-30,58.962764739990234,59.47889411101704,58.74951658457373,59.47889411101704,22596000
2019-09-03,57.98460388183594,58.90272089712399,57.72703708121411,58.41339092605463,29598000
2019-09-04,58.63075637817383,58.73348624868333,58.1141309944373,58.39750520086042,21378000
2019-09-05,60.11810302734375,60.20048532751562,59.13299124803879,59.13299124803879,28162000
2019-09-06,59.798004150390625,60.14961884923402,59.678500967007274,59.95681669471074,21442000
2019-09-09,59.77220153808594,60.545897768103934,59.18708952821224,59.75185396447067,29438000
2019-09-10,59.85110092163086,60.04961279557025,59.28435253164168,59.31263997199341,25202000
2019-09-11,60.55432891845703,60.67492633502758,59.66251914452966,59.72256985021579,26140000
2019-09-12,61.25309371948242,61.63075815575841,60.69577316172808,60.75929590720306,34518000
2019-09-13,61.51661682128906,61.58212358814052,60.89378570632474,61.10917313705777,26028000
2019-09-16,61.10669708251953,61.5166246312356,60.82431483339936,61.01836270504603,21066000
2019-09-17,60.9999885559082,61.29031062556814,60.72902204815212,61.062023283262015,19102000
2019-09-18,61.16176986694336,61.32057860850517,60.37368200755899,60.91859480967975,22702000
2019-09-19,61.47443389892578,61.75880013421897,61.14242465741862,61.14440867834019,19920000
2019-09-20,61.0386962890625,61.70321453427306,60.69874719257586,61.19700903545717,45400000
2019-09-23,61.2421760559082,61.49329101475808,60.75284606078018,60.843664241820754,21248000
2019-09-24,60.48435592651367,61.87294334059735,60.08336411030615,61.53845029941724,31664000
2019-09-25,61.86202621459961,61.95036436778528,60.054087144032835,60.33845338023603,29060000
2019-09-26,61.6074333190918,61.786589645462605,61.15472822354051,61.635720761539886,30760000
2019-09-27,60.79850006103515,61.7379528423924,60.27045898259754,61.687829813041134,27078000
2019-09-30,60.49626922607422,60.84366219824985,60.163763983234766,60.594035263507976,28082000
2019-10-01,59.80644607543945,61.10321961099574,59.731011628552125,60.49627199916591,25470000
2019-10-02,58.39353942871094,59.40346284592329,58.12852497691889,59.40346284592329,32302000
2019-10-03,58.94936752319336,59.010410240957455,57.68882139205727,58.56078340947227,32424000
2019-10-04,59.99999237060547,60.12108201447584,59.015872553332414,59.15086170261687,23248000
2019-10-07,59.93447494506836,60.4567570363217,59.73943889459315,59.77169816251745,16858000
2019-10-08,59.013893127441406,59.85508399090553,59.00793727788576,59.433744551266486,20786000
2019-10-09,59.6679801940918,59.96773015078462,59.43572102242367,59.52107935384563,17354000
2019-10-10,59.98361587524414,60.29776137322162,59.42133522787407,59.48287395653933,16932000
2019-10-11,60.32008743286133,60.962270303398405,60.23522510596829,60.65557248503451,25454000
2019-10-14,60.40395736694336,60.86003983620301,60.136962685048616,60.16574613237636,17350000
2019-10-15,61.68783187866211,61.90222350775951,60.56574691584611,60.56574691584611,27634000
2019-10-16,61.71909713745117,62.26996584838922,61.461530329215066,61.596515691876775,21892000
2019-10-17,62.18708038330078,62.69601198266688,62.03174746512266,62.08087848148535,19048000
2019-10-18,61.8109130859375,62.47592360213658,61.59205361027274,62.2064450871458,27056000
2019-10-21,61.84366226196289,62.264456438334214,61.568227908016986,62.14688805391777,20544000
2019-10-22,61.67740631103515,62.06450240135809,61.60693570935776,61.9280290311206,20476000
2019-10-23,62.48782730102539,62.52554262649305,61.65556846552743,61.65556846552743,18230000
2019-10-24,62.58014297485352,62.72952385641841,62.21910036816656,62.57567514122245,20562000
2019-10-25,62.78559875488281,63.00743425318063,62.03522614418525,62.085845181491635,24262000
2019-10-28,64.01982879638672,64.48186325359289,63.15332676733974,63.29774377218091,52264000
2019-10-29,62.661033630371094,63.60247048888422,62.39264557891239,63.33646780609009,37728000
2019-10-30,62.59502410888672,62.995519916111114,62.133981589742454,62.18212059889443,28178000
2019-10-31,62.536468505859375,62.91165292214998,62.0765656385192,62.59453140851168,29114000
2019-11-01,63.212890625,63.256561800485166,62.555820040422255,62.77914354245675,33402000
2019-11-04,64.08782196044922,64.22479511570099,63.34266315775771,63.347377100103145,30020000
2019-11-05,64.12059020996094,64.46302314716876,64.08083406400027,64.16326937922462,25654000
2019-11-06,64.10917663574219,64.20496245223339,63.64764181532116,63.99305081584397,23060000
2019-11-07,64.95581817626953,65.69427525573451,64.23050712764996,64.23224125268659,40600000
2019-11-08,65.08037567138672,65.4094126239267,64.7327328457393,64.77814571550945,25028000
2019-11-11,64.47592163085938,64.83497639427907,64.38757969539478,64.67392993949373,20238000
2019-11-12,64.4565658569336,65.01239459358614,64.30618919409372,64.51611677226106,21718000
2019-11-13,64.41686248779297,64.72951236472149,64.19403120243683,64.2218226391682,16534000
2019-11-14,65.0848617553711,65.359800145417,64.30024951890331,64.39205972191971,23870000
2019-11-15,66.24664306640625,66.24714285795687,65.22480409594581,65.45607127710072,35652000
2019-11-18,65.54341888427734,66.2793467712732,65.38460633839918,66.11512738972095,29748000
2019-11-19,65.28335571289062,65.89079919616503,65.15134262019188,65.89079919616503,25384000
2019-11-20,64.66748046875,65.26053612388678,64.07691619865,65.09874754847438,26172000
2019-11-21,64.58311462402344,65.14093498063947,64.16872686416106,64.58956647833071,19910000
2019-11-22,64.28484344482422,64.94936162532468,64.08981118679556,64.79501693562791,27714000
2019-11-25,64.84812927246094,65.07740483821895,64.42331406740566,64.47542111790541,20724000
2019-11-26,65.1885757446289,65.25061047671463,64.76872813097796,65.00544757983046,21394000
2019-11-27,65.16078186035156,65.4272843315867,64.9940332337327,65.26053570496784,19912000
2019-11-29,64.76227569580078,65.02256864341578,64.71314467307579,64.86947340814588,11740000
2019-12-02,64.01588439941406,64.80545670319324,63.57320533763687,64.56576118944946,30218000
2019-12-03,64.2818832397461,64.4397492263162,63.47394364305926,63.50223108935045,22876000
2019-12-04,65.53547668457031,65.79651932252534,64.75780861469353,64.86401431779517,30750000
2019-12-05,65.91214752197266,65.9730917949616,65.33199560320656,65.90569566802303,24254000
2019-12-06,66.53199005126953,66.69973066887884,66.17566145384248,66.17566145384248,26296000
2019-12-09,66.67790222167969,67.46648989602035,66.39402822734522,66.40395590378165,27086000
2019-12-10,66.73249816894531,66.99626693476351,66.30470691037269,66.57566964517135,21882000
2019-12-11,66.75035858154297,67.05705639529288,66.63373299132144,67.03919263532063,17008000
2019-12-12,67.01091003417969,67.28411427972895,66.52605163199475,66.79602237754818,25620000
2019-12-13,66.88982391357422,67.15101044268953,66.6932922389307,66.89577597677577,30992000
2019-12-16,67.5518569946289,67.72604949708138,67.13001777619577,67.32009001944913,27946000
2019-12-17,67.25159454345703,67.7419202854571,67.06315800656236,67.63720639572155,37080000
2019-12-18,67.12752532958984,67.517105224757,67.04713462541275,67.32504898518096,30452000
2019-12-19,67.2972640991211,67.39949418691485,66.94713740732615,67.08783629852672,29398000
2019-12-20,66.97716522216797,67.67443502731811,66.94788198038908,67.6600470885077,66300000
2019-12-23,66.93994140625,67.48385846499603,66.82430782156663,67.28882618120298,17662000
2019-12-24,66.67790222167969,67.0104074426158,66.63919109891611,66.92306509325059,6950000
2019-12-26,67.51362609863281,67.55963720400958,66.72306201385287,66.80742832804023,13350000
2019-12-27,67.09130859375,67.71860759546958,66.96327108051845,67.64217734818747,20768000
2019-12-30,66.30965423583984,67.1463808210642,66.20444056654462,66.99749598213995,21018000
2019-12-31,66.35334014892578,66.4019789533047,65.9595422750169,66.01041499614684,19236000
2020-01-02,67.85955047607422,67.89776181434897,66.57816058411578,66.57816058411578,28132000
2020-01-03,67.52653503417969,68.1141308205774,66.77636312898343,66.89130003014904,23728000
2020-01-06,69.1915512084961,69.30519319306404,66.99750440375196,66.99750440375196,34646000
2020-01-07,69.14839172363281,69.62729812809772,69.00149084541557,69.37668291264333,30054000
2020-01-08,69.69328308105469,70.05357971164248,69.02429707386626,69.08583200356541,30560000
2020-01-09,70.4630126953125,70.83522105043521,69.98856668958533,70.499739797411,30018000
2020-01-10,70.95433807373047,71.21235167314282,70.38957362655471,70.84664056812932,36414000
2020-01-13,71.42579650878906,71.48981525869341,70.77021391646954,71.2719515924114,33046000
2020-01-14,71.01139831542969,71.55333132366744,70.88683664348807,71.41487393356586,31178000
2020-01-15,71.42430114746094,71.53323297517342,70.97814636864022,70.97814636864022,25654000
2020-01-16,72.0446548461914,72.0590503570006,71.50966586794443,71.83324302569119,23474000
2020-01-17,73.46847534179688,73.5133884254054,72.36822974126859,72.60098113863693,47924000
2020-01-21,73.66748809814453,74.03721268737883,73.01239767610865,73.40545344385005,40734000
2020-01-22,73.7444076538086,74.60117907976469,73.69378482934606,73.99503039104304,32216000
2020-01-23,73.77914428710938,74.2193470475533,73.55334452603668,73.8282828829106,27024000
2020-01-24,72.78955841064453,74.2180911047065,72.71709622320527,74.12354722235943,35692000
2020-01-27,71.1612777709961,71.3682293216221,70.53100280630098,71.01736053217846,35104000
2020-01-28,72.08732604980469,72.25805027670374,71.0903026227928,71.61288762604424,31548000
2020-01-29,72.38858032226562,72.72604563015618,71.79850067980185,72.39701619770298,21554000
2020-01-30,72.25011444091797,72.32157705806684,71.28535017791077,71.46202648613372,26788000
2020-01-31,71.17765808105469,72.95929369358639,70.89477607989122,72.89825097457529,48344000
2020-02-03,73.74390411376953,73.9453958183067,72.40643931507562,72.55581639579194,60736000
2020-02-04,71.81488800048828,72.92803747639034,70.78412083952011,72.31116591128045,78660000
2020-02-05,71.87244415283203,72.64713615775062,70.99552206378603,72.57666555309214,39724000
2020-02-06,73.26202392578125,73.548374178957,71.93894702609819,71.97666614100454,33588000
2020-02-07,73.41090393066406,73.73894131882467,72.77169333088047,72.81884032824163,23446000
2020-02-10,74.87244415283203,74.91313929966732,73.16723874540432,73.16723874540432,28398000
2020-02-11,74.87789916992188,75.91214195202885,74.72147200319553,75.02777603896615,26892000
2020-02-12,75.34837341308594,75.46872472681238,74.84415949040542,75.16028520253177,23352000
2020-02-13,75.16922760009766,75.79056696502592,74.66997368496737,75.07145776742543,18590000
2020-02-14,75.47096252441406,75.47096252441406,74.80594443068485,75.21587194600436,23956000
2020-02-18,75.4178466796875,76.01139450922071,75.06648568987477,75.18608730786443,22414000
2020-02-19,75.76625061035156,76.03503245583889,75.50371615942464,75.68585232180874,18986000
2020-02-20,75.34242248535156,75.91264676090906,74.7801418661208,75.53348673013704,21932000
2020-02-21,73.70272827148438,75.04788704067784,73.47096885396437,74.84019334538878,34634000
2020-02-24,70.55035400390625,71.31363404543069,70.04415610067947,70.77466950953685,57342000
2020-02-25,68.90569305419922,71.37169458131049,68.60544709982997,71.11661160386016,49566000
2020-02-26,69.14043426513672,70.2580590131553,68.43671263578089,69.28733511403237,44048000
2020-02-27,65.41388702392578,68.07462558918532,65.36822425383973,67.5960146343348,59566000
2020-02-28,66.46798706054688,66.55781323894234,63.07692009192224,63.399501482950654,75782000
2020-03-02,68.93844604492188,69.02579596948837,65.84688724094975,67.07740421904745,48630000
2020-03-03,66.5702133178711,69.98261550134394,66.10420318090857,69.4501103772567,48046000
2020-03-04,68.8099136352539,68.8878356801187,66.65557734121802,67.45557700182988,38266000
2020-03-05,65.46102905273438,67.4396883587625,64.76921163436674,67.0074293133011,51226000
2020-03-06,64.43721771240234,64.82480607075242,62.583123528213726,63.377663381742515,53212000
2020-03-09,60.32554626464844,62.270954400594015,59.55333810175723,59.81636473923211,67308000
2020-03-10,63.54291534423828,63.58063445702522,60.48485020188023,62.53100416104369,52228000
2020-03-11,60.31810760498047,62.57865341026819,59.35830716209071,62.019844812142125,52170000
2020-03-12,55.33051300048828,59.24912479138592,55.250614507320506,55.88088571721534,84534000
2020-03-13,60.53249740600586,60.533985421700905,55.441333110841626,58.51115871161663,74002000
2020-03-16,53.81289291381836,57.18445616649824,53.32207493078379,54.39204904668074,85048000
2020-03-17,55.57319259643555,56.122073478803294,52.40743364996148,54.24862392923676,77230000
2020-03-18,54.4317512512207,54.91314134067898,51.47790395076393,52.4322482549022,84668000
2020-03-19,55.349369049072266,57.46748167922218,52.61081069570766,54.24564765415218,73022000
2020-03-20,53.21686553955078,56.77368866646518,52.87790844707976,56.36326517332851,72036000
2020-03-23,52.437705993652344,53.16723496292616,50.299541231213915,52.67095716465,80882000
2020-03-24,56.30073928833008,56.3275387176005,54.125055755218135,54.77766237135954,66890000
2020-03-25,54.714134216308594,57.0173590272589,53.89626705799337,55.9042097434777,81630000
2020-03-26,57.65507507324219,58.06301472918006,54.26946482358245,55.17616609299508,71434000
2020-03-27,55.122074127197266,57.105201415370466,54.883862890441534,55.86450684722796,64170000
2020-03-30,56.91413497924805,57.15284601417532,54.41587402341311,55.833241144653286,51482000
2020-03-31,57.70767974853515,58.32802701751027,56.4833647411366,56.93795540158393,49728000
2020-04-01,54.86946868896485,56.06401208292626,54.464012814336535,55.68237203172245,46884000
2020-04-02,55.62480545043945,55.9235634087798,54.41190228365983,54.50420847802494,39298000
2020-04-03,54.485355377197266,55.758801534645066,53.58858166669556,55.53423610308015,46268000
2020-04-06,58.90420913696289,59.28832920903145,56.12604604381692,56.476418829514394,53294000
2020-04-07,58.88386535644531,60.79403837131902,58.67145773386475,60.59552646835682,47746000
2020-04-08,60.063514709472656,60.499741842924266,58.9657491205691,59.87592250269854,39502000
2020-04-09,60.12157440185547,60.822319950809394,59.39130329128434,60.74837352629233,43508000
2020-04-13,60.4248046875,60.57120953185182,58.93786049065735,60.00892511851571,34796000
2020-04-14,62.98906707763672,63.62628987900737,61.3860918633793,61.79105549743456,49408000
2020-04-15,62.65359115600586,63.54639680397047,61.55830556692104,61.8168643906998,33434000
2020-04-16,62.70321273803711,63.47393287631818,61.668473954955665,63.23075780873889,50362000
2020-04-17,63.68484878540039,64.23968550186557,63.08832491442047,63.764255052837555,38980000
2020-04-20,62.85904693603515,63.602967665943744,62.5989963266937,63.07691059844318,33910000
2020-04-21,60.364261627197266,62.24664315772844,60.03522841149698,61.88584667524746,43060000
2020-04-22,62.69031524658203,63.80212426058761,61.63770881309339,61.81339311444831,41848000
2020-04-23,63.34043502807617,64.1841058371172,62.812397711164635,63.10420780735259,31324000
2020-04-24,63.48931884765625,63.54340992025842,62.007433219341216,62.589069381237785,32792000
2020-04-27,63.319095611572266,64.32505478894481,62.97765848800471,64.3176109242683,32012000
2020-04-28,61.22430419921875,63.92306095424657,61.1513535708958,63.917108891770646,59026000
2020-04-29,66.57467651367188,67.49328575621654,65.77368487567767,66.57368450322917,75872000
2020-04-30,66.93099975585938,67.13745150028522,65.63223858566572,65.75085576369771,53378000
2020-05-01,65.53894805908203,67.10023615579532,65.0620257968837,65.93051198943692,41450000
2020-05-04,65.84613800048828,65.8888247389471,64.46648625668634,64.92455274761657,30080000
2020-05-05,67.0525894165039,68.18559405293584,66.37517503225688,66.39800641716683,33030000
2020-05-06,66.86351013183594,68.04564580472392,66.86301791291726,67.5776592020445,24308000
2020-05-07,68.11709594726562,68.36721883814434,67.25902979494202,67.78855881069968,27952000
2020-05-08,68.90172576904297,69.41735914565652,68.26202293871333,68.64167516418064,27738000
2020-05-11,69.64068603515625,70.29924466776686,68.34499922471376,68.40098344809866,28242000
2020-05-12,68.27493286132812,70.2233171954459,68.2267938483236,69.83225302845207,27812000
2020-05-13,66.9642562866211,68.75840182585843,65.92554562936706,68.33994001711538,36252000
2020-05-14,67.3017349243164,67.36575367991837,65.7027275459577,66.25408851063467,32062000
2020-05-15,68.14837646484375,68.2123952154045,66.4515993888272,66.99750803892465,34154000
2020-05-18,68.68187713623047,69.09800660874522,67.2084310697719,67.58063946679195,36448000
2020-05-19,68.16300964355469,69.08186872358338,68.16300964355469,68.83358594249799,25612000
2020-05-20,69.81239318847656,69.99602113426154,68.8461447400345,68.9617707495273,33108000
2020-05-21,69.61785125732422,70.24762641097432,69.15383271208206,69.87591784135887,27700000
2020-05-22,69.99602508544922,70.11215089301113,69.0734401890109,69.31562705418499,26188000
2020-05-26,70.32355499267578,71.51363424986954,70.08087593520875,71.32852208461908,41212000
2020-05-27,70.36425018310547,70.55779822298318,69.0466332245921,70.33497451808856,33716000
2020-05-28,70.30916595458984,71.5056894741877,69.28038305713285,69.32306222043862,33844000
2020-05-29,70.91413116455078,71.09527529947499,70.14143075973779,70.31959129075078,36418000
2020-06-01,71.05805206298828,71.36276584768642,70.3721942585226,70.39154981988567,24342000
2020-06-02,71.42529296875,71.44464853016092,70.41338179495615,70.99501792987367,25562000
2020-06-03,71.28436279296875,71.78917499558794,70.95667369340917,71.3796488128832,25124000
2020-06-04,70.08336639404297,71.41239538334152,69.71364181996523,70.98758015146403,29686000
2020-06-05,71.38410186767578,71.71462305103132,69.77665892515819,70.13248773091102,34698000
2020-06-08,71.79204559326172,71.86053217676319,70.58757831933313,70.58757831933313,28084000
2020-06-09,72.2659912109375,72.8535870093647,71.62331232935081,71.73001024545158,28184000
2020-06-10,72.74688720703125,73.16420553960302,72.27144918071639,72.43372996728506,30504000
2020-06-11,69.66946411132812,72.1823626964432,69.57814614869571,71.58708074582259,39826000
2020-06-12,70.13299560546875,71.31513141979595,68.78511072989514,70.89279996444262,38928000
2020-06-15,70.4640121459961,70.70966726308433,68.87940033399192,69.02232557073431,30078000
2020-06-16,71.5989990234375,72.20941865411798,70.76425629335561,71.72306848502453,34184000
2020-06-17,72.01587677001953,72.45657177767542,71.03622470200062,71.8193526646053,30992000
2020-06-18,71.26350402832031,72.03025989872235,70.81934084639603,71.91859436387979,31638000
2020-06-19,71.05308532714844,71.8511008956437,70.53844396476676,71.66251290416692,63158000
2020-06-22,72.05258178710938,72.09674517456995,70.63074334523978,70.9180855498336,30848000
2020-06-23,72.6754150390625,73.24767629460953,71.72405436608534,72.24017995023671,28596000
2020-06-24,71.06549835205078,73.22182609400859,70.95532461500848,72.53150043296567,35120000
2020-06-25,71.53001403808594,71.60792851044303,70.47145555214432,70.96277335572101,24610000
2020-06-26,67.48882293701172,71.1389441540692,67.09626700273753,71.03671407415443,85354000
2020-06-29,69.22926330566406,69.26053056481355,66.8491198754687,67.40345680245349,36204000
2020-06-30,70.1543197631836,70.40445024737664,68.68285795744086,69.00445104886136,40848000
2020-07-01,71.36673736572266,71.61289225943034,69.96623824226913,70.02976477285776,35504000
2020-07-02,72.68981170654297,73.59551719863788,71.78261441255393,71.8084218280624,37182000
2020-07-06,74.22827911376953,74.76872034277596,73.09477466690498,73.45209531245898,31280000
2020-07-07,73.70619201660156,75.27541618474888,73.62529394597114,73.94539526054743,29164000
2020-07-08,74.24317169189453,74.73348992166684,73.72853027328489,74.1597973739932,24994000
2020-07-09,74.98707580566406,75.56921170142904,73.85035312552148,74.76176829848744,28466000
2020-07-10,76.51313018798828,76.61685206461578,74.26996002383893,74.74688225425439,37126000
2020-07-13,75.00444793701172,78.26955531662547,74.70186963783964,76.92305651710629,36928000
2020-07-14,75.46302032470703,75.580637938563,73.62282566269967,73.96079077385033,31700000
2020-07-15,75.11859130859375,76.19502099520045,74.342415139968,75.58956148002646,32214000
2020-07-16,75.33497619628906,75.36921948776053,73.7622686009857,74.44167458672857,30386000
2020-07-17,75.21337890625,75.60494282034573,74.36325630069322,75.514624440145,29134000
2020-07-20,77.7032241821289,77.93002353929886,74.62034317052748,75.19900336679267,31146000
2020-07-21,77.34092712402344,78.75879778961406,77.13546737568947,78.75879778961406,24324000
2020-07-22,77.84068298339844,77.91562142240645,76.7295176794534,77.44415898564415,18640000
2020-07-23,75.21983337402344,78.00842008565238,74.80852010920707,77.76524879984738,32552000
2020-07-24,75.03076171875,75.31691510677291,73.86599747952145,74.38858256757749,30880000
2020-07-27,75.94044494628906,76.47493417476285,75.19652032930405,75.21587589400863,24920000
2020-07-28,74.45854949951172,75.75581901619748,74.32555194231135,75.6913080448492,34044000
2020-07-29,75.53447723388672,75.99264218064526,74.5076782686986,74.75532496809936,22130000
2020-07-30,76.00247192382812,76.32108144896321,74.05557189784575,74.29279113025488,33428000
2020-07-31,73.59602355957031,74.88584922303987,72.16028905619345,74.69031714107773,68798000
2020-08-03,73.1736831665039,73.96871510582815,72.73645649190581,73.77864289112706,46604000
2020-08-04,72.70320892333984,73.72504780335576,72.38956703528302,73.27889301271779,38070000
2020-08-05,73.13198852539062,73.56871540901274,72.62826686545758,72.91809291651994,39590000
2020-08-06,74.44664001464844,74.56028958464269,72.75433824535169,73.03969650401996,39908000
2020-08-07,74.16822814941406,75.27765172835954,73.53050931881228,74.441674690049,31556000
2020-08-10,74.24812316894531,74.64390502378875,73.10569068546498,73.80544421227378,25786000
2020-08-11,73.46500396728516,74.93795782578333,73.34987016783626,74.06649552807355,29088000
2020-08-12,74.77021789550781,75.0563712798316,73.70966778362227,73.72604731602124,28740000
2020-08-13,75.3573226928711,76.29032762210389,74.83896306187438,74.95483899060564,29104000
2020-08-14,74.8252944946289,75.52852387249658,74.584599445089,75.21884244883967,27096000
2020-08-17,75.333984375,75.71264460300503,74.83720675165813,75.16971199026851,27566000
2020-08-18,77.34986114501953,77.54191738954236,75.61834862268822,75.74092627547944,40542000
2020-08-19,76.80047607421875,78.09823758557519,76.62280778589691,77.08731850424788,33212000
2020-08-20,78.49874877929688,78.70321652137234,76.33746090855072,76.59800374525486,34138000
2020-08-21,78.43274688720703,79.29130543886384,77.81661751847746,78.26450645623639,28930000
2020-08-24,78.81884002685547,80.10767347183398,78.4401798414074,79.10568246275234,28198000
2020-08-25,79.8124008178711,79.98113347227084,78.51463149226906,78.51463149226906,44942000
2020-08-26,82.00396728515625,82.34341662844274,79.58312082755262,79.80148430551203,79868000
2020-08-27,81.10818481445312,82.13399189318763,80.68237753100863,82.068481332827,37232000
2020-08-28,81.60841369628906,81.74538685177795,80.930499563954,81.06648070908415,29980000
2020-08-31,81.10073852539062,81.78485473816195,80.90868225649493,81.78113659180016,36468000
2020-09-01,82.4173583984375,82.66648933389573,81.003463288517,81.22231897305689,36506000
2020-09-02,85.77071380615234,86.01388511779149,82.69626874386255,83.06575101334117,50224000
2020-09-03,81.48088073730469,84.84931647343939,80.15184424761775,84.84931647343939,62156000
2020-09-04,78.95979309082031,81.64316627833196,76.80460868632711,80.60842362775145,52172000
2020-09-08,76.04912567138672,77.61116363896181,75.83175420194426,76.10470855192,52218000
2020-09-09,77.26847839355469,77.86599434073611,76.23081268509105,77.29676962451178,35494000
2020-09-10,76.03074645996094,78.61441844294171,75.72231454471562,77.45109322527088,32372000
2020-09-11,75.46996307373047,78.17368364419161,74.31065125070333,76.22827551548885,31942000
2020-09-14,75.39849853515625,77.6178531535934,75.2228218092681,76.37740841728747,33932000
2020-09-15,76.49824523925781,77.39799866431305,76.02157288726313,76.22827453341064,26622000
2020-09-16,75.47888946533203,77.51859154463234,75.42529061431762,77.19799802152602,26234000
2020-09-17,74.21984100341797,74.85349339624949,72.95284669432681,74.24317218190565,37596000
2020-09-18,72.45606994628906,74.59070999390093,71.32158096571872,74.34291939601539,62078000
2020-09-21,71.0252914428711,71.87888985447366,69.80395251864239,71.46697837668651,57776000
2020-09-22,72.7275390625,72.92902321222451,71.19255046545392,71.96475870704471,31664000
2020-09-23,70.2337417602539,72.50421160632492,69.86104112150531,72.39602944720993,33148000
2020-09-24,70.88285827636719,71.64806932025144,69.96772493414726,70.02628383570448,29004000
2020-09-25,71.71016693115234,71.96028988277335,70.14093506164996,71.09825548008703,26460000
2020-09-28,72.68087768554688,73.2903052771851,71.92559427191328,73.16177556082938,40158000
2020-09-29,72.91959381103516,73.28351778090314,72.39725863958432,72.97220065731825,19564000
2020-09-30,72.93299865722656,73.93299825620367,72.45061650998154,72.79403388769244,34032000
2020-10-01,73.94985961914062,74.39403036798248,73.40991064795878,73.66102557767228,35590000
2020-10-02,72.37814331054688,73.60792567547088,72.00593496689486,72.55730340988084,25682000
2020-10-05,73.74787902832031,73.85656096292942,72.66847325622463,72.76475127438378,22266000
2020-10-06,72.13101196289062,73.78461028397533,71.89031687924354,73.22977347152488,24908000
2020-10-07,72.4709701538086,72.90123770878907,71.26551068999058,72.6694782881696,34924000
2020-10-08,73.74341583251953,73.9453997667534,72.70917297322893,72.70917297322893,23756000
2020-10-09,75.19700622558594,75.2615171900809,73.91810039747281,74.17864321287527,28706000
2020-10-12,77.8734359741211,79.09974266841846,76.05805679773535,76.57567423494667,49652000
2020-10-13,77.9990005493164,78.9081819781087,77.5781609104323,78.59701629629011,32020000
2020-10-14,77.82032775878906,78.79323245582033,76.94935780592786,78.34191317658463,38586000
2020-10-15,77.37615966796875,78.16896528957393,76.67641370865468,76.78161981885164,30800000
2020-10-16,78.06500244140625,78.46798588634778,77.56823235399628,77.70967336392972,28694000
2020-10-19,76.15929412841797,78.81636766601378,75.83125671227823,78.43473139414243,32142000
2020-10-20,77.21736145019531,78.28783163248045,75.71562417619946,75.78411076251808,44834000
2020-10-21,79.07242584228516,80.33396755918307,77.99649605999964,78.08086236751532,51366000
2020-10-22,80.16525268554688,80.49577391695124,78.66003959673263,79.05953963302305,28672000
2020-10-23,81.43919372558594,81.50668072441772,80.4223148935475,80.69824524177824,27516000
2020-10-26,78.93051147460938,81.30222682484997,78.23820173835696,80.64565218420124,37066000
2020-10-27,79.61585998535156,79.7441473728873,78.54985775226073,79.18956056493225,24580000
2020-10-28,75.26648712158203,77.48633378593614,75.16723307327203,77.4064352993474,36680000
2020-10-29,77.77864837646484,79.09229740527616,75.54539807737217,75.55135014014034,40062000
2020-10-30,80.4471206665039,83.72205714137297,79.62578157417596,82.98310033948256,86582000
2020-11-02,80.69625854492188,82.42032715898198,80.1999807387312,80.80196444544396,50708000
2020-11-03,81.8962631225586,82.46648738799148,80.22926907638302,80.98162191657488,33234000
2020-11-04,86.80543518066406,87.90891418908974,84.66647909556993,84.8773986729902,71418000
2020-11-05,87.51214599609375,89.01437540466563,86.87392737924584,88.38708404771462,41316000
2020-11-06,87.43175506591797,87.96177643736618,86.36972072940095,87.04465893399303,33218000
2020-11-09,87.4937744140625,90.22627824397908,87.3458815753932,88.87838609283818,45366000
2020-11-10,86.3717041015625,87.49378914223973,85.22579566361058,85.91016174921202,52722000
2020-11-11,86.98311614990234,87.55433245986977,86.71785556922241,86.84862678643563,25280000
2020-11-12,86.84068298339844,87.75532424241983,86.63026316716248,86.731009028004,24950000
2020-11-13,88.18955993652344,88.38906762036554,86.57814880833777,87.22727953659363,29998000
2020-11-16,88.40594482421875,89.28385895683124,87.72653880467419,87.92554670928337,24936000
2020-11-17,87.8486099243164,88.58558272213556,87.69228121377932,88.18558295716805,22942000
2020-11-18,86.68882751464844,88.01339637365582,86.65706803126969,87.60446084160549,23470000
2020-11-19,87.5394515991211,87.82084183837935,86.20372070478149,86.27195740237713,24998000
2020-11-20,86.46102905273438,88.03968879454243,86.44465709340311,87.60346164873442,46270000
2020-11-23,86.09724426269531,87.04216062074688,85.24662946823767,86.82876480752297,43232000
2020-11-24,87.78559875488281,87.92058790853834,85.7414286042471,85.88088559144109,31560000
2020-11-25,87.91214752197266,88.26500033701676,87.17319061042556,87.98460214757017,20916000
2020-11-27,88.99205017089844,89.52852339020494,87.9622751204519,87.99453439313902,17698000
2020-11-30,87.38162231445312,88.73770053168658,87.09675630499413,88.39620663082628,36476000
2020-12-01,89.2357177734375,90.56227050804702,87.80991098470858,88.05804990630652,34738000
2020-12-02,90.71710205078124,91.09923808767552,88.80757290127825,89.2357124739142,24440000
2020-12-03,90.6585464477539,91.6724416946224,90.45407870885856,90.52157328153272,24546000
2020-12-04,90.7190933227539,90.97566812482567,90.17319222758388,90.54688484704664,27564000
2020-12-07,90.29676055908205,90.93646342957646,89.61686233326083,90.27293716272597,26418000
2020-12-08,90.25059509277344,90.41685148383726,89.141663828488,89.83123975575077,21926000
2020-12-09,88.54241943359375,91.0307603904383,87.7324996571546,89.92604689915913,30152000
2020-12-10,88.10568237304688,88.40245247669192,86.3682104128395,87.83123628740503,27256000
2020-12-11,88.42529296875,88.55829808835796,87.34489519918117,87.49675608899089,24414000
2020-12-14,87.34786987304688,89.20047577067668,87.2066787766819,88.08931055077237,32004000
2020-12-15,87.73049926757812,87.91164339523793,86.84613335692426,87.56425044108076,29646000
2020-12-16,87.4937744140625,87.99005219568214,87.15034952279308,87.98409256106704,30270000
2020-12-17,86.74440002441406,87.92971620476524,86.28584130099148,87.76723095121923,32494000
2020-12-18,85.90618896484375,87.10222037127775,85.37070778287082,87.05606538133071,80328000
2020-12-21,86.32107543945312,86.39452964731738,84.31760056105747,85.03770169388588,36568000
2020-12-22,85.53348541259766,86.22355360350771,84.99130249938008,86.07591064896982,18734000
2020-12-23,85.97418975830078,86.74887425044554,85.60991743632805,85.76227813643804,20676000
2020-12-24,86.2952651977539,86.65010959091123,85.81189109023948,86.10420096497573,6936000
2020-12-28,88.14340209960938,88.86985660913243,86.66673026679015,86.9297568995485,27860000
2020-12-29,87.28136444091797,88.95481775152832,87.15084313993475,88.72405039679622,25988000
2020-12-30,86.3285140991211,87.59774972629965,85.63769624730531,87.4446469340254,26122000
2020-12-31,86.94192504882812,87.29180183899791,86.12505365283228,86.12505365283228,20238000
