Date,Close,High,Low,Open,Volume
2005-01-03,18.4204044342041,18.565067980727772,18.35840595911063,18.46173631296083,65002900
2005-01-04,18.48929786682129,18.668404485670337,18.365300875778317,18.509964469967507,109442100
2005-01-05,18.447959899902344,18.668398338540698,18.434182169008263,18.48929177866785,72463500
2005-01-06,18.42729949951172,18.640849144506447,18.351523268032192,18.49618686322791,76890500
2005-01-07,18.37218856811523,18.523739706407028,18.337745545658898,18.475518949401323,68723300
2005-01-10,18.46173858642578,18.503071784189217,18.28263331845183,18.323965202298364,70376600
2005-01-11,18.413516998291016,18.475515478197735,18.330853234359953,18.385962848286276,64712000
2005-01-12,18.447959899902344,18.49618064411489,18.337740680583167,18.4410710344553,72940600
2005-01-13,18.096643447875977,18.46174427656327,18.02086720920474,18.37908048339219,89861600
2005-01-14,17.99329948425293,18.220626714966677,17.938189892380397,18.186182398848647,92180800
2005-01-18,18.13108253479004,18.151749135549043,17.800424806148055,17.931310649787722,69146400
2005-01-19,17.896865844726562,18.08975017165579,17.855533958212078,18.0553058379629,58114100
2005-01-20,17.814210891723633,17.979539833554863,17.7315457638492,17.800433151424954,58380100
2005-01-21,17.669544219970703,18.000202046997856,17.662655351001295,17.876206347300727,76501000
2005-01-24,17.683311462402344,17.910638747798508,17.662644867760285,17.7453099324119,69010900
2005-01-25,17.924421310424805,18.041529417138456,17.738425850247186,17.74531471698528,67580700
2005-01-26,17.917531967163086,18.027751204207316,17.84175574897632,17.958863852575437,64974500
2005-01-27,17.986419677734375,18.020862697279192,17.807313085483983,17.876200438490592,93204100
2005-01-28,18.034648895263672,18.358417898264317,17.88309638473426,18.282642956917197,110466500
2005-01-31,18.10352897644043,18.26885784619897,18.02086388460263,18.15174973254704,71442100
2005-02-01,18.179304122924805,18.206859591867037,18.06219600775447,18.08286260946114,57981700
2005-02-02,18.227521896362305,18.25507736079454,18.103526248167825,18.19996774584693,79329500
2005-02-03,18.034648895263672,18.1862000918755,17.979539249775957,18.1655347960161,62545400
2005-02-04,18.13108253479004,18.16552686938838,18.00708555807004,18.027752158829045,61246500
2005-02-07,18.020862579345703,18.11730408457363,17.951975226789912,18.096638798548767,57763400
2005-02-08,18.075963973999023,18.144851295210913,18.020854379812786,18.04152097035126,61343700
2005-02-09,17.958871841430664,18.124200770542217,17.93820654649018,18.082868866743713,77874800
2005-02-10,17.95198631286621,18.000207095258453,17.9106544013754,17.979541796471935,71796400
2005-02-11,17.889976501464844,17.993308185874152,17.7797572644174,17.931309700795346,83835900
2005-02-14,17.917531967163086,17.99330818534985,17.848644615531203,17.86242234864097,58694000
2005-02-15,17.917537689208984,18.021186890394944,17.86916814985361,17.965907228564358,76551600
2005-02-16,17.82079315185547,17.917532200934318,17.737873025523097,17.876072796753483,57506600
2005-02-17,17.72406005859375,17.869170009734486,17.689510760592796,17.765519479789145,67024800
2005-02-18,17.606586456298828,17.724055887013897,17.551306801725318,17.717145765445842,77091100
2005-02-22,17.4338321685791,17.61349132182363,17.41310312803162,17.44765240759111,96419200
2005-02-23,17.413103103637695,17.5167522601415,17.392372745148723,17.440742263652464,83689400
2005-02-24,17.530580520629883,17.578950061266152,17.37856045809174,17.39929082606634,85236300
2005-02-25,17.447649002075195,17.53747790217896,17.378549138472923,17.50292862936296,62467700
2005-02-28,17.385465621948242,17.530575520438944,17.364735259886498,17.426925028100975,82728000
2005-03-01,17.468387603759766,17.558216546273762,17.364737100435516,17.406197828953577,56394800
2005-03-02,17.45456886291504,17.60658759331669,17.38546896074301,17.406199326785924,67739000
2005-03-03,17.392379760742188,17.48911883677147,17.37164939389117,17.4822087144878,52183600
2005-03-04,17.392379760742188,17.4822087144878,17.364739271607498,17.420018931905812,63058200
2005-03-07,17.599666595458984,17.82078640936106,17.385458217271253,17.3923683350154,80407400
2005-03-08,17.551294326782227,17.70331425728628,17.509834944812937,17.551294326782227,52871800
2005-03-09,17.489112854003906,17.668772018007445,17.468383812215052,17.54439249539187,62991800
2005-03-10,17.572038650512695,17.60658794329997,17.447659087724833,17.572038650512695,59132900
2005-03-11,17.33709716796875,17.60658530159421,17.31636680462416,17.585856256220463,60617900
2005-03-14,17.35091781616211,17.3785569832974,17.247267314984867,17.330187452332485,65550500
2005-03-15,17.212717056274414,17.440745773662567,17.198896814500394,17.344006717186016,71469400
2005-03-16,17.01923942565918,17.254178288786363,16.970869892304336,17.15052910045871,74841400
2005-03-17,16.957050323486328,17.05378938652458,16.950140202130612,17.026148901101717,60573200
2005-03-18,16.798118591308594,17.212716607934595,16.77738954715829,16.95013861092156,135904000
2005-03-21,16.722105026245117,16.832664289396295,16.68755443277889,16.825754170703046,71446200
2005-03-22,16.577003479003906,16.770482945487025,16.55627311253288,16.715203286201998,102113300
2005-03-23,16.70829200744629,16.853400608785492,16.556271966457473,16.57700233149348,79293300
2005-03-24,16.777381896972656,16.90867017662869,16.722102274493757,16.749741426748127,78820900
2005-03-28,16.722105026245117,16.90867295908124,16.708284788858627,16.8603034461989,49802000
2005-03-29,16.52863121032715,16.74974981092484,16.459531318147665,16.680649918745356,74231700
2005-03-30,16.694469451904297,16.71519981406915,16.583910156299957,16.611550639186426,59585700
2005-03-31,16.701383590698242,16.798122668133146,16.666834296748945,16.756663251799772,62382300
2005-04-01,16.666831970214844,16.825760808950367,16.65301172737587,16.749750791306898,64619600
2005-04-04,16.742839813232422,16.763570176430207,16.542451574203827,16.659920996382944,62196400
2005-04-05,16.90867042541504,16.92940077838845,16.666822897242778,16.735921437880464,73549600
2005-04-06,17.046871185302734,17.233440419564428,16.894852541443353,16.908671459634014,78020200
2005-04-07,17.34400749206543,17.364736537681775,17.019238385720197,17.039968749307402,77451500
2005-04-08,17.233444213867188,17.447652649642933,17.21271385506158,17.323273132750387,47956300
2005-04-11,17.254179000854492,17.350919389527522,17.178170295861886,17.295639732273358,47791800
2005-04-12,17.496030807495117,17.516761176536278,17.136712318608858,17.219632476802303,67517800
2005-04-13,17.302555084228516,17.585863578038285,17.26800446426916,17.433843486159898,60929300
2005-04-14,17.164344787597656,17.37164310922778,17.15743466781391,17.281814187980217,66754400
2005-04-15,16.901765823364258,17.205804509674675,16.867216541770837,16.98468594434732,100251600
2005-04-18,17.03306007385254,17.16434975177345,16.860310983209065,16.89486159212034,75766400
2005-04-19,17.01923942565918,17.13670885722277,16.894861190448555,17.07451908063199,65956200
2005-04-20,16.805025100708008,17.067604359264966,16.791204862263857,17.03996388237666,91923500
2005-04-21,17.468387603759766,17.544396303434407,16.90867963050406,16.915589751923736,93562300
2005-04-22,17.261091232299805,17.44766059257307,17.122892731260137,17.309460773562247,80087500
2005-04-25,17.267995834350586,17.468385376053252,17.178166903292286,17.323275480687403,75457900
2005-04-26,17.109066009521484,17.44765398816504,17.095245769257506,17.240355656087974,60464300
2005-04-27,17.267995834350586,17.378555127024217,17.019236766849552,17.03996712846488,47732800
2005-04-28,16.894859313964844,17.219627086112332,16.88794919311437,17.15052719557839,83623100
2005-04-29,17.482208251953125,17.482208251953125,17.129801250607066,17.191989713572646,98641200
2005-05-02,17.4338321685791,17.523662404186634,17.240354094293092,17.4338321685791,54376700
2005-05-03,17.52366828918457,17.551307458520157,17.337098953778195,17.36473812311378,67867800
2005-05-04,17.420011520385742,17.55130115197489,17.350912962889826,17.509841753883236,86864200
2005-05-05,17.4338321685791,17.50293204566862,17.330183011930092,17.41310312803162,59362300
2005-05-06,17.426931381225586,17.60659063067796,17.40620232957766,17.502941418524617,64322600
2005-05-09,17.35091781616211,17.502936530333397,17.309457088502864,17.43383663553886,61872400
2005-05-10,17.205806732177734,17.33018627073334,17.15052708370533,17.302547105482528,62235100
2005-05-11,17.212717056274414,17.25417646362568,17.026147746237527,17.198896814500394,59463300
2005-05-12,17.27490234375,17.350912335813046,17.157432955093682,17.164343074187638,74540700
2005-05-13,17.482208251953125,17.53748791078888,17.267999738710945,17.295640227114337,77204300
2005-05-16,17.669363021850586,17.676295060924787,17.46140713822962,17.48913397237516,50577300
2005-05-17,17.648569107055664,17.67629726681276,17.503000234785187,17.544591152269405,39983200
2005-05-18,17.814926147460938,17.911972011789203,17.62083309665367,17.676288065148498,71182400
2005-05-19,17.967430114746094,18.05754395846424,17.81492925531885,17.849588120867917,52120800
2005-05-20,17.842655181884766,17.967429206999142,17.835723144694978,17.93970105823999,64444500
2005-05-23,17.918912887573242,18.07141379562549,17.842661772471423,17.842661772471423,75421100
2005-05-24,17.849590301513672,17.939704156240833,17.828794186353033,17.884249171296933,61287700
2005-05-25,17.82187271118164,17.863464966155092,17.67630378523031,17.80107790584683,35749000
2005-05-26,17.953571319580078,18.022890393215025,17.835729291046082,17.84959337020334,50579200
2005-05-27,18.07141494750977,18.085279027894057,17.891185868968424,17.905049949352716,54978000
2005-05-31,17.88425064086914,18.043684892566013,17.84959176823791,18.01595673674004,46131100
2005-06-01,17.89118194580078,18.02288803626815,17.752545138812508,17.835726958575236,54621000
2005-06-02,17.8773193359375,17.92584228488541,17.773340077162032,17.821863026109945,27212500
2005-06-03,17.627775192260742,17.89118611238873,17.5653881518341,17.814936313540667,79659500
2005-06-06,17.5861873626709,17.676301257925328,17.544595113644185,17.593118082023626,40756900
2005-06-07,17.683231353759766,17.905051368888678,17.544593183228404,17.558457264711855,54511400
2005-06-08,17.60696792602539,17.759470071489222,17.565377032785555,17.710945820200312,45369700
2005-06-09,17.683231353759766,17.752550439025445,17.57232134619531,17.60698022775236,52767900
2005-06-10,17.627775192260742,17.690162232687385,17.5653881518341,17.669366111828005,39459800
2005-06-13,17.544588088989258,17.669362141807827,17.509929217495742,17.57924828263397,49104100
2005-06-14,17.579259872436523,17.63471489667772,17.496076674998694,17.544599655940733,44243300
2005-06-15,17.50993537902832,17.613913352248645,17.405957405808,17.6069813110804,50764800
2005-06-16,17.357437133789062,17.48914196997229,17.29505007574359,17.482209927728142,65918800
2005-06-17,17.357437133789062,17.530734223437186,17.27425394901114,17.51687013894889,90821300
2005-06-20,17.405954360961914,17.523796395904462,17.281180286063755,17.315839163690384,50538900
2005-06-21,17.433685302734375,17.461413469084373,17.35743548957537,17.38516233377362,81084000
2005-06-22,17.37822723388672,17.509933356567476,17.35050039456796,17.405955395356987,60492700
2005-06-23,17.544588088989258,17.75947732313288,17.433678113628574,17.44754219108646,105159800
2005-06-24,17.357437133789062,17.60698404381909,17.357437133789062,17.482209927728142,57970700
2005-06-27,17.364356994628906,17.5029951085072,17.350494240961908,17.378221070446944,61636200
2005-06-28,17.37822723388672,17.468342436513584,17.35050039456796,17.392091314621855,53058100
2005-06-29,17.3920955657959,17.551528566765846,17.32970850938995,17.48220946829792,55859900
2005-06-30,17.218788146972656,17.42674399542143,17.204924071169128,17.371289014358354,82018200
2005-07-01,17.128671646118164,17.322764725840383,17.100944818815524,17.225718847054743,69718400
2005-07-05,17.31584358215332,17.4614138140633,17.06629669083185,17.094023535577893,61883500
2005-07-06,17.12173843383789,17.385149204475834,17.114806397485477,17.308898126750044,64214600
2005-07-07,17.087087631225586,17.128678550018687,16.983109673167103,17.038564672275058,80082900
2005-07-08,17.3920955657959,17.412891691981827,17.07322824170417,17.080160283766148,56104000
2005-07-11,17.53072166442871,17.59310735562921,17.405947637725873,17.433674464687105,61525400
2005-07-12,17.752546310424805,17.75947834955439,17.46833931686821,17.496066151235276,63384800
2005-07-13,17.78721046447754,17.849597513013602,17.662436367405412,17.69709657334304,44749200
2005-07-14,18.002094268798828,18.09220946114123,17.87732152287693,17.87732152287693,69506800
2005-07-15,17.8773193359375,18.092207247914477,17.849591181023722,18.05061633769501,56472800
2005-07-18,17.710952758789062,17.87731904122675,17.710952758789062,17.821862732313406,39668000
2005-07-19,18.13380241394043,18.19618945498679,17.8495953701299,17.877323531551173,113290100
2005-07-20,18.15459632873535,18.18232316463556,17.93970707028981,18.02289022229314,71424800
2005-07-21,18.327892303466797,18.35561913778363,18.02288919307396,18.230845077979687,112932100
2005-07-22,17.801082611083984,18.25858695950558,17.76642238944461,18.01597069663903,97558900
2005-07-25,17.80800437927246,17.95357325970026,17.780276217961546,17.80800437927246,45174600
2005-07-26,17.70401954650879,17.84265633279436,17.69708750887186,17.828792257520508,51476400
2005-07-27,17.828794479370117,17.884249465225423,17.697089714308238,17.752544700163543,57977300
2005-07-28,17.849590301513672,17.91890936323133,17.787203278182893,17.849590301513672,44738700
2005-07-29,17.752546310424805,18.02288922572223,17.738682232165637,17.870388331325195,59524400
2005-08-01,17.967430114746094,18.05754395846424,17.856520158407925,17.891179023956987,61346800
2005-08-02,18.58436584472656,18.64675285685237,17.93277021920288,17.95356500847755,137510100
2005-08-03,18.889379501342773,19.014153595831687,18.52892129996406,18.54971742309609,139422400
2005-08-04,18.937902450561523,19.06267654494543,18.750741308985667,18.82699243825397,91461400
2005-08-05,19.242904663085938,19.36767875109982,18.889378521097125,18.91710668383424,82212400
2005-08-08,18.80619239807129,19.29835663205777,18.771533522251005,19.270628473680453,77207200
2005-08-09,18.95869827270508,19.069608283251924,18.723014169755128,18.868583062791007,64761800
2005-08-10,18.681415557861328,19.062668396939692,18.612096499260424,19.000281376413987,62818800
2005-08-11,18.90323829650879,18.924033091673223,18.639826099114966,18.7022131289108,48646800
2005-08-12,18.750734329223633,18.81312135319268,18.64675639665894,18.77153044459703,52006500
2005-08-15,18.861976623535156,18.980168203492617,18.556070096882028,18.757690247354624,45976600
2005-08-16,18.59082794189453,18.868925329649624,18.563018866155495,18.792449376812563,46894600
2005-08-17,18.736827850341797,18.875875865977616,18.535206437471576,18.64644538040935,52413100
2005-08-18,18.64645767211914,18.82722140507034,18.632552463567432,18.69512457597645,40861900
2005-08-19,18.576923370361328,18.709020131297695,18.56301949505723,18.66730585323942,36043500
2005-08-22,18.70902633666992,18.88979003630845,18.611692546892805,18.625597752881944,41691700
2005-08-23,18.681217193603516,18.82026527484916,18.59083468102409,18.660359384683627,48296700
2005-08-24,18.63949203491211,18.882827710129433,18.61863556274129,18.66034983315568,63645000
2005-08-25,18.79244804382324,18.834162317509385,18.66730389669196,18.702065570418274,39306300
2005-08-26,18.75074005126953,18.8272173557818,18.681216675611164,18.813312150220774,36774600
2005-08-29,18.875883102416992,18.931502595208705,18.6394999265339,18.6394999265339,52307700
2005-08-30,18.896745681762695,18.931507376258903,18.74379104340264,18.8133157584687,55163200
2005-08-31,19.035785675048828,19.07750128195845,18.799403866259684,18.88978502908438,65210200
2005-09-01,18.910646438598633,19.042741907449077,18.875883426211676,19.035789304971686,75974500
2005-09-02,18.785497665405273,18.959308706737136,18.750734661495095,18.91759310204492,52047500
2005-09-06,18.77159118652344,18.97321261726406,18.75768598590555,18.813305462304186,46089000
2005-09-07,18.667308807373047,18.848072475662395,18.64645100200663,18.7298808973991,44656100
2005-09-08,18.50044059753418,18.68815544266014,18.437868540468028,18.6325359837205,52552300
2005-09-09,18.479595184326172,18.646453672938847,18.44483349647605,18.50740559546498,41515800
2005-09-12,18.50044059753418,18.59777431916042,18.437868540468028,18.507393195660697,40550500
2005-09-13,18.41006851196289,18.604737390877272,18.333592541663837,18.45178412420592,63422900
2005-09-14,18.29187774658203,18.52130831987514,18.28492514423093,18.43787974380854,54969600
2005-09-15,18.264070510864254,18.37530950758832,18.22930749559209,18.33359521533516,60357200
2005-09-16,18.125019073486328,18.354449644312485,18.055494376796187,18.31273535672772,187384300
2005-09-19,18.076353073120117,18.264069365598587,17.97901928860833,18.13892517061294,61832300
2005-09-20,17.96510887145996,18.229301063949237,17.860822514584534,18.12501470707381,61043400
2005-09-21,17.721773147583008,18.00682314176205,17.680058870064187,17.937298461848705,68281800
2005-09-22,17.617483139038086,17.798246738915335,17.485386407190735,17.72176947425539,71314900
2005-09-23,17.568824768066406,17.75654105788904,17.46453838241161,17.59663385207346,66396800
2005-09-26,17.568824768066406,17.72177804528855,17.52710915294582,17.659205948681006,56203700
2005-09-27,17.617483139038086,17.693960403698032,17.589672742408034,17.638340936510627,48797900
2005-09-28,17.8469181060791,17.985967472137737,17.645296657901387,17.652249258811622,71019400
2005-09-29,18.034645080566406,18.07635938476905,17.728737088908105,17.805214418341134,66807100
2005-09-30,17.88863182067871,18.041586383728657,17.805203264536004,18.01377598096576,57644500
2005-10-03,17.728727340698242,17.888633190611703,17.68701305943236,17.87472798816538,55341300
2005-10-04,17.367206573486328,17.652256700611613,17.207300663357238,17.631400215161307,151666300
2005-10-05,17.151670455932617,17.41586260667617,17.151670455932617,17.40891133324611,73684700
2005-10-06,17.193382263183594,17.346336778182902,17.054334271269994,17.144715399710204,81724600
2005-10-07,17.09606170654297,17.269872824888406,17.047394805578023,17.22120592392346,50768700
2005-10-10,17.005672454833984,17.158627027155124,16.929196494746485,17.151674426042973,48880900
2005-10-11,16.970905303955078,17.068239035998793,16.859666374170075,17.040429966588864,76567300
2005-10-12,16.894432067871094,17.17253078466856,16.873575592362354,17.026528825742595,71294400
2005-10-13,17.09606170654297,17.193395508472864,16.873583687232586,16.901392776609587,70192000
2005-10-14,17.151670455932617,17.193384726876808,17.03347891653011,17.179479527871155,53846700
2005-10-17,17.054346084594727,17.165585085608452,16.99177398076532,17.15863248228591,46924400
2005-10-18,17.0821590423584,17.262922791482282,16.998730435731247,17.026539529249032,69328200
2005-10-19,17.443683624267578,17.443683624267578,17.033489286387066,17.075203582726598,66574500
2005-10-20,17.235109329223633,17.47149120546521,17.200346313545857,17.41587170645423,58830600
2005-10-21,17.228151321411133,17.381104564189705,17.082149353513955,17.31853248167278,69431200
2005-10-24,17.450632095336914,17.450632095336914,17.158629437965246,17.30463010361445,51868000
2005-10-25,17.401962280273438,17.471485637325067,17.26291291402411,17.346342798988314,41310500
2005-10-26,17.45758628845215,17.610539570130005,17.332442091591457,17.36025117640862,58178100
2005-10-27,17.276817321777344,17.568819916621326,17.276817321777344,17.534056913620272,61566100
2005-10-28,17.749588012695312,17.79825490304891,17.45063274215371,17.45063274215371,106559300
2005-10-31,17.867769241333008,17.9372925723462,17.72871992716155,17.805197182563106,75122100
2005-11-01,18.04854202270508,18.145877129839047,17.80520757005344,17.80520757005344,71370400
2005-11-02,18.39616584777832,18.423976259780027,18.027687171269715,18.027687171269715,75067100
2005-11-03,18.38225746154785,18.521305509249277,18.250160689069357,18.493496430138237,73421600
2005-11-04,18.535213470458984,18.56997515603969,18.38921279973207,18.444832292305176,57464000
2005-11-07,18.77855110168457,18.82721799673159,18.56302571244488,18.576929592405858,77104800
2005-11-08,18.80635452270508,18.896737008629728,18.61168700115605,18.729878564699263,60091700
2005-11-09,18.743785858154297,18.875882647629417,18.729881979846343,18.757691062535525,59562100
2005-11-10,18.83417320251465,18.875887500309116,18.5213126538721,18.72988679499167,73314800
2005-11-11,18.966264724731445,19.04274069496674,18.861977020284076,18.87588222435349,51945600
2005-11-14,19.028833389282227,19.077500268685508,18.91064182812869,19.0218807884999,67152200
2005-11-15,19.175270080566406,19.203162020883017,19.000949443470347,19.056731994142652,65081000
2005-11-16,19.342618942260746,19.440238079552092,19.13343469664756,19.16132530874752,86277000
2005-11-17,19.50299072265625,19.523909676095094,19.35656203846672,19.41931756882246,91351000
2005-11-18,19.572710037231445,19.69822103894579,19.454172016719028,19.607574943241083,75431200
2005-11-21,19.63547706604004,19.691259618445116,19.412346856419735,19.57272152833921,65794400
2005-11-22,19.46114730834961,19.57968534293487,19.426283728161145,19.56573937887535,104253300
2005-11-23,19.46812438964844,19.586662449193444,19.34261334660542,19.46812438964844,70541300
2005-11-25,19.35656356811523,19.482074638745203,19.15435099210897,19.384454178276947,44082500
2005-11-28,19.349584579467773,19.419313078178675,19.196182946272184,19.37747651093633,57517200
2005-11-29,19.3007755279541,19.37747701151357,19.244992993536453,19.37747701151357,62220400
2005-11-30,19.3007755279541,19.363531045419023,19.265910612717743,19.3007755279541,55904700
2005-12-01,19.447206497192383,19.593636498696064,19.33564141507562,19.33564141507562,61006100
2005-12-02,19.5308780670166,19.593633582612583,19.3774764344267,19.398394052985036,42319600
2005-12-05,19.41930770874023,19.53784572478486,19.321687305552818,19.47509022629299,47517300
2005-12-06,19.30774307250977,19.468117647542073,19.300770091426603,19.454171685375748,65980000
2005-12-07,19.349584579467773,19.349584579467773,19.21012758204597,19.29380204649115,55583200
2005-12-08,19.30774307250977,19.391416185587424,19.244987572721445,19.32168770471594,63931600
2005-12-09,19.321687698364254,19.405362141374564,19.27287816075831,19.321687698364254,48467000
2005-12-12,19.140405654907227,19.34958987836466,19.056731167547735,19.31472628444204,63757200
2005-12-13,18.91727066040039,19.126456175430754,18.82662453485966,19.028837066392953,104285500
2005-12-14,18.889379501342773,18.9939715908044,18.722031892212055,18.82662398167368,65076200
2005-12-15,18.770835876464844,18.903319859790567,18.694134412966765,18.882400916120133,79018100
2005-12-16,18.756895065307617,18.88240610187952,18.694139547021667,18.742949099030614,88542500
2005-12-19,18.70808982849121,18.73598176747874,18.58257876296903,18.70111684374433,68680100
2005-12-20,18.729001998901367,18.742946633383397,18.59651799661933,18.659273506649747,62960600
2005-12-21,18.638355255126953,18.76386627986889,18.624409290164422,18.735975679904247,75800900
2005-12-22,18.54073715209961,18.673221166409704,18.422199103498052,18.624410286429832,91276900
2005-12-23,18.575603485107425,18.596522436765675,18.436147797267807,18.49193033839579,30689200
2005-12-27,18.450092315673828,18.7220333656284,18.44312066179355,18.603495300253503,37819000
2005-12-28,18.401287078857425,18.589553696880955,18.37339646690634,18.484961574632656,35444400
2005-12-29,18.31761360168457,18.477988275070015,18.310640616325077,18.415232736795545,34495500
2005-12-30,18.23393821716309,18.345503317546516,18.199074622028604,18.23393821716309,49044600
2006-01-03,18.715063095092773,18.82662819280139,18.199074185700187,18.30366629855691,79973000
2006-01-04,18.80570602416992,18.882407514470906,18.666250340848897,18.666250340848897,57975600
2006-01-05,18.81964683532715,18.91726591990248,18.763864311289776,18.79872789007803,48245500
2006-01-06,18.76386833190918,18.82662385114317,18.47100968547075,18.7499223654215,100963000
2006-01-09,18.729001998901367,18.87543063566544,18.659273506649747,18.777811544489392,55625000
2006-01-10,18.826623916625977,18.84056988316216,18.54073825243702,18.582574822085007,64921900
2006-01-11,19.02882957458496,19.098556722182312,18.756888645106947,18.833590103416142,70120700
2006-01-12,18.924240112304688,19.007914568693845,18.805702074896928,19.00094158649805,45994800
2006-01-13,18.95911026000977,19.000946834779903,18.8335992057386,18.847545173982223,41418000
2006-01-17,18.81964683532715,18.95910381040072,18.75689132954007,18.75689132954007,58566600
2006-01-18,18.70808982849121,18.812681939772744,18.61744368670345,18.645334295730123,52376200
2006-01-19,18.84056282043457,18.99396440494553,18.72202480923426,18.73597077054255,60367600
2006-01-20,18.415233612060547,18.83360344378825,18.31064148661888,18.83360344378825,79165900
2006-01-23,18.37339210510254,18.49890315398884,18.338527185989303,18.41522867807775,47925600
2006-01-24,18.324583053588867,18.443121121921106,18.28274514949934,18.366419627717683,63040700
2006-01-25,18.408246994018555,18.526785003057935,18.289708984979175,18.415219974545582,59072100
2006-01-26,18.47798538208008,18.63138704608883,18.345501340913884,18.519821957725963,69509300
2006-01-27,19.37747383117676,19.48903888170139,18.959104226729227,18.98699482438023,134520700
2006-01-30,19.523908615112305,19.649419669003173,19.370506954779422,19.398397561221437,103999200
2006-01-31,19.628507614135746,19.788882314924788,19.433269310552973,19.461159926795716,94841300
2006-02-01,19.55179214477539,19.57270975812271,19.35655266378608,19.496008295955452,68448800
2006-02-02,19.3007755279541,19.51693268257743,19.21012807830009,19.502986716482884,55073400
2006-02-03,19.203147888183594,19.314712907421093,19.06369094915675,19.16131000849958,75022700
2006-02-06,18.945165634155273,19.203160745100053,18.889383087188943,19.18224179125237,60170500
2006-02-07,18.7847843170166,18.93121295214609,18.694136879113277,18.79175729915996,72159500
2006-02-08,18.76386833190918,18.88240638713332,18.624411326953524,18.83359683438701,51795200
2006-02-09,18.589555740356445,18.847550911559555,18.582582754111915,18.798740007847833,52861700
2006-02-10,18.610462188720703,18.749917829982714,18.484951180612725,18.56165264778099,52127000
2006-02-13,18.401287078857425,18.617445638793033,18.36642348142832,18.5686347404469,46707000
2006-02-14,18.58257484436035,18.603493794189703,18.373390665909092,18.41522723560723,58432900
2006-02-15,18.806459426879883,18.841442482050557,18.540594879918277,18.610559655792525,62808900
2006-02-16,18.757484436035156,18.82045260071389,18.589569775047575,18.78547088009997,48868500
2006-02-17,18.680532455444336,18.757492540941985,18.58258119336092,18.659542613326245,41513200
2006-02-21,18.568578720092773,18.694513697645412,18.42864918796728,18.694513697645412,50216100
2006-02-22,18.694517135620117,18.79246835990824,18.51960585553003,18.56158552356801,43043100
2006-02-23,18.652544021606445,18.813462124047053,18.568587330971145,18.70151898022163,47359100
2006-02-24,18.631547927856445,18.708509313828923,18.554587876351057,18.60356281852733,44753800
2006-02-27,18.925403594970703,19.072329792296316,18.659538985503172,18.715510552468302,51301500
2006-02-28,18.799463272094727,19.10030952570585,18.799463272094727,18.85543482328599,65036100
2006-03-01,18.988374710083008,19.030354392647183,18.855443052032665,18.876431558847123,53061200
2006-03-02,18.86942672729492,18.96038133210486,18.820451786766668,18.90440978086299,41850300
2006-03-03,18.841440200805664,19.00235823170615,18.70850727618629,18.75748221302844,45218800
2006-03-06,18.82744789123535,18.995362540445957,18.771476341498484,18.83444450176084,53054100
2006-03-07,18.93239402770996,18.96038046929086,18.75748277123028,18.820450930320323,51613900
2006-03-08,19.065326690673828,19.240237944716707,18.869425605737696,18.8834188263332,57547400
2006-03-09,18.890419006347656,19.184270022047308,18.890419006347656,19.079323516683264,45360700
2006-03-10,19.009355545043945,19.044337262806035,18.80645784551624,18.93239416460695,41297200
2006-03-13,18.96738624572754,19.093322624766728,18.84844648046471,19.016361207694416,40342600
2006-03-14,19.051345825195312,19.15629237878725,18.883431072554657,18.918414146730516,39821800
2006-03-15,19.142290115356445,19.2052582802991,18.897414066631356,19.03034700756219,57152000
2006-03-16,19.079322814941406,19.226247650153695,19.044339758128597,19.128297760012167,73793700
2006-03-17,19.240236282348633,19.352179368506768,19.07931826280467,19.135289805883737,120615000
2006-03-20,19.513111114501953,19.58307592618408,19.359189596375508,19.38017944022048,67094100
2006-03-21,19.408157348632812,19.743986718490763,19.36617901101739,19.408157348632812,73199600
2006-03-22,18.995363235473633,19.24023927495741,18.750487195989855,18.94638829447029,145696100
2006-03-23,18.785472869873047,18.960384160403585,18.652539915419013,18.946390936889003,73682900
2006-03-24,18.89742088317871,19.03734915116193,18.62455962631398,18.6875264795025,69157600
2006-03-27,18.89742088317871,19.100317338818037,18.89042426960941,18.89742088317871,59908600
2006-03-28,18.820463180541992,19.03735290609936,18.757494980466006,18.89742461051661,58520500
2006-03-29,18.90441513061523,19.030351490164875,18.834450338146834,18.855440176227575,53150300
2006-03-30,19.051345825195312,19.163288993622416,18.890427687389824,18.911417531895346,54612000
2006-03-31,19.037343978881836,19.26822816053673,19.037343978881836,19.10031214943004,62190500
2006-04-03,19.28221321105957,19.401152898306194,19.19825656974828,19.359174577650546,57605300
2006-04-04,19.33818817138672,19.450131269251163,19.219248463097376,19.310203064154106,45470000
2006-04-05,19.408157348632812,19.54808691997394,19.33819256296225,19.506107247891222,41539300
2006-04-06,19.28221321105957,19.394156289119127,19.14928163990557,19.35217796846348,51885500
2006-04-07,19.065326690673828,19.394159367866333,19.05133347007833,19.317199323525003,47249400
2006-04-10,19.093311309814453,19.19825778533188,19.030343157610627,19.051331652034012,39432000
2006-04-11,18.981382369995117,19.114315392443064,18.89042903956311,19.09332688090302,42953400
2006-04-12,19.03034210205078,19.03034210205078,18.869422758418516,18.960377344097633,32183000
2006-04-13,18.93939971923828,19.030354363520495,18.890424757455992,18.946396332988268,28160000
2006-04-17,18.778480529785156,18.925405406708535,18.701519117415263,18.91141351447837,35796200
2006-04-18,19.044330596923828,19.240231617436585,18.76447294938169,18.848430910877596,56272700
2006-04-19,18.91141891479492,19.023362091407883,18.862442607367313,18.9673905031014,45111100
2006-04-20,18.91141891479492,19.023362091407883,18.680535946222193,18.92541081102059,45648300
2006-04-21,18.995363235473633,19.163277890828123,18.890416742685456,18.92539846212583,58528000
2006-04-24,18.96738624572754,19.065336169661293,18.87643160110251,18.939399790622105,42318400
2006-04-25,18.96738624572754,19.037349714555862,18.904418056207945,18.953393018174825,49222500
2006-04-26,18.960391998291016,19.051345319799783,18.890427186263143,18.946398768991884,39190000
2006-04-27,19.065326690673828,19.33119120965354,18.84843710931141,18.869425605737696,96509600
2006-04-28,16.896427154541016,17.14130318116535,16.791480667264015,16.95239870338655,591052200
2006-05-01,16.9943790435791,17.491126392584317,16.85444949865161,17.015367541191296,174800900
2006-05-02,16.79848289489746,17.4911315438998,16.721521489074725,17.134312300268153,190533500
2006-05-03,16.210783004760742,16.805481826193528,16.196789777322884,16.784491985036745,211527100
2006-05-04,16.399681091308594,16.5605991398531,16.18978676608494,16.336712927188206,171257400
2006-05-05,16.65155792236328,16.75650578692985,16.455658088703085,16.553608005533185,131604300
2006-05-08,16.602577209472656,17.491126769642598,16.448655774307948,16.686535205132454,80693500
2006-05-09,16.52562141418457,16.79148602237315,16.434666784261633,16.616574709640098,75345900
2006-05-10,16.63056182861328,16.64455504876615,16.504625516171295,16.560597062315853,76563300
2006-05-11,16.245752334594727,16.64455100526896,16.19677741042419,16.588578138255087,92916700
2006-05-12,16.210783004760742,16.350712610204088,16.126824974601213,16.189793163603955,83115900
2006-05-15,16.25994300842285,16.316132823609607,16.175658955478156,16.224824876307707,67314800
2006-05-16,16.161609649658203,16.856959049697746,16.091372052350316,16.266965375784665,82095100
2006-05-17,15.96495532989502,16.210786415163078,15.96495532989502,16.077335024930992,98598300
2006-05-18,16.035184860229492,16.252920241726226,15.986018935988708,16.042208755074025,95476400
2006-05-19,15.845545768737791,16.084352865668023,15.817451525395423,16.007092691723162,100071200
2006-05-22,16.070302963256836,16.168636151216464,15.768283523560068,15.789353868381378,87322300
2006-05-23,16.007089614868164,16.42148866729318,15.993041826061654,16.231848877088808,79986300
2006-05-24,16.505767822265625,16.533863389260194,16.140533489358432,16.147557381107074,107356700
2006-05-25,16.674346923828125,16.80077436965091,16.533873025991483,16.55494337384785,83052700
2006-05-26,16.660293579101562,16.77267319578209,16.54791396242103,16.69541304660842,46861600
2006-05-30,16.25994300842285,16.68839118651614,16.25291911406565,16.540892084356617,52497500
2006-05-31,15.908761978149414,16.400424040386984,15.908761978149414,16.3372103083944,120202000
2006-06-01,16.028160095214844,16.04220788414126,15.88768622496337,15.971970279180075,80230800
2006-06-02,15.986021995544434,16.14756758887397,15.922808269516144,16.063283513950392,73935600
2006-06-05,15.803393363952637,15.964938841263292,15.796369472808228,15.957914950118882,63914100
2006-06-06,15.543523788452148,15.845544584927856,15.43816803936484,15.83852068969923,126601300
2006-06-07,15.480304718017578,15.726134246382916,15.459233041441784,15.557564852787918,73827500
2006-06-08,15.5294771194458,15.599713391403023,15.431143927297862,15.473287298077413,104126900
2006-06-09,15.39603042602539,15.585671632608502,15.37495873429235,15.557576043631116,52573800
2006-06-12,15.248523712158203,15.52245021035348,15.241501158062848,15.424117037298696,74309700
2006-06-13,15.108052253723145,15.473286749504547,15.072932779318606,15.262573922090215,113175300
2006-06-14,15.367928504943848,15.410071871045442,15.13614535006854,15.164240927469605,86081500
2006-06-15,15.501370429992676,15.543512430900485,15.31172941640246,15.459228429084868,121577300
2006-06-16,15.522455215454102,15.648882664668168,15.304719797180532,15.431145906723414,147506500
2006-06-19,15.838520050048828,15.873639524773628,15.536500605441436,15.550547055660376,129640900
2006-06-20,15.845545768737791,15.986021004463035,15.803403733888675,15.831499316902176,90598500
2006-06-21,16.21078109741211,16.259947030403104,15.824476189907564,15.880666018993155,91660300
2006-06-22,16.070302963256836,16.273991894335893,16.000066694291192,16.196730390868534,76590600
2006-06-23,15.803393363952637,16.06327197761477,15.803393363952637,16.04922419532595,60532600
2006-06-26,16.028160095214844,16.077326016786404,15.894708779755687,15.908756568682104,53644100
2006-06-27,16.056245803833008,16.26695714952848,16.042198023541292,16.077316134600515,84759100
2006-06-28,16.266965866088867,16.330179571604223,16.091372537361938,16.12649066723901,71906500
2006-06-29,16.484699249267578,16.597078859053784,16.309105941517803,16.379343532551836,121395500
2006-06-30,16.36529541015625,16.61112630388902,16.36529541015625,16.533866161042592,73048800
2006-07-03,16.64624786376953,16.660294311719245,16.470654537525846,16.526844348336997,25711400
2006-07-05,16.400419235229492,16.51982276737908,16.365299761261408,16.49172718820461,53093500
2006-07-06,16.491722106933594,16.58303137144633,16.449580090827236,16.470651768715683,44775200
2006-07-07,16.36529541015625,16.540888714298145,16.36529541015625,16.42850910682098,63168800
2006-07-10,16.505767822265625,16.618147410903166,16.421482460952284,16.456601919695498,50565100
2006-07-11,16.224824905395508,16.414466034367365,15.971970066766367,16.414466034367365,88676300
2006-07-12,15.901731491088867,16.070300926651164,15.887685042878433,16.007088560527244,77379300
2006-07-13,15.634828567504885,15.880659470765185,15.627804674306516,15.712090053016286,73099500
2006-07-14,15.655895233154297,15.838511039144876,15.613751887460886,15.648871342205394,67499400
2006-07-17,15.789348602294922,15.880657864970196,15.63482698656743,15.655898664031843,37053500
2006-07-18,15.971976280212402,15.986024074416887,15.78935897456824,15.86662050302153,65047300
2006-07-19,16.435543060302734,16.47768510398509,15.957928766331326,16.028166398916195,82188200
2006-07-20,16.049232482910156,16.47065679150017,16.000066559180993,16.463632896728726,76605200
2006-07-21,16.765647888183594,16.962311515237047,16.154582650639185,16.913145608473684,175483800
2006-07-24,16.856962203979492,16.93422370944245,16.709464427736748,16.863986098991667,59586700
2006-07-25,17.011486053466797,17.060653324847653,16.786726742981834,16.856964362426176,60075800
2006-07-26,17.11684799194336,17.229227678959134,16.92720676772741,16.941254563522268,54942100
2006-07-27,16.765647888183594,17.27837997253079,16.695410304377152,17.264332187835407,85386800
2006-07-28,17.032554626464844,17.053626310346125,16.8991033078919,16.913151097146088,51705800
2006-07-31,16.899112701416016,17.151967689859436,16.863994548430725,16.906136599947406,40254400
2006-08-01,16.849939346313477,16.99743847130782,16.751607489431297,16.87101103264726,49168700
2006-08-02,17.06766700744629,17.137904590373445,16.878027275114572,16.941240965781965,46462000
2006-08-03,17.004453659057617,17.194094734877044,16.962311644321243,16.990407213925824,43155300
2006-08-04,17.06064796447754,17.201121819558875,16.962314792282783,17.137908115887512,45690400
2006-08-07,17.011486053466797,17.19410332815362,16.99041570540331,17.0536294289361,36862400
2006-08-08,17.09576988220215,17.222197317564515,16.997438027885213,17.1308880188379,58171300
2006-08-09,17.166004180908203,17.306478040000993,17.09576658152642,17.201122310763704,44405700
2006-08-10,17.1800479888916,17.278381148782994,17.095763954322496,17.116835632800058,31753400
2006-08-11,17.158981323242188,17.173029111901055,16.997435772677814,17.158981323242188,30255500
2006-08-14,17.22922134399414,17.278387271526913,17.102793907669263,17.222197448679307,47831900
2006-08-15,17.356109619140625,17.377257551072752,17.229216649131818,17.306761307222967,48994500
2006-08-16,17.412504196166992,17.43365212548894,17.25036245194358,17.34905771899345,52373600
2006-08-17,17.412504196166992,17.447751641439474,17.34905771899345,17.412504196166992,45674800
2006-08-18,18.180923461914062,18.18797188037431,17.609904755087154,17.65925175193779,128414800
2006-08-21,18.413545608520508,18.420594021370626,18.01876725872659,18.089263488661487,88398300
2006-08-22,18.061073303222656,18.505197450406516,18.061073303222656,18.3360072350696,89312400
2006-08-23,18.096323013305664,18.293712294740217,17.99057928363177,18.08222349078795,44648500
2006-08-24,18.14566421508789,18.230259978631807,17.976474032604102,18.202060942582488,35933300
2006-08-25,18.22321128845215,18.32895499063112,18.110417826847364,18.124516001094868,33115900
2006-08-28,18.293712615966797,18.32896007827553,18.1104228538315,18.216166585362192,34190900
2006-08-29,18.216163635253903,18.314857589418462,18.068121359402795,18.27256037257712,42711200
2006-08-30,18.187959671020508,18.251406151410432,18.075166226905953,18.22320846268375,30283100
2006-08-31,18.117469787597656,18.314857697087163,18.103370267032897,18.237313023189554,26380500
2006-09-01,18.216163635253903,18.307807829177527,18.07517111964373,18.25141109185431,31594600
2006-09-05,18.05402183532715,18.30075670231342,18.0187730367547,18.110418568438895,44222400
2006-09-06,18.05402183532715,18.13156650297819,17.983525582786424,17.983525582786424,50160400
2006-09-07,17.9271297454834,18.117469233473265,17.898930705216344,17.962377201212966,51266900
2006-09-08,18.04697608947754,18.180918864634982,17.948280776127824,17.99762910510492,36866800
2006-09-11,18.265501022338867,18.293700048497183,17.92007101952092,17.927120776060498,55608200
2006-09-12,18.27960777282715,18.31485522487693,18.131565516089047,18.258458494834816,52248800
2006-09-13,18.314855575561523,18.39945134454654,18.20206211331759,18.20206211331759,37706700
2006-09-14,18.561594009399418,18.681437245513298,18.314857776858567,18.321907537171658,74324500
2006-09-15,18.928173065185547,18.99161956201511,18.67438707786729,18.737833574696857,126057700
2006-09-18,18.885873794555664,19.062113745555532,18.80127802644992,18.850624997593226,49135000
2006-09-19,18.935216903686523,18.991613622719687,18.83652163692561,18.85062115283486,43039100
2006-09-20,19.160812377929688,19.19605983891571,19.026869605894795,19.040969128130985,71676400
2006-09-21,18.96342658996582,19.21016289608417,18.92817912249378,19.203113133668825,58495100
2006-09-22,18.79423713684082,18.928179939303057,18.667344097098145,18.91408041386393,47712500
2006-09-25,18.99866104125977,19.16785117752589,18.885867617082347,18.89996578665177,67903900
2006-09-26,19.17490577697754,19.25950019417195,18.949317527049743,18.970466803650353,54766500
2006-09-27,19.344093322753903,19.365241251871733,19.11850644813816,19.160803650977652,66233900
2006-09-28,19.315902709960938,19.40049849711483,19.217208745451742,19.36524969221553,44179700
2006-09-29,19.28064727783203,19.329994239683487,19.181952009525254,19.28064727783203,34283500
2006-10-02,19.287702560424805,19.37934675231208,19.139660287863205,19.25950352008764,52908100
2006-10-03,19.294748306274418,19.372292961860097,19.181953512996753,19.294748306274418,39386200
2006-10-04,19.696578979492188,19.710677154875004,19.294752072090866,19.30885024747368,82191200
2006-10-05,19.68248176574707,19.816424532109973,19.583787803481982,19.68248176574707,81967200
2006-10-06,19.64723777770996,19.73888199534804,19.492145701485263,19.569691739597612,36452200
2006-10-09,19.541479110717773,19.68952132199332,19.47098422826662,19.597875823440912,33366300
2006-10-10,19.520334243774418,19.562631448796232,19.344094320812285,19.520334243774418,34598500
2006-10-11,19.41459274291992,19.50623692154382,19.329996978755965,19.358194670407915,37219600
2006-10-12,19.893970489501953,19.943318818408027,19.41459882442611,19.44279652491082,120174900
2006-10-13,19.999711990356445,20.22529893234327,19.957413430280734,19.97856271031859,129751900
2006-10-16,20.056108474731445,20.161852184388227,19.971512700243487,20.07725640990027,49744800
2006-10-17,20.04905891418457,20.098405889541517,19.858719428147,19.90806640350395,40122600
2006-10-18,20.105457305908203,20.232350307053895,19.922167564764912,20.09135778475772,40630800
2006-10-19,19.94331741333008,20.05611089653116,19.823474169353386,19.985614633379388,44730800
2006-10-20,20.042009353637695,20.08430656942111,19.85871962577058,20.0772568093565,48887800
2006-10-23,20.056108474731445,20.22529867910314,19.865768990586705,19.95036342047044,48525000
2006-10-24,19.93626594543457,20.04200965880532,19.830520887459553,20.04200965880532,61409600
2006-10-25,19.95741844177246,20.063162179306484,19.837575180672683,19.936270501028403,40717100
2006-10-26,19.985605239868164,20.0279024400372,19.76706813695708,19.9715057249439,69964200
2006-10-27,19.978561401367188,20.295793858129436,19.915114910014736,20.084305105419887,89060100
2006-10-30,20.112503051757812,20.33104020755003,19.964460798437617,19.985610075941665,47296800
2006-10-31,20.23939323425293,20.338088510936572,20.133649543509865,20.204145785539904,61861700
2006-11-01,20.309894561767575,20.436787560274148,20.232349886261364,20.288746625086027,75895900
2006-11-02,20.28169822692871,20.34514473044354,20.147755458996915,20.23939966151589,58674400
2006-11-03,20.253496170043945,20.394488677901283,20.16890174101291,20.33809194367919,41124500
2006-11-06,20.331045150756836,20.47908609546703,20.274648408304703,20.28169816918677,60446200
2006-11-07,20.408592224121097,20.493186669842192,20.302847150063013,20.34514571752803,56511200
2006-11-08,20.42974090576172,20.605980909457948,20.20415391616727,20.288749709567448,77403300
2006-11-09,20.627134323120117,20.725828314673223,20.443844521232354,20.521390568655388,89407500
2006-11-10,20.613025665283203,20.64827446422533,20.54957917179157,20.56367869136842,37855100
2006-11-13,20.69056701660156,20.76811166759442,20.55662430000823,20.57777357460841,47271800
2006-11-14,20.676422119140625,20.810822779645623,20.563243041620947,20.711791424116168,63012500
2006-11-15,20.598613739013672,20.768382366769146,20.591539877540388,20.605686251285835,63943200
2006-11-16,20.84619903564453,20.96645202203983,20.60569306285393,20.612766926665604,64328500
2006-11-17,20.796676635742188,20.895709347987445,20.711792995761833,20.733013231156356,49356700
2006-11-20,21.14328956604004,21.2211007003524,20.86741568867986,20.88156341295506,85703800
2006-11-21,21.164512634277344,21.221102186138996,21.072555118452662,21.157438771644472,66446600
2006-11-22,21.164512634277344,21.221102186138996,21.093775357149948,21.199880598240373,43907200
2006-11-24,21.051328659057617,21.10791819782386,20.96644367630774,20.980591398299556,20456700
2006-11-27,20.853269577026367,21.037185959222832,20.747164335159543,21.001817995001005,72722100
2006-11-28,20.78960418701172,20.81082577304953,20.60568782228768,20.75423622614992,52602300
2006-11-29,20.91692352294922,21.0654718736764,20.817892188598258,20.824966048080576,58775100
2006-11-30,20.76837730407715,20.91692431120157,20.747155724830463,20.810819113369725,53297400
2006-12-01,20.598613739013672,20.725939197929435,20.442991485003652,20.67642351681756,72257000
2006-12-04,20.747163772583008,20.881564461543988,20.633984671100492,20.676426496856102,55123400
2006-12-05,20.605690002441406,20.79668024938548,20.534954073233703,20.76838614754267,45606000
2006-12-06,20.506649017333984,20.6056803512018,20.421765402361785,20.584460122059113,48564100
2006-12-07,20.407621383666992,20.563242272132868,20.37932594074539,20.48543115329944,46831100
2006-12-08,20.796676635742188,20.796676635742188,20.372254388237018,20.386402111300782,108854900
2006-12-11,20.895708084106445,21.04425511968774,20.59153880263879,20.64812834226991,107712000
2006-12-12,20.817899703979492,20.95937289709625,20.66935129962549,20.909857212045324,68529400
2006-12-13,20.902774810791016,20.93814410652203,20.740080098030365,20.93814410652203,46002500
2006-12-14,21.27061462402344,21.277688485575027,20.881561683093896,20.89570940619707,85866500
2006-12-15,21.35550117492676,21.38379527400081,21.242322080228075,21.32013186458265,102783700
2006-12-18,21.14328956604004,21.405017068326263,21.06547978092893,21.355501382564313,56986800
2006-12-19,21.214025497436523,21.34135230946347,20.8886359548798,21.015961417705583,53822100
2006-12-20,21.284759521484375,21.39086473227005,21.199874543335262,21.21402226456027,31202100
2006-12-21,21.20694923400879,21.32012830983691,21.143285835205347,21.31305444894753,32270500
2006-12-22,20.96644592285156,21.122068183034344,20.952299548544996,21.100846597772737,37971700
2006-12-26,21.214025497436523,21.22109935912704,20.796677102104265,20.8886359548798,37098300
2006-12-27,21.235246658325195,21.313056436964256,21.157435530485,21.21402507367756,31248400
2006-12-28,21.20694923400879,21.242318538455702,21.086696297291287,21.122065601738203,26690600
2006-12-29,21.122074127197266,21.32721077898423,21.100852535963487,21.122074127197266,41739800
2007-01-03,21.122074127197266,21.397948067228608,20.796683140953775,21.157442096718675,76935100
2007-01-04,21.08670234680176,21.199881455099543,20.82497616481365,21.0088925530979,45774500
2007-01-05,20.96644592285156,21.044257052942953,20.83204659713156,20.959372061097692,44607200
2007-01-08,21.17157554626465,21.29182845042201,20.888627933306346,20.973511542593517,50220200
2007-01-09,21.19279670715332,21.34841891303327,21.03010199118856,21.221092144295383,44636600
2007-01-10,20.98059463500977,21.14328941541177,20.81789985460776,21.07962600582816,55017400
2007-01-11,21.71626091003418,21.751628872585513,20.97352155364463,21.05133269029911,99464300
2007-01-12,22.077016830444336,22.20434364503652,21.673816150369884,21.680890012202916,103972500
2007-01-16,22.041643142700195,22.24678103494704,21.9496856611694,22.112380393447413,62379600
2007-01-17,21.99920654296875,22.23971244295834,21.935543137136143,22.11238563129313,58519600
2007-01-18,21.9284725189209,22.190200042634036,21.78699796298925,22.034577761268952,56364300
2007-01-19,22.006284713745117,22.006284713745117,21.709189211418323,21.737483314439174,75826900
2007-01-22,21.730403900146484,22.01335295328155,21.581856861531545,21.97090978579065,56143900
2007-01-23,21.744550704956055,21.900171598251795,21.58892981166031,21.66673958370767,49171200
2007-01-24,21.99212646484375,22.14067347032968,21.68088338532937,21.7728422118499,58527800
2007-01-25,21.539411544799805,22.268001595441735,21.539411544799805,21.985053937464244,97378700
2007-01-26,21.64551544189453,22.09115780767084,21.64551544189453,22.0840839479981,96103700
2007-01-29,21.59600257873535,21.772845045923553,21.461601925896055,21.68088620743315,57605900
2007-01-30,21.560640335083008,21.673819443204067,21.320134393025405,21.62430375205128,61900400
2007-01-31,21.829442977905273,21.99921164980144,21.46868404417537,21.511125874849043,73968400
2007-02-01,21.617223739624023,21.88602505684583,21.482824430214126,21.815287797092672,55355800
2007-02-02,21.35550117492676,21.815291415790313,21.313058002513827,21.80114369165267,60401700
2007-02-05,20.945220947265625,21.235242467541777,20.80374644260371,21.19987316677586,99102100
2007-02-06,20.874494552612305,21.04426323698971,20.669356549071953,20.93108411407144,79281100
2007-02-07,20.775453567504883,21.008885569422873,20.69056858989791,20.966442406018913,65145500
2007-02-08,20.69765281677246,21.079632034313686,20.655210981312685,20.683505088551993,48749000
2007-02-09,20.499582290649418,20.796677744826994,20.46421433030495,20.76130978448253,69823100
2007-02-12,20.471288681030273,20.57739391379846,20.393477547373024,20.435919370640057,52774400
2007-02-13,20.591960906982425,20.726827626691204,20.55646895238557,20.613256079740538,50348100
2007-02-14,20.86878776550293,21.07463700483854,20.69133208492233,20.705528864299833,55588600
2007-02-15,20.911375045776367,21.04624173111414,20.741017768766213,20.99655436122109,63858100
2007-02-16,20.400293350219727,20.542258356020906,20.33640923299706,20.520963198987136,109340300
2007-02-20,20.46418571472168,20.48548088033762,20.20864914284712,20.32222065170711,53978200
2007-02-21,20.833295822143555,20.86168802518099,20.400303556318384,20.40740194554757,68604900
2007-02-22,20.86169052124023,20.968165018538173,20.69843161107329,20.804904754491755,57754400
2007-02-23,20.513877868652344,20.78361128056129,20.506779478456895,20.741020939388616,63787100
2007-02-26,20.634552001953125,20.648748785238983,20.457096272519227,20.556471047760684,63481900
2007-02-27,19.78276252746582,20.56356654392924,19.725976756197944,20.379012448838743,87143300
2007-02-28,19.995708465576172,20.05249423580557,19.818252764374353,19.83954793591521,86333300
2007-03-01,19.938919067382812,20.10927634707384,19.68338247090661,19.747266620025663,80175700
2007-03-02,19.70467185974121,19.98860057595787,19.70467185974121,19.88922586375177,63254700
2007-03-05,19.55561637878418,19.811153004088077,19.456241626223537,19.513027392526684,56454300
2007-03-06,19.75437355041504,19.83245451173791,19.626605196933937,19.733078373541556,49361800
2007-03-07,19.59821128845215,19.804059231591893,19.5556209383848,19.704684455860967,52044700
2007-03-08,19.39235496520996,19.768561464552707,18.88128313449091,19.67628376005388,72175200
2007-03-09,19.371065139770508,19.50593049891209,19.186511046657245,19.463341509387355,80125000
2007-03-12,19.477527618408203,19.50591981124154,19.25748169302544,19.29297362641564,36516400
2007-03-13,18.966461181640625,19.449140811994297,18.959362792502567,19.342667682681995,75169500
2007-03-14,19.449140548706055,19.449140548706055,18.973559313928515,19.037443461426935,75730300
2007-03-15,19.36395835876465,19.498823659468847,19.307172612710517,19.39235055485222,51757100
2007-03-16,19.399452209472656,19.505925332020787,19.30717586429873,19.413648986846862,65055300
2007-03-19,19.75437355041504,19.75437355041504,19.30718566711108,19.406560451427534,49412000
2007-03-20,19.7614688873291,19.988611990007417,19.704683111659524,19.825353054192338,47902400
2007-03-21,20.244144439697266,20.244144439697266,19.562713919755165,19.804053754538888,72808200
2007-03-22,20.066688537597656,20.26543803190532,19.882134468683834,20.244144216874865,47934900
2007-03-23,19.88923454284668,20.06669023715356,19.733072665373736,20.03119828596448,50519800
2007-03-26,20.03119468688965,20.03119468688965,19.662087937998457,19.832445211458833,47491500
2007-03-27,19.676279067993164,19.98860134478387,19.626591709978975,19.90342340358211,58979800
2007-03-28,19.61949920654297,19.875035814542777,19.449141919169556,19.57691022316946,46947000
2007-03-29,19.697574615478516,19.768557137120904,19.513020600759905,19.761458749568767,42629900
2007-03-30,19.78276252746582,19.8395482987337,19.52012748917715,19.697583193624215,47061000
2007-04-02,19.69048309326172,19.825349796017335,19.562714780533184,19.796956235909008,41977600
2007-04-03,19.78276252746582,19.91762788805229,19.697583193624215,19.77566413682239,39821300
2007-04-04,20.22994613647461,20.42869697187863,19.8040522628256,19.882133189927053,63244200
2007-04-05,20.26543235778809,20.336414880400454,20.08797672819667,20.102173503494942,30131200
2007-04-09,20.279632568359375,20.38610569337446,20.151864276789578,20.286730957210946,31384600
2007-04-10,20.158964157104492,20.329321440508384,20.03119585608174,20.229946696992616,38643100
2007-04-11,19.95311737060547,20.279635176495304,19.86793804731106,20.087982714492448,44050200
2007-04-12,20.25834274291992,20.3151285110298,19.90343135376334,19.91762678038118,43762100
2007-04-13,20.30803108215332,20.371915243536108,19.946021285610698,20.180262759387738,36002900
2007-04-16,20.393207550048828,20.407404330166106,20.02409939027649,20.30093118704548,30740100
2007-04-17,20.478384017944336,20.506776220335663,20.27253479662028,20.32222216621456,33170200
2007-04-18,20.30092430114746,20.35061166082493,20.13056705916227,20.308022688798385,41778400
2007-04-19,20.364822387695312,20.5067861763336,20.05959827899708,20.116384065228385,43648800
2007-04-20,20.599050521850582,20.65583627113283,20.371907524721603,20.570656970269933,60311500
2007-04-23,20.428693771362305,20.577755859152628,20.350612856493605,20.556460694948687,41739100
2007-04-24,20.435794830322266,20.556463381611653,20.293829758166456,20.435794830322266,34236700
2007-04-25,20.5777587890625,20.584857178141167,20.36481253221965,20.485482438798407,39475000
2007-04-26,20.655838012695312,20.83329366339909,20.520971339074276,20.64873962420166,68760300
2007-04-27,21.379865646362305,21.819955071835302,21.29468630543351,21.415356248652817,128298800
2007-04-30,21.25208854675293,21.557312474532463,21.25208854675293,21.38695386293713,67788800
2007-05-01,21.578609466552734,21.592806245258338,21.22369812218878,21.252091679599975,73539300
2007-05-02,21.727678298950195,21.78446407391153,21.507632236330316,21.571516402396774,80686700
2007-05-03,21.98320960998535,22.00450477942655,21.670888581457643,21.72057595627435,82036800
2007-05-04,21.69218063354492,21.79155672897894,21.50052953967218,21.777359950505605,104385900
2007-05-07,21.79865837097168,21.834150324655404,21.635399445665342,21.663793008612323,59889100
2007-05-08,21.827045440673828,21.961912116791808,21.706375541805993,21.777358074177517,60551700
2007-05-09,21.84834098815918,21.95481411163657,21.699277532187462,21.79155523204596,51735000
2007-05-10,21.70637321472168,21.95481137444801,21.670882629280367,21.77735573948335,55398600
2007-05-11,21.92642593383789,21.990310094367004,21.685086072701147,21.69928285368085,43425300
2007-05-14,21.98320960998535,21.997406389612816,21.86963808072447,21.89093325016567,70188500
2007-05-15,22.00457000732422,22.139873570583575,21.96184306670835,22.00457000732422,75013900
2007-05-16,22.125635147094727,22.139877916183895,21.94048322373121,22.07578681354786,45833600
2007-05-17,22.06155014038086,22.175489608046867,22.04730736735621,22.097157072942483,41045600
2007-05-18,21.95472526550293,22.06866469791124,21.7766947325818,22.054421929293905,58453000
2007-05-21,22.111391067504883,22.18972493458738,21.883512208645033,21.883512208645033,41836400
2007-05-22,21.85502052307129,22.025929608507735,21.83365637804248,22.00456546347893,39999500
2007-05-23,21.776691436767575,21.961843325975384,21.769570053536707,21.961843325975384,46322500
2007-05-24,21.48472595214844,21.93336232221558,21.335179589949224,21.74821175303979,64046400
2007-05-25,21.705480575561523,21.833662766711956,21.49184449582085,21.563056975156098,47726500
2007-05-29,21.92623710632324,21.954721280122076,21.64138721874532,21.7125996906398,42373100
2007-05-30,22.15411949157715,22.168360901633747,21.726845949780778,21.755330128159123,57376800
2007-05-31,21.85502052307129,22.189717312267916,21.79805082792581,22.16123314382751,85290500
2007-06-01,21.7838191986084,22.00457671034652,21.755333657343936,21.92624418839998,39469400
2007-06-04,21.87638282775879,21.90486835383615,21.648504052198486,21.662746815237167,41434500
2007-06-05,21.776691436767575,21.81229699465698,21.598660930790647,21.80517696969107,44265000
2007-06-06,21.570180892944336,21.741090048468006,21.541695354557778,21.627150611452223,38217500
2007-06-07,21.09305763244629,21.570179503566987,21.071693480032476,21.37790620663809,71971400
2007-06-08,21.39926528930664,21.406386672209447,20.943507649646183,21.064568442464104,61346200
2007-06-11,21.377901077270508,21.54168879834878,21.313809993672088,21.320931376101335,48467400
2007-06-12,21.25684356689453,21.534570733092075,21.199873856949775,21.33517606915293,56981800
2007-06-13,21.641386032104492,21.655628797355416,21.256840878183574,21.342294753159397,64435600
2007-06-14,21.73396873474121,21.869270967722876,21.57730098963473,21.61290791273404,59065700
2007-06-15,21.71259880065918,21.990325935572436,21.669871862579804,21.976084528389222,100933000
2007-06-18,21.726842880249023,21.87638785170446,21.662751790120993,21.85502506050509,45412600
2007-06-19,21.691240310668945,21.83366528577173,21.63427059228088,21.70548307983227,46802600
2007-06-20,21.37078285217285,21.72684387665104,21.335175934766024,21.6769955505465,46861600
2007-06-21,21.520326614379883,21.577296320746452,21.29956917199254,21.34941749528017,56564800
2007-06-22,21.000478744506836,21.43487362247392,20.971994569275303,21.363661146997593,86219900
2007-06-25,21.000478744506836,21.199873404187542,20.92214488565638,20.98623597775857,53905800
2007-06-26,21.02184295654297,21.221236258545936,21.00760018975276,21.043205748463286,48340300
2007-06-27,21.271085739135746,21.32805544748743,20.90790333904436,20.90790333904436,53468600
2007-06-28,21.242597579956055,21.342294217681413,21.13577955978391,21.26396172729641,46055200
2007-06-29,20.986238479614254,21.31381536255114,20.68002710761184,21.27108841547769,71193900
2007-07-02,21.178516387939453,21.22124334431161,21.00048581841246,21.12866804579437,47316000
2007-07-03,21.377901077270508,21.52032465106103,21.20699197376299,21.21411335619224,35202600
2007-07-05,21.356542587280273,21.520330351745535,21.24260315475964,21.399269534909216,47838500
2007-07-06,21.342287063598633,21.39213672401618,21.12152971480695,21.299560141505097,57541000
2007-07-09,21.271085739135746,21.32805544748743,21.228357439173234,21.263964355808657,33831400
2007-07-10,20.88654136657715,21.356541849044444,20.7797233220646,21.150027144088877,66013500
2007-07-11,21.000478744506836,21.114418161962956,20.80108408482613,20.822448234948524,48017000
2007-07-12,21.413509368896484,21.44199490225539,20.96487308461363,21.05032696816037,54302400
2007-07-13,21.235483169555664,21.37790814872279,21.121543729528067,21.320938428708992,42173000
2007-07-16,21.385032653808594,21.53457768131553,21.16427376806198,21.192759311357857,48023200
2007-07-17,21.919116973876953,21.990328091569378,21.370782674749293,21.377904058171534,77539600
2007-07-18,22.018814086914062,22.05441964650679,21.71972276823401,21.72684415180556,64414400
2007-07-19,22.43896484375,22.67396505424486,22.025934129599488,22.111388010725825,121159300
2007-07-20,22.189720153808594,22.218205684161433,21.926235789369073,22.182598771220388,98292600
2007-07-23,22.21109390258789,22.44609419652115,22.16124556118772,22.332154742387775,48910600
2007-07-24,21.933359146118164,22.417602369570716,21.8692680513515,22.082905486662064,59729300
2007-07-25,21.86927032470703,22.2894224970686,21.627150046076903,22.0686650134047,54950100
2007-07-26,21.349424362182617,21.74109240791207,21.014727399409047,21.534576306993117,87025300
2007-07-27,20.929271697998047,21.363666688645417,20.907908900599224,21.313818350361032,69214600
2007-07-30,20.93639373779297,21.000484848523932,20.615939542403535,20.94351512323701,67499600
2007-07-31,20.644420623779297,21.164269458690544,20.63729923940535,21.1571480743166,66554000
2007-08-01,20.865175247192383,21.04320575735022,20.523356993672937,20.615933619583412,80006300
2007-08-02,21.02184295654297,21.21411623341583,20.665781936377662,20.78684273756447,47938300
2007-08-03,20.623048782348633,21.206989858931117,20.58032185029883,20.97198969526018,61535500
2007-08-06,21.03608131408691,21.03608131408691,20.473504368176904,20.687140392191125,59530500
2007-08-07,21.043203353881836,21.214113819385865,20.68714237423399,20.886537011812127,49163000
2007-08-08,21.36366271972656,21.37078410362495,20.80108561613985,21.164268045367013,52898600
2007-08-09,20.865175247192383,21.434873694656456,20.59456946938907,21.10729684966824,72964500
2007-08-10,20.445022583007812,20.68714417895189,20.12456848832769,20.580326147391848,76576200
2007-08-13,20.388059616088867,20.644424063201186,20.252757365237738,20.608818493664657,55492300
2007-08-14,20.20225715637207,20.645319683991247,20.152234099675653,20.559566261947698,42944100
2007-08-15,20.080764770507812,20.716774313098824,20.04503305500937,20.18081084785231,48117700
2007-08-16,19.873533248901367,20.259427760057775,19.659148318054125,19.923556308563978,81447400
2007-08-17,20.187959671020508,20.187959671020508,19.880673695112005,20.07362089343024,76747700
2007-08-20,20.195104598999023,20.359466409882433,20.066473142472653,20.137935214212376,49952000
2007-08-21,20.059328079223633,20.237982588462213,19.91640528964821,20.08076711102153,50786200
2007-08-22,20.16652488708496,20.23798697888851,20.01645572102092,20.202256614499753,44763500
2007-08-23,20.223690032958984,20.245129064897196,20.080767242448147,20.209398708025923,33886600
2007-08-24,20.588151931762695,20.609590970504957,20.059334576689132,20.159380698100673,45158900
2007-08-27,20.359466552734375,20.55956008240442,20.295150824019917,20.445221312028867,32789500
2007-08-28,19.95928382873535,20.35946958464503,19.944991139553544,20.22369176346955,43924400
2007-08-29,20.430936813354492,20.44522950613613,19.88068040849751,20.102211694507982,45753700
2007-08-30,20.33088493347168,20.67390128495235,20.23798381972119,20.309445900369457,33690700
2007-08-31,20.530981063842773,20.666758906829585,20.266573086634125,20.509543389652176,42511900
2007-09-04,20.588151931762695,20.795391883859377,20.35232795770251,20.36662065019735,45689600
2007-09-05,20.352325439453125,20.5309799844547,20.30944873030003,20.473810584575233,47669800
2007-09-06,20.659608840942383,20.731070922437155,20.402345892771542,20.409492237223603,45430800
2007-09-07,20.32373809814453,20.602438706611792,20.23798333083303,20.452369567598893,52160900
2007-09-10,20.352325439453125,20.545272675181067,20.302302384936844,20.488103275301604,37247600
2007-09-11,20.673906326293945,20.68819901851404,20.423789664546874,20.45952003207096,34380800
2007-09-12,20.673906326293945,20.84541454385664,20.58100518988947,20.58815153599952,42364700
2007-09-13,20.838266372680664,20.90972846449617,20.695342189049654,20.80968235377008,35288600
2007-09-14,20.75251007080078,20.80253311921659,20.63816992195999,20.709632003850793,33496600
2007-09-17,20.530981063842773,20.638173523874013,20.45237398676711,20.573859138276138,39536500
2007-09-18,20.673906326293945,20.702490347707982,20.202258387239997,20.509544454841297,77462400
2007-09-19,20.48809814453125,20.65960630121939,20.22368888441266,20.631022289950867,94242200
2007-09-20,20.309446334838867,20.42378512111175,20.252276941702423,20.352323038934735,67168900
2007-09-21,20.473812103271484,20.58815091151178,20.32374292859089,20.502397486844615,135636100
2007-09-24,20.78109359741211,21.159841668415176,20.581000045424975,20.588146389748708,104459800
2007-09-25,21.124116897583008,21.124116897583008,20.80253947535635,20.823977152355702,75621000
2007-09-26,21.08123779296875,21.33135444616852,21.066945101237085,21.20986929250155,60337000
2007-09-27,21.07409286499023,21.238454741884546,21.038362496283195,21.224163412217443,43407100
2007-09-28,21.052642822265625,21.217005976277655,20.88828103127908,21.07408185009993,45819100
2007-10-01,21.274185180664062,21.28847787248871,21.016922179924876,21.05265254646038,43875100
2007-10-02,21.22416114807129,21.33135360578356,21.131260018501553,21.22416114807129,33700900
2007-10-03,21.04550552368164,21.33135251733751,20.931166726219292,21.231305047288473,37633900
2007-10-04,21.231311798095703,21.27418988304729,21.038365867919236,21.124119311769572,37868000
2007-10-05,21.32420539855957,21.43139784691375,21.245596967021065,21.359935760335652,45012300
2007-10-08,21.32420539855957,21.331351743519978,21.15269720858769,21.195573915324175,30265400
2007-10-09,21.510007858276367,21.717246425245175,21.43854576644966,21.45998480290548,63603100
2007-10-10,21.60290908813477,21.702956568685437,21.45998625781772,21.467132603787487,32251500
2007-10-11,21.37423324584961,21.8887579312057,21.28847981313671,21.65293394670588,50788400
2007-10-12,21.560028076171875,21.724389911623717,21.40281258526479,21.45998197859699,31121100
2007-10-15,21.46712303161621,21.674361520227613,21.43853766048332,21.509999725290033,47150500
2007-10-16,21.667217254638672,21.853018095738292,21.60290152644935,21.61004786991769,56286200
2007-10-17,22.21033477783203,22.317527240904187,21.903048717472696,21.97451081386284,86092400
2007-10-18,22.267499923706055,22.31752297270447,21.8887518393917,22.310376628129575,49208600
2007-10-19,21.560028076171875,22.2174767810051,21.517151371929188,22.2174767810051,75200200
2007-10-22,21.80299186706543,21.93876964706278,21.52429132767258,21.52429132767258,58785100
2007-10-23,22.081697463989254,22.238914307265897,21.94591965289373,21.94591965289373,49956200
2007-10-24,22.331811904907227,22.367542258744827,21.79584841918945,22.04596498512954,77979200
2007-10-25,22.86063003540039,23.02499321402456,22.503321029477235,22.56049041590391,169588700
2007-10-26,25.03306579589844,25.74768374246523,24.69719721472681,25.73339105640776,288121200
2007-10-29,24.704343795776367,25.218869622986357,24.618590399925136,24.90443596144634,114655600
2007-10-30,25.418962478637695,25.433255166009417,24.54712763132233,24.561420318694047,107297300
2007-10-31,26.305091857910156,26.440868308385465,25.376086195963467,25.383233903176233,185635800
2007-11-01,26.4837589263916,26.791045056951692,25.983525500406373,26.10500932008913,152078800
2007-11-02,26.4837589263916,26.7981900414995,26.02640085979894,26.598097761526553,96389800
2007-11-05,26.24791145324707,26.51231927581564,26.1764507637044,26.26934911489976,75485400
2007-11-06,26.01924705505371,26.197901594768737,25.6333525950168,26.147878541732684,100966700
2007-11-07,25.383216857910156,25.84057167454912,25.33319384521838,25.75481832794175,74897800
2007-11-08,24.825836181640625,25.65479314166378,24.582865897182877,25.44040551192604,133742400
2007-11-09,24.104068756103516,24.682910412175783,24.04690072429798,24.42564745392144,125136900
2007-11-12,23.85395240783691,24.08977495801621,23.59668946142194,23.8110743414172,84865200
2007-11-13,24.70714950561523,24.85771476719257,23.93281192102911,24.04752870152571,104311500
2007-11-14,24.327159881591797,24.915083945824776,24.198103112851403,24.82187567172009,84063100
2007-11-15,24.20526695251465,24.449040497137023,24.054701663647258,24.20526695251465,64014100
2007-11-16,24.44187355041504,24.563758963455967,24.169420103236337,24.27696830832554,71113800
2007-11-19,24.34866523742676,24.549421704169177,24.284136861521063,24.34866523742676,63026200
2007-11-20,24.793193817138672,25.07281585138148,24.44904067569366,24.542248932129365,100009400
2007-11-21,24.542247772216797,24.900738103803484,24.50639928607097,24.66413590718964,89518700
2007-11-23,24.456220626831055,24.692822917949293,24.169427152984127,24.635465864219068,33467200
2007-11-26,23.63886070251465,24.64263230254968,23.610180810639783,24.44187852955568,80335000
2007-11-27,23.703388214111328,24.090555799827488,23.430934721517428,23.85395353828233,84178400
2007-11-28,24.16225242614746,24.298477787430315,23.588668358818904,23.93281879921604,88585000
2007-11-29,24.08338165283203,24.3271551985182,23.88262793346612,24.076213049310805,53633600
2007-11-30,24.090551376342773,24.46338168325859,23.796589387148593,24.31998499058875,71027800
2007-12-03,23.60300064086914,24.11922756124952,23.430926824118348,24.018850712300893,61770600
2007-12-04,23.49546813964844,23.832450091200712,23.395091235372995,23.473959584465273,54801500
2007-12-05,24.484901428222656,24.750183623565484,23.681880765731076,23.760749110713764,84894700
2007-12-06,24.77168083190918,24.814700655395804,24.284133772650595,24.563755787653346,49209700
2007-12-07,24.757347106933594,24.87923526988453,24.53508480077305,24.814706885984577,40771000
2007-12-10,24.9222469329834,25.05847501098255,24.714324616938313,24.83621001823839,36083500
2007-12-11,24.449037551879883,25.08715258818568,24.32715216178378,24.90073609913241,55070700
2007-12-12,24.714330673217773,25.158858032573907,24.327160359392327,24.814707554195135,63345400
2007-12-13,25.25206184387207,25.41696708133129,24.578098216357255,24.721494907428347,73913200
2007-12-14,25.31659698486328,25.696595992965214,25.101500523232257,25.130180416125075,71126200
2007-12-17,24.656970977783203,25.187538009865175,24.635462427518014,25.11583828387308,58121200
2007-12-18,24.907915115356445,25.09432892681283,24.527913417477787,24.83621539166953,52791800
2007-12-19,24.943775177001953,25.194717488615225,24.649813011226662,24.872075420065254,58469100
2007-12-20,25.467151641845703,25.660736735106372,25.151681157493492,25.302246429452683,59345000
2007-12-21,25.85433006286621,25.85433006286621,25.63206501794738,25.739613237922747,83240500
2007-12-24,26.2271671295166,26.3275440351083,25.847165327549472,25.904525122210757,29622600
2007-12-26,26.24867248535156,26.270181038194945,25.99772751689617,26.10527575124351,30252400
2007-12-27,25.789794921875,26.205642277708364,25.768283642476216,26.062245600327707,33311100
2007-12-28,25.89735221862793,25.976220563998336,25.57471023077873,25.88301227082737,33447200
2007-12-31,25.524517059326172,25.804141887112333,25.467160013799568,25.73961350147935,35229700
2008-01-02,25.25206184387207,25.7826260452514,25.094325210187428,25.660740635632827,63004200
2008-01-03,25.359628677368164,25.560385308038857,24.99396940536564,25.25208311975175,49599600
2008-01-04,24.649805068969727,25.23772921108901,24.44187994344664,25.230557870172937,72090800
2008-01-07,24.81470489501953,24.9509302567386,24.556591380129007,24.771685064182915,80164300
2008-01-08,23.98300552368164,24.886400023410346,23.94715703485495,24.886400023410346,79148300
2008-01-09,24.69281005859375,24.764509757248828,23.911301121168368,23.918472458565795,74305500
2008-01-10,24.61394691467285,24.735832311784204,24.219605370926452,24.6282841207508,72446000
2008-01-11,24.312824249267575,24.549429278948267,24.17659885146268,24.47772954189413,55187900
2008-01-14,24.656970977783203,24.78602774950409,24.434708664869916,24.707159418445222,52792200
2008-01-15,24.377349853515625,24.64980335299076,24.377349853515625,24.398858404636165,61606200
2008-01-16,23.82526969909668,24.126403032599175,23.3090426902721,23.96149505528562,120778500
2008-01-17,23.73923683166504,24.23395264293105,23.638859948370335,24.047538821821593,94247800
2008-01-18,23.66753387451172,24.3773460360486,23.638856722530143,23.775082083402467,117062000
2008-01-22,22.914705276489254,23.32338410592425,22.584894771167093,22.613574659038058,108521400
2008-01-23,22.89320373535156,22.97924069023431,22.255091077762348,22.570561735709408,137597400
2008-01-24,23.83962059020996,23.91848894556253,23.02943121485961,23.19433653283964,155640400
2008-01-25,23.61734390258789,25.09432516856064,23.56715547105592,25.022628190676222,196992300
2008-01-28,23.459613800048828,23.732064548144287,23.2445173614637,23.674707503569127,81019000
2008-01-29,23.373573303222656,23.581498394460343,23.194328100789768,23.552818505655544,68023000
2008-01-30,23.086772918701172,23.51696012973826,22.97922474841011,23.344886339348857,106432600
2008-01-31,23.373573303222656,23.47395291403945,22.742630792373134,22.878857529131192,103642200
2008-02-01,21.83206367492676,23.839609162664576,21.68866698257454,22.26942098828983,291138900
2008-02-04,21.645654678344727,22.025653696352776,21.588296258596383,21.860748410517864,119998600
2008-02-05,20.842639923095703,21.466414068788637,20.71358310898455,21.444904143925815,137534100
2008-02-06,20.44829559326172,21.04338968547468,20.283390314493285,20.993201241287117,138315600
2008-02-07,20.1615047454834,20.634712059085324,20.00376806259434,20.31924006083983,164964900
2008-02-08,20.476978302001953,20.84980877433286,20.24754458596226,20.283394458801475,124872000
2008-02-11,20.226030349731445,20.51282380116473,20.01093662868901,20.44829541134549,156814100
2008-02-12,20.319242477416992,20.5199976579096,20.154337168904913,20.38377087944916,84365900
2008-02-13,20.763765335083008,20.828293722774102,20.455464709765252,20.519993097456343,88986200
2008-02-14,20.43395614624023,20.821126498058316,20.40527625312812,20.70640829314244,69113500
2008-02-15,20.37660217285156,20.53433751678157,20.254715335599737,20.297733817120125,68166100
2008-02-19,20.27582550048828,20.758069185098066,20.203848564770457,20.72927786167259,68261200
2008-02-20,20.311813354492188,20.34060467802053,20.095883919413136,20.261429911163468,93056200
2008-02-21,20.225444793701172,20.84444322979054,20.12467652092463,20.599723811794497,98776500
2008-02-22,19.92313575744629,20.434169283156415,19.57764818742996,20.326204589132008,125705400
2008-02-25,20.038311004638672,20.326217495799423,19.779194476170773,19.9015549065199,109974300
2008-02-26,20.426979064941406,20.772468136532652,19.915945348819942,19.966328799947856,108923500
2008-02-27,20.34060859680176,20.642910687860873,20.22544602619315,20.29022514376626,75199500
2008-02-28,20.10308265686035,20.347803426503624,20.00951222401949,20.16786176487451,83002900
2008-02-29,19.577651977539062,20.031104329365295,19.4480937704899,19.93033744514743,117411400
2008-03-03,19.42650032043457,19.714406685141817,19.340129097445317,19.60644196998233,76544300
2008-03-04,19.85836410522461,19.887154060420972,19.404910298478644,19.44809729054231,86925600
2008-03-05,20.23984146118164,20.448573103225115,19.937539373551072,19.973527161640806,106489800
2008-03-06,19.843971252441406,20.275831624335947,19.793587794075528,20.19665683384883,91127700
2008-03-07,20.05989646911621,20.203848970597512,19.664024001139385,19.67841966314128,77597600
2008-03-10,20.189455032348633,20.340606750581937,19.973525575267924,20.031106855345847,72175100
2008-03-11,21.07476806640625,21.11795368113271,20.42697698127965,20.441372643803785,98740700
2008-03-12,20.6069278717041,21.225927908959488,20.542150107031063,21.18274227489528,75993800
2008-03-13,20.5997257232666,20.86603866146468,20.268632292585803,20.542144436128137,84552200
2008-03-14,20.124675750732425,20.88043158982569,19.89435063236548,20.671698593276904,105214900
2008-03-17,20.369394302368164,20.67889416110999,19.63523341115374,19.64962769984143,84490100
2008-03-18,21.175537109375,21.218722728488217,20.635712065498527,20.635712065498527,83695300
2008-03-19,20.5997257232666,21.297899001426252,20.5997257232666,21.146747264658924,61442100
2008-03-20,21.00279235839844,21.03158231228923,20.57812989895258,20.68609462852359,60170200
2008-03-24,20.99559211730957,21.16113810851052,20.91641735071526,21.110754665349003,48294700
2008-03-25,20.9740047454834,21.13955215784116,20.830052204848023,21.110760826006327,49149000
2008-03-26,20.556537628173828,20.923618828854124,20.426979395834184,20.894828873248706,45868100
2008-03-27,20.189455032348633,20.506152759200216,20.153467247117185,20.498954927584723,47894400
2008-03-28,20.088682174682617,20.462961070555576,20.031100911690285,20.319007226651948,49244000
2008-03-31,20.426979064941406,20.578130791171215,20.03830574706462,20.067095702203677,46780600
2008-04-01,21.233116149902344,21.26190747483436,20.6069185610903,20.75087244005852,65796200
2008-04-02,20.9883975982666,21.290699677782627,20.87323503205536,21.283501845788663,49499400
2008-04-03,20.87323951721191,21.10356469912573,20.72928559209259,20.87323951721191,38961400
2008-04-04,20.9883975982666,21.060374545360148,20.686095518750577,20.966804102284716,43860800
2008-04-07,20.9883975982666,21.29789750977659,20.894828528037248,21.269106181800737,44428600
2008-04-08,20.693296432495117,20.87323814060377,20.542146056650065,20.830052515054653,44733500
2008-04-09,20.79405403137207,20.9020201061319,20.542136851187585,20.671693669777177,45839300
2008-04-10,20.952407836914062,21.161139453687035,20.72927918466364,20.75087267861089,65591600
2008-04-11,20.35500144958496,20.88043077701187,20.30461663066328,20.77966388486039,54373700
2008-04-14,20.19665145874023,20.37659311806968,20.10308239994113,20.326209673112785,43418100
2008-04-15,20.333412170410156,20.498958205500312,20.17506396808647,20.23984309013849,34310000
2008-04-16,20.837247848510746,20.90922342484308,20.42697965004739,20.56373571620184,54107400
2008-04-17,21.031578063964844,21.11795065388222,20.801252987979485,20.95960250735373,48743300
2008-04-18,21.593000411987305,21.66497735459646,21.312291845942188,21.60019824353282,73658900
2008-04-21,21.89530372619629,22.024861955740903,21.679374258852643,21.729757709709755,54411700
2008-04-22,21.7729434967041,22.096839073066235,21.571408318873655,22.053652080987227,67387500
2008-04-23,22.63667106628418,22.643867527660063,21.808937977713892,21.91690411820324,98351500
2008-04-24,22.888574600219727,23.104504005320685,22.427924470486666,22.76621423790367,115416700
2008-04-25,21.47064208984375,21.873711085301487,21.305096066886517,21.628990280562043,145194900
2008-04-28,20.866031646728516,21.477833474928204,20.743671281088577,21.44904215461494,97473000
2008-04-29,20.614110946655273,20.80125039073861,20.47735630789272,20.729273470268776,84428900
2008-04-30,20.52774429321289,21.02438227162829,20.520546462284944,20.686092455090076,74733600
2008-05-01,21.16114044189453,21.225919553915467,20.498955031227403,20.51335069453117,71699400
2008-05-02,21.04598045349121,21.319492598308617,20.772469681519983,21.29789910071371,66024200
2008-05-05,20.93082046508789,21.758552088661745,20.866041337144633,21.542622577415123,119687700
2008-05-06,21.37707138061523,21.492233941933556,20.82285069624205,20.87323414521306,93582000
2008-05-07,21.02438163757324,21.69376479238029,20.930812584023556,21.36987064746599,88775000
2008-05-08,21.06757164001465,21.153942875227152,20.87323430151747,21.074769471756696,69589900
2008-05-09,21.15394592285156,21.26910850162359,20.837249517651596,21.02438767852147,51621200
2008-05-12,21.58580207824707,21.63618552504751,21.125151852819112,21.161139636863435,64278800
2008-05-13,21.513574600219727,21.76641939905628,21.33297038510744,21.672505813474245,70934700
2008-05-14,21.62192153930664,21.86031887928647,21.47743771839166,21.59302422396371,66730400
2008-05-15,21.997577667236328,22.055370918172425,21.629145175806286,21.65804111232444,53355800
2008-05-16,21.665264129638672,22.01924794243487,21.614695210367746,22.012023614267637,81538200
2008-05-19,21.28238296508789,21.5930221862099,21.174020798577818,21.578574907801674,59615000
2008-05-20,20.77669906616211,21.17402759690218,20.68278414790709,21.166803266428705,75767600
2008-05-21,20.408262252807617,20.986194791992663,20.364917656843705,20.812815030237154,60125100
2008-05-22,20.56719207763672,20.73334887798233,20.357692061922354,20.42993396930309,52203100
2008-05-23,20.263774871826172,20.46605191398184,20.19153435053451,20.415482997917827,48890700
2008-05-27,20.54552459716797,20.588869199143623,20.263781239576073,20.307127219451782,47334500
2008-05-28,20.357696533203125,20.63943851817887,20.25655866739646,20.632214188064097,52318500
2008-05-29,20.45160484313965,20.71889947748731,20.32879401836906,20.379362938351115,47699200
2008-05-30,20.45883560180664,20.733354650706964,20.372146391132976,20.502180207143475,63399200
2008-06-02,20.083175659179688,20.48772984111622,19.90257155656872,20.401039265586977,77028400
2008-06-03,19.729185104370117,20.451601270250087,19.700289174242652,20.162635079477997,86616700
2008-06-04,19.895343780517575,19.96758430172412,19.6497221502964,19.70751539400141,79567400
2008-06-05,20.444379806518555,20.444379806518555,19.93868924631932,20.025378426742193,76063400
2008-06-06,19.859230041503903,20.35047349735023,19.859230041503903,20.22043830281442,78500800
2008-06-09,20.01815414428711,20.16263794918699,19.721963584352057,19.974809553977018,66787100
2008-06-10,20.148195266723633,20.437162962197547,19.73641809194342,19.76531541265085,77433900
2008-06-11,19.591936111450195,20.18431742174734,19.5847117810929,20.11929982643179,59330800
2008-06-12,20.401042938232425,20.624991679973835,19.642506121872692,19.794212933984557,113996300
2008-06-13,21.000656127929688,21.361864527454863,20.588878772935097,20.682792350535337,131969100
2008-06-16,20.89950942993164,21.02954461955239,20.690007984898187,20.964527024742015,74718900
2008-06-17,20.805593490600582,21.0367679151673,20.798370538554792,20.978974653500632,44256700
2008-06-18,20.559974670410156,20.848942397211054,20.559974670410156,20.624992271150337,49677800
2008-06-19,20.89950942993164,21.087337884061597,20.46605925716252,20.624990390087817,62037800
2008-06-20,20.393817901611328,20.892285683112075,20.299904360873583,20.87783702210622,97480400
2008-06-23,20.20598602294922,20.523849621787903,20.075952229601494,20.444383377603252,57145300
2008-06-24,20.032609939575195,20.234887062942587,19.873678799865218,20.169869465356648,65218300
2008-06-25,20.480504989624023,20.711678014609564,20.054279208094464,20.090399476535985,64280200
2008-06-26,20.04705238342285,20.37214027053015,20.04705238342285,20.249329444056254,67049100
2008-06-27,19.96036148071289,20.16263853789891,19.83755065633204,19.996483121942383,73450200
2008-06-30,19.873674392700195,20.2132095886539,19.859225734685175,20.032605497165783,57830500
2008-07-01,19.41133499145508,19.77976625141641,19.10069562749914,19.70030136098374,100327800
2008-07-02,18.696142196655273,19.505249446644093,18.696142196655273,19.433007506446813,84669000
2008-07-03,18.768369674682617,18.855060211699104,18.493852166945864,18.76114534843963,37074500
2008-07-07,18.80449867248535,19.064567629617116,18.38549723154541,18.862291927170176,71527600
2008-07-08,18.674461364746097,18.92730734172674,18.428839716010575,18.73225461280741,65553200
2008-07-09,18.2265625,18.6744612019965,18.190442236988865,18.631116610803197,54255800
2008-07-10,18.385496139526367,18.54442723599484,18.04595958275764,18.20489205712591,57830600
2008-07-11,18.241010665893555,18.522752567924012,17.96649309185101,18.17599309190196,69532600
2008-07-14,18.168773651123047,18.645568403381063,18.11098038957359,18.407171027252055,51216200
2008-07-15,18.89118766784668,19.245171521323897,18.00984019865237,18.00984019865237,92719300
2008-07-16,19.693077087402344,19.714750081893335,18.7250387132102,18.87674554094611,82060400
2008-07-17,19.88089942932129,20.162641381142727,19.584708818970565,19.92424402700922,96526100
2008-07-18,18.68169403076172,19.12236722719237,18.139881571659817,19.042902336829655,150277000
2008-07-21,18.52275848388672,18.905639722136367,18.443293606438765,18.537207144477296,77575600
2008-07-22,18.638338088989254,18.739477297651717,18.407165117017236,18.450511082686692,88657200
2008-07-23,19.093467712402344,19.38965835781524,18.674466210752392,18.68169054087223,79408800
2008-07-24,18.378276824951172,18.90564055874301,18.378276824951172,18.847847291723355,81092600
2008-07-25,18.898408889770508,18.941753478729257,18.421614277525354,18.522752111062314,58682300
2008-07-28,18.421621322631836,18.862295842258145,18.306034789270864,18.826174189395232,59707800
2008-07-29,18.86229133605957,18.920084588933257,18.34937501114325,18.436065579403696,66368200
2008-07-30,18.948978424072266,19.13680681954755,18.710581110180495,18.92730681783645,51977700
2008-07-31,18.580549240112305,18.985103414636004,18.57332491079225,18.674464143373136,60461000
2008-08-01,18.378276824951172,18.74670941891401,18.11098210379768,18.725036427069075,82720200
2008-08-04,18.26268768310547,18.45773907025697,18.13987683598787,18.342152552722755,60588300
2008-08-05,18.93453598022461,18.98510629313242,18.421620921832325,18.522758791847675,84297600
2008-08-06,19.519689559936523,19.620827405170456,19.057342171938977,19.31018816292361,95550000
2008-08-07,19.786985397338867,20.047055750708484,19.310190668094556,19.43300151519688,82565800
2008-08-08,20.321571350097656,20.393813260787375,19.642500972153854,19.758087478097476,80814100
2008-08-11,20.15541648864746,20.516624674386303,19.9820367248408,20.12652055029629,68743800
2008-08-12,20.314353942871097,20.487733749101405,19.924248345427735,20.068732206236437,62813000
2008-08-13,20.16264533996582,20.588871204967337,20.05428313551971,20.278231875095027,51165200
2008-08-14,20.16264533996582,20.429940063639727,19.909799277658113,20.09762774171812,49732300
2008-08-15,20.090396881103516,20.33601853289433,19.92424146309789,20.21320770699892,47267400
2008-08-18,20.00370407104492,20.263772954466333,19.90256487058708,20.068721636375148,38078200
2008-08-19,19.815135955810547,20.12701423557906,19.778871618654303,19.9747023594479,40332900
2008-08-20,19.793378829956055,20.003714485383856,19.70634247996796,19.974703290985055,41497200
2008-08-21,19.713594436645508,19.74985877330799,19.481499361855764,19.655570667948073,43614200
2008-08-22,20.192293167114254,20.221304363059357,19.74260787109985,19.749861015935107,47930400
2008-08-25,20.061729431152344,20.19228320699769,19.916669372791905,20.025465108259855,51381300
2008-08-26,19.778873443603516,20.105256658311653,19.70634337920307,20.00371539818858,44774400
2008-08-27,19.989194869995117,20.15601431430667,19.67731678360626,19.8296299486916,33975300
2008-08-28,20.264812469482425,20.31558307296915,20.01821120963669,20.02546435061982,48372600
2008-08-29,19.793378829956055,20.1487746075654,19.793378829956055,20.076244546474623,50735500
2008-09-02,19.65557289123535,20.1342693829846,19.62656031190707,20.06899246289189,66079200
2008-09-03,19.510513305664062,19.713597216439624,19.466995818853572,19.583043372612188,57127700
2008-09-04,19.111591339111328,19.50325130945025,19.111591339111328,19.394456950100288,66141900
2008-09-05,18.60388565063477,19.017305116565115,18.5893793646804,18.87949955018538,82305200
2008-09-08,18.944766998291016,19.097078774606626,18.61838264419345,19.010042485715648,62110800
2008-09-09,18.93027114868164,19.292920015961386,18.89400543191628,19.002801198816716,85735700
2008-09-10,19.176868438720703,19.48149347823108,19.039061510910084,19.23489218989433,75064900
2008-09-11,19.82964134216309,19.91667630073796,18.879501641245646,18.930272264313608,72913300
2008-09-12,20.032726287841797,20.119761251065484,19.53952355158825,19.684582284759657,75628500
2008-09-15,19.452486038208008,19.93843560114635,19.387209128007655,19.525016092141257,82349400
2008-09-16,18.850492477416992,19.21314143169603,18.509602958417247,18.92302254495199,111729700
2008-09-17,17.82056427001953,18.763452110181895,17.769793652356093,18.66190949145944,106972100
2008-09-18,18.321022033691406,18.38629894436669,17.414399811418846,17.987384336529328,132291300
2008-09-19,18.248498916625977,19.147868337019425,17.044504258406015,19.12611028078655,134926100
2008-09-22,18.422557830810547,19.089831644370395,18.3645340810834,19.017301611362633,105207700
2008-09-23,18.451580047607425,18.98104721370508,18.3790499766662,18.61114509696128,92181300
2008-09-24,18.6546573638916,18.92301813622909,18.466079785594168,18.553116123037466,80250300
2008-09-25,19.30016708374023,19.495996359044753,18.669157644617304,18.72718138978072,96203500
2008-09-26,19.87315559387207,19.9892031087219,18.95928037688306,18.981039804690717,100744300
2008-09-29,18.13969993591309,20.06173901909995,18.13969993591309,19.53952504953623,134383100
2008-09-30,19.358192443847656,19.358192443847656,18.52410051876683,18.69091862710393,107192700
2008-10-01,19.205883026123047,19.57578502417925,19.06082431418051,19.13335297845398,88957000
2008-10-02,19.039058685302734,19.242142475968215,18.640145628111593,18.98828808348515,93819800
2008-10-03,19.089841842651367,19.923934209345784,19.031818061926433,19.126107570226985,114289400
2008-10-06,18.067169189453125,18.850490805901103,17.508689517370033,18.589383139286493,146374600
2008-10-07,16.84866714477539,18.284756421199713,16.783390233720127,18.11793826334548,145941200
2008-10-08,16.68910026550293,17.624733580398384,16.319198271996864,16.609317075708805,171598600
2008-10-09,16.174142837524414,17.34187291515827,16.007324650261285,17.240331650458273,131948700
2008-10-10,15.59390640258789,16.21040995564849,14.977402849527287,15.8042434785599,228467500
2008-10-13,18.495098114013672,18.495098114013672,16.41349234503629,16.580311928426063,144935400
2008-10-14,17.479679107666016,18.66191403816304,17.1170301692638,18.59663711857897,165674900
2008-10-15,16.435243606567383,17.588466908342724,16.304689816419927,17.247577532265225,113280200
2008-10-16,17.544952392578125,17.544952392578125,15.456094165414616,16.63833023439151,161147800
2008-10-17,17.35637664794922,18.212228276872775,16.90669140137394,17.095268996170297,133673100
2008-10-20,17.92936134338379,17.951120775679822,16.68910275382134,17.55220753402303,93484300
2008-10-21,16.94295310974121,18.139693924699117,16.87767621225301,17.624731887113928,100385600
2008-10-22,15.615659713745115,16.725364290520396,15.158721395806015,16.710859388147444,150054800
2008-10-23,16.188644409179688,16.384475119789663,15.151468478981204,15.630164849319646,154774100
2008-10-24,15.927536010742188,16.580305013965642,15.194986588716764,15.274768390914238,153919700
2008-10-27,15.361810684204102,15.927542195479896,15.245763123768244,15.717206510963422,117683900
2008-10-28,16.75437355041504,16.83415533958118,15.477849706408673,15.695438416345834,134088800
2008-10-29,16.681852340698242,17.38539083269643,16.464263515699713,16.776140462625335,111701800
2008-10-30,16.413494110107422,17.320116664172918,16.239422745734394,17.18231103200025,95323000
2008-10-31,16.195899963378906,16.616572635801898,16.043588088047926,16.340960078033365,93055200
2008-11-03,16.406238555908203,16.61657422048097,16.108865154167265,16.304695912607915,61923500
2008-11-04,17.066247940063477,17.160535991270468,16.58755177739265,16.776127879806634,72123000
2008-11-05,16.014570236206055,16.928445337328654,15.992810811157186,16.9211921956457,81179700
2008-11-06,15.14421558380127,16.014573389601768,15.129710680974553,15.86226153445426,95509700
2008-11-07,15.59390640258789,15.622918985506551,15.231257416481194,15.463352546246105,71256300
2008-11-10,15.44883918762207,15.934788662040368,15.36905738788461,15.847753719891234,67106800
2008-11-11,15.376315116882324,15.448843795842624,15.078943106278295,15.441592034663294,78014500
2008-11-12,14.723544120788574,15.2312531111864,14.70903921682532,15.151469914107848,90162300
2008-11-13,15.412578582763672,15.412578582763672,13.592080899450917,14.6147507088591,148413700
2008-11-14,14.549473762512209,15.47785546251997,14.25210176942296,14.912122669537704,96624500
2008-11-17,14.012749671936035,14.680023531713722,13.889449022301177,14.317374724951836,97289000
2008-11-18,14.326742172241213,14.355949891548534,13.69145791229327,14.239116228785,108966500
2008-11-19,13.355565071105955,14.567715692777982,13.326355951177716,14.334046911654552,103010500
2008-11-20,12.800599098205566,13.757175100804725,12.778692267208545,13.231423691778524,139532800
2008-11-21,14.370559692382812,14.385164253750236,13.12919983150452,13.158408954239365,157231900
2008-11-24,15.108067512512209,15.29062028103006,14.509294654616388,14.523897817594824,125289900
2008-11-25,14.596922874450684,15.283321846671084,14.275629531084284,15.232207281474311,92948100
2008-11-26,14.962018013000488,15.100758444664956,14.407057679109084,14.407057679109084,79678300
2008-11-28,14.764867782592772,14.83058689231083,14.618826399815967,14.772170060646683,28650800
2008-12-01,13.589229583740234,14.56771260999199,13.581927305303466,14.51659666093461,79639900
2008-12-02,13.98354434967041,14.100378031487448,13.552719625682332,13.866710667853374,79689800
2008-12-03,14.50929355621338,14.531198995406264,13.581925228083534,13.618435221916336,80961500
2008-12-04,13.954331398010254,14.545801864727492,13.720664121912918,14.166091844685909,78719200
2008-12-05,14.50929355621338,14.58961582119894,13.486997015691069,13.80829025393428,91996200
2008-12-08,15.341740608215332,15.516991164827148,14.706456121825834,14.859801229340937,107225000
2008-12-09,15.04234790802002,15.51698481194978,14.940117413942051,15.056952463283592,80484900
2008-12-10,15.049650192260742,15.305222945650277,14.823283763877088,15.20299384429446,61499000
2008-12-11,14.20260524749756,14.691846698712702,14.10037475508669,14.684544421199996,83564300
2008-12-12,14.13688850402832,14.494691805315048,13.654949249824378,13.983543436181288,78112600
2008-12-15,13.90322208404541,14.195306289011208,13.793689288511803,14.12228488957792,59925900
2008-12-16,14.684541702270508,14.735656242628272,13.87400715440665,14.027350775479938,97688700
2008-12-17,14.355953216552734,14.640735161401734,14.239119526729173,14.465484626666392,78922700
2008-12-18,14.093074798583984,14.618827723949712,13.866709729477767,14.50199405003894,80759200
2008-12-19,13.961639404296877,14.458181873399765,13.954337124826148,14.180702217349108,113530400
2008-12-22,14.005453109741213,14.085776799303718,13.79369116190098,14.049265398244604,58575400
2008-12-23,14.07846736907959,14.290227816605787,13.881310081793012,14.078467369079592,47511400
2008-12-24,13.998147010803224,14.202606622654583,13.94703245603217,14.063866122013762,16880400
2008-12-26,13.968932151794434,14.11497487058023,13.939724443697228,14.020048078306074,23101000
2008-12-29,13.84479808807373,14.027350814294746,13.611130821353514,13.983538549976398,58512800
2008-12-30,14.122279167175291,14.231810525559014,13.87400734536324,13.881309621624393,43224100
2008-12-31,14.195306777954102,14.370557306969904,14.071170812471983,14.100378537590917,46419000
2009-01-02,14.845196723937988,14.89631129571275,14.144194494853917,14.26102819970126,50084000
2009-01-05,14.983932495117188,15.093463884406244,14.648034656161276,14.75026515989595,61475200
2009-01-06,15.15918254852295,15.334433044759574,15.049651162470951,15.151880270417198,58083400
2009-01-07,14.246421813964844,14.815987096731169,14.224514974823562,14.742965692361006,72709900
2009-01-08,14.691847801208496,14.742962354866124,14.275626308352557,14.33404314007086,70255400
2009-01-09,14.253722190856934,14.823286004821052,14.17339851749594,14.728359166749453,49815300
2009-01-12,14.217201232910156,14.45086981705975,14.093065363392004,14.39245162644761,52163500
2009-01-13,14.472786903381348,14.596922872889124,14.253724083199362,14.253724083199362,65843500
2009-01-14,13.939727783203123,14.370552374789552,13.881310960247353,14.26102100584334,80257500
2009-01-15,14.049263954162598,14.093076238162658,13.523512367859682,13.925127988856262,96169800
2009-01-16,14.3924560546875,14.538498790619318,13.983538343951857,14.33403923886812,79634100
2009-01-20,13.494302749633787,14.326744471371626,13.413980464073331,14.209909397091486,89873000
2009-01-21,14.151488304138184,14.202604243112294,13.47969414091465,13.7790819266953,68340900
2009-01-22,12.49391269683838,13.275238371642246,12.464703583538297,13.180310146184157,222436600
2009-01-23,12.559632301330566,12.7713928099884,12.23103672765968,12.391682678805871,117020600
2009-01-26,12.873615264892578,13.005053426361869,12.581531235386668,12.62534488438744,92476500
2009-01-27,12.89552879333496,13.121893859785642,12.727580563154367,12.98315474412371,61695000
2009-01-28,13.173013687133787,13.370169697090656,12.96855400363048,12.99776173397801,64145500
2009-01-29,12.84441375732422,13.114591092723318,12.822506922251108,12.983154260586211,49192800
2009-01-30,12.486608505249023,12.990454490336054,12.486608505249023,12.953943104305418,62370900
2009-02-02,13.019662857055664,13.238725613119342,12.41358774632798,12.435494579041162,88871700
2009-02-03,13.508902549743652,13.589226199778873,12.851712974525707,13.034265711684409,86865100
2009-02-04,13.603833198547363,13.874011938590128,13.50890636125881,13.538115475973592,75618000
2009-02-05,13.90322208404541,13.976242090711343,13.32635456056653,13.516209641986135,75195200
2009-02-06,14.355953216552734,14.553110590417786,13.917826183330655,13.99084758766224,86746000
2009-02-09,14.195306777954102,14.436276429446757,14.0638685330004,14.341348189083572,52196400
2009-02-10,13.727971076965332,14.458182334096838,13.654951065466136,14.056566699781486,83953200
2009-02-11,14.027356147766112,14.231815780269184,13.815595629073025,13.830200186987664,58599000
2009-02-12,14.063867568969728,14.107679850028642,13.538116017960808,13.85210565711157,75323200
2009-02-13,13.939727783203123,14.21720734405132,13.903217791143362,14.071165983045349,47416000
2009-02-17,13.300092697143556,13.60153194149954,13.153048547660028,13.59417959379367,75853300
2009-02-18,13.322148323059082,13.56477016227508,13.233921562291089,13.395668987662823,54946900
2009-02-19,13.167750358581545,13.513302211160198,13.094228299945314,13.45448484471454,49195600
2009-02-20,13.233916282653809,13.373608013841476,12.983942196240603,13.064816577820238,69413800
2009-02-23,12.653099060058594,13.3442042609107,12.61633872693195,13.248626553391333,70803400
2009-02-24,12.62369441986084,12.756033897899515,12.028168171003992,12.520764337971734,122674500
2009-02-25,12.469292640686035,12.67515412004026,12.10168375761416,12.506054370383184,105894600
2009-02-26,12.072278022766112,12.557521726537187,12.072278022766117,12.53546468461419,83219500
2009-02-27,11.873767852783203,12.145799070997692,11.837007521656506,11.976699304108095,93428000
2009-03-02,11.609088897705078,11.947289109782169,11.557623876679758,11.73407597833085,80602100
2009-03-03,11.67525577545166,11.939933863643828,11.498803716656882,11.785538838067014,80476600
2009-03-04,11.851710319519045,12.057570384610909,11.682609878516317,11.851710319519045,69285100
2009-03-05,11.226776123046877,11.675258727850531,11.226776123046877,11.660554035320086,89708500
2009-03-06,11.234127044677734,11.484101192330384,10.932687878799523,11.28559276406158,92821400
2009-03-09,11.138550758361816,11.572329425854548,11.101790424770977,11.175311793111076,66479100
2009-03-10,12.116388320922852,12.219319760666034,11.212070814717974,11.300296861580035,95184200
2009-03-11,12.579578399658203,12.645748121170405,12.07963001592904,12.226672750820851,84522200
2009-03-12,12.506057739257812,12.528114783017816,12.11639171339964,12.506057739257812,93694100
2009-03-13,12.241379737854004,12.535466665037854,11.895827773702615,12.484001628070317,82965800
2009-03-16,11.947293281555176,12.469297422590898,11.939940932796162,12.366367344598984,67028900
2009-03-17,12.42518138885498,12.42518138885498,11.95464241343281,11.998755091799447,62481000
2009-03-18,12.469292640686035,12.660449428161405,12.204615198449574,12.520759062262044,70710700
2009-03-19,12.601633071899414,12.829551607319994,12.439885655231624,12.770734237412006,58994600
2009-03-20,12.542816162109377,12.9765948069622,12.410476724382512,12.73397297190187,81725500
2009-03-23,13.476544380187988,13.667701207136664,12.726621767308623,12.770735852054628,71600000
2009-03-24,13.182454109191896,13.38831417588946,13.11628440137724,13.263328508146811,50044100
2009-03-25,13.145691871643066,13.461835707318222,12.881014452963326,13.21921392217718,73927100
2009-03-26,13.844156265258787,13.880916607999866,13.322152106286092,13.358912449027171,63775100
2009-03-27,13.329503059387209,13.689761149545436,13.2706856695829,13.630943759741124,47670400
2009-03-30,12.851605415344238,13.0574668818791,12.697210367180476,13.04276219091593,49633000
2009-03-31,13.505949020385742,13.814740493430708,13.072170489148377,13.108930811192328,92423300
2009-04-01,14.197053909301758,14.233815637025051,13.366258495186695,13.403018820593465,96438900
2009-04-02,14.182348251342772,14.623477691798636,13.969134473114988,14.336743275039067,99082300
2009-04-03,13.785333633422852,14.07942047047254,13.550064163783098,14.064715778040894,81858400
2009-04-06,13.792689323425291,13.792689323425291,13.432432685412172,13.6309418744144,47476100
2009-04-07,13.792689323425291,14.07207153577447,13.697110201764817,13.792689323425291,65815200
2009-04-08,14.108826637268066,14.424970440856312,13.939725517507524,13.947077862046358,56408900
2009-04-09,14.461734771728516,14.483791811461828,14.130886187312443,14.299987353967726,55759600
2009-04-13,14.402918815612791,14.594075638453916,14.241171381970394,14.476440886292744,44444700
2009-04-14,14.226462364196776,14.3735050585561,13.96913589617242,14.292632067469224,63796300
2009-04-15,13.844156265258787,14.15294791216229,13.608886706154632,14.123538516115676,72725500
2009-04-16,14.52790641784668,14.542611112954932,13.961788277031117,14.08677538081745,67688700
2009-04-17,14.116172790527344,14.476429101025737,13.969128768876043,14.476429101025737,61398500
2009-04-20,13.682402610778809,13.932376754941176,13.652993228022506,13.88826268080672,62937200
2009-04-21,13.947077751159668,14.027952138127528,13.652990983526074,13.667695672486834,60928300
2009-04-22,13.80739402770996,14.108833284234883,13.748576646005512,13.7926893317046,59401000
2009-04-23,13.910326957702637,13.92503165673406,13.57947824108204,13.910326957702637,86116300
2009-04-24,15.373398780822754,15.58661254235979,14.336742152733477,14.572011543176972,168478500
2009-04-27,14.998446464538574,15.307238071263647,14.910221092512556,15.1087288807296,68219600
2009-04-28,14.652891159057615,14.902865326325418,14.549961114529705,14.888160633588091,76685200
2009-04-29,14.888163566589355,15.358702608347542,14.748471762698534,14.78523350178399,79301600
2009-04-30,14.895514488220217,15.513097622555188,14.71171001734235,15.145488680799456,87439900
2009-05-01,14.88080596923828,14.961680364379095,14.601423862331824,14.8440456454378,63224500
2009-05-04,14.844049453735352,14.998444536087774,14.689652969066106,14.976388897075614,54313400
2009-05-05,14.549964904785156,14.880812163660355,14.43968108284304,14.807290083137962,66835500
2009-05-06,14.549964904785156,14.7558250474674,14.417625440308257,14.748472699183456,59639100
2009-05-07,14.204407691955566,14.697003674753129,14.072068263395524,14.674946635887563,68727200
2009-05-08,14.27793025970459,14.439677676847635,14.072068763263395,14.307338243586637,67597600
2009-05-11,14.204407691955566,14.505846878201586,13.976490566278088,14.11618234112665,63762600
2009-05-12,14.623477935791016,14.748464986623262,14.31468648092996,14.3440958586864,71966800
2009-05-13,14.520550727844238,14.704355167437203,14.461733363267154,14.64553780286012,49281700
2009-05-14,14.748475074768066,14.873462211093104,14.557318195546404,14.579375243951038,54539500
2009-05-15,14.866106033325195,15.071967558470094,14.689653898479673,14.79993630746851,61289900
2009-05-18,15.145487785339355,15.145487785339355,14.88080891418269,14.96903567200716,46073800
2009-05-19,15.027109146118164,15.345260878695807,14.982716307756109,15.175087155622194,51368300
2009-05-20,15.078899383544922,15.308265414413793,14.960517553326094,15.101096505919475,47450700
2009-05-21,14.66456127166748,14.96791485271316,14.43519667870619,14.901324904559466,58232800
2009-05-22,14.612768173217772,14.923520768033836,14.40559930626625,14.745948058313578,37318700
2009-05-26,15.049304962158203,15.130693001429853,14.390805840699256,14.45739579806283,44991700
2009-05-27,14.89393138885498,15.241679338466112,14.849538544027869,14.982718489732294,42892900
2009-05-28,15.130682945251465,15.263861360242602,14.834727148679622,15.034496887999069,45480800
2009-05-29,15.456247329711914,15.493242546434605,15.019713650946704,15.212084544235037,46134900
2009-06-01,15.833584785461426,15.90757378297563,15.434046456841124,15.53763020662736,57317100
2009-06-02,15.833584785461426,16.262719277576508,15.685608201655768,15.803990033189391,48935700
2009-06-03,16.077739715576172,16.099936827464624,15.75219054187794,15.766987205248174,56039600
2009-06-04,16.151735305786133,16.20352717689186,15.966763531138458,16.10734247501303,42330000
2009-06-05,16.3810977935791,16.506878640528406,16.13693513905663,16.24791790725367,59579200
2009-06-08,16.31450080871582,16.514270551978917,16.00374834515829,16.262708966659876,49000600
2009-06-09,16.336706161499023,16.514278885825664,16.188728185615542,16.321908081666162,50887700
2009-06-10,16.6844539642334,16.73624724797578,16.3663036885806,16.403297480031046,61297200
2009-06-11,16.891626358032227,17.209778110688475,16.69925549802559,16.714053582154477,65124600
2009-06-12,17.261564254760742,17.29855804156023,16.825030796658755,16.943412607884124,50963500
2009-06-15,17.328153610229492,17.416940671237985,17.03219909223862,17.187574684975406,69089600
2009-06-16,17.350351333618164,17.838676658145747,17.34295229400744,17.365148001617097,105295600
2009-06-17,17.520524978637695,17.624108710551475,17.14318242652286,17.387345088335696,86483100
2009-06-18,17.387338638305664,17.527917516055396,17.23936072370363,17.47612566931128,58852200
2009-06-19,17.809085845947266,18.008855741739673,17.57232215221831,17.786890131674507,115459000
2009-06-22,17.224567413330078,17.72029168913225,17.202370298453353,17.72029168913225,71291600
2009-06-23,17.26896858215332,17.50573227710151,17.17278244906628,17.298563338410375,56752700
2009-06-24,17.365150451660156,17.572319356322232,17.28376382690442,17.350353781573563,54287700
2009-06-25,17.60191535949707,17.698100064690834,17.16538184338593,17.335555543233273,57724300
2009-06-26,17.276365280151367,17.527927024710355,17.254168157552837,17.439139945538994,65126400
2009-06-29,17.653705596923828,17.779486452815586,17.424339593624257,17.461334793135105,62854900
2009-06-30,17.58710479736328,17.934850990862174,17.48351971386994,17.735081270433966,66452400
2009-07-01,17.78687858581543,17.9792479036818,17.727686289583296,17.79427621162243,54908400
2009-07-02,17.29116439819336,17.78688887615537,17.172781148462242,17.579719953154452,65422200
2009-07-06,17.16537857055664,17.224569472749355,16.921215922608884,17.17277619851111,49207700
2009-07-07,16.66965675354004,17.12098692172733,16.617863471478092,17.076594091182585,52842500
2009-07-08,16.691850662231445,16.788036764460124,16.277514328999217,16.50687890849282,73023400
2009-07-09,16.60306739807129,16.876824842683362,16.551275525372933,16.758443016166353,46981200
2009-07-10,16.566070556640625,16.67705474284219,16.388497834429685,16.418093993742783,43229200
2009-07-13,17.187580108642578,17.231974358766987,16.38110291061361,16.58827184419213,67584000
2009-07-14,17.09878921508789,17.18017582637762,16.913817462994675,17.165379158739245,45448700
2009-07-15,17.846078872680664,17.846078872680664,17.431741048102108,17.572320003270644,67238700
2009-07-16,18.082836151123047,18.082836151123047,17.65370180747092,17.70549366444617,64555100
2009-07-17,17.971853256225586,18.090235045864414,17.831274351821133,18.053239854588377,52860100
2009-07-20,18.149429321289062,18.149429321289062,17.86827146011026,18.08283937581106,47798000
2009-07-21,18.371395111083984,18.371395111083984,18.031047750731567,18.2678113772763,52028400
2009-07-22,18.34920310974121,18.42319211647866,18.134636542547828,18.275215514226687,66192500
2009-07-23,18.911518096923828,19.029899946417643,18.378799774201667,18.445389740944808,106060500
2009-07-24,17.350351333618164,17.67590060915488,16.876822677089514,17.468733144944697,215135700
2009-07-27,17.09878921508789,17.350350910832457,16.943412209493903,17.342951871402033,80950000
2009-07-28,17.365150451660156,17.424341365674646,16.943415012904055,17.0100049675732,70288400
2009-07-29,17.609310150146484,17.6906981722675,17.268962805317624,17.557518285604914,73626900
2009-07-30,17.6167049407959,18.075435394084817,17.542715975914188,17.905261762712364,67820000
2009-07-31,17.402141571044922,17.809078832992764,17.387343493208395,17.587113310334374,54258200
2009-08-03,17.631511688232422,17.653708811981428,17.387348971884656,17.624112646982756,46902900
2009-08-04,17.58710479736328,17.601902868036856,17.40953218294544,17.52051489055388,49218300
2009-08-05,17.6167049407959,17.94225553954216,17.601908276797257,17.63890205362705,53310300
2009-08-06,17.357744216918945,17.74248570416464,17.217166736412427,17.705491927446527,59686000
2009-08-07,17.431737899780273,17.62410869547162,17.387345073458427,17.572316829559046,46169700
2009-08-10,17.328153610229492,17.424338299368106,17.239366549221003,17.35774835641735,35261900
2009-08-11,17.113588333129883,17.31335819268793,17.05439742043372,17.25416727999177,33615800
2009-08-12,17.4095401763916,17.683297553437736,17.039596707025865,17.113584271921138,61972300
2009-08-13,17.47613525390625,17.646308961173105,17.313359176326863,17.483532883593718,38954500
2009-08-14,17.527921676635742,17.60930827888571,17.394741804125573,17.476129817597858,46330200
2009-08-17,17.202373504638672,17.46133424824333,17.187575425296114,17.2541653711151,42474400
2009-08-18,17.544645309448242,17.596728423164706,17.313990911921735,17.328872207028844,38878900
2009-08-19,17.596717834472656,17.64880091684852,17.299099207212343,17.299099207212343,41821300
2009-08-20,17.611602783203125,17.760412837359187,17.514877241412186,17.559519689995863,39505900
2009-08-21,18.162193298339844,18.16963394115487,17.68600351143795,17.805050958163424,69011400
2009-08-24,18.33332061767578,18.400284972136227,18.065464618991264,18.16219012034676,54180900
2009-08-25,18.33332061767578,18.46724932659667,18.199391908754897,18.30355947078073,43980300
2009-08-26,18.266359329223633,18.415169346148435,18.169633811632757,18.296121900271594,41079000
2009-08-27,18.370525360107425,18.43748972016277,18.080345993481785,18.16219163780663,45495600
2009-08-28,18.36307716369629,18.96575473710513,18.310994109336573,18.65325499179003,55808000
2009-08-31,18.340761184692383,18.48957117603499,18.07290518709584,18.28123747198679,49592800
2009-09-01,17.857135772705078,18.40773062206457,17.782730756487275,18.117552619888556,62608500
2009-09-02,17.75296974182129,17.961302085888697,17.693446012208078,17.723207167435856,40771300
2009-09-03,17.938976287841797,17.961296792895613,17.67855951534179,17.790166298082582,34120000
2009-09-04,18.318443298339844,18.452370606706715,17.91665711576686,17.924097758313486,44999700
2009-09-08,18.46725845336914,18.482139743749833,18.162199096354712,18.31844980703608,53737100
2009-09-09,18.437484741210938,18.563972785029417,18.3556391189881,18.40772218070918,49900300
2009-09-10,18.60118103027344,18.638382824670988,18.34076421201811,18.452371014368257,46256000
2009-09-11,18.497020721435547,18.727675041805217,18.459817496112738,18.54910381772954,54303500
2009-09-14,18.60118103027344,18.66814539551502,18.3333235693071,18.34076421201811,42806800
2009-09-15,18.749990463256836,18.802073541457183,18.497014295577337,18.57885852453898,44716600
2009-09-16,18.749990463256836,18.861597262137213,18.563978658737057,18.787192256497818,50055800
2009-09-17,18.824398040771484,18.88392177407137,18.645826840871823,18.645826840871823,42428800
2009-09-18,18.79463768005371,18.958327598774716,18.67559020840974,18.94344631002977,68016500
2009-09-21,18.824398040771484,18.87648254917191,18.67558941710064,18.683030061157844,28878700
2009-09-22,19.17409896850586,19.211300765274157,18.816956610562897,18.898800847284672,61376700
2009-09-23,19.12945556640625,19.53124179305912,19.07737248202331,19.285706238712685,60599900
2009-09-24,19.300586700439453,19.427074793887435,19.092252952655254,19.28570541434968,56302900
2009-09-25,19.010408401489254,19.21130151788635,18.988087890216892,19.114575991004955,50158900
2009-09-28,19.21873664855957,19.464272136228335,19.047606155157116,19.047606155157116,44358000
2009-09-29,19.15922164916992,19.315470930938247,19.114579199972955,19.278269126467087,39050300
2009-09-30,19.136898040771484,19.337791173319204,18.88392181885756,19.166660617070885,63533400
2009-10-01,18.511892318725582,18.95088024722848,18.45236860397048,18.90623781595148,75958100
2009-10-02,18.571420669555664,18.66814761715245,18.177076493045004,18.199397004676833,51219700
2009-10-05,18.33332061767578,18.645820465438767,18.244035757833363,18.5862967524914,60804900
2009-10-06,18.68302345275879,18.75742702869794,18.348201684403623,18.363082967254353,48795300
2009-10-07,18.67558860778809,18.73511233850849,18.511897283938705,18.593742945863394,38472700
2009-10-08,19.099700927734375,19.270831525988115,18.764878957970023,18.92857032948064,60521300
2009-10-09,19.010408401489254,19.188981006613982,18.943444029356893,19.02528968844259,39520000
2009-10-12,19.136898040771484,19.263386151728447,19.01040992981452,19.09225559548013,29145800
2009-10-13,19.203861236572266,19.300588184435455,18.988088248310245,19.040171334471506,37749000
2009-10-14,19.315465927124023,19.49403851596709,19.211299766263487,19.44939465917757,45365500
2009-10-15,19.87350845336914,19.87350845336914,19.270830363313028,19.270830363313028,65620100
2009-10-16,19.71725273132324,19.813978252368337,19.419634106002704,19.68005093534226,56500900
2009-10-19,19.613086700439453,19.776776590687952,19.531241045736422,19.70981222214139,48143200
2009-10-20,19.62053108215332,19.724697266782066,19.30059046461324,19.657732885475635,54604700
2009-10-21,19.776777267456055,19.903265365799403,19.63540788244699,19.687490966619382,61672700
2009-10-22,19.78422164916992,19.88094719245888,19.441959086973412,19.76189971495345,61600000
2009-10-23,20.84820556640625,21.83778841293492,20.744037979979616,21.726181602409863,281761000
2009-10-26,21.339275360107425,21.592251538676088,20.91516865461216,20.930048521054577,124149700
2009-10-27,21.272315979003903,21.488088994136852,21.160709149165633,21.37648216429858,69685800
2009-10-28,20.84820556640625,21.40624103818913,20.79612248277173,21.011895460565828,73542400
2009-10-29,20.99701690673828,21.138386308686112,20.721720166224788,20.885410081688008,65225500
2009-10-30,20.63243103027344,21.13094277180295,20.58034794699026,20.855646068975396,73371800
2009-11-02,20.744037628173828,20.87052572306576,20.394335916017344,20.610110309309636,62428900
2009-11-03,20.483617782592773,20.639866997040446,20.40921278655029,20.565462000997968,50294800
2009-11-04,20.877960205078125,21.12349567927427,20.55058051892136,20.602663586302793,63898400
2009-11-05,21.183025360107425,21.38391846449769,21.04165739997284,21.22022857526722,52681700
2009-11-06,21.220226287841797,21.30207051405589,20.982131413114622,21.11605871578061,38908500
2009-11-09,21.569923400878903,21.57736404153691,21.22766244555338,21.294626792318308,57518000
2009-11-10,21.58481788635254,21.785711049540403,21.436007820474575,21.502972208203865,65881100
2009-11-11,21.666658401489254,21.80058572587593,21.592253386280465,21.636895827742688,49693400
2009-11-12,21.84522819519043,21.941953715391147,21.57737072516146,21.584811368124218,55352400
2009-11-13,22.046119689941406,22.165168557169412,21.85266865119502,21.927072241870928,53037600
2009-11-16,21.979156494140625,22.17260753070401,21.852668404598404,22.031239574689035,54129500
2009-11-17,22.420089721679688,22.420089721679688,22.024000956774884,22.046421559651694,75648900
2009-11-18,22.50229835510254,22.524717533725703,22.278096590853927,22.420090899001615,59431200
2009-11-19,22.25567626953125,22.42008974786043,22.19588942055419,22.41261621355943,51967700
2009-11-20,22.13610076904297,22.248200923567815,21.994106479748403,22.165993478381885,42647100
2009-11-23,22.3752384185791,22.42755170625383,22.19587796422424,22.300504539573694,41832700
2009-11-24,22.35282325744629,22.412610090088663,22.233249592161545,22.38271738648274,37341400
2009-11-25,22.26314353942871,22.315456839384854,22.10620221412976,22.278089178394385,32033500
2009-11-27,21.837154388427734,21.964201547883988,21.485907030133433,21.75494840908317,29357900
2009-11-30,21.979158401489254,22.009052534884074,21.672750661346065,21.784850810715156,44172000
2009-12-01,22.427555084228516,22.457447785074923,21.97915316808925,22.06136058992006,49904200
2009-12-02,22.25567626953125,22.41261621355943,22.158521749049207,22.345355830281378,36308600
2009-12-03,22.293033599853516,22.56954855667888,22.240720306099345,22.300507131165592,43095200
2009-12-04,22.40514373779297,22.69660588757835,22.29304356884366,22.457457054940583,58810700
2009-12-07,22.26314353942871,22.479870271451382,22.18093611068019,22.255670007230616,38082700
2009-12-08,22.09872817993164,22.225775373552175,21.956733922254458,22.061361945220508,37402200
2009-12-09,22.20335578918457,22.278089687442645,21.859581852800183,22.023995288623514,44713300
2009-12-10,22.32292938232422,22.3901883182654,22.16598806398025,22.203354297884292,45940200
2009-12-11,22.30798721313477,22.420087364872977,22.263147437525635,22.39766676435303,43744200
2009-12-14,22.50229835510254,22.539664603095144,22.34535697758541,22.35283051227013,34651200
2009-12-15,22.43502426147461,22.577017057439424,22.33039626524302,22.337869795361712,49473200
2009-12-16,22.49482536315918,22.726499242251204,22.449985579399986,22.47240475856407,55737800
2009-12-17,22.121150970458984,22.39019102301529,22.098730372149863,22.382718915676207,43691200
2009-12-18,22.68912696838379,22.75638733887747,22.270617679660756,22.300511811182677,94118000
2009-12-21,22.80870246887207,23.047849838462582,22.696602317555364,22.71902149256025,40129100
2009-12-22,23.032899856567383,23.11510728899686,22.823646647373188,22.868486417139003,36321000
2009-12-23,23.107627868652344,23.130048460537783,22.935740940487936,22.950686576314677,28362700
2009-12-24,23.167415618896484,23.167415618896484,22.988055152898596,23.077734673182405,11083900
2009-12-28,23.294458389282227,23.30193191879782,23.08520383913563,23.167411238377152,25384000
2009-12-29,23.458885192871097,23.541092639177513,23.339311503024025,23.428992483124738,29716200
2009-12-30,23.13752555847168,23.384147846138337,23.01795189347419,23.279519820192643,42006200
2009-12-31,22.77880096435547,23.159942495849823,22.77880096435547,23.152468964789502,31929700
2010-01-04,23.130054473876953,23.242154611587463,22.861013003027253,22.88343360074159,38409100
2010-01-05,23.13752555847168,23.242153584417377,22.898378228476705,23.055319554679983,49749600
2010-01-06,22.99553680419922,23.227210643078266,22.808702741296266,23.07774282258359,58182400
2010-01-07,22.75638961791992,22.94322368235135,22.562082019859545,22.890908946948684,50559700
2010-01-08,22.913320541381836,23.07773394030104,22.59943937949591,22.629333502261343,51197400
2010-01-11,22.621870040893555,22.988064655187316,22.509769881486218,22.95069698509763,68754700
2010-01-12,22.472396850585938,22.719017712622794,22.35282318568507,22.532183683036372,65912100
2010-01-13,22.681652069091797,22.808699269544967,22.42755766818546,22.61439170265009,51863500
2010-01-14,23.13752555847168,23.242153584417377,22.614391130465304,22.651757366240577,63228100
2010-01-15,23.06279754638672,23.346784699310405,22.950695966523693,23.22721101119193,79913200
2010-01-19,23.24215316772461,23.346779766364,22.928271946375936,22.980585245695632,46575700
2010-01-20,22.86101531982422,23.12258328461047,22.651760662909066,23.02542877676637,54849500
2010-01-21,22.427555084228516,22.958162996768195,22.420081552659315,22.87595700036778,73086700
2010-01-22,21.642847061157227,22.569544835019528,21.553167551060948,22.42007708428558,102004600
2010-01-25,21.911895751953125,22.16599015770679,21.74748231164276,21.85210891680112,63373000
2010-01-26,22.046415328979492,22.307983253561964,21.74000763674676,21.82221506529767,66639900
2010-01-27,22.17346572875977,22.28556587679669,21.687697470312624,21.934318366166146,63949500
2010-01-28,21.792316436767575,22.322925708549228,21.590535385860605,22.30050511663838,117513700
2010-01-29,21.059926986694336,22.360291349354863,20.671311956355275,22.345344288473317,193888500
2010-02-01,21.23182487487793,21.284138189548298,20.865630246754453,21.21687780627756,85931100
2010-02-02,21.26917839050293,21.29907250981085,21.030031137759828,21.20191947292024,54413700
2010-02-03,21.3962345123291,21.51580961423607,21.015094309455044,21.119720920014142,61397900
2010-02-04,20.805837631225582,21.299079354883176,20.78341703453914,21.209398393567923,77850000
2010-02-05,20.94036102294922,21.134668609312108,20.60405915704601,20.925413956591143,80960100
2010-02-08,20.71615219116211,20.98519359151169,20.604052082826524,20.932880302650428,52820600
2010-02-09,20.932886123657227,21.179507000747815,20.738578549975156,20.902991992892012,59195800
2010-02-10,20.91793632507324,21.104770341651708,20.805836200212248,20.9478304519324,48591300
2010-02-11,21.01509475708008,21.22434798265541,20.701213493286392,20.873100478703467,65993700
2010-02-12,20.87309455871582,20.97024761083133,20.611526675501352,20.783413612168182,81117200
2010-02-16,21.286056518554688,21.301073480410984,21.03828237631104,21.12087280232805,51935600
2010-02-17,21.466259002685547,21.511308462953753,21.293568211576993,21.42120954241734,45882900
2010-02-18,21.751569747924805,21.796620631150375,21.406188235772813,21.466254647977344,42856500
2010-02-19,21.601402282714844,21.714026615372852,21.54133587649083,21.616419242294867,44451800
2010-02-22,21.57137107849121,21.72904630973403,21.511304664707342,21.653962934480127,36707100
2010-02-23,21.271041870117188,21.64645736477658,21.090842604532256,21.533833002798055,52266200
2010-02-24,21.49628639221191,21.616420644549116,21.308578681573294,21.41369597335633,43165900
2010-02-25,21.47376251220703,21.51130348172133,21.03828067819868,21.22598838996256,48735300
2010-02-26,21.52632713317871,21.66147695679136,21.406194274877823,21.51131016786694,40370600
2010-03-01,21.78911590576172,21.811639919160072,21.42120888859163,21.601408156260867,43805400
2010-03-02,21.368640899658203,21.99933879824323,21.2034586622558,21.834156560840828,93123900
2010-03-03,21.368640899658203,21.481266649623738,21.28605049700495,21.40618329367868,48442100
2010-03-04,21.49628639221191,21.511303352766088,21.22598826271771,21.368645091693807,42890600
2010-03-05,21.466259002685547,21.533833909136117,21.338617671845196,21.518816945014542,56001800
2010-03-08,21.49628639221191,21.72153650423596,21.398679012802155,21.41369597335633,39414500
2010-03-09,21.623926162719727,21.856684738551927,21.43621846536245,21.44372694510827,50271600
2010-03-10,21.751569747924805,21.856687043354903,21.623928442978148,21.66897932620372,44891400
2010-03-11,21.909250259399418,21.91675874174801,21.66147607028207,21.691508567579877,35349700
2010-03-12,21.976825714111328,22.05941615780339,21.80413491209556,22.014366694689848,31700200
2010-03-15,21.991830825805664,22.05189722161408,21.78159772442829,21.90923899453315,37512000
2010-03-16,22.051904678344727,22.14200358647588,21.924263365078655,22.08944565138332,36723500
2010-03-17,22.24711227416992,22.42731289644702,22.074421562591553,22.149504916524368,50385700
2010-03-18,22.232099533081055,22.31468994386328,22.149507690202785,22.247115060071252,43845200
2010-03-19,22.21709442138672,22.44985168295838,22.036895112547676,22.34473577749314,81332100
2010-03-22,22.224594116210938,22.299677489892996,22.066918888268994,22.14951074252888,37718200
2010-03-23,22.434825897216797,22.449842858408076,22.081935901799245,22.21708568832825,42026600
2010-03-24,22.26213264465332,22.412299375542833,22.224591677978985,22.314690570835825,33987700
2010-03-25,22.532434463500977,22.95289934752982,22.37475923693002,22.39728467846765,73168700
2010-03-26,22.2696475982666,22.67509703027611,22.21708965680533,22.592505161067542,55595500
2010-03-29,22.21709442138672,22.3897852466787,22.187060487198476,22.307193359757836,33336000
2010-03-30,22.352231979370117,22.419806862067123,22.149507331279093,22.247114699565874,34954800
2010-03-31,21.991830825805664,22.314686808215995,21.90173051604512,22.254620412407583,63760000
2010-04-01,21.894227981567383,22.17954451318912,21.488780057810477,22.036886247378252,74768100
2010-04-05,21.976825714111328,22.096958570478527,21.796626429560533,21.871708390717572,34331200
2010-04-06,22.01436233520508,22.20957854616743,21.759079707954022,21.88672102157955,47366800
2010-04-07,22.036890029907227,22.194563851738824,21.87921477597916,21.89423173960973,58318800
2010-04-08,22.464859008789062,22.50990845864071,21.999343253334747,22.014360213984027,63713800
2010-04-09,22.780210494995117,22.832768430877167,22.449844485326924,22.48738689102578,54752500
2010-04-12,22.76518821716309,22.892829502542927,22.68259637600671,22.712630293553037,37068800
2010-04-13,22.86280059814453,22.90034156886155,22.622533516428422,22.637550477553727,41374600
2010-04-14,23.14061164855957,23.27576146036812,23.0204788007512,23.11808763465582,68941200
2010-04-15,23.17814826965332,23.238214678555497,23.058014019752815,23.14060586902937,52745400
2010-04-16,23.027978897094727,23.260736025952692,22.975420974329637,23.11807921618916,88703100
2010-04-19,23.30579376220703,23.46346757691764,23.09556057716314,23.103069058639324,64970300
2010-04-20,23.546052932739254,23.60611933584947,23.373360770713383,23.440935653224376,52199500
2010-04-21,23.523534774780273,23.651176099904887,23.448451389631124,23.523534774780273,55343100
2010-04-22,23.568584442138672,23.673701755118696,23.20067742694977,23.30579473992979,84847600
2010-04-23,23.245725631713867,23.71124145298145,23.012968437128272,23.36585990179614,126766600
2010-04-26,23.358352661132812,23.48599398728477,23.170644912797375,23.275760793594348,63649300
2010-04-27,23.163131713867188,23.46346376362232,23.08804834340436,23.238215084330015,68730900
2010-04-28,23.20818519592285,23.275760097871483,22.99044495905226,23.215693677483415,64557900
2010-04-29,23.2757511138916,23.59860853589705,23.027977046414655,23.22319319535041,52665200
2010-04-30,22.93037986755371,23.335827870646096,22.915362903562308,23.328319388650392,63214800
2010-05-03,23.170642852783203,23.32080817884304,22.96040967778382,23.027984575744465,43989500
2010-05-04,22.62253189086914,22.937880891359637,22.337216810471133,22.9153568833864,82085600
2010-05-05,22.41229820251465,22.59249741089304,22.292165396929057,22.352231799721853,66833800
2010-05-06,21.759078979492188,22.434826498141103,20.95569015149098,22.217086283420315,128613000
2010-05-07,21.180938720703125,21.73655483957957,20.51269968683578,21.721537878075605,173718100
2010-05-10,21.729049682617188,22.13449768056973,21.55635746309825,21.78160762382432,86653300
2010-05-11,21.68399429321289,22.26213439075836,21.45123713096458,21.533828982641417,63789400
2010-05-12,22.104463577270508,22.20957945203906,21.714031139421063,21.759080595450957,47146800
2010-05-13,21.95429039001465,22.322197276142425,21.909240947167323,21.96930734832908,45188800
2010-05-14,21.721538543701172,21.93177028281381,21.50379689151015,21.924263233928063,63334000
2010-05-17,21.729049682617188,21.94678992934625,21.361142662070744,21.86419949263353,46053300
2010-05-18,21.57065773010254,21.872344959067696,21.419813396340867,21.774297149113337,52690600
2010-05-19,21.299137115478516,21.638536125025244,20.95973954448987,21.510318881258492,61746700
2010-05-20,20.44687271118164,20.99745210562207,20.394077623846016,20.85415012674092,87991100
2010-05-21,20.243234634399418,20.446874075041453,19.941547373388055,20.084847923269493,117596300
2010-05-24,19.81332778930664,20.25831698669015,19.80578542884409,20.2507746262276,73711700
2010-05-25,19.662492752075195,19.858589901126635,19.142081142614018,19.34572065569346,98373600
2010-05-26,18.863018035888672,20.069768766671913,18.523618898351355,19.783164730849595,176684100
2010-05-27,19.609689712524418,19.881208953498017,19.406050281794215,19.406050281794215,136433600
2010-05-28,19.458845138549805,19.700196371298087,19.353254963231223,19.489014582102683,67496900
2010-06-01,19.5267276763916,19.843499685167107,19.24766747732654,19.25520983926863,76152400
2010-06-02,19.956632614135746,19.97171733830485,19.406053128989548,19.65494532354594,65718800
2010-06-03,20.25831413269043,20.311109209932347,19.91891515248101,20.024505306964844,67837000
2010-06-04,19.45130729675293,20.039597153619944,19.323090018463727,19.685114767083192,89832200
2010-06-07,19.07419776916504,19.48147525055215,19.036485958859817,19.473932888491102,80456200
2010-06-08,18.938438415527344,19.051570971036604,18.591496948265984,19.04402860886152,87355000
2010-06-09,18.697080612182617,19.247659869301565,18.666911176339337,19.0213934161506,87794000
2010-06-10,18.855470657348633,18.968603193581075,18.689543033444934,18.953518471801218,78930900
2010-06-11,19.353252410888672,19.39850513169173,18.68199820450409,18.88563760595494,68057700
2010-06-14,19.232585906982425,19.579525981855113,19.209958817446022,19.50410522718448,50972400
2010-06-15,20.04714012145996,20.099935219075785,19.413596072953087,19.421138435263707,81641500
2010-06-16,19.851045608520508,20.04714273852063,19.783165777422052,19.964178180831695,48698000
2010-06-17,19.888751983642575,20.115017066361197,19.63985981722877,20.032052531370493,47995500
2010-06-18,19.941547393798828,20.00942720741565,19.73790795294836,19.888752302887596,52075600
2010-06-21,19.571977615356445,20.28094222188889,19.526723453490693,20.19797913558462,54625300
2010-06-22,19.43622398376465,19.94909313415859,19.428681621134317,19.7303689335547,55985400
2010-06-23,19.089269638061523,19.443753250133224,19.021389858667263,19.443753250133224,61466200
2010-06-24,18.855470657348633,19.398507694399303,18.802675569677376,19.20241062693589,85243400
2010-06-25,18.50098419189453,18.938430955833173,18.335055166517783,18.89317680060792,156256700
2010-06-28,18.33506202697754,18.56132857209255,18.191761464152343,18.485906390387544,73784800
2010-06-29,17.580846786499023,18.252102762508475,17.43000382990631,18.19930621721432,119882100
2010-06-30,17.354581832885742,17.85990869235653,17.309329089240848,17.57330462596838,81050500
2010-07-01,17.46770668029785,17.588381568980953,17.143392377502707,17.414911596318763,92239400
2010-07-02,17.55067253112793,17.709057795026222,17.384743467739334,17.61855234095813,62485100
2010-07-06,17.96549415588379,18.16913360626939,17.784481790616056,17.874988692529122,73592000
2010-07-07,18.327516555786133,18.342601277279783,17.807106611279142,17.96549187128782,79965300
2010-07-08,18.41048240661621,18.56886911654926,18.07862570273228,18.553784393973096,50758100
2010-07-09,18.304887771606445,18.410477926829877,18.214380896730663,18.350140489765348,53806100
2010-07-12,18.727256774902344,18.772509509840425,18.4180271154682,18.425569477717634,49854200
2010-07-13,18.953523635864254,19.081740928810547,18.780053603807115,18.961065998809175,61928700
2010-07-14,19.187320709228516,19.31553792290658,18.945970998436344,19.232573420362613,72808100
2010-07-15,19.24011993408203,19.300457374811614,18.84038349014973,19.23257757417107,56934700
2010-07-16,18.77251243591309,19.338176745763988,18.764970072488023,19.24012889835567,65064800
2010-07-19,19.028932571411133,19.08172763669045,18.787582879529907,18.825293229427235,38181800
2010-07-20,19.217493057250977,19.217493057250977,18.62920336356575,18.74987824629903,45530700
2010-07-21,18.945980072021484,19.345715182502506,18.840388444061784,19.30800481159018,73297300
2010-07-22,19.4890193939209,19.60215195806001,19.209957726389735,19.240127177391415,73016400
2010-07-23,19.466392517089844,19.62477925945168,19.044030268389307,19.489019605586854,108520100
2010-07-26,19.68510627746582,19.7605284272071,19.458839828241977,19.50409398122146,67249900
2010-07-27,19.73036766052246,19.79070511911348,19.57952329476568,19.715282936235088,60672100
2010-07-28,19.571977615356445,19.752989947145036,19.48147073018308,19.66248306197167,69704800
2010-07-29,19.632322311401367,19.91892491629716,19.30800789102016,19.707743065254856,69446200
2010-07-30,19.466392517089844,19.489019605586854,19.119452458154058,19.42113977865444,83534800
2010-08-02,19.858585357666016,19.896295730619386,19.421138414037795,19.60215079361928,55044600
2010-08-03,19.73036766052246,19.873669664135555,19.587065656909367,19.760537109097218,56877700
2010-08-04,19.406051635742188,19.790703441105613,19.187328906354185,19.72282362612628,78531900
2010-08-05,19.134536743164062,19.29292204331978,19.01386037918438,19.22504221795059,64922100
2010-08-06,19.270292282104492,19.277834643716833,18.870557186559168,18.991232095239837,55982100
2010-08-09,19.31554412841797,19.406049579762875,19.13453178716994,19.270289964187302,57096500
2010-08-10,18.90826416015625,19.11190357144083,18.764962192375457,19.104361211183093,87257700
2010-08-11,18.7498836517334,18.780051661834865,18.523617102459188,18.61412400988057,76746900
2010-08-12,18.470815658569336,18.614117613343005,18.372767861234507,18.41802058011535,70240500
2010-08-13,18.402936935424805,18.60657634011509,18.282262052324953,18.365226573915383,45263500
2010-08-16,18.478357315063477,18.561321828653323,18.32751300645611,18.372767162173083,40909700
2010-08-17,18.736164093017575,18.925724643272627,18.65275843434327,18.736164093017575,52912600
2010-08-18,18.819576263427734,18.91814858598227,18.50869699303133,18.7134227895068,46818900
2010-08-19,18.53144073486328,18.758912828177863,18.35704392067431,18.66792456934495,54064600
2010-08-20,18.372203826904297,18.501105028359845,18.3494574918563,18.43286313075209,49560100
2010-08-23,18.410125732421875,18.683092009125403,18.379795342658937,18.531444399008464,51643000
2010-08-24,18.2281436920166,18.463198375645852,18.19781330897682,18.266055224584065,66522500
2010-08-25,18.273632049560547,18.36462027748143,18.09923674085235,18.197807562138607,47404800
2010-08-26,18.06132698059082,18.341877199990677,18.03858064268817,18.266052699107036,49105300
2010-08-27,18.144737243652344,18.21297916173718,17.826275441333884,18.10682426347615,60939400
2010-08-30,17.924842834472656,18.06132664427537,17.894513902423185,18.00066733394439,45453100
2010-08-31,17.79594612121582,17.993089291222315,17.68221006635157,17.89451842933527,66074600
2010-09-01,18.12198829650879,18.159901274260164,17.849022087860014,17.94759293754914,65235900
2010-09-02,18.15231704711914,18.159899641987867,17.97792025760263,18.106821477906784,48837100
2010-09-03,18.417705535888672,18.539024184071167,18.349463615506973,18.379792554436413,64189100
2010-09-07,18.16748046875,18.425282904790805,18.13715153604453,18.273635348799317,51928700
2010-09-08,18.144737243652344,18.34946299790685,18.000670811447435,18.250890695681058,65512400
2010-09-09,18.205394744873047,18.357042311713712,18.19022955431933,18.34187856739217,46028900
2010-09-10,18.084083557128903,18.22056743583092,18.038589412972488,18.182654443839933,58284300
2010-09-13,19.039461135864254,19.175944956315664,18.266053784127703,18.349460884677377,114680400
2010-09-14,18.978805541992188,19.221442849821187,18.872650635142676,18.986388138640898,87160400
2010-09-15,19.04705047607422,19.122873562080652,18.895401411596023,19.031885280379868,56201900
2010-09-16,19.20627212524414,19.23660250310403,18.99396381892094,19.001546413385913,44548300
2010-09-17,19.122867584228516,19.357923705313897,19.01671414001719,19.2593514103472,70341600
2010-09-20,19.282102584838867,19.35034450988901,19.039465271875017,19.16836652516612,49838700
2010-09-21,19.06978988647461,19.27451561517846,19.016713167084458,19.27451561517846,52675700
2010-09-22,18.66033935546875,18.93330553990426,18.470778822223377,18.872646227115027,94299400
2010-09-23,18.52385711669922,18.64517575260311,18.470780394270292,18.584516434651164,46201800
2010-09-24,18.789247512817383,18.804411261938995,18.6375984517402,18.683092591570304,51948800
2010-09-27,18.751323699951172,18.948466787054677,18.64517028621536,18.842313373318863,43603300
2010-09-28,18.71341896057129,18.880231734920297,18.463199075931627,18.804407220677177,56041200
2010-09-29,18.57693672180176,18.698255376531257,18.50111220103771,18.675507586432307,44318900
2010-09-30,18.56934356689453,18.827145923170864,18.470772758309636,18.660333229322728,61262700
2010-10-01,18.48594665527344,18.819573672536436,18.42528732906493,18.781662135993272,62672300
2010-10-04,18.12957191467285,18.190231236264367,18.031001059423755,18.167483448330433,98143400
2010-10-05,18.46319580078125,18.53902030157401,18.12956886503236,18.24330489310546,78152900
2010-10-06,18.52385711669922,18.607264221220227,18.296383589705258,18.44045001217821,50489700
2010-10-07,18.599679946899418,18.766492694652776,18.410119414630195,18.6679218542149,50096100
2010-10-08,18.63001251220703,18.690671836510298,18.47836492456506,18.6679254937918,41327800
2010-10-11,18.64517593383789,18.7589119753243,18.5769340196996,18.7589119753243,27587800
2010-10-12,18.8271484375,18.902972925277773,18.52385193262072,18.69066464874637,50141500
2010-10-13,19.213863372802734,19.36551243793435,18.872653699372933,18.97122602557828,75336500
2010-10-14,19.13043975830078,19.213846816877385,18.95604449603282,19.175935306377884,51949100
2010-10-15,19.365507125854492,19.373088275422116,19.13045099475459,19.229023293920942,68954800
2010-10-18,19.577810287475582,19.676382567832327,19.297261527575305,19.40341495605303,48330500
2010-10-19,19.031883239746097,19.236609020970775,18.918147176698778,19.160784496861726,66150900
2010-10-20,19.19111061096191,19.259352527981385,19.03188043540468,19.153199077609894,56283600
2010-10-21,19.274517059326172,19.36550676097824,18.993966804945178,19.25935186801212,50032400
2010-10-22,19.244186401367188,19.36550648391161,19.16078074279769,19.350341292814527,25837900
2010-10-25,19.100122451782227,19.221441094618537,19.08495725986961,19.13803398533146,50912400
2010-10-26,19.63846969604492,19.691546410553997,19.00154622947205,19.047041795821546,69304200
2010-10-27,19.752208709716797,19.79770428295381,19.42616577891155,19.55506701061864,64805500
2010-10-28,19.926610946655273,20.002434030255223,19.65364321775109,19.87353276340965,80730300
2010-10-29,20.222322463989254,20.624191408901932,20.07825602015529,20.5862784256654,114193200
2010-11-01,20.43462562561035,20.639349898003545,20.24506509641631,20.381547462601084,61912100
2010-11-02,20.76824951171875,20.790997294108703,20.487700760069036,20.51802969035703,54402100
2010-11-03,20.495285034179688,20.844075715357388,20.442206870919016,20.821327931102815,110255300
2010-11-04,20.578693389892575,20.798584327904223,20.480122537625736,20.783419136407097,93599300
2010-11-05,20.358802795410156,20.616605251968902,20.11616552952714,20.601440061293168,110953700
2010-11-08,20.32847785949707,21.890458207936735,20.15408245870696,20.229906986164742,71670800
2010-11-09,20.43462562561035,20.55594424859597,20.252646244899857,20.32847074582389,58538600
2010-11-10,20.427040100097656,20.53319351842155,20.328467829169583,20.48011680925961,52277300
2010-11-11,20.229900360107425,20.26022929341712,19.92660379584994,20.229900360107425,62073100
2010-11-12,19.919023513793945,20.108584069244063,19.790122278238577,20.07067109041468,64962200
2010-11-15,19.865949630737305,20.093421751315816,19.843201840186463,19.964520497326,51794600
2010-11-16,19.69047164916992,19.865939960523303,19.56840762264807,19.865939960523303,65339200
2010-11-17,19.507387161254883,19.76677373499662,19.492128785124468,19.759144546931413,58299700
2010-11-18,19.713367462158203,19.89646357868096,19.537900532380387,19.614189489592594,59514000
2010-11-19,19.598934173583984,19.705739886508127,19.53027294238455,19.68285232440208,52423200
2010-11-22,19.629444122314453,19.637073307605505,19.408203569347236,19.568412095104364,53350500
2010-11-23,19.16407585144043,19.53026802217104,19.141188295100388,19.507380465831,69742500
2010-11-24,19.35480308532715,19.423462851074454,19.19459308493413,19.22510982981603,56825900
2010-11-26,19.26325035095215,19.38531439518239,19.202218328837027,19.232733612335497,21356500
2010-11-29,19.309024810791016,19.392944390376098,19.019123057407125,19.217477501351155,56603600
2010-11-30,19.270883560180664,19.431092106021847,19.072529083102182,19.11067355922099,75282100
2010-12-01,19.86594581604004,20.026154352402425,19.499752173420408,19.50738135921648,74123500
2010-12-02,20.51441192626953,20.583073147746756,19.98801116843547,20.018526458470625,91759200
2010-12-03,20.613595962524418,20.64411126154473,20.430499803045755,20.453385913531257,52622000
2010-12-06,20.47626304626465,20.58306872109552,20.41523102420155,20.54492425297541,36264200
2010-12-07,20.499156951904297,20.697509993730733,20.483898577881146,20.65936551379149,57860500
2010-12-08,20.77379989624023,20.7814290830636,20.445752138428546,20.46863969889864,41666800
2010-12-09,20.65936279296875,20.857717263790686,20.60595994603947,20.811943602868222,47148300
2010-12-10,20.857715606689453,20.9034892639753,20.68224870782845,20.74328073591568,37625800
2010-12-13,20.78904914855957,20.94162990784389,20.728017135869436,20.804307515511596,47943900
2010-12-14,21.07132911682129,21.17050562001431,20.79668425395079,20.834828727074637,64070500
2010-12-15,21.24679183959961,21.353597507419657,21.00266376737203,21.00266376737203,69634200
2010-12-16,21.353605270385746,21.353605270385746,21.10184792248652,21.17813833657205,57680200
2010-12-17,21.284936904907227,21.42988849754557,21.17050204971617,21.30019527363087,87456500
2010-12-20,21.216278076171875,21.3536004998232,21.11710157860053,21.323085214077512,52811000
2010-12-21,21.414630889892575,21.46803372720512,21.178131986743537,21.246793193321995,38153000
2010-12-22,21.50618553161621,21.666394087365695,21.345975520748148,21.36886308090604,42252300
2010-12-23,21.590097427368164,21.60535579639116,21.330710974449833,21.338340158961337,24902500
2010-12-27,21.414630889892575,21.513808835002884,21.269679292102698,21.45277681305738,21652800
2010-12-28,21.368865966796875,21.490930060553357,21.330720028048734,21.338349215798363,23042200
2010-12-29,21.33833885192871,21.452775157473496,21.26967765064907,21.31545275491421,19502500
2010-12-30,21.24679183959961,21.36122669156653,21.19338900568959,21.300194673509633,20786100
2010-12-31,21.292572021484375,21.300201207971725,21.07895916519418,21.20865242524206,24752000
2011-01-03,21.34597396850586,21.498554781559218,21.300200306637244,21.39937681653899,53443800
2011-01-04,21.42989158630371,21.490923614876888,21.246795500584177,21.315456714618794,54405600
2011-01-05,21.361230850219727,21.368860035851867,21.185763946035618,21.284940449016695,58998700
2011-01-06,21.986799240112305,22.009686786306787,21.254415223301137,21.391737590232655,88026300
2011-01-07,21.8189754486084,21.925781155070503,21.551959727334513,21.849490741118164,73762000
2011-01-10,21.529071807861328,21.666394259663537,21.391750811177715,21.559588554981193,57573600
2011-01-11,21.445154190063477,21.551959897368224,21.39937906825976,21.513815417650424,50298900
2011-01-12,21.78083038330078,21.811347132147024,21.41463812785791,21.45278406391571,52631100
2011-01-13,21.50618553161621,21.658764900646396,21.36886308090604,21.6129912354492,67077600
2011-01-14,21.590097427368164,21.651129448341997,21.2925665070105,21.422259733469662,62688400
2011-01-18,21.864742279052734,21.92577430010959,21.468033414624085,21.48329178366784,53322700
2011-01-19,21.71979331970215,21.88000330387139,21.567213976099143,21.712164134254245,50005900
2011-01-20,21.628250122070312,21.780829494720813,21.460410920500564,21.74268501533784,58613600
2011-01-21,21.37648582458496,21.689275110206065,21.37648582458496,21.666387556946663,58080300
2011-01-24,21.6511287689209,21.78845117558233,21.35359785789987,21.37648541071615,52047800
2011-01-25,21.70454216003418,21.70454216003418,21.452784793959996,21.46804171378364,42436600
2011-01-26,21.956298828125,22.11650739457072,21.742685951078695,21.75031513830735,74628800
2011-01-27,22.02496337890625,22.47507385231345,21.735060040981526,21.93341457347768,146938600
2011-01-28,21.170507431030273,22.070731042898448,20.94163766247194,22.047843483995216,141249400
2011-01-31,21.155242919921875,21.284936139170792,20.91874403368611,21.185759656271305,65029000
2011-02-01,21.353605270385746,21.40700812371003,21.063703443003064,21.208653629135092,62810700
2011-02-02,21.315458297729492,21.445151549969676,21.26968318156111,21.307829111701427,45824000
2011-02-03,21.09421157836914,21.338339656516087,21.010293460954955,21.338339656516087,60340100
2011-02-04,21.185760498046875,21.23916333366216,20.987406069248586,21.132357662431595,40412200
2011-02-07,21.513816833496097,21.620622547829832,21.201027422845524,21.20865515519617,68980900
2011-02-08,21.57484436035156,21.62061802046404,21.399375995536634,21.437521924895712,34904200
2011-02-09,21.33833885192871,21.55958082385602,21.29256520278164,21.50617799066476,52905100
2011-02-10,20.97978401184082,21.31546096346349,20.819575450570976,21.30783177648131,76672400
2011-02-11,20.78904914855957,21.216273237390517,20.651726756227276,21.178128775128418,83939700
2011-02-14,20.77379989624023,20.804316643533692,20.56018848566042,20.758541522593504,56766200
2011-02-15,20.68938446044922,20.97332696317718,20.681711644233182,20.750778699931356,44116500
2011-02-16,20.735431671142575,20.77380160993288,20.413119208658316,20.758453048929024,70817900
2011-02-17,20.88122940063477,21.004016370795664,20.65100694198531,20.697051140971464,57207300
2011-02-18,20.766122817993164,20.881234073075493,20.712404329869347,20.819841306116984,68667800
2011-02-22,20.405439376831055,20.796818793638067,20.35172089165108,20.551247739261655,60889000
2011-02-23,20.405439376831055,20.61264050285576,20.28265384964285,20.359395170065213,60234100
2011-02-24,20.54357528686523,20.76612352578048,20.33637414242344,20.443811122332928,64494200
2011-02-25,20.37474250793457,20.681707793311578,20.336372579121925,20.651010679286298,53006300
2011-02-28,20.397769927978516,20.612645383293216,20.344051430079663,20.48218554680202,51379900
2011-03-01,20.07544708251953,20.5512419644671,20.067772806261832,20.41310791926559,60055000
2011-03-02,20.014062881469727,20.236612596808193,19.983367227051513,20.037085720072753,48658200
2011-03-03,20.10614776611328,20.259628927428768,20.090799210866095,20.152191968136048,68271500
2011-03-04,19.9143009185791,20.13684917850856,19.799188184984708,20.121500618866747,70437200
2011-03-07,19.737794876098633,20.159871472513288,19.60733505011144,20.05243302164672,64980400
2011-03-08,19.88360023498535,19.96801583416388,19.684073386566343,19.776163264190096,50549800
2011-03-09,19.868257522583008,19.93732458518799,19.69175345757887,19.806864740680727,39789100
2011-03-10,19.499902725219727,19.73012531378525,19.45385850025053,19.66105970819121,66549500
2011-03-11,19.707103729248047,19.837563585077163,19.461532580327244,19.499902523451304,49905800
2011-03-14,19.71476936340332,19.76848784570302,19.4538497661886,19.561286730788005,54473400
2011-03-15,19.48454475402832,19.54593751224969,19.18525524066398,19.24664799888535,76067300
2011-03-16,19.024099349975582,19.400130168166417,18.939683760520108,19.35408450279864,100725400
2011-03-17,19.016429901123047,19.35408941724691,18.993407062593132,19.23130387252566,62497000
2011-03-18,19.03177833557129,19.32339512259288,19.03177833557129,19.23130522571257,85486700
2011-03-21,19.438501358032227,19.63035391840117,19.300367280371567,19.32339011455464,46878100
2011-03-22,19.41547584533691,19.53826134993633,19.361757370039506,19.41547584533691,30895600
2011-03-23,19.59966278076172,19.65338127583338,19.323394561856947,19.36176449727407,43969000
2011-03-24,19.806859970092773,19.852905643218673,19.568963180485067,19.645704505309205,38696700
2011-03-25,19.66105842590332,19.914303842296626,19.638035583060503,19.89895528040141,57029800
2011-03-28,19.499902725219727,19.73779959523337,19.47687988087537,19.69175537026417,48973200
2011-03-29,19.56128692626953,19.58430976050756,19.415478570199763,19.44617568251714,40763500
2011-03-30,19.65337371826172,19.73778783646236,19.56895813634243,19.645699441385545,41999300
2011-03-31,19.48454475402832,19.707094417405052,19.44617482903452,19.64570165918368,63233700
2011-04-01,19.55361557006836,19.59198696619888,19.423155750662794,19.59198696619888,63114200
2011-04-04,19.60732650756836,19.691742082816848,19.499889567229214,19.530586672308132,35433700
2011-04-05,19.783845901489254,20.090809850398568,19.753148774738545,19.814541564520404,73651100
2011-04-06,20.067781448364254,20.190566993927423,19.845233195925704,19.9373216232385,65581400
2011-04-07,20.10614776611328,20.152191968136048,19.929642308208223,20.098473488489688,46134700
2011-04-08,20.00638961791992,20.16754656888684,19.921974002474432,20.083130953441348,39887600
2011-04-11,19.937318801879883,20.144519929591084,19.799184716739084,20.09847572245047,34286300
2011-04-12,19.676403045654297,19.83755999781597,19.6073359895449,19.822211437854047,36920400
2011-04-13,19.66873550415039,19.85291535935466,19.61501698959904,19.6840840693707,38144700
2011-04-14,19.5075740814209,19.522922642015555,19.25432868648628,19.5075740814209,55239900
2011-04-15,19.46919631958008,19.615003195476092,19.323387979965354,19.53826188706209,65080400
2011-04-18,19.246652603149418,19.400135267279012,18.970384393203805,19.26200116230621,58045100
2011-04-19,19.30036735534668,19.31571591152835,19.085493423678837,19.185256111421925,38892400
2011-04-20,19.76848793029785,19.952666211993066,19.576635370567143,19.599658204673627,61608600
2011-04-21,19.584306716918945,19.868247643133124,19.46152121416925,19.791507801703553,46892300
2011-04-25,19.65337371826172,19.661047995137896,19.446172633760913,19.61500233388084,33525100
2011-04-26,20.098472595214844,20.290325136121425,19.699418958836656,19.753137436095503,69200000
2011-04-27,20.24428367614746,20.25195795502353,20.05243109540273,20.182890908857907,52689000
2011-04-28,20.497535705566406,20.62032274388825,20.259638837739313,20.305683062285315,80200000
2011-04-29,19.89127540588379,20.44381030525981,19.46152603970244,20.37474325987293,319317900
2011-05-02,19.691753387451172,19.952673075536502,19.553619262733125,19.906628855203618,89825600
2011-05-03,19.806859970092773,19.83755708551004,19.56128890163075,19.645704505309205,71892900
2011-05-04,19.99871253967285,20.144520910389375,19.79151286559245,19.837557074974868,73292300
2011-05-05,19.79151153564453,20.014059752470644,19.707095937683455,19.991036917467007,55600000
2011-05-06,19.852907180786133,20.121499642894022,19.760817291121185,20.006388378602193,55993000
2011-05-09,19.82221031188965,19.921973018536804,19.699424766607383,19.799187473254538,38696400
2011-05-10,19.699417114257812,19.8375511649712,19.37710481716611,19.476867485059895,120798700
2011-05-11,19.46153259277344,19.69175517910405,19.346419835888625,19.68408089773043,78600000
2011-05-12,19.430835723876953,19.48455423048219,19.26200592258629,19.45385856830185,77400000
2011-05-13,19.208282470703125,19.43083072130275,19.146889698428833,19.40013506702518,66812300
2011-05-16,18.85527992248535,19.238985257379134,18.801561409795372,19.1545696153122,91350900
2011-05-17,18.940235137939453,19.07927461760026,18.74712507692452,18.847541660394636,82882100
2011-05-18,19.071556091308594,19.110177526444147,18.731681863525154,18.947965730898854,53931100
2011-05-19,19.094728469848633,19.21831883094953,18.924792091663228,19.19514655906394,37783600
2011-05-20,18.917068481445312,19.210596709119528,18.878447044110313,19.09472945048774,45451500
2011-05-23,18.669885635375977,18.73168081211227,18.56174444441577,18.70078248708751,52692500
2011-05-24,18.654436111450195,18.762578773628466,18.56946866590473,18.69305901698286,47691800
2011-05-25,18.685338973999023,18.778031023163212,18.662165225051197,18.669889808033805,34904200
2011-05-26,19.05611038208008,19.334189480063856,18.785755867186246,18.808929616456087,78016600
2011-05-27,19.12562370300293,19.233764883144875,19.040654790998214,19.06382853244852,50251000
2011-05-31,19.31873321533203,19.357354643276977,19.079277120784685,19.280110314074047,60196300
2011-06-01,18.87072372436523,19.38825897516783,18.82437770180017,19.303290039370637,74033500
2011-06-02,18.70850944519043,19.040659114838856,18.677612589553565,18.91706874566457,51487800
2011-06-03,18.46904563903809,18.646706536973237,18.414975059085023,18.57718679894421,60697700
2011-06-06,18.54629135131836,18.731676842237803,18.360905860398915,18.45359786920218,54778700
2011-06-07,18.584915161132812,18.669884074534096,18.461324817992637,18.60808890296401,41112600
2011-06-08,18.492223739624023,18.554018913196415,18.43042856605163,18.46132541618125,42205000
2011-06-09,18.50767517089844,18.569471830281316,18.3995339636053,18.546298083012736,42878700
2011-06-10,18.314565658569336,18.55402330195251,18.29911796650712,18.55402330195251,49327200
2011-06-13,18.56946563720703,18.68533138828082,18.306835815672873,18.376355560979736,47572500
2011-06-14,18.70850944519043,18.886171890027704,18.685337171791133,18.770304629777577,42894500
2011-06-15,18.33773422241211,18.546293476082507,18.283663632196763,18.538568895578443,49410200
2011-06-16,18.53856658935547,18.615810911473694,18.26821219859812,18.34545652071635,57184100
2011-06-17,18.739412307739254,18.77030917085095,18.523128372702292,18.70851397131379,83320400
2011-06-20,18.90161895751953,19.04838306856396,18.66216280930952,18.669887391292217,54338400
2011-06-21,19.12562370300293,19.20286803452421,18.84754469885155,18.940238191339706,49708700
2011-06-22,19.040660858154297,19.164251238644212,18.994314833798967,19.00203941674378,44287300
2011-06-23,19.02521324157715,19.040662408724874,18.69306498778308,18.87845057361477,59470400
2011-06-24,18.77030563354492,18.95569267053359,18.685338171014735,18.932518922581632,101387200
2011-06-27,19.465503692626953,19.666336951938767,18.716235368349057,18.716235368349057,92044200
2011-06-28,19.9289608001709,20.021654292100724,19.43459943871335,19.54274061820392,81032100
2011-06-29,19.789926528930664,19.85944481943322,19.589091819386187,19.85944481943322,66051000
2011-06-30,20.08344841003418,20.08344841003418,19.82081858219177,19.88261374913628,52535400
2011-07-01,20.098899841308594,20.214765608258453,19.959860331643497,20.02938008647605,52906200
2011-07-05,20.106626510620117,20.19931854448234,20.00620842173717,20.160697109258635,37805300
2011-07-06,20.338356018066406,20.36925434178084,20.05255241696055,20.06027699788915,48744200
2011-07-07,20.6782283782959,20.76319581434804,20.361527954878635,20.461944551417727,51946500
2011-07-08,20.79410171508789,20.84044774012953,20.477401176228472,20.500574925406077,58320700
2011-07-11,20.570087432861328,20.701402361256505,20.46194624711701,20.56236432529087,43999800
2011-07-12,20.500577926635746,20.693688111445887,20.34608918946211,20.508301037512012,47319300
2011-07-13,20.570087432861328,20.824992708768058,20.47739540888424,20.546915163523636,40861800
2011-07-14,20.446502685546875,20.863621327629996,20.36153521918123,20.56236995722345,46382300
2011-07-15,20.68595314025879,20.80181889830267,20.44649557054664,20.44649557054664,49132400
2011-07-18,20.53919219970703,20.7786483326991,20.28428690373141,20.57008905236088,44501900
2011-07-19,21.27301597595215,21.35025886145799,20.685960911563416,20.70913318788973,86730600
2011-07-20,20.90223503112793,21.12624343523836,20.840439863323848,21.072172847573913,49795400
2011-07-21,20.93313980102539,21.095351613994932,20.585540954214277,20.886793779221733,81737400
2011-07-22,21.265281677246097,21.2807293633015,20.608707137221163,20.747746624910317,76380600
2011-07-25,21.558809280395508,21.69784877415808,21.00265277865821,21.056723365496325,108482400
2011-07-26,21.690128326416016,21.744198923555352,21.458396774872217,21.489293627531865,74636500
2011-07-27,21.110809326171875,21.62062019235977,21.01039265938932,21.535651223557096,71488700
2011-07-28,21.412052154541016,21.682406649771057,21.018107285488124,21.07990394571302,83761400
2011-07-29,21.16486358642578,21.40431966306376,21.056722417617586,21.257557069199184,104394800
2011-08-01,21.064451217651367,21.38887626238894,20.662781834011852,21.24983674702809,61838400
2011-08-02,20.701406478881836,21.20349402299285,20.670509622514967,20.840446015816365,63883100
2011-08-03,20.79410171508789,20.855896906247935,20.454227427050863,20.72458194086865,64581200
2011-08-04,20.037107467651367,20.755477385774142,20.029382885666745,20.49284749155047,92949500
2011-08-05,19.83627700805664,20.16070215438705,19.488678110804887,20.060284040374903,112071700
2011-08-08,18.909339904785156,19.77447376747861,18.83982015361724,19.326458411792647,134257200
2011-08-09,19.759023666381836,19.789921986903305,18.56174173912232,19.086999928170105,126268900
2011-08-10,18.693065643310547,19.38053739904217,18.61582127817679,19.27239617184314,127819900
2011-08-11,19.45777702331543,19.60453966066596,18.847548308085223,18.924792654398505,90690100
2011-08-12,19.388256072998047,19.573641608821987,19.04065727250736,19.411428344155244,64787100
2011-08-15,19.70495223999023,19.75902282528813,19.426873260386248,19.49639300528725,56529400
2011-08-16,19.70495223999023,19.891507820121465,19.471756652867228,19.60390037412001,54251500
2011-08-17,19.627225875854492,19.977018613221603,19.378485032665605,19.627225875854492,50923700
2011-08-18,19.176382064819336,19.502854780885738,18.67890039561809,19.098650183353563,105714200
2011-08-19,18.694448471069336,19.13751981902293,18.585624709789094,18.974282694490014,77397900
2011-08-22,18.64003562927246,19.036466931139284,18.4923466701826,18.98205505330486,54721000
2011-08-23,19.215253829956055,19.23857384714776,18.678906778062263,18.678906778062263,59670600
2011-08-24,19.35516357421875,19.378483582502227,18.982052337356706,19.160834619693237,45329700
2011-08-25,19.098651885986328,19.557268396646226,19.0442400088932,19.495083182452294,48192000
2011-08-26,19.627225875854492,19.697184423327915,18.98205375785367,19.052012305327093,71957000
2011-08-29,20.08584213256836,20.101388805743593,19.720504208624565,19.8448746288017,38863200
2011-08-30,20.38899040222168,20.544454134862747,19.97701403116331,20.000332553231047,57341400
2011-08-31,20.676597595214844,20.76210131270996,20.412310142712823,20.43563014709077,59300800
2011-09-01,20.373445510864254,20.87870194474631,20.373445510864254,20.567774452322844,60510800
2011-09-02,20.05474090576172,20.21020461120028,19.94591720152179,20.039195721307284,43894400
2011-09-06,19.829320907592773,19.891506095578553,19.518394967663877,19.58835348947436,54929300
2011-09-07,20.210206985473633,20.210206985473633,19.87596101734212,19.96923954808587,41961000
2011-09-08,20.381216049194336,20.723235354352045,20.171341948008703,20.210207137921454,65811900
2011-09-09,20.00811195373535,20.350131379664266,19.82155630757753,20.21021427439278,64529200
2011-09-12,20.12470054626465,20.15579388212954,19.64276570125366,19.774909413455735,55046100
2011-09-13,20.241308212280273,20.357905309194553,20.062524415558347,20.14802964518133,48792300
2011-09-14,20.5988712310791,20.832065406687864,20.124708060380556,20.3423570448645,66739200
2011-09-15,20.979751586914062,21.010844928082257,20.451176647951677,20.777649317157145,67808300
2011-09-16,21.080810546875,21.19740765021158,20.85538819549335,21.02639718154616,89681500
2011-09-19,21.1507625579834,21.22849443579816,20.676600920276645,20.832063193293912,52324900
2011-09-20,20.971982955932617,21.376187586115236,20.93311775336648,21.228497147661503,49211900
2011-09-21,20.202438354492188,21.034166059931938,20.186891681980047,21.02639272367587,72750700
2011-09-22,19.47953224182129,19.938148652034492,19.121967709173507,19.666087843543455,96278300
2011-09-23,19.47953224182129,19.54949077779362,19.191926245145833,19.35516184067318,64768100
2011-09-26,19.774913787841797,19.83709899071564,19.22301881505074,19.5805848435345,51057600
2011-09-27,19.95370101928711,20.148030011885304,19.782692039541217,19.945927681669676,55620700
2011-09-28,19.883739471435547,20.497819707299183,19.82932759891342,20.155800316658524,60736200
2011-09-29,19.78269386291504,20.34236087944191,19.502859613345255,20.194670416323117,63407300
2011-09-30,19.347387313842773,19.82155036565307,19.33961397892319,19.588356248513733,54060500
2011-10-03,19.06756019592285,19.697185680765585,19.059786858750417,19.215249154361754,64592500
2011-10-04,19.697181701660156,19.73604689705856,18.857680730589927,18.888772590386218,83485400
2011-10-05,20.12470054626465,20.334576115517105,19.557260510237057,19.759362745523298,94061300
2011-10-06,20.474496841430664,20.52113537099818,19.977015239078167,20.13247749850726,55111400
2011-10-07,20.404539108276367,20.606641387833708,20.36567391254357,20.474497646685144,52741600
2011-10-10,20.94089126586914,20.96420979455924,20.575551835191423,20.661057060688332,41815300
2011-10-11,20.98752784729004,21.041939719305784,20.769878876614747,20.878704103258553,38826200
2011-10-12,20.956438064575195,21.22849895351908,20.909799521005908,21.12744852868353,52489800
2011-10-13,21.127445220947266,21.14299189390721,20.692148756355085,20.800972501850044,43823500
2011-10-14,21.197404861450195,21.376187161886264,21.00307588725123,21.228496726363577,50947700
2011-10-17,20.971982955932617,21.314002372441944,20.870932539693182,21.073034854784495,39453300
2011-10-18,21.22849464416504,21.29845318662377,20.832063397769648,20.94088862082338,52487900
2011-10-19,21.088579177856445,21.352866695738197,20.9953021024937,21.2751362938067,42880000
2011-10-20,21.01862144470215,21.251815608310856,20.521138288997992,21.189630399174376,76300200
2011-10-21,21.111900329589844,21.13522034099771,20.83206612314533,21.10412699245389,76620600
2011-10-24,21.13521194458008,21.298447511748897,21.01861489908637,21.034160084570157,56897800
2011-10-25,20.839832305908203,21.16630494047701,20.769873778314036,21.049707888690712,53554600
2011-10-26,20.668825149536133,21.03416300483436,20.28794062398383,21.01084448206533,63029900
2011-10-27,21.181854248046875,21.29845131435773,20.715464500191302,21.088575705430905,74512400
2011-10-28,20.971982955932617,21.135220068457787,20.824294000091324,21.0963533832792,57712100
2011-10-31,20.69991683959961,20.987524306519745,20.692144987147664,20.800968712819685,46799000
2011-11-01,20.202438354492188,20.458952520493348,20.101387948387856,20.357902114389017,61182600
2011-11-02,20.21798515319824,20.365675577760832,19.977017658205185,20.287943697327243,53533100
2011-11-03,20.622190475463867,20.66882901233027,20.19466585924934,20.39676816248691,65836100
2011-11-04,20.404539108276367,20.521136178086937,20.21021016438802,20.505589506748947,36549200
2011-11-07,20.832061767578125,20.847608438599536,20.311260149258064,20.37344535073156,42589700
2011-11-08,21.111900329589844,21.142993678133664,20.746562379874756,20.995303237775452,47822500
2011-11-09,20.36567115783691,20.793194183518676,20.2568459558031,20.668823794861726,62950900
2011-11-10,20.42786407470703,20.598873053105507,20.303493639033135,20.575553040436947,32514400
2011-11-11,20.917572021484375,21.049715791818823,20.653284480815483,20.661057818201332,37903000
2011-11-14,20.800975799560547,20.98753145681876,20.715470567337483,20.89425288688337,34199200
2011-11-15,20.94194221496582,21.098576637414507,20.675664593068987,20.800971533517313,43874200
2011-11-16,20.417213439941406,20.761808181894015,20.393719328433473,20.730480708181886,53262800
2011-11-17,20.002138137817383,20.39372266054261,19.923820934517057,20.37022705141959,70977500
2011-11-18,19.814178466796875,19.97081289090282,19.696703395605702,19.95514914973691,47626200
2011-11-21,19.5792236328125,19.775015869140624,19.50090643952601,19.767184000434355,61882500
2011-11-22,19.414758682250977,19.54789596763246,19.305114015207103,19.493074380998625,49204500
2011-11-23,19.16414451599121,19.41475984584299,19.16414451599121,19.273789189606457,49099700
2011-11-25,19.031009674072266,19.320782915716094,19.031009674072266,19.0936631460795,26164600
2011-11-28,19.477415084838867,19.555730795437253,19.336444415719484,19.53223667976831,46766700
2011-11-29,19.45391273498535,19.61054708946418,19.38342742484747,19.438249000782285,40917100
2011-11-30,20.033466339111328,20.04129820968542,19.688871502734283,19.86900153838518,81350900
2011-12-01,19.798511505126953,20.07261944137887,19.735858049158487,20.017797854128485,48545400
2011-12-02,19.75152587890625,20.064794741122896,19.704536147084408,20.041299128323654,52293800
2011-12-05,20.127443313598633,20.20575901630558,19.970808920632184,20.190096772029957,56818400
2011-12-06,20.096118927001953,20.260585214278827,20.05696106962849,20.213593992898858,46175300
2011-12-07,20.049129486083984,20.174436424002668,19.845505338521995,20.103951084701343,62667000
2011-12-08,19.89249610900879,20.143109997976364,19.869001990528457,19.955149581250684,60522200
2011-12-09,20.127443313598633,20.26058209948723,19.970808920632184,19.98647265868409,53788500
2011-12-12,19.978639602661133,20.02562932024874,19.80634297565577,19.900322410830988,38945900
2011-12-13,20.174436569213867,20.440714187651807,20.088287488608493,20.16660469881551,54581100
2011-12-14,20.04129409790039,20.25275007868757,20.025630359965874,20.143105406922217,47926400
2011-12-15,20.017799377441406,20.26841322038647,20.00213713258959,20.14310629891394,46213900
2011-12-16,20.36239242553711,20.495531204993593,20.072619260681396,20.103946735271727,101408100
2011-12-19,19.994308471679688,20.45637837892223,19.939485377683926,20.378061166990573,52258300
2011-12-20,20.38589096069336,20.440712555327448,20.213592813241743,20.252752162106393,60767600
2011-12-21,20.174436569213867,20.51119952746047,19.92382269157264,20.370228847843144,64132500
2011-12-22,20.213586807250977,20.25274614448035,19.955141156641005,20.221418674696853,35794100
2011-12-23,20.38589096069336,20.393722830466288,20.15093934883472,20.29191001719462,23205800
2011-12-27,20.393726348876953,20.472042072564765,20.307577260288344,20.33107137988402,21287200
2011-12-28,20.221420288085938,20.479865959316292,20.174430573437533,20.44853998080939,29822500
2011-12-29,20.37805938720703,20.40155350309099,20.252752456571095,20.323237791775867,22616900
2011-12-30,20.33106803894043,20.456376462558065,20.291910183531215,20.362395518288945,27395700
2012-01-03,20.96544075012207,21.1142418290446,20.66783560472348,20.79314256264601,64731500
2012-01-04,21.45882797241211,21.51364955745835,20.973264081622972,21.004590061459613,80516100
2012-01-05,21.678125381469727,21.71728324700536,21.372689847716693,21.44317370692547,56081400
2012-01-06,22.014877319335938,22.077530768916315,21.560639436434187,21.560639436434187,99455500
2012-01-09,21.72511100769043,22.0070523662793,21.70944726692959,21.967893014377218,59706800
2012-01-10,21.803430557250977,22.04621258998855,21.7329452100406,21.873915904461352,60014400
2012-01-11,21.709455490112305,21.91307971580303,21.435347391852773,21.48233713815768,65582400
2012-01-12,21.92873191833496,21.944395656782945,21.65462247060051,21.8269206059757,49370800
2012-01-13,22.124523162841797,22.124523162841797,21.764266157556797,21.87390933416071,60196100
2012-01-17,22.13235855102539,22.437794016576404,22.061873213778775,22.242001745063913,72395300
2012-01-18,22.10886001586914,22.24199880263556,21.905235901180717,22.171513474713556,64860600
2012-01-19,22.022722244262695,22.2733361911702,21.95223688497284,22.054048240737657,74053500
2012-01-20,23.2679500579834,23.291445665525767,22.51610854194331,22.57093013243253,165902900
2012-01-23,23.28361701965332,23.455915177930468,22.986013418465586,23.142646342436205,76078100
2012-01-24,22.97818374633789,23.158312298334977,22.852876797663686,23.079995081969436,51703300
2012-01-25,23.150476455688477,23.220961788947527,22.766723804487196,22.766723804487196,59231700
2012-01-26,23.103487014770508,23.260121422550707,23.02516981088041,23.18963608842726,49102800
2012-01-27,22.89202308654785,23.126974616871426,22.8450333779935,23.064321174206984,44187700
2012-01-30,23.18964195251465,23.197473824261788,22.578769400229007,22.688412617135352,51114800
2012-01-31,23.12697982788086,23.260118610263827,22.89202824461761,23.2287911349849,50572400
2012-02-01,23.408916473388672,23.534223370019863,23.307105180041845,23.330600783326204,67409900
2012-02-02,23.45591735839844,23.628214038915814,23.26795544211829,23.416758003433134,52223300
2012-02-03,23.68303680419922,23.8083437586836,23.5655617210922,23.6047195842023,41838500
2012-02-06,23.65171241760254,23.667374667643468,23.471582351251985,23.52640545461413,28039700
2012-02-07,23.769187927246097,23.878831148347505,23.534236247172824,23.612553473863912,39242400
2012-02-08,24.011966705322266,24.01979857629915,23.667371851222573,23.69869933513011,49659100
2012-02-09,24.09811782836914,24.121611949508193,23.870998032179813,24.02763247739844,50481600
2012-02-10,23.886661529541016,24.121611701173336,23.77701831528283,23.996304743799197,44605300
2012-02-13,23.949308395385746,24.098110926346717,23.831833342006593,23.988466248586676,33319800
2012-02-14,23.84682273864746,24.01237020782755,23.531493151916287,23.909888655993697,59644000
2012-02-15,23.68916130065918,23.957191871753835,23.67339594629681,23.909892801446055,43311300
2012-02-16,24.666698455810547,24.87166170313004,23.886255114200782,23.894138547345552,94705100
2012-02-17,24.635154724121097,24.69033723012544,24.398657840213737,24.595739078006705,70036500
2012-02-21,24.784934997558594,24.918950289191976,24.556320057403244,24.579970345436337,50829900
2012-02-22,24.65092086791992,24.974133968222446,24.57997150408664,24.79281959558649,49253200
2012-02-23,24.72975730895996,24.90318827745997,24.43807638088967,24.59574199124291,35034700
2012-02-24,24.816469192504883,24.83223605245233,24.62727138396708,24.816469192504883,35575400
2012-02-27,24.713977813720703,24.83222620923316,24.51689665332996,24.6272616219936,34568400
2012-02-28,25.123918533325195,25.17121761254341,24.737637958276157,24.761288249690573,45230600
2012-02-29,25.021434783935547,25.226399459981163,24.91895319771803,25.139683230682092,59323600
2012-03-01,25.45500373840332,25.533835000726484,25.10814047046361,25.17120638248811,77344100
2012-03-02,25.289457321166992,25.5732516815103,25.226389902944025,25.470771637728003,47314200
2012-03-05,25.068735122680664,25.26581637837347,24.92683788161479,25.23428265572951,45240000
2012-03-06,24.879541397094727,25.21063802135844,24.82435887698592,24.863776036785712,51932900
2012-03-07,25.10026741027832,25.16333334834995,24.85588708820207,24.96625210392478,34340400
2012-03-08,25.234277725219727,25.391943300412052,25.14756301211327,25.257929516192043,36747400
2012-03-09,25.218515396118164,25.35253070002669,25.16333288926357,25.305230119628003,34628400
2012-03-12,25.25793838500977,25.38407028800817,25.0845058906788,25.20275436178844,34073600
2012-03-13,25.754573822021484,25.77034068136702,25.344647507921252,25.415596871365704,48951700
2012-03-14,25.833402633666992,25.920118838044942,25.61267266413787,25.64420336891325,41986900
2012-03-15,25.89647102355957,25.967420382824972,25.683625952984126,25.849173455529808,49068300
2012-03-16,25.699386596679688,25.97530207370666,25.620555321655058,25.943768360808654,65626400
2012-03-19,25.38406562805176,25.7072787581017,25.344649979454687,25.652096248621557,44789200
2012-03-20,25.218515396118164,25.344648773570785,25.021434155288595,25.305230119628003,41566800
2012-03-21,25.15545082092285,25.34465014553833,25.084501450094702,25.194866469778212,37928600
2012-03-22,25.226398468017575,25.29734783399772,25.060850949804266,25.07661630610278,31749500
2012-03-23,25.234277725219727,25.31311201642625,25.005664295162244,25.305227083695236,35912200
2012-03-26,25.69151306152344,25.70727992312105,25.344651128040184,25.376181844014035,36758300
2012-03-27,25.636327743530273,25.778226475155908,25.54172959152019,25.738810829086795,36274900
2012-03-28,25.376176834106445,25.77822420741755,25.257929906301413,25.6363254882749,41344800
2012-03-29,25.320999145507812,25.376181657082256,25.076618806987845,25.273701568284768,37038500
2012-03-30,25.43136405944824,25.54961401644074,25.2579345983396,25.541732089344524,31749400
2012-04-02,25.45500373840332,25.58901748579667,25.186973236396717,25.39982125333313,35853600
2012-04-03,25.17909240722656,25.376172086977572,24.95836094056248,25.352523307284702,42752100
2012-04-04,24.60361671447754,24.982013767807075,24.47748486457111,24.958363482095773,49455900
2012-04-05,24.848005294799805,24.93472002560384,24.477491568562943,24.556324372248064,50368600
2012-04-09,24.51690101623535,24.753397849346065,24.414417952573235,24.61149914803556,31056400
2012-04-10,24.020259857177734,24.587854763922422,23.88624456015307,24.48537168193332,54131300
2012-04-11,23.9256649017334,24.067563647358288,23.831065236779917,23.988730843832165,43014000
2012-04-12,24.42231178283691,24.469612372493597,23.980850137983712,24.02814922402956,38304000
2012-04-13,24.28828811645508,24.564202113643,24.217338759932176,24.35135404407429,39749200
2012-04-16,24.501140594482425,24.587856824415447,24.256760268938223,24.43019122519369,38124800
2012-04-17,24.784934997558594,24.918950289191976,24.595737204125065,24.65091970592521,34361500
2012-04-18,24.54844093322754,24.682456248363778,24.46960963317971,24.658807459793696,40552900
2012-04-19,24.44595718383789,24.974134967048453,24.39077467722956,24.540555336992018,54781200
2012-04-20,25.557497024536133,25.928010765377568,25.2658175940979,25.344651904501102,106045000
2012-04-23,25.320999145507812,25.620563499212892,25.250049772451906,25.47078282597102,61398200
2012-04-24,25.163333892822266,25.63632919039923,25.09238452300519,25.391947359424595,40871100
2012-04-25,25.38406562805176,25.478663786128973,25.123918437923496,25.163334086520567,62495500
2012-04-26,25.313108444213867,25.40770657309119,25.1633263192796,25.320990368611856,40308100
2012-04-27,25.21063232421875,25.39983164128036,25.131799526044837,25.32099733949589,41419100
2012-04-30,25.24216651916504,25.31311588849345,25.16333371951007,25.210632797858818,35697200
2012-05-01,25.234277725219727,25.494426375370175,25.18698015771653,25.265811441702336,43832300
2012-05-02,25.068735122680664,25.17121821766289,24.94260323932612,25.108152275985617,37385300
2012-05-03,25.037202835083008,25.147567856813335,24.91895438271328,25.131800995534533,31501300
2012-05-04,24.42231178283691,24.887423722518456,24.375012696791064,24.79282555042676,57927200
2012-05-07,24.162155151367188,24.32770414351984,24.099089226644807,24.20157229407508,48641400
2012-05-08,24.043914794921875,24.26464635728988,23.783767580236,24.02814793255043,46328300
2012-05-09,24.248870849609375,24.30405334462479,23.72857660573512,23.799525957500716,50309300
2012-05-10,24.233110427856445,24.45384197014264,24.00449695871237,24.32771008986785,43839200
2012-05-11,24.56420135498047,24.86376562962746,24.193689229612115,24.193689229612115,43459300
2012-05-14,24.185815811157227,24.469613345944023,24.154282083464963,24.296180850858363,40528900
2012-05-15,23.97157096862793,24.43973485336407,23.92396151813123,24.31277530972144,61822800
2012-05-16,23.725574493408203,24.058843497571452,23.59861501691519,24.050908341106098,60083700
2012-05-17,23.582752227783203,23.971565937774027,23.574817068786228,23.796996980271057,48484000
2012-05-18,23.225679397583008,23.654167393579772,23.146329320257134,23.63829858889607,56205300
2012-05-21,23.606555938720703,23.63829657233402,23.059042116704624,23.090782750317945,38787900
2012-05-22,23.61449432373047,23.7097132106274,23.40818471748456,23.55894972079444,39504900
2012-05-23,23.098716735839844,23.328830263945115,22.72577187720388,23.28915598741971,65171000
2012-05-24,23.066970825195312,23.24947487701057,22.82098703738013,23.13838571737977,52575000
2012-05-25,23.059043884277344,23.29709411419466,23.019369602696205,23.170134596962825,29507200
2012-05-29,23.455787658691406,23.582747148343813,23.185998364810914,23.31295785446332,37758800
2012-05-30,23.281219482421875,23.392308661046943,23.106650556942977,23.289154639963172,41585500
2012-05-31,23.162193298339844,23.344697366799583,22.963818916063666,23.249476997377393,39134000
2012-06-01,22.57500457763672,22.97968697252076,22.567069420985373,22.820988379922955,56634300
2012-06-04,22.654354095458984,22.83685967936817,22.47185002502624,22.709900194417006,47926300
2012-06-05,22.622621536254883,22.813060818864702,22.527401138211538,22.622621536254883,45715400
2012-06-06,23.28915786743164,23.30502818471358,22.860668381679744,22.916212978689785,46860500
2012-06-07,23.19392967224121,23.566874435483648,23.14632024989316,23.519263499659345,37792800
2012-06-08,23.527202606201172,23.55100807811062,23.051103762347765,23.17806325224514,42551100
2012-06-11,22.932083129882812,23.654165912737064,22.868603374691563,23.590686157545814,46361900
2012-06-12,23.241548538208008,23.249482183409476,22.884473965071223,23.090783550275056,35337900
2012-06-13,23.11458396911621,23.360569309999,23.051104222899223,23.185998872794887,32984600
2012-06-14,23.281219482421875,23.37643834596435,22.91620980290493,23.273284324880574,39458900
2012-06-15,23.8208065032959,23.868415951887528,23.40025208588477,23.47960217585554,62314400
2012-06-18,23.677976608276367,23.828741627645385,23.574821037427064,23.797000986314185,58679900
2012-06-19,24.36038398742676,24.68571797666243,23.844609187123226,23.955699912492307,75725800
2012-06-20,24.54288101196289,24.638099876423023,24.3127659814772,24.54288101196289,36257100
2012-06-21,23.916025161743164,24.709523026575805,23.852545393095635,24.5666931687496,48456600
2012-06-22,24.36038398742676,24.38418795370249,23.82874038076507,24.042983644631654,45098100
2012-06-25,23.7017822265625,24.05885536274423,23.503407757524737,24.042985041986707,42217200
2012-06-26,23.8208065032959,24.01918097148428,23.757326734014697,23.80493618260633,38421300
2012-06-27,23.9398250579834,24.20167923175512,23.82873586713379,23.9556953748124,33781700
2012-06-28,23.733509063720703,23.844598224539407,23.344695487378935,23.789053644130053,45328400
2012-06-29,24.27309799194336,24.35244807519078,23.916023374068455,24.162008783483145,55227200
2012-07-02,24.249290466308594,24.296901420324897,23.971565955120795,24.296901420324897,30589100
2012-07-03,24.40797996520996,24.40797996520996,23.93981638274306,23.9874258025008,20938100
2012-07-05,24.36038398742676,24.423863753290377,24.106463410495277,24.273098741810404,28801900
2012-07-06,23.9556941986084,24.360378177018102,23.765254946440887,24.288963268270702,38294800
2012-07-09,23.804927825927734,23.987431909358808,23.63035890005582,23.900148203161127,30680800
2012-07-10,23.59861946105957,23.9794979622665,23.416115368415827,23.868408777783635,37534100
2012-07-11,23.249486923217773,23.598626408854415,23.098723418025852,23.574820927966552,39184900
2012-07-12,22.71784019470215,23.154264870631355,22.646426788726544,23.130459392988243,63523600
2012-07-13,23.320899963378903,23.392314886780717,22.78925637443039,22.820997013043176,39085000
2012-07-16,23.360567092895508,23.43198198979634,23.04316839193423,23.39230620625344,27900600
2012-07-17,23.535137176513672,23.693837291665496,23.170129030531523,23.51926686230319,33771300
2012-07-18,24.16200256347656,24.16200256347656,23.37643860637892,23.487529299718098,41090400
2012-07-19,24.336576461791992,24.439730505094737,24.10646138395813,24.20961694073775,46663200
2012-07-20,23.900157928466797,24.63810972003307,23.844611802950173,24.598435429569793,64021700
2012-07-23,23.233612060546875,23.47166075347275,23.019367328827578,23.463725595245,55151900
2012-07-24,23.13045310974121,23.297088381023812,22.932078723699732,23.20186800979426,47723300
2012-07-25,22.87653923034668,23.27328809075053,22.836864949697013,23.20187317479969,45579500
2012-07-26,23.138391494750977,23.40818081848281,23.082846901066777,23.193936088435176,45301400
2012-07-27,23.61449432373047,23.685909245641625,23.154265667790188,23.39231439850943,44242600
2012-07-30,23.519269943237305,23.66209976288881,23.376440123585795,23.60655516935248,28905000
2012-07-31,23.384376525878903,23.57481579105421,23.273287332895833,23.392311684445804,37620900
2012-08-01,23.336761474609375,23.52720069397708,23.1780613683981,23.479591267504247,31721800
2012-08-02,23.162193298339844,23.43198257931356,22.987622873311896,23.178062098679852,39520500
2012-08-03,23.606555938720703,23.757320921430548,23.392311202260927,23.431986994277576,35859400
2012-08-06,23.765256881713867,23.892216393497552,23.65416617379557,23.80493116159248,27471800
2012-08-07,24.011240005493164,24.082654917851833,23.70177639425675,23.860475022349675,28002900
2012-08-08,24.066789627075195,24.177878841287637,23.892220645673213,23.971569219552368,26257600
2012-08-09,24.201683044433594,24.32070741244853,24.042982878095707,24.11439780160006,24920800
2012-08-10,24.13820457458496,24.296904749430382,24.00330988000946,24.20168434182772,27810300
2012-08-13,24.11439323425293,24.16993782790777,23.931889136965115,24.08265411508302,23049100
2012-08-14,24.066465377807617,24.27414166990505,23.970615718995177,24.20225366404429,34551400
2012-08-15,24.122379302978516,24.18627958294854,23.97860329217025,24.050491297574386,24351000
2012-08-16,24.585662841796875,24.713463433592175,24.170310156710535,24.2501859074584,35787200
2012-08-17,24.681507110595703,24.697482561942092,24.433893708738264,24.697482561942092,32589900
2012-08-20,24.553709030151367,24.641572497939972,24.425908453460515,24.617609318496793,23737700
2012-08-21,24.601633071899418,24.72943364446749,24.4498708441642,24.569683690508896,28822700
2012-08-22,24.39396095275879,24.569686378388187,24.33804686307823,24.433898064741737,33437400
2012-08-23,24.170307159423828,24.282132282501816,24.026531130607538,24.27414455606724,28355600
2012-08-24,24.409934997558594,24.46584756399736,24.106408983961085,24.16232155039985,22943300
2012-08-27,24.513769149780273,24.729431646374387,24.433893417503292,24.705469993143307,34691100
2012-08-28,24.46584129333496,24.601629572813263,24.377979364380373,24.521755368945964,23947900
2012-08-29,24.481821060180664,24.561696801634557,24.314083374280234,24.481821060180664,23346800
2012-08-30,24.218231201171875,24.449870689677265,24.138355462945775,24.385970403796986,23982100
2012-08-31,24.617605209350582,24.729430314413584,24.26615292036329,24.441879826608332,36590100
2012-09-04,24.27414321899414,24.489807250339325,24.082442365632737,24.322069574961706,48556700
2012-09-05,24.27414321899414,24.385969859415507,24.130367198097343,24.138354924091946,33650000
2012-09-06,25.040945053100582,25.048932778105417,24.330052762698415,24.362003662717736,48371700
2012-09-07,24.721446990966797,24.817296656893593,24.545720064262714,24.793335002163374,42649100
2012-09-10,24.537731170654297,24.681507186206453,24.36999350151205,24.625594629825702,40524000
2012-09-11,24.593652725219727,24.689502415717232,24.449876665970105,24.513776967469564,25191800
2012-09-12,24.585662841796875,24.905164321285127,24.545724204671327,24.713463433592175,32775800
2012-09-13,24.713459014892575,24.905159868309937,24.282130952076308,24.67352038490795,45047300
2012-09-14,24.929119110107425,24.961070011002853,24.609617718667145,24.76936917613869,51422800
2012-09-17,24.929119110107425,24.969057736226713,24.79333235181026,24.913145183162513,36488500
2012-09-18,24.90516471862793,24.92912637778232,24.785351852346217,24.8412644217108,34542700
2012-09-19,24.80132293701172,24.913149586407588,24.793336733879155,24.833273843554274,48871900
2012-09-20,25.120824813842773,25.144786469202536,24.689496735330852,24.72144764048122,45543000
2012-09-21,24.91314697265625,25.248623838641308,24.833271238183062,25.104847821290154,102348900
2012-09-24,24.585662841796875,24.817300843112147,24.473836181348567,24.761388274639607,46825900
2012-09-25,24.27414321899414,24.76138384014372,24.250181564513312,24.7214467336737,54266400
2012-09-26,24.098424911499023,24.441889612857857,23.99458749000848,24.18628839980107,54672000
2012-09-27,24.090429306030273,24.282130153140248,23.874765281717963,24.098417031764384,47129900
2012-09-28,23.770933151245117,24.17031038525763,23.75495769624384,24.10641008875576,54229300
2012-10-01,23.555261611938477,23.946650994375243,23.49934906066219,23.810862716917363,54042700
2012-10-02,23.69105339050293,23.874766521418117,23.563252819126888,23.70702884280068,43338900
2012-10-03,23.85080337524414,23.954640761681304,23.69903963491024,23.762939916603003,46655900
2012-10-04,23.986597061157227,23.986597061157227,23.619169216127013,23.938670696477264,43634900
2012-10-05,23.84282493591309,24.162326468816577,23.75496144305082,24.146351011295533,41133900
2012-10-08,23.78690528869629,23.898730411102548,23.60319062881068,23.675078642786996,29752000
2012-10-09,23.387527465820312,23.754953728459142,23.30765172765879,23.707028894963425,45121100
2012-10-10,23.147903442382812,23.411492348200717,23.123941784083215,23.283691758925563,47227100
2012-10-11,23.123939514160156,23.363565214652812,23.060039225795244,23.33960203520233,41488500
2012-10-12,23.32362937927246,23.419479055301956,23.00412639649911,23.13991470712685,46464700
2012-10-15,23.57123565673828,23.738973300567903,23.36355939044732,23.459410560851865,42440200
2012-10-16,23.555261611938477,23.754950165641077,23.419473334480596,23.523312235567495,47739400
2012-10-17,23.63514709472656,23.67508421255205,23.235769822458124,23.40350754552924,44206100
2012-10-18,23.563255310058594,23.74696846039457,23.371554432729344,23.683068167951483,59238500
2012-10-19,22.876325607299805,23.227777971091612,22.764500478435505,23.203814790547924,90470800
2012-10-22,22.365121841430664,23.028087892218664,22.229333540739,22.948212152370097,83374000
2012-10-23,22.40506172180176,22.524876108150863,22.173423723433448,22.181411450756936,64414800
2012-10-24,22.28524398803711,22.524871184856444,22.261282334807188,22.49292028254605,53320400
2012-10-25,22.26927375793457,22.5248764658354,22.253299826537145,22.516888738385074,54084300
2012-10-26,22.532859802246097,22.636698722382576,22.23732154171034,22.25329699457796,57790000
2012-10-31,22.796449661254883,23.068024736022835,22.764498756280418,22.804435863995497,69464100
2012-11-01,23.579225540161133,23.611174917552844,23.02009696252951,23.03607241297677,72047900
2012-11-02,23.563255310058594,23.77891936836768,23.42746699817915,23.63514332949496,57131600
2012-11-05,23.667097091674805,23.75496058134986,23.42747133156538,23.659110886707463,38070800
2012-11-06,23.85080337524414,24.12237995331412,23.651114804516386,23.818852472646313,43401500
2012-11-07,23.227781295776367,23.82684718358714,23.203818111802732,23.58722143786417,57871800
2012-11-08,23.012109756469727,23.45941323806752,23.00412203106589,23.259724673480132,49841800
2012-11-09,23.028085708618164,23.31563773540516,23.01211025746269,23.068022813003967,43291200
2012-11-12,22.540847778320312,23.171864462052422,22.53286005179804,23.115951899899567,61112300
2012-11-13,21.81606101989746,21.985177033746595,21.542252823741975,21.759689015281083,131689200
2012-11-14,21.61473274230957,21.977126414793727,21.58251928874564,21.93685959783882,76086100
2012-11-15,21.469776153564453,21.719424284832296,21.445616062400955,21.64694554736388,50955600
2012-11-16,21.357025146484375,21.501982573997864,21.21206771897088,21.477822490738426,64083300
2012-11-19,21.526151657104492,21.582523676279287,21.31676877443932,21.582523676279287,57179300
2012-11-20,21.510034561157227,21.582513275460155,21.30870514054278,21.550301366893063,47070400
2012-11-21,21.70331764221191,21.880487024164847,21.477828081162933,21.51003999787166,66360300
2012-11-23,22.307302474975582,22.363674472181053,21.904643596626,21.928802146273075,57845700
2012-11-26,22.057661056518555,22.210671917204603,21.88049163721312,22.178459993704656,85198700
2012-11-27,21.808006286621097,22.049601015802416,21.775794372873772,22.033495826939667,45018600
2012-11-28,22.033496856689453,22.057655409123555,21.558359202541403,21.75163530212371,53018400
2012-11-29,21.70331764221191,22.03349785259173,21.630838909589812,21.832168381090767,69551400
2012-11-30,21.43756675720215,21.84827760315432,21.33287455253022,21.783852221826308,83690200
2012-12-03,21.2845516204834,21.59862509929844,21.26039153133534,21.56641318312297,53173800
2012-12-04,21.23623275756836,21.44561405058832,21.21207266867132,21.340923404078342,49777500
2012-12-05,21.47782516479492,21.687207971047492,21.147644999248648,21.244282272274905,68283800
2012-12-06,21.526151657104492,21.72748117474151,21.429514348811225,21.590577041307444,39182300
2012-12-07,21.30871200561523,21.598626956229452,21.236234803983756,21.598626956229452,46162100
2012-12-10,21.69525909423828,21.719417641990866,21.357025601507736,21.38923751051838,47031100
2012-12-11,22.001285552978516,22.138189662215375,21.78384934371608,21.78384934371608,52282800
2012-12-12,21.93686294555664,22.242884657026973,21.80801218368142,22.17040591146938,43966300
2012-12-13,21.83216857910156,22.162348792476003,21.703317839054073,22.00128459940565,45080100
2012-12-14,21.590574264526367,21.84827576819498,21.50199033265411,21.832170576232283,42077500
2012-12-17,21.82411766052246,21.920754958372125,21.48588404600432,21.57446951571831,42046100
2012-12-18,22.194562911987305,22.250934924349497,21.856329301792034,21.94491477037384,50486900
2012-12-19,21.99323272705078,22.33146632660948,21.944914080262993,22.299254407424986,53519900
2012-12-20,22.29119873046875,22.29119873046875,21.864379709404982,22.03349725964607,52607300
2012-12-21,22.10597801208496,22.13818993087287,21.743584325583083,22.10597801208496,98776500
2012-12-24,21.79190444946289,21.944915298141648,21.74358579999356,21.9046500129209,20842400
2012-12-26,21.630840301513672,21.90464852325603,21.501989554343396,21.76774441238485,31631100
2012-12-27,21.711362838745117,21.816054992125043,21.39728945064834,21.654990849704312,39394000
2012-12-28,21.381189346313477,21.66305091477033,21.381189346313477,21.51004008571856,28239900
2012-12-31,21.510034561157227,21.558354728040232,21.23622796226143,21.413397299434376,42749500
2013-01-02,22.242883682250977,22.33146761714417,21.86438324181052,21.94491534845884,52899300
2013-01-03,21.94491195678711,22.26703879757226,21.87243322560771,22.250932071527515,48294400
2013-01-04,21.53420066833496,22.01739172017641,21.526147304935034,21.96101971239894,52521100
2013-01-07,21.493934631347656,21.646943922498384,21.45366781576434,21.558360000259004,37110400
2013-01-08,21.381189346313477,21.57446699144307,21.308710613395373,21.542253538580816,44703100
2013-01-09,21.501991271972656,21.54225655767158,21.389245707175736,21.518096464638912,49047900
2013-01-10,21.30871200561523,21.72747770405309,21.17180943007194,21.46172284466408,71431300
2013-01-11,21.606678009033203,21.6872101018152,21.16375380276509,21.33286981518756,55512100
2013-01-14,21.655000686645508,21.808011537849342,21.550310021730585,21.663054051026993,48324400
2013-01-15,21.91270637512207,21.97713330244137,21.606686150467855,21.606686150467855,48244500
2013-01-16,21.775793075561523,21.928802344783843,21.751632989674015,21.864376985105565,41077400
2013-01-17,21.94491195678711,22.12208133521346,21.79190113140594,21.896593314674824,51685900
2013-01-18,21.94491195678711,21.977125408876596,21.775795941383137,21.824114583495422,52167700
2013-01-22,21.86438369750977,22.105980022490098,21.743586303030703,21.985181091988828,58650600
2013-01-23,22.234832763671875,22.258991323108138,21.90465247251602,21.90465247251602,50387700
2013-01-24,22.250940322875977,22.60528074715118,22.122089538779992,22.307313884937663,101739300
2013-01-25,22.452259063720703,22.73412059434147,22.057653535260336,22.21066434377249,81847700
2013-01-28,22.476421356201172,22.734122825711996,22.355623984370716,22.556953449428786,56056500
2013-01-29,22.55695343017578,22.653590713148898,22.22677323064412,22.403942606776113,49242600
2013-01-30,22.428102493286133,22.701910685944107,22.355623763698908,22.55695322676966,43580500
2013-01-31,22.10597801208496,22.52474217246016,22.065711193572493,22.37978623388148,50530000
2013-02-01,22.492530822753903,22.589168117584705,22.186509138404787,22.283147969257698,55565900
2013-02-04,22.09792137145996,22.56500564478574,22.08181464644346,22.444208279205625,50540000
2013-02-05,22.146240234375,22.27509096376598,22.03349623016336,22.24287904942916,35410400
2013-02-06,22.017391204833984,22.178455397018578,21.944912471953117,22.04960312165772,41889600
2013-02-07,21.969070434570312,22.05765434927548,21.824112982843168,22.02544243557046,38028300
2013-02-08,22.186506271362305,22.315357005167428,21.993230170654623,22.02544362211686,33318500
2013-02-11,22.4361572265625,22.484475870564715,22.14624229050521,22.267039668521747,32247700
2013-02-12,22.452259063720703,22.548897873313052,22.347568428015613,22.452259063720703,35990900
2013-02-13,22.573062896728516,22.637488271873465,22.4522639743124,22.492530793791804,41715600
2013-02-14,22.581119537353516,22.597224731460187,22.444215403301687,22.484480692601856,32663200
2013-02-15,22.55695343017578,22.677750801903137,22.45226124826267,22.58111351893002,49650900
2013-02-19,22.776182174682617,22.808662323131287,22.573185893094575,22.6381446412532,38781400
2013-02-20,22.630035400390625,22.89799053963416,22.597555238669297,22.841150256621837,44110200
2013-02-21,22.321474075317383,22.52447038544075,22.110357726940403,22.52447038544075,49078500
2013-02-22,22.540714263916016,22.540714263916016,22.313357800683345,22.475755495669425,31425900
2013-02-25,22.224040985107425,22.776189753822667,22.224040985107425,22.711230984047976,48011800
2013-02-26,22.224040985107425,22.41079725461725,22.1996808656647,22.232159476182424,49923300
2013-02-27,22.58131217956543,22.73558982991539,22.191559582749992,22.264638388245277,36394700
2013-02-28,22.57319450378418,22.711232089868915,22.52447581126583,22.63815327672174,35840200
2013-03-01,22.694995880126953,22.719354454508608,22.345841859088157,22.50823803367726,34849700
2013-03-04,22.85738754272461,22.85738754272461,22.4919950604721,22.61379255455627,38157500
2013-03-05,23.019786834716797,23.17406449727893,22.865509172154667,22.971068143443222,41432200
2013-03-06,22.80866813659668,22.92234558766366,22.556953116917317,22.90610550930006,51448500
2013-03-07,22.849271774291992,22.9629507989268,22.74371433935194,22.824913200165533,29196700
2013-03-08,22.735593795776367,23.00354894641987,22.70311363267319,22.938590168952945,37667800
2013-03-11,22.630035400390625,22.711232707215235,22.467637689262695,22.686874134663594,36627500
2013-03-12,22.66251564025879,22.694995804311787,22.443279179119447,22.605676901905507,39255200
2013-03-13,22.67062759399414,22.751826426421164,22.532590043489872,22.630028952150084,29093400
2013-03-14,22.849271774291992,22.8655118562026,22.678755560448955,22.73559429839663,55914800
2013-03-15,22.768070220947266,22.86550759678123,22.719349984291117,22.759950181504575,92710300
2013-03-18,22.81678581237793,22.96294340503287,22.581309346714097,22.638148066360134,44809400
2013-03-19,22.881752014160156,22.914230629349863,22.759954496904705,22.833033317005867,51901600
2013-03-20,22.995426177978516,23.133463757314455,22.88174871808041,23.01166625760374,35447800
2013-03-21,22.824913024902344,23.02790940100787,22.77619277954462,22.824913024902344,34233200
2013-03-22,22.938596725463867,23.011675564594626,22.81679917649256,22.889878015623317,28720900
2013-03-25,22.86551094055176,23.01978861504558,22.7031132254278,22.979188411894896,44154000
2013-03-26,22.86551094055176,23.01166857441544,22.824912286140464,22.930469716853462,27824300
2013-03-27,23.03603172302246,23.100990507859137,22.80055516002727,22.849273861469875,36047400
2013-03-28,23.23090553283691,23.271504188135346,22.94671029952964,22.99542899563564,55453800
2013-04-01,23.23090553283691,23.271504188135346,23.02790915886592,23.2552641065202,29201100
2013-04-02,23.385177612304688,23.42577780931172,23.15782270402191,23.214661431092605,28456500
2013-04-03,23.19029998779297,23.506975311396378,23.17406145865718,23.34457763012596,35062800
2013-04-04,23.22278594970703,23.230905990674632,22.954830792734004,23.05226818686631,45263200
2013-04-05,23.303983688354492,23.36894246422752,22.82491213551365,22.914229484376943,50927300
2013-04-08,23.214670181274418,23.328347678263658,23.117231220469534,23.328347678263658,34759500
2013-04-09,24.042882919311523,24.213399072538945,23.28773641504403,23.328335056648967,77733800
2013-04-10,24.586917877197266,24.619396487070382,23.96980880221597,24.010407451742168,71116700
2013-04-11,23.498855590820312,23.709971959836423,23.328337868302302,23.628773118101137,130923200
2013-04-12,23.377063751220703,23.563820048220695,23.271504766836735,23.425782448538207,62886300
2013-04-15,23.295860290527344,23.531335238354657,23.149702678691487,23.263380132901972,56332900
2013-04-16,23.52322006225586,23.661257663223953,23.30398514791552,23.466381323399496,52797300
2013-04-17,23.40953826904297,23.58005600291695,23.22278200473176,23.425778348219385,52840700
2013-04-18,23.377063751220703,23.531339884182714,23.141587208163745,23.506981309893693,56906600
2013-04-19,24.172801971435547,24.554434492555178,24.042884451533588,24.051004490119837,99790700
2013-04-22,25.03351593017578,25.317711199289384,24.57880442883779,24.603163005590066,137904000
2013-04-23,24.846755981445312,25.090351005789728,24.66811818476931,24.927954839139915,59126900
2013-04-24,25.788663864135746,25.91858144138663,24.84676065469698,24.863000739038263,90946600
2013-04-25,25.934814453125,26.665601013055618,25.61002059857131,25.748056631609774,110700200
2013-04-26,25.81301498413086,25.967291085324923,25.536939841614227,25.90233231936449,47799300
2013-04-29,26.478836059570312,26.53567477189104,25.796768414244102,25.82112697738798,59116400
2013-04-30,26.876712799072266,26.88483438684375,26.210885085806712,26.43824308123561,75165200
2013-05-01,26.56815719604492,26.860472368711864,26.47071674017075,26.73867334760805,54330900
2013-05-02,26.925434112548828,26.93355260316756,26.30020502064441,26.495082867755233,46059500
2013-05-03,27.19340133666992,27.217759915473895,26.86048733727112,26.982283328770485,46784600
2013-05-06,27.404516220092773,27.53443380271848,26.99852338720251,27.13655946359504,40978300
2013-05-07,27.0472412109375,27.436993923779337,26.99040246724051,27.32331643638537,43078300
2013-05-08,26.78740119934082,26.990397560635532,26.511326024080866,26.852358424266228,51595700
2013-05-09,26.51944351196289,26.79551867677425,26.46260478074983,26.67371962561568,46417800
2013-05-10,26.543806076049805,26.568167748433243,26.243372294805457,26.527565993620513,36394900
2013-05-13,26.81987571716309,26.85235587528191,26.430123112172296,26.47884334935053,36027600
2013-05-14,27.41677474975586,27.41677474975586,26.819869478489455,26.8689313393927,56870100
2013-05-15,27.67844581604004,27.719332280474397,27.33502197302639,27.35137593496027,46303900
2013-05-16,27.86650657653809,27.92374386677782,27.433134511467895,27.506725758804468,59382900
2013-05-17,28.512474060058594,28.512474060058594,27.882860674606356,27.907393172719228,60666700
2013-05-20,28.684192657470703,28.700543499325896,28.35711967478244,28.39800301781869,54020800
2013-05-21,28.49612617492676,28.83955314891891,28.38983009750962,28.700546027312747,48702400
2013-05-22,28.299877166748047,28.487943005491474,28.09545736995755,28.44705966997309,66047500
2013-05-23,27.923742294311523,28.250812060234857,27.71932252091012,27.98915499981691,51102700
2013-05-24,28.02186584472656,28.030041264070984,27.719325421806367,27.735676260495215,33174400
2013-05-28,28.635122299194336,28.765950829708604,28.136337551859253,28.144512970367177,48212100
2013-05-29,28.520654678344727,28.635129280554303,28.267172974024255,28.406180076135147,38412200
2013-05-30,28.643306732177734,28.823197187948388,28.463419395606273,28.49612419912887,51131000
2013-05-31,28.537004470825195,28.847720311672617,28.44705926245412,28.471588639574044,56165700
2013-06-03,29.10120010375977,29.13390801727772,28.47976534291021,28.553353469528133,51252600
2013-06-04,28.610595703125,29.223855084319865,28.430705286497652,29.12573133750576,65529500
2013-06-05,28.438875198364254,28.528820389259263,28.15268879024188,28.291692725844776,46025100
2013-06-06,28.58606338500977,28.708716509692685,28.201756291453776,28.487942756782548,37618500
2013-06-07,29.166616439819336,29.256561653583415,28.6678347330163,28.82319266275508,40757300
2013-06-10,29.003087997436523,29.1502705322804,28.733252310489668,29.035792801357985,35994500
2013-06-11,28.487945556640625,28.765956629940057,28.357116999746705,28.65965745271411,39435900
2013-06-12,28.6187686920166,28.83954242480166,28.496115578514377,28.733243267712947,37372700
2013-06-13,28.389816284179688,28.63511936384849,28.28351713928398,28.610589991640975,45654900
2013-06-14,28.128158569335938,28.3652831063991,28.005505472870517,28.250808546603544,53192600
2013-06-17,28.6187686920166,28.74959722412646,28.316228296362222,28.36528704640451,49670100
2013-06-18,28.602415084838867,28.75777299386679,28.53700237758437,28.59423966613141,28616500
2013-06-19,28.283519744873047,28.69235928838425,28.283519744873047,28.58606013369585,30816200
2013-06-20,27.38408660888672,28.070937483090617,27.285962827429294,28.013697050973978,54493700
2013-06-21,27.20418930053711,27.580321010783234,27.024298865550342,27.523083712232683,85338500
2013-06-24,27.5721492767334,27.964634998921863,26.63181675620737,26.93435724887779,56109000
2013-06-25,27.53125,28.111804451464177,27.359538161306755,27.866501379159857,44073400
2013-06-26,28.087278366088867,28.19357753203475,27.711146694832365,27.899212530460616,48665900
2013-06-27,28.308055877685547,28.438884438075583,28.20993523719275,28.22628919714137,28993100
2013-06-28,28.242639541625977,28.44705933601667,28.07910308227372,28.111810997983874,65545500
2013-07-01,28.09545135498047,28.61059000598168,28.07092198276066,28.41434567062954,31055400
2013-07-02,27.752031326293945,28.160870932204457,27.498552766916568,28.136341553993393,37630000
2013-07-03,27.809268951416016,28.103633970234668,27.474020595361143,27.523082471563814,15994400
2013-07-05,27.97280502319336,27.997337520546424,27.45766936675872,27.874684391377045,26085900
2013-07-08,28.070934295654297,28.2835295596061,27.784744644366217,28.087285138174295,32396900
2013-07-09,28.087278366088867,28.291698159493293,27.91556648823679,28.27534732091563,25318500
2013-07-10,28.373477935791016,28.463423175621298,28.06275886706811,28.079112830600852,29658800
2013-07-11,29.1829776763916,29.248393527878697,28.537013298553685,28.618779993713073,53638300
2013-07-12,29.166616439819336,29.215678316199387,28.84772204134575,29.093028304047312,35501200
2013-07-15,29.57546043395996,29.61634689660043,29.093032614473724,29.15844534013998,34142600
2013-07-16,29.657217025756836,29.78804553799561,29.403735418645184,29.44461874387022,36378500
2013-07-17,29.223861694335938,29.755351406734352,29.019441854367496,29.714468062580504,37285100
2013-07-18,28.978559494018555,29.34651588189965,28.79867213043198,29.20751186825549,49547100
2013-07-19,25.675132751464844,26.7135844002614,25.36441526685793,26.492813707987604,248428500
2013-07-22,26.17391014099121,26.17391014099121,25.838663349241333,25.92043158216538,79040700
2013-07-23,26.018552780151367,26.1984432084185,25.9286075660178,26.0921440354244,65810400
2013-07-24,26.133028030395508,26.321093883224655,26.075790732543105,26.198443867483277,52803100
2013-07-25,25.666948318481445,25.87954508711038,25.552473735219415,25.855015710468074,63213000
2013-07-26,25.855016708374023,25.855016708374023,25.51976680519728,25.56065170051117,38633600
2013-07-29,25.789609909057617,25.83867023805222,25.675133728603893,25.732371039030888,28870700
2013-07-30,26.0430850982666,26.263857316183383,25.79778038115987,25.985847798821528,45799500
2013-07-31,26.0349063873291,26.20661827424711,25.928607215770903,26.141203999287963,43898400
2013-08-01,25.895898818969727,26.239324125362725,25.838661527837427,26.21479474893415,42557900
2013-08-02,26.07579040527344,26.08396738480678,25.814133298603927,25.91225549340468,29199900
2013-08-05,25.920434951782227,26.16573812284408,25.871373069890236,26.083969879290287,30984000
2013-08-06,25.82231330871582,25.895904573553416,25.65877681805459,25.797782367236767,36331500
2013-08-07,26.214799880981445,26.24750468288933,25.552478514961976,25.789606264188592,38078600
2013-08-08,26.893470764160156,27.040653282695207,26.20662005072954,26.361981108738146,59034400
2013-08-09,26.73810577392578,26.901642209080904,26.55003996521671,26.795343058350365,26800700
2013-08-12,26.877111434936523,26.958881217341737,26.541863125070808,26.541863125070808,25493700
2013-08-13,26.53950309753418,26.803003966681512,26.523033900565206,26.77006557274356,39464100
2013-08-14,26.638315200805664,27.46999237321472,26.103080433357064,26.46539334399203,48519600
2013-08-15,26.17719268798828,26.49833420661084,25.394923033725536,26.35011456091144,33338000
2013-08-16,26.185426712036133,26.3418809629537,26.0701454590386,26.17719368304141,32866300
2013-08-19,25.847814559936523,26.32541031540746,25.83957996080557,26.15248844542502,27902500
2013-08-20,26.03720474243164,26.2677672139904,25.831344495346155,25.888985113235844,22979600
2013-08-21,26.028974533081055,26.358349099250095,25.971333905472008,26.028974533081055,37409100
2013-08-22,26.67125701904297,26.75360301465356,26.432458343540073,26.50656816900033,31169900
2013-08-23,28.614582061767575,28.98513123468813,27.997001153959648,28.960425862374137,225493800
2013-08-26,28.120519638061523,28.548706319165884,28.02170442748755,28.326379948322064,72786800
2013-08-27,27.38764381408691,28.079334317509502,27.29706795082476,27.60174021388654,58522300
2013-08-28,27.190019607543945,27.667613708648418,27.173550412170982,27.494691868999094,44257400
2013-08-29,27.626441955566406,27.667613372910285,27.00886127187486,27.115909469911177,45284700
2013-08-30,27.5029354095459,27.5688090675176,27.247667524606214,27.47823003927517,42790200
2013-09-03,26.251300811767575,26.40775505597224,25.765472021870636,26.14425416294705,154507000
2013-09-04,25.691360473632812,25.913688355570255,25.61725065612396,25.84781313673896,142320600
2013-09-05,25.716062545776367,25.88898597579588,25.48550006653581,25.60901590478455,71644900
2013-09-06,25.65018844604492,25.847814109979968,25.63371924806971,25.78193888866829,75434900
2013-09-09,26.070144653320312,26.177192874014708,25.691362507698244,25.707830135768035,49628500
2013-09-10,26.67125701904297,26.679493189193305,26.17719361009361,26.267771064086713,56881200
2013-09-11,26.959470748901367,27.115923472068488,26.786545680877328,26.81948408823233,39087500
2013-09-12,26.918285369873047,26.99239518610025,26.835942525699775,26.94299073606755,32860200
2013-09-13,27.198259353637695,27.23119775252064,26.77006959169524,26.984166043255772,40899000
2013-09-16,27.008869171142575,27.58527860607237,26.95122854176747,27.486466547312,52839700
2013-09-17,27.115917205810547,27.56057617880788,27.09121497659248,27.51940160853951,84716500
2013-09-18,27.437055587768555,27.502932379661555,27.033571231548084,27.165321674155756,64099900
2013-09-19,27.700563430786133,27.73350183500607,27.437062479384863,27.568812955085495,42026600
2013-09-20,27.00063133239746,27.56880449554024,26.918285347115656,27.511163876432057,102904900
2013-09-23,26.959470748901367,27.14886187942349,26.761843445950788,26.794781853305786,39826100
2013-09-24,26.72066307067871,27.066506808701263,26.47363138049426,27.066506808701263,40685000
2013-09-25,26.770069122314453,27.008867798260844,26.67949323874241,26.753603064340304,28907500
2013-09-26,26.98417091369629,27.173562029688984,26.835951233149103,26.877122668594616,28504000
2013-09-27,27.395891189575195,27.79114261876728,27.066513427992227,27.074749599680324,55348000
2013-09-30,27.40411949157715,27.428824861199463,26.92652527498649,27.17355698295949,39839500
2013-10-01,27.65115547180176,27.67585770125593,27.4205898125742,27.46176124205739,36718700
2013-10-02,27.931116104125977,28.021695113120945,27.412350556355168,27.469991172774147,46946800
2013-10-03,27.88172149658203,27.997002770105578,27.51940533273191,27.898190698682413,38703800
2013-10-04,27.898174285888672,27.988753273562615,27.68407792571803,27.741718528569216,33008100
2013-10-07,27.420581817626953,27.75819246683881,27.33823898266906,27.667613463678443,35069300
2013-10-08,27.181781768798828,27.445285737394567,27.008859939776507,27.428816543033733,41017600
2013-10-09,27.231201171875,27.46176371064956,27.14062213416242,27.231201171875,35878600
2013-10-10,27.79937171936035,27.90641994791859,27.38765114617494,27.42882571643643,42875100
2013-10-11,28.10404586791992,28.112278896873264,27.73349674144878,27.73349674144878,30033300
2013-10-14,28.367551803588867,28.408723238016844,27.81584453048092,27.91465974252297,27757900
2013-10-15,28.40047264099121,28.81219301296676,28.38400344917093,28.548689085019426,47097800
2013-10-16,28.524003982543945,28.738100463490305,28.458130316915167,28.49106557914003,35111600
2013-10-17,28.75455093383789,28.812194679130897,28.301659126710195,28.367535897800867,31359200
2013-10-18,28.787504196166992,28.812209568681887,28.268738491038626,28.67222292836069,41811700
2013-10-21,28.812198638916016,28.985120475028424,28.746321858771612,28.803962470809083,27433500
2013-10-22,28.474590301513672,28.90277684244616,28.425182712400836,28.8369031981404,40438500
2013-10-23,27.79937171936035,28.400486520448297,27.725261890539823,28.28520212136628,58600500
2013-10-24,27.766437530517575,28.079342916544675,27.642920097331903,27.848780391855488,53209700
2013-10-25,29.42154312133789,29.88267115837617,29.207449868428046,29.54506051340211,113494000
2013-10-28,29.2898006439209,29.421551098628953,29.042768933990622,29.322739042892568,38383600
2013-10-29,29.24863052368164,29.41331938472561,29.034534061970845,29.339209554314763,31702200
2013-10-30,29.265092849731445,29.470953092386544,29.17451384037472,29.25685668096555,36997700
2013-10-31,29.158039093017575,29.38860151572067,29.100398487341803,29.363899296481744,41682300
2013-11-01,29.256855010986328,29.388605433118165,29.1415737842682,29.372136237704456,40264600
2013-11-04,29.594463348388672,29.627401736638813,29.273321915893813,29.30626030414395,28060700
2013-11-05,30.170875549316406,30.22851616384186,29.454482810801537,29.470952006548508,51681900
2013-11-06,31.43897819519043,31.471916589663973,30.516725138178582,30.66494477213133,88948800
2013-11-07,30.87904167175293,31.298995256370205,30.821401045259943,31.25782382904358,60437400
2013-11-08,31.109600067138672,31.109600067138672,30.74728715688766,31.01902105428138,36737800
2013-11-11,30.95314598083496,31.109598633264024,30.755518767238986,31.035488820812784,26872500
2013-11-12,30.763755798339844,30.96137987629779,30.632005365975186,30.78022499503269,31651600
2013-11-13,31.42249298095703,31.42249298095703,30.384959213328365,30.450832827519484,44957600
2013-11-14,31.307222366333008,31.397801364945447,31.060190732684855,31.183704978920108,46183700
2013-11-15,31.159008026123047,31.30722765960772,31.060195984192653,31.249587040050148,50601300
2013-11-18,30.632003784179688,30.94491222282937,30.524955581793076,30.755518041230776,53277500
2013-11-19,30.48265838623047,30.88920266518796,30.424577467093457,30.57392116773097,44275000
2013-11-20,30.76476669311523,31.03856150112747,30.5822347111059,30.63201385892534,32229900
2013-11-21,31.0302677154541,31.13812465158396,30.914108979234197,30.922407614322303,23064700
2013-11-22,31.171310424804688,31.262576413626583,30.972187508285725,31.138122217050963,27982000
2013-11-25,31.229379653930664,31.486583446086076,31.17130188876667,31.46998934675339,30646800
2013-11-26,30.9887638092041,31.237672084780197,30.9887638092041,31.17129570062652,34465300
2013-11-27,31.196205139160156,31.328954827050115,31.10494230030011,31.17131556174398,26002100
2013-11-29,31.63593864440918,31.76868832219707,31.378734759006772,31.378734759006772,22090400
2013-12-02,31.901424407958984,32.175219117054276,31.577847404027903,31.60273696894549,42950400
2013-12-03,31.78527450561523,31.93461825153051,31.594447089168195,31.64422622780583,52109800
2013-12-04,32.30796813964844,32.34115633559069,31.627625947835135,31.70229780620491,51983600
2013-12-05,31.528064727783203,32.258189218205715,30.847722531594243,32.23329648858864,116305000
2013-12-06,31.82675552368164,31.98439472456503,31.519772589329392,31.876534658170645,36457300
2013-12-09,32.11714553833008,32.24989517684678,31.835052160856975,31.99269453253376,30286000
2013-12-10,31.61933135986328,32.274784005431314,31.544659499418813,32.03417432566574,37828600
2013-12-11,31.204490661621097,31.776972856629243,31.021958730603615,31.57784999097462,39853400
2013-12-12,30.88091278076172,31.22937936856144,30.847724582399614,31.22937936856144,36012800
2013-12-13,30.441177368164062,31.071740483321378,30.38309960295231,31.046847751801465,40066100
2013-12-16,30.60710906982422,30.6983750154594,30.316720301894275,30.474359466627643,31734200
2013-12-17,30.300132751464844,30.78964761243734,30.14249355267742,30.648599348258376,45687700
2013-12-18,30.34990882873535,30.36649975994277,29.47873618533517,30.167376935451472,63192100
2013-12-19,30.076112747192383,30.32501787485872,29.93506766868161,30.291829680503096,34160100
2013-12-20,30.532445907592773,30.64030597994191,30.026336912340376,30.03463554521398,62649100
2013-12-23,30.38310813903809,30.60712379564917,30.325030357509476,30.54075054461721,25128700
2013-12-24,30.76476669311523,30.8394354148444,30.399702729096564,30.46607914619151,14243000
2013-12-26,31.063447952270508,31.10493479128512,30.83943231459771,30.86432505100676,17612800
2013-12-27,30.938983917236328,31.212778582565793,30.839419343480053,31.17959355631382,14563000
2013-12-30,30.938983917236328,31.01365576505348,30.61540696502873,30.88090616504523,16290500
2013-12-31,31.038558959960938,31.17960725223901,30.880919729769214,31.030263491004114,17503500
2014-01-02,30.831138610839844,31.03026468850476,30.781356300173208,30.98877784711508,30632200
2014-01-03,30.623693466186523,30.880897125601507,30.366489806771536,30.864303034832876,31134800
2014-01-06,29.976558685302734,30.607118707795426,29.95996458405277,30.573930505295497,43603700
2014-01-07,30.20886993408203,30.275246339436265,30.042932085697657,30.142496693729004,35802800
2014-01-08,29.66956901550293,29.984850571587923,29.520228452095104,29.86869504171472,59971700
2014-01-09,29.478736877441406,29.794018382788455,29.370879997059767,29.769128820392744,36516300
2014-01-10,29.901885986328125,29.993151958181688,29.661276272350747,29.785730445787628,40548800
2014-01-13,29.022424697875977,29.885299159042557,28.897973659151216,29.86040958429798,45901900
2014-01-14,29.686174392700195,29.769144920559707,28.73203705983092,28.815004422688418,41623300
2014-01-15,30.49925422668457,30.524146957464463,29.744240136376295,29.785726966009207,44812600
2014-01-16,30.60710906982422,30.6983750154594,30.125892945111712,30.44117127457845,38018700
2014-01-17,30.18396759033203,30.557326799936167,29.993140253201,30.557326799936167,46267500
2014-01-21,30.009742736816406,30.5490399322172,29.918479930441872,30.5490399322172,31567300
2014-01-22,29.81061553955078,30.13419254391263,29.661271819845215,30.084410249010563,21904300
2014-01-23,29.91848373413086,29.97656151148069,29.47045245314519,29.943373305851782,43954000
2014-01-24,30.54074478149414,31.154710688940007,30.308430534216328,31.071743349555792,76395500
2014-01-27,29.893590927124023,30.60712152146029,29.852107252686174,30.59052741868485,44420800
2014-01-28,30.092702865600582,30.19226427050332,29.661265891022083,29.968248735722177,36205500
2014-01-29,30.41629219055176,30.598824144698963,29.78573214940886,29.85210539137066,52745900
2014-01-30,30.582216262817383,30.598810357080968,30.059513371013978,30.524138515394768,35036300
2014-01-31,31.39531707763672,31.436800742933382,30.333320054038264,30.65689707435337,93162300
2014-02-03,30.26695251464844,31.519780462230795,30.225468837212308,31.312358910048445,64063100
2014-02-04,30.159086227416992,30.85602262621705,30.07611888958408,30.673493849984435,54697900
2014-02-05,29.7193546295166,30.258651838391604,29.70276052839725,30.10930809331856,55814400
2014-02-06,30.018041610717773,30.07611938115025,29.61149405268932,29.702760024797815,35351800
2014-02-07,30.333314895629883,30.358204457575063,29.87698515996649,30.134188905067653,33260500
2014-02-10,30.532445907592773,30.532445907592773,30.10930741607091,30.391400798752517,26767000
2014-02-11,30.839420318603516,30.914092168781742,30.582219740767577,30.59881383691832,32141400
2014-02-12,31.088342666625977,31.196199592922124,30.94729436800552,30.988778044658012,27051800
2014-02-13,31.204490661621097,31.41191215959518,30.97217959669041,30.97217959669041,37635500
2014-02-14,31.212793350219727,31.345543013035588,30.972186762304585,31.02196590773452,31407500
2014-02-18,31.279653549194336,31.580580725044403,31.271295878191253,31.455196527596,32834000
2014-02-19,31.354877471923828,31.55549660170562,31.104105951246257,31.112466808884147,29750400
2014-02-20,31.555511474609375,31.65581949241151,31.26294509404715,31.405047853538974,27526100
2014-02-21,31.747764587402344,32.05704945124245,31.647456586187637,31.714327524086155,38021300
2014-02-24,31.505359649658203,31.74777364475834,31.379975409552284,31.505359649658203,32085100
2014-02-25,31.379962921142575,31.639092160808985,31.221138482654393,31.438476180985543,30736500
2014-02-26,31.32146453857422,31.547160014628034,31.08740819929525,31.413414901640778,41041800
2014-02-27,31.64746856689453,31.67254477950778,31.12084578087071,31.304746509994757,33903400
2014-02-28,32.02362823486328,32.14901248875971,31.614032019170644,31.74777713656791,41215000
2014-03-03,31.5805721282959,31.873141553500695,31.33816147039033,31.69759862288469,29717500
2014-03-04,32.107200622558594,32.165713880933176,31.82299200099633,31.931660847434863,26802400
2014-03-05,31.85643196105957,31.990177019344333,31.705968371897495,31.973458488467024,20520100
2014-03-06,31.88987159729004,31.965103397944553,31.67253386707301,31.881510736809552,23582200
2014-03-07,31.68089485168457,32.065411528210255,31.505351856980248,31.99853739904023,26591600
2014-03-10,31.614032745361328,31.772854079439064,31.530443240843617,31.75613872952368,19006600
2014-03-11,31.781200408935547,31.956740201385905,31.530428821330208,31.655813020766008,25216400
2014-03-12,31.99018287658691,32.12392795935973,31.588947628268457,31.597305300870502,30494100
2014-03-13,31.672536849975582,32.140646230215964,31.46355996055771,32.11556683514651,32169700
2014-03-14,31.51372528076172,31.881523571621443,31.354900755032883,31.47193052773554,27195600
2014-03-17,31.80627822875977,32.10720542468498,31.58894369211039,31.680894022946863,20479600
2014-03-18,33.060142517089844,33.35271206886874,31.948387148785795,31.981821026895044,64063900
2014-03-19,32.82609176635742,33.06014487347549,32.52516452078596,32.99327392375651,35597200
2014-03-20,33.712158203125,33.97964840513533,32.80101870604771,32.809376379789086,59269800
2014-03-21,33.57004165649414,34.22204841975358,33.44465426875945,34.038150956805424,80721800
2014-03-24,33.854248046875,33.97127456696313,33.31926784719582,33.720502996955204,46098400
2014-03-25,33.720516204833984,34.26385747661532,33.40287039108175,33.98800640944594,43193100
2014-03-26,33.26076126098633,34.02979465514977,33.10193679008385,33.83753630660891,41977500
2014-03-27,32.90131378173828,33.41121777505657,32.88459525210269,33.21895946734752,35369200
2014-03-28,33.687076568603516,33.97128528796826,33.168814735197635,33.26076508392366,43472700
2014-03-31,34.263851165771484,34.69016260437254,33.77066559396718,33.79574179955131,46886300
2014-04-01,34.623287200927734,34.76539313440403,34.33072085073251,34.397594981482314,32605000
2014-04-02,34.56476593017578,34.82389834374874,34.414302359550625,34.63999771548836,28666700
2014-04-03,34.280555725097656,34.51461192893681,34.0297841819508,34.51461192893681,30139600
2014-04-04,33.327632904052734,34.59821275425252,33.1353745514792,34.48118620822813,51409600
2014-04-07,33.269126892089844,33.66200454411877,33.21897446926737,33.4028720008413,37559600
2014-04-08,33.28583908081055,33.37778942342767,32.76757728183637,33.2273258061877,35918600
2014-04-09,33.82917785644531,33.896048798918464,33.33599229936124,33.37778703699872,27398700
2014-04-10,32.90131378173828,34.01306889827038,32.67561841475805,33.80409206092574,45960800
2014-04-11,32.77593994140625,33.2607679348882,32.600400090828906,32.600400090828906,34330200
2014-04-14,32.750858306884766,32.94311666216189,32.51680521154466,32.69234503304974,32006600
2014-04-15,33.22732925415039,33.4028690962345,32.64219325846874,32.88460724348087,33968700
2014-04-16,33.77067184448242,33.787387192142845,33.361075674637036,33.48646310323362,30615800
2014-04-17,33.44465637207031,33.60348083168711,33.02670263831484,33.44465637207031,36688400
2014-04-21,33.38615036010742,33.5616933898725,33.26076612597194,33.54497485424084,22221200
2014-04-22,33.42794418334961,33.55332840206821,33.2941991034759,33.4028647886185,27056700
2014-04-23,33.177162170410156,33.42793693090836,32.99326471844063,33.42793693090836,24602800
2014-04-24,33.319278717041016,33.41122906674564,32.85116929524228,33.21897069406077,42381600
2014-04-25,33.36106872558594,34.00471789342356,33.227323651018,33.67871447346009,56876800
2014-04-28,34.163536071777344,34.514618853607246,33.511529291036716,33.55332402515761,50610200
2014-04-29,33.862606048583984,34.43102331348534,33.762298057346555,34.35579152287388,29636200
2014-04-30,33.77067184448242,33.854261337723635,33.57841027030505,33.77067184448242,35458700
2014-05-01,33.43629837036133,33.737225565892004,33.394503635145156,33.63691756362641,28787400
2014-05-02,33.177162170410156,33.720503233178206,33.15208596985375,33.6954270326218,43416600
2014-05-05,32.9598503112793,33.135390213286755,32.8511813862927,33.0350821533876,22460900
2014-05-06,32.65055465698242,32.892965457241466,32.55860430331344,32.84281303795635,27112400
2014-05-07,32.95146560668945,33.02669739436957,32.19079005958313,32.78428669071891,41744500
2014-05-08,33.135372161865234,33.35270989343761,32.57531567807102,32.88460055436433,32120400
2014-05-09,33.05177688598633,33.3109061197901,32.9096709804874,33.05177688598633,29647600
2014-05-12,33.41122055053711,33.45301528373125,33.14373043161415,33.218962226857094,22782600
2014-05-13,34.02574920654297,34.093095133382285,33.545920717119735,33.60484679748887,27004800
2014-05-14,33.87421417236328,34.05099234499526,33.71426926369019,33.92472038669853,18818700
2014-05-15,33.33545684814453,34.0089030157671,33.25969431484845,33.74794246525189,37793200
2014-05-16,33.52907180786133,33.53748843917525,33.057660173555654,33.39438001700624,29867100
2014-05-19,33.461734771728516,33.520660840214305,33.21761065301319,33.343882634756945,24537400
2014-05-20,33.402801513671875,33.62166926219174,33.21760350330408,33.402801513671875,21320900
2014-05-21,33.96682357788086,33.96682357788086,33.453325329439764,33.50383156401036,22398700
2014-05-22,33.75635528564453,33.96680638645585,33.54590418483321,33.91630017744767,20201800
2014-05-23,33.7732048034668,33.98365598556183,33.672189135205635,33.98365598556183,18020000
2014-05-27,33.83212661743164,33.8910526840999,33.51224317301248,33.8910526840999,26160600
2014-05-28,33.680606842041016,33.83213195487288,33.52066509459863,33.790042359359646,25711500
2014-05-29,33.958404541015625,33.96682117577198,33.59642823311562,33.79846279080204,19888200
2014-05-30,34.46348190307617,34.488738226716784,33.88263783902145,34.05099941462904,34567600
2014-06-02,34.337196350097656,34.58973698448401,34.2445973682027,34.47188490251894,18504300
2014-06-03,33.91630554199219,34.24460879738896,33.88263258984137,34.17726289308734,18068900
2014-06-04,33.94156265258789,33.98365224212452,33.55433329088316,33.8489636288694,23209000
2014-06-05,34.69078063964844,34.724453607781726,34.00892069671983,34.168862478506455,31865200
2014-06-06,34.91805648803711,35.06958158189811,34.716025170375694,34.91805648803711,24060500
2014-06-09,34.741275787353516,34.918053980419515,34.53082464001886,34.84229143892985,15019200
2014-06-10,34.60658645629883,34.64867604263781,34.396135313374344,34.53924054917279,15117700
2014-06-11,34.39613342285156,34.572911602496724,34.32037088711372,34.45505948273328,18040000
2014-06-12,34.16044235229492,34.412983165033296,33.91631817511454,34.35405708243537,29818900
2014-06-13,34.70759201049805,34.99380561007471,34.39612530870919,34.59815654886409,26310000
2014-06-16,34.93488693237305,35.02748594165314,34.547657631046604,34.547657631046604,24205300
2014-06-17,35.08641815185547,35.28003283646566,33.958399789739225,34.75811485137602,22518600
2014-06-18,35.06117630004883,35.13693887150887,34.66552695895405,35.02750333245971,27097000
2014-06-19,34.94330596923828,35.162176953731766,34.79178410235068,34.99381539902052,19828200
2014-06-20,35.08641815185547,35.21269013414598,34.83387739850435,34.89280346724528,47764900
2014-06-23,35.34736633300781,35.35578296362992,35.094822457141724,35.1284954020877,18743900
2014-06-24,35.145355224609375,35.30529700252255,34.9854134466962,35.21270115924497,26509100
2014-06-25,35.381046295166016,35.39788277250633,34.90121793027108,35.10325244712512,20049100
2014-06-26,35.120079040527344,35.3052738166915,34.87595500464185,35.296857186004914,23604400
2014-06-27,35.56624984741211,35.599922807312005,34.94331293418478,35.02749533393453,74640000
2014-06-30,35.10326385498047,35.53258292737454,35.10326385498047,35.498909961750876,30793100
2014-07-01,35.246360778808594,35.482068271015,35.09483568068661,35.23794414501514,26917000
2014-07-02,35.27162551879883,35.27162551879883,34.96015540321165,35.12851702032323,20208100
2014-07-03,35.18744659423828,35.34739159141019,34.98541520265313,35.280045653394424,15969300
2014-07-07,35.34736633300781,35.45679858723909,35.11165892961471,35.145331874560696,21952400
2014-07-08,35.170597076416016,35.35579512609866,35.02749182801024,35.246359622992564,31218200
2014-07-09,35.07798385620117,35.34736418819475,34.96013176727006,35.338944346854774,18445900
2014-07-10,35.09484100341797,35.35580164781385,34.556086444486255,34.82546372395211,21854700
2014-07-11,35.43155288696289,35.43155288696289,34.91805160855004,35.103249633218134,24083000
2014-07-14,35.47364807128906,35.73460867349645,35.38946888927633,35.54099398588321,21881100
2014-07-15,35.7346076965332,35.75144417472144,35.38104807703995,35.633592038633644,28748700
2014-07-16,37.10675811767578,37.30037284150564,35.75986847491984,35.78512159200139,63318000
2014-07-17,37.48555374145508,38.47888331853032,37.249849506633616,38.26001555922888,82180300
2014-07-18,37.6202507019043,37.74652269077521,37.24985779176908,37.586580954604784,43407500
2014-07-21,37.74651718139648,38.015894387855454,37.22459924528592,37.51081292855228,37604400
2014-07-22,37.73810195922851,38.0074791757566,37.53606744121759,37.88120720059606,43095800
2014-07-23,37.77177810668945,38.260026401442666,37.561326919895194,38.260026401442666,52362900
2014-07-24,37.37612533569336,37.881206808650155,37.30877942664329,37.822280743846186,30725300
2014-07-25,37.460304260253906,37.594992866223606,37.29194269998436,37.29194269998436,26737700
2014-07-28,37.014163970947266,37.4687361947149,36.98049100289604,37.342467381369275,29684200
2014-07-29,36.94679260253906,37.11515411567265,36.73634151392927,36.963629074975294,27763100
2014-07-30,36.68584060668945,37.12357610834228,36.44171653794633,37.0983230016548,31921400
2014-07-31,36.3322868347168,36.77844225036883,36.26494413576448,36.517484876487714,31537500
2014-08-01,36.07975006103515,36.40805338119595,35.8608790401079,36.37438042240251,31170300
2014-08-04,36.50906753540039,36.59324992890006,36.037658976722106,36.17234759509161,34277400
2014-08-05,36.26493835449219,36.58482174317267,36.0544872355675,36.45855299855539,26266400
2014-08-06,35.978721618652344,36.34069455782792,35.53256310116014,35.978721618652344,24634000
2014-08-07,36.391204833984375,36.576402834704034,35.90295993830849,36.06290162269336,30314900
2014-08-08,36.36595916748047,36.46697481979514,36.1218350640928,36.39121227775171,28942700
2014-08-11,36.36595916748047,36.57641031635335,36.21443408339362,36.41646538802296,20351600
2014-08-12,36.63533782958984,36.694263896705635,36.197599037279815,36.23127199312593,21431100
2014-08-13,37.10675811767578,37.19093731543466,36.63534626102662,36.770034904179155,22889500
2014-08-14,37.26667785644531,37.39294657846946,37.0478069336376,37.10673619072326,19313200
2014-08-15,37.70442962646485,37.79702864827979,37.37612633910621,37.527651427307084,41611300
2014-08-18,37.97380065917969,37.97380065917969,37.61182447538011,37.830692227542315,26891100
2014-08-19,38.3973274230957,38.40579662252399,37.973796363399266,38.09238454310858,28139500
2014-08-20,38.0754508972168,38.45662957713215,38.03309842862314,38.40580467604803,24770500
2014-08-21,38.304161071777344,38.329571908644326,37.973807267360606,37.98227646922078,22285500
2014-08-22,38.24486541748047,38.5159251040493,38.17709888019509,38.41427529812123,18294500
2014-08-25,38.26180267333984,38.49050988289133,38.15168690048214,38.45662984655078,16910000
2014-08-26,38.12628555297851,38.45664267561691,38.06699143049434,38.38040691366764,14873100
2014-08-27,38.0076904296875,38.117809450638525,37.91451304513562,38.03310449992958,21287900
2014-08-28,38.01616668701172,38.10087164623988,37.78745941955122,37.906047654985464,17657600
2014-08-29,38.48204040527344,38.49050960647619,37.99921515456086,38.19403909508644,21607600
2014-09-02,38.19404220581055,38.50745437641797,37.99074581623845,38.48204353945389,22976800
2014-09-03,38.08390426635742,38.21096485060358,37.71966737155565,37.71966737155565,33684500
2014-09-04,38.338035583496094,38.346508015421314,37.8806244294007,37.89756606196512,26475500
2014-09-05,38.888633728027344,38.90557536337801,38.21098447043314,38.21098447043314,36939400
2014-09-08,39.36299514770508,39.64252409058022,38.95640553815862,38.98181637897809,45736700
2014-09-09,39.6086311340332,39.78651667015112,39.32062982708775,39.36298552648346,40302400
2014-09-10,39.6763916015625,39.761096524830265,39.20203562992018,39.659449970651806,27302400
2014-09-11,39.81192398071289,39.81192398071289,39.362982042175915,39.59168922726624,29216400
2014-09-12,39.55780792236328,39.82886758523842,39.473099758161005,39.73569022025895,38244700
2014-09-15,39.16817855834961,39.56629580861284,39.04958707246073,39.422296708393446,37667600
2014-09-16,39.6086311340332,39.68486686914483,39.210514056260216,39.29521899247927,27910600
2014-09-17,39.40534210205078,39.54934115489031,39.15969323760938,39.18510407486659,38311900
2014-09-18,39.540870666503906,39.667931311229275,39.35451591591641,39.46463492592597,35556600
2014-09-19,40.252410888671875,40.29476336794153,39.47311169870472,39.65099728169652,202522400
2014-09-22,39.862754821777344,40.133814511653625,39.79498828366509,40.06604797354136,38686100
2014-09-23,39.4392204284668,39.79498503061495,39.3629846949656,39.68486603082742,33430300
2014-09-24,39.87971115112305,39.9051219966353,39.25288336775758,39.49853231200131,26582700
2014-09-25,38.99875259399414,39.88816744316276,38.99028016070772,39.710285119586345,33077400
2014-09-26,39.312164306640625,39.490046628126855,38.76157247580821,38.905574758406466,27078800
2014-09-29,39.33757019042969,39.439219988153845,38.76156759513716,38.94792232634536,26091000
2014-09-30,39.26980972290039,39.37145629667144,38.973335971745875,39.278278924345344,33033100
2014-10-01,38.88017272949219,39.41381981484547,38.83781701653542,39.193584971391495,38088400
2014-10-02,38.76158142089844,39.04958282127112,38.65993481820432,38.82087877303118,25119400
2014-10-03,39.041107177734375,39.21898951092987,38.63451760273608,38.94792979426435,32453200
2014-10-06,39.041107177734375,39.21898951092987,38.89710488565704,39.066518016394674,20604000
2014-10-07,38.566749572753906,38.905575821181266,38.473572192872055,38.84628171239946,25723700
2014-10-08,39.625587463378906,39.71876486654806,38.40581848050635,38.52440672770803,33031000
2014-10-09,38.83781433105469,39.64252435228245,38.7446401703392,39.38840624854921,34422800
2014-10-10,37.29615020751953,39.066510457025345,37.2283869071087,38.626037694853665,51978100
2014-10-13,36.974273681640625,37.745100307809665,36.83874383191705,37.11827273328408,37100200
2014-10-14,37.04203414916992,37.592625939031805,36.89803510857339,37.16062235466971,38115700
2014-10-15,36.61003112792969,36.75403015803147,35.661319090501664,36.42367640070525,60218700
2014-10-16,36.20344161987305,36.49144291120583,35.76296886658256,36.02555609339838,49040400
2014-10-17,36.95733642578125,37.21992372313735,36.24580382259767,36.59309930562258,40683300
2014-10-20,37.33852005004883,37.3893417367877,36.26275018648289,36.474515831327665,34527900
2014-10-21,38.01616668701172,38.10087164623988,37.43169148196141,37.57569379019375,36433800
2014-10-22,37.5926399230957,38.17711196674189,37.46557923777427,38.117817841935214,33570900
2014-10-23,38.13473892211914,38.49897591029274,37.71967704096118,37.795912764794856,45451900
2014-10-24,39.074989318847656,39.72722775296769,38.27027939460674,39.6679336436192,61076700
2014-10-27,38.888633728027344,39.04957441692892,38.71922060580715,38.71922060580715,30371300
2014-10-28,39.37992858886719,39.388397790281914,38.77004268584475,38.84627842372256,29049800
2014-10-29,39.49004364013672,39.55781017535815,39.25286722943422,39.33757216717476,30276100
2014-10-30,39.00720977783203,39.235916936802454,38.77003341947109,39.235916936802454,30073900
2014-10-31,39.76958084106445,39.786522477038154,39.37146047389917,39.76110840743427,35849700
2014-11-03,40.18464660644531,40.20158824536745,39.58323296550203,39.71876284559188,23130400
2014-11-04,40.29475402832031,40.43028386934197,40.02369434627701,40.06604681573009,21530800
2014-11-05,40.5403938293457,40.57427708986246,40.032154615451,40.48956893857056,22449600
2014-11-06,41.25194549560547,41.387475369965806,40.48111872931472,40.54041284739192,33037800
2014-11-07,41.23499298095703,41.43828612323191,40.90463920129567,41.43828612323191,28000600
2014-11-10,41.412879943847656,41.63311797590491,41.12487860050967,41.20958677871885,36370100
2014-11-11,41.395938873291016,41.46370541678342,41.20958734126019,41.37899723741791,23445200
2014-11-12,41.319698333740234,41.43828653980711,41.09946355551407,41.133346823329255,22722100
2014-11-13,42.02276992797851,42.056653202508514,41.26041240748803,41.34512059381304,26210400
2014-11-14,41.99734878540039,42.39546585396206,41.83640488650731,42.13287861898681,29081700
2014-11-17,41.89570617675781,42.10747178003454,41.62464646306655,41.85335370235981,30318600
2014-11-18,41.54621887207031,42.049137924795765,41.51212189352391,41.878656283730606,23995500
2014-11-19,41.10295867919922,41.55473216269122,40.85576051772898,41.47801560401653,26177500
2014-11-20,41.51211929321289,41.51211929321289,40.804621665193395,40.91543521269443,21510600
2014-11-21,40.89838790893555,41.81046091849948,40.54890201977242,41.78488981128431,42884800
2014-11-24,40.565948486328125,40.91543435806997,40.395466859502854,40.906911739978675,35434200
2014-11-25,40.46364974975586,40.88985207447908,40.44660126656705,40.62560546255104,28008000
2014-11-26,40.70232772827149,40.90690630360742,40.30169644622444,40.48070391901819,27163600
2014-11-28,40.75348663330078,41.08592408271512,40.58300497287447,40.87282282009904,21534400
2014-12-01,41.44391632080078,41.58030094509454,40.66822816044263,40.813138652816846,31191600
2014-12-02,41.30754852294922,41.81046763958166,41.08592463756909,41.63146335696688,25773500
2014-12-03,40.98362350463867,41.341631952499725,40.753473823156774,41.29048649494835,23534800
2014-12-04,41.63145065307617,41.81898075001933,41.08591210015018,41.24786784190438,30320400
2014-12-05,41.27342987060547,41.742255009882406,41.23933615729351,41.61439301704951,27313400
2014-12-08,40.65970230102539,41.21376337042326,40.446601139334135,41.13704682214778,26663100
2014-12-09,40.565948486328125,40.84724040667324,40.10564906939986,40.156794532947416,24330500
2014-12-10,39.97780227661133,40.62562875081828,39.80732059866185,40.55743803063902,30431800
2014-12-11,40.20794296264648,40.69381681231809,39.79026632658431,40.13122963296195,29060400
2014-12-12,40.02042007446289,40.68529501158259,39.781744435453525,39.87550951667141,34248400
2014-12-15,39.78173828125,40.6341432489391,39.67945059559404,40.23351512525871,29247800
2014-12-16,38.49459457397461,39.50043233966076,38.469023474535966,39.1253754573424,47801400
2014-12-17,38.98900604248047,39.1680103116752,38.272985714034526,38.400844512744904,34970900
2014-12-18,40.50628662109375,40.50628662109375,39.50044844529425,39.7050270792141,40105600
2014-12-19,40.625614166259766,41.00067112176947,40.20793436781359,40.600043061830995,64551200
2014-12-22,40.89838790893555,41.01772407816197,40.66823818899884,40.72790627361206,26566000
2014-12-23,41.29901885986328,41.59735928000848,41.0262495466829,41.230824905734835,23648100
2014-12-24,41.0347785949707,41.46098112005626,40.98363637302745,41.46098112005626,11437800
2014-12-26,40.81314468383789,41.26491820888289,40.76199922279516,41.26491820888289,13197800
2014-12-29,40.44661331176758,40.727905238988875,40.284654299074525,40.65971453759178,14439500
2014-12-30,40.080081939697266,40.59152361924528,39.92664878549949,40.438090465047495,16384700
2014-12-31,39.594215393066406,40.438094575260976,39.594215393066406,39.83288776755906,21552500
2015-01-02,39.85845184326172,40.42103894931218,39.67092497568934,39.77321265360761,27913900
2015-01-05,39.49193572998047,39.83289586979933,39.42374175101596,39.526029467794835,39673900
2015-01-06,38.91228866577149,39.84993284378193,38.818523597637046,39.53454391142088,36447900
2015-01-07,39.40668487548828,39.60273764581403,38.775906962556256,39.193583614047185,29114100
2015-01-08,40.565948486328125,40.70233313745503,39.82435714905475,39.84992825499524,29645200
2015-01-09,40.22499084472656,40.76200690606546,39.97779586559205,40.58300263617484,23944200
2015-01-12,39.722076416015625,40.52333929222615,39.51750101265745,40.42104833887965,23651900
2015-01-13,39.51749420166016,40.838721230493306,39.261773365703235,40.037461744050454,35270600
2015-01-14,39.17652893066406,39.41520451688657,38.886711130846265,39.17652893066406,29719600
2015-01-15,38.76737594604492,39.53454168608323,38.707707860893805,39.39815702692828,32750800
2015-01-16,39.41520690917969,39.44930063642363,38.50313060748315,38.622470033671014,35695300
2015-01-20,39.54305648803711,39.764683547645696,38.844084841578265,39.46633992919816,36161900
2015-01-21,39.14242935180664,39.329959460301005,38.76737238648438,39.15947783909399,39081100
2015-01-22,40.1738395690918,40.182362186450845,39.27881516974213,39.53453596217542,35898000
2015-01-23,40.21646881103515,40.395473083532245,39.89255399532584,40.36990197365183,26211600
2015-01-26,40.07155227661133,40.17384320417335,39.415203375587915,40.06302965848112,42525500
2015-01-27,36.36359024047851,36.82388963316384,35.89476823015076,36.610788423772455,169164000
2015-01-28,35.110565185546875,36.47441530770139,35.08499407287132,36.43179570268631,84507100
2015-01-29,35.80952453613281,35.90328958523435,34.769592882005796,34.888929034801826,63585300
2015-01-30,34.437156677246094,35.442994643923065,34.39453383411028,35.417420287708296,78004900
2015-02-02,35.18727493286133,35.263991507637435,34.292250394917936,34.599116694022364,50352500
2015-02-03,35.460044860839844,35.74134005705573,34.99122278548022,35.485619220647465,52082400
2015-02-04,35.66461944580078,35.98000833329835,35.25546550350668,35.74985863107045,41614800
2015-02-05,36.18458557128906,36.34654131788544,35.681666593086625,35.988532851198805,36548200
2015-02-06,36.1505012512207,36.47441610945675,35.92887734927026,36.380651025362035,34616600
2015-02-09,36.10786819458008,36.431782932153325,35.98000617268724,36.00558052806558,31381100
2015-02-10,36.31244659423828,36.45735711473245,35.95443810537016,36.43178600886089,29670700
2015-02-11,36.12492370605469,36.355073439218586,35.98001316961804,36.355073439218586,38262500
2015-02-12,36.73012924194336,36.73012924194336,36.23573281261489,36.36359485514241,33268800
2015-02-13,37.39500045776367,37.39500045776367,36.78127116707046,36.97732389550948,40264900
2015-02-17,37.41217422485352,37.77273053532858,37.0773677260884,37.74697744881109,33695700
2015-02-18,37.36924362182617,37.51518540269189,37.24905819923508,37.455092691396345,27111700
2015-02-19,37.343482971191406,37.36923604944036,36.957170423424685,37.06877255384762,27603400
2015-02-20,37.65254211425781,37.669711928844485,37.16321386036313,37.35207527120197,29721100
2015-02-23,37.90150833129883,37.93584469365321,37.47227269119265,37.515195600241654,32518800
2015-02-24,37.84999465942383,38.03027282223321,37.70405285514408,37.9015041094298,25271700
2015-02-25,37.76414108276367,37.8499868736407,37.60102949536749,37.72980145649005,29759800
2015-02-26,37.82423400878906,37.97017250908042,37.67829223369069,37.764141299868264,28957300
2015-02-27,37.64395904541016,37.94442591620957,37.48085070398711,37.8843331970112,33807700
2015-03-02,37.66972732543945,37.935851373286475,37.386430181179385,37.48944583599731,31924000
2015-03-03,37.15462875366211,37.62679048605148,36.99152042098686,37.39500289237145,31748600
2015-03-04,36.96576690673828,37.09453560741752,36.8112418460773,36.9228407317045,25748700
2015-03-05,37.00868225097656,37.12028438862554,36.759724895762176,36.97434262788354,23193500
2015-03-06,36.36483383178711,37.0086871127329,36.184555699076,36.91425477422504,36248800
2015-03-09,36.78549575805664,37.02586996109977,36.2189048023543,36.2189048023543,32108000
2015-03-10,36.081546783447266,36.66530751474769,36.081546783447266,36.3562573305524,39159700
2015-03-11,36.03862380981445,36.373427083822506,35.918438355022644,36.32192090308775,32215300
2015-03-12,35.21449279785156,35.75533062886587,35.07713752209645,35.48062007735564,59992500
2015-03-13,35.523536682128906,35.60079921570377,34.86251351150119,34.93977604507605,58007700
2015-03-16,35.67805862426758,35.7467346065369,35.43768449930688,35.60079609746007,35273500
2015-03-17,35.79826354980469,35.90986576594376,35.32610486202876,35.514966372253724,31673400
2015-03-18,36.48502731323242,36.76832439133706,35.48061754498768,35.56646335815449,44194800
2015-03-19,36.30473709106445,36.562277719894375,36.24464438683103,36.27898073581672,33879100
2015-03-20,36.81123733520508,36.8970831251383,36.47643416973573,36.53652687765039,71904500
2015-03-23,36.7940788269043,37.02586646070703,36.725399554011055,36.81124864512761,26246100
2015-03-24,36.82841110229492,37.060195414961925,36.6996391287623,36.725392213545895,25513300
2015-03-25,35.592220306396484,36.85417420059066,35.57505048693983,36.84558765345823,43469900
2015-03-26,35.37759780883789,35.72098760305891,35.12864037176804,35.386184354837695,37495600
2015-03-27,35.171566009521484,35.56646197441772,35.051380565840695,35.30033472426187,34401400
2015-03-30,35.16297912597656,35.660893987652805,35.120056221475295,35.28316456850319,35049700
2015-03-31,34.90542984008789,35.22306318505292,34.80241423965729,35.008445440518486,34887200
2015-04-01,34.95695114135742,34.99128750328273,34.604978051860996,34.853932231157486,36865300
2015-04-02,34.587806701660156,34.97411941078077,34.4418648894111,34.905440140355836,37487500
2015-04-06,35.66947937011719,35.86692736235728,34.49337468816188,34.63072995558142,39223700
2015-04-07,35.652313232421875,35.97853325426914,35.463451766980384,35.72099251062476,28809400
2015-04-08,35.55786895751953,35.789656531639444,35.23165231969785,35.59220858512407,24753400
2015-04-09,35.6093864440918,35.729571893053816,35.41193845296735,35.41193845296735,25723900
2015-04-10,35.8154182434082,36.01286621943795,35.549291001903256,35.73815570715242,28022000
2015-04-13,35.84975051879883,36.1072944601943,35.532117139166935,35.540703683777316,30276700
2015-04-14,35.75531768798828,36.08153430308445,35.532113398915214,35.88408637032406,24244400
2015-04-15,36.278995513916016,36.45069042801077,35.78108386533014,35.849759866083176,27343600
2015-04-16,36.19313430786133,36.347659337374175,35.90125406042669,36.01285619836524,22509700
2015-04-17,35.72956466674805,35.832583552000955,35.33466876436686,35.77248756486649,42387600
2015-04-20,36.83697891235352,37.0601798613543,35.781060306884285,35.82398318844529,46057700
2015-04-21,36.6052131652832,37.04303533176284,36.51078080487356,36.91426333578462,26013800
2015-04-22,36.90568161010742,37.02586706482357,36.52795215264749,36.63096778886018,25064300
2015-04-23,37.206146240234375,37.43793388400727,36.742570952688574,36.81983350061287,46309500
2015-04-24,41.09501266479492,41.32680026619192,39.18920895576546,39.19779222627312,130933700
2015-04-27,41.23236846923828,41.31821754950315,40.53700893053438,40.545592201157085,59248200
2015-04-28,42.20244598388672,42.24536889088088,40.94907876073314,41.01775475696221,60730800
2015-04-29,42.11659622192383,42.331214011584414,41.63585119415339,41.824715896993126,47804600
2015-04-30,41.75603866577149,42.52866405609686,41.72169903179975,41.80754811672909,64725500
2015-05-01,41.773216247558594,41.962080994701566,41.550015134869184,41.70454024165737,38937300
2015-05-04,41.41265869140625,41.95349327524847,41.361149232312975,41.52425760722929,34039500
2015-05-05,40.86321258544922,41.34395745726629,40.61425851905726,41.05207722702138,50369200
2015-05-06,39.73004150390625,41.00916488523308,39.50684045857517,40.837470010082136,52433000
2015-05-07,40.090614318847656,40.42541763489791,39.62703898517418,39.72147136145675,32971700
2015-05-08,40.99199295043945,41.18944090046994,40.79454500040897,40.82029808416727,35364900
2015-05-11,40.665771484375,41.12934662322533,40.665771484375,40.820296530658446,24609400
2015-05-12,40.64860534667969,40.93190238208625,39.85022696028875,40.21936979592358,29928300
2015-05-13,40.88897705078125,41.481320896674234,40.837467608822536,41.36971874316726,34184600
2015-05-14,41.82471466064453,41.91056046404811,41.23236748281439,41.23236748281439,32980900
2015-05-15,41.46415328979492,41.98782118242458,41.24953551575374,41.95348155262423,28642700
2015-05-18,41.215206146240234,41.39548761016844,40.871819587174656,41.18945305488256,24136500
2015-05-19,41.11152267456055,41.31025388582368,40.7659011703954,41.0942412697432,28574800
2015-05-20,41.11152267456055,41.413939018636846,40.84366584402802,40.94735097684118,25047900
2015-05-21,40.973262786865234,41.128792101299354,40.61900230311869,40.85229627476986,22410700
2015-05-22,40.52396774291992,40.91278781161259,40.45484212425132,40.86958594799018,25720600
2015-05-26,40.256107330322266,40.5066827315484,39.910485859935136,40.46348087177267,29581900
2015-05-27,41.1374397277832,41.27568765878489,40.28202838864793,40.454839126422705,27335600
2015-05-28,40.99918746948242,41.49169587769932,40.94734326479473,41.04238932534366,19283700
2015-05-29,40.48940658569336,41.10288164399997,40.256112557304,40.98191510248498,36519600
2015-06-01,40.8090934753418,41.27568140784471,40.28202228819112,40.662206512937274,28837300
2015-06-02,40.54125213623047,40.91279415394362,40.28203761822143,40.549894487949246,21498300
2015-06-03,40.480770111083984,41.24977792936914,40.4548496473085,40.930076827711034,28002200
2015-06-04,40.057373046875,40.74861263820914,39.91912512860817,40.42891494523404,27745500
2015-06-05,39.867279052734375,40.195619079246946,39.60806463015717,40.01416931305192,25438100
2015-06-08,39.51301574707031,40.1178515538899,39.46117154782635,40.00552410357298,22121600
2015-06-09,39.44390106201172,39.69447316652583,39.27972938074419,39.53894383484639,24406100
2015-06-10,40.27338409423828,40.46347621066298,39.47845612235428,39.564863128042894,28417400
2015-06-11,40.12649917602539,40.54124297028901,39.85864566294781,40.31659131776355,27347800
2015-06-12,39.72040557861328,40.15243086166597,39.65992230267321,39.93641822013962,23931000
2015-06-15,39.29700469970703,39.44389495514685,38.89954237854769,39.271084247137104,33254500
2015-06-16,39.59942626953125,39.953686755663576,39.14147737568439,39.18467923085364,27070300
2015-06-17,39.72040557861328,39.80680931678729,39.19333420591439,39.5130319924678,28704100
2015-06-18,40.368431091308594,40.43755340137683,39.8932007891943,39.936405941088566,32658300
2015-06-19,39.83271789550781,40.46347752114713,39.737675130307565,40.4289147177523,63837000
2015-06-22,39.94504928588867,40.36843542887667,39.8845660220462,40.03145630287126,20318100
2015-06-23,39.668556213378906,39.98825395847024,39.41798079064393,39.858648368017974,25896500
2015-06-24,39.43524932861328,39.96232046098661,39.35748468127804,39.46116977902842,34890900
2015-06-25,39.44390106201172,39.7981615850392,39.31429218691532,39.772237832365555,20616000
2015-06-26,39.10691833496094,39.98825010877165,38.908187145193416,39.44390074831344,49835300
2015-06-29,38.33791732788086,39.081001238074336,38.329278273709456,38.91683284009077,34081700
2015-06-30,38.1478271484375,38.64033562140031,37.96637405622165,38.63169327143773,35945400
2015-07-01,38.40702438354492,39.08098235028061,38.10460489625098,38.41566343354108,28343900
2015-07-02,38.36383056640625,38.66624682087093,38.07005336374486,38.43295286910248,21752000
2015-07-06,38.355194091796875,38.43295875429437,37.975013128526065,37.983652181652246,23034000
2015-07-07,38.27743148803711,38.44160317107866,37.430662504238185,38.31199429458171,36435800
2015-07-08,38.22557830810547,38.795851248733975,38.04412528001808,38.39838569319503,39785900
2015-07-09,38.467506408691406,39.07234206811617,38.45022501315479,38.666237513228694,32424700
2015-07-10,38.545291900634766,39.003237593875525,38.51072909085672,38.89091011014236,25465800
2015-07-13,39.34885787963867,39.41798020096098,38.839067987534605,38.86498844601911,28178300
2015-07-14,39.4179801940918,39.71175747586483,39.15012666688961,39.27109320125071,22880300
2015-07-15,39.538944244384766,39.65127171755909,39.25380933074615,39.46982192741718,26629600
2015-07-16,40.316593170166016,40.34251362847011,39.720399556536115,39.75495906891129,26271700
2015-07-17,40.28202438354492,40.420272300801095,39.97096574569595,40.22154112575099,29467100
2015-07-20,40.54125213623047,40.722705265319085,40.12650824819771,40.30796137728633,30631900
2015-07-21,40.85227966308594,40.89548479648608,40.16104037783952,40.42025469779581,42781900
2015-07-22,39.34885787963867,40.549887465420085,39.055080597814445,39.262450857872224,59152400
2015-07-23,39.84135437011719,39.94503946892378,38.96866184156624,39.11555208629129,33934000
2015-07-24,39.69447326660156,40.0228133338738,39.57350674078827,39.66855280995318,32333200
2015-07-27,39.18467712402344,39.75495015143062,39.09827341833056,39.6944668982276,39701400
2015-07-28,39.17604064941406,39.43525507963736,38.7008136446563,39.38341417124688,34328900
2015-07-29,39.99688720703125,40.42026998735654,39.10691320054739,39.22788300530192,40945900
2015-07-30,40.506683349609375,40.955989949532025,39.6858348169832,39.97096973272622,39777900
2015-07-31,40.35116195678711,40.93007425195174,40.17835118494543,40.86095192086986,31201500
2015-08-03,40.446189880371094,40.61035822703699,40.13513128998112,40.59307682800534,24125900
2015-08-04,41.07695770263672,41.22384469171566,40.33387381506122,40.39435708069264,33403900
2015-08-05,41.11152267456055,41.82868284598045,41.07695986492585,41.457140882634754,26959700
2015-08-06,40.28202438354492,41.275683554885774,40.03145229958022,41.223839349880826,27368000
2015-08-07,40.38571548461914,40.42027499416827,39.970968409124,40.08329587940771,19163000
2015-08-10,40.89550018310547,41.03374809216947,40.47211410754625,40.567160163044655,23079900
2015-08-11,40.10057830810547,40.55852395822983,39.65991406124306,40.454838834748784,29237400
2015-08-12,40.38571548461914,40.52396341108734,39.49574136789524,39.91048514729982,30181400
2015-08-13,40.377071380615234,40.696769078663785,40.16970114796931,40.66220957061641,22627200
2015-08-14,40.61035919189453,40.69676289301579,40.195615493550655,40.20425454522681,21473400
2015-08-17,40.88686752319336,40.999195005952885,40.23882967788143,40.446203238661255,21099700
2015-08-18,41.11299133300781,41.25215089036416,40.61723520256174,40.73899940052034,23574100
2015-08-19,40.53895950317383,40.94774217219389,40.26933639754826,40.68681508773173,31485500
2015-08-20,39.71268844604492,40.417185429966786,39.71268844604492,40.069284947525766,36238200
2015-08-21,37.46005630493164,39.55614942354346,37.46005630493164,39.399594475445795,70053100
2015-08-24,36.2511100769043,37.12955441623512,34.546404173794535,35.18132004634583,88753700
2015-08-25,35.198707580566406,37.607910278118595,35.12912613820748,37.02517731075288,70616600
2015-08-26,37.14694595336914,37.26001415179279,35.71186337050086,36.53812153132221,63408000
2015-08-27,38.181941986083984,38.22542872645844,37.33828528795188,37.59920904802425,50943200
2015-08-28,38.208030700683594,38.399376326370344,37.73836597462997,37.74706531279322,28246700
2015-08-31,37.85142517089844,38.20802164105382,37.48612936464254,37.8862158796513,34441700
2015-09-01,36.37286758422851,37.04257406185672,36.23370801211264,36.677278111411376,49688900
2015-09-02,37.71229553222656,37.72969090038492,36.42506814895361,36.84254703127236,37671500
2015-09-03,37.83403396606445,38.251512563413065,37.64268836476198,37.75575652169753,28285200
2015-09-04,37.05997085571289,37.43396284232391,36.70337423101704,37.23392115703853,37138800
2015-09-08,38.17324447631836,38.268917300421535,37.57311946761539,37.66009295253149,32469800
2015-09-09,37.46005630493164,38.616823052783694,37.320896719714405,38.451568764332706,33469500
2015-09-10,37.65140151977539,38.0862756330059,37.18173668120816,37.50354259600741,31366600
2015-09-11,37.816654205322266,37.91232704542887,37.346989345431496,37.52093966218656,27132500
2015-09-14,37.4339485168457,37.7818456685353,37.27739363734671,37.773149649818585,23656000
2015-09-15,38.25152587890625,38.52114901843243,37.46875448057643,37.56442399670561,28882200
2015-09-16,38.52984619140625,38.599427642843146,38.12976279912276,38.24283099879461,23372200
2015-09-17,38.48637008666992,39.13868144407111,38.33851443821601,38.52116082200983,32768200
2015-09-18,37.816654205322266,38.26022767893899,37.68619395612572,37.8340495687804,63143700
2015-09-21,38.36459732055664,38.67770723350575,37.9210238379366,37.93841920174782,26177200
2015-09-22,38.181941986083984,38.31240220720736,37.66879048688388,37.72967258697325,28085900
2015-09-23,38.15584564208984,38.41676939090962,37.84273581637592,38.20803171898399,17145200
2015-09-24,38.19064712524414,38.38199280996728,37.63400875276928,37.790563709756135,27905600
2015-09-25,38.21673583984375,38.90383773437115,38.06018089380393,38.686400677963206,29384600
2015-09-28,37.65140151977539,38.34719943737896,37.581820069101944,38.121066358342624,27613800
2015-09-29,37.7818603515625,37.894928545769666,37.44265908676706,37.72097824341081,32763600
2015-09-30,38.49505233764648,38.5298430605379,37.97320476557909,38.1645504236559,34958900
2015-10-01,38.79946517944336,38.921229388577835,38.05148124581632,38.921229388577835,28657900
2015-10-02,39.63442611694336,39.63442611694336,38.19934022692262,38.503754094595045,41839000
2015-10-05,40.556358337402344,40.782491403104416,39.7474922690635,39.790979014257054,34369300
2015-10-06,40.66073226928711,41.03472429676228,40.199766740559,40.29543958263307,27017200
2015-10-07,40.7042121887207,41.18257300098368,39.964927598662086,40.96513596651634,27711500
2015-10-08,41.269554138183594,41.33043624880014,40.44329265689681,40.49547874506507,33772700
2015-10-09,40.97383499145508,41.347826953295055,40.80858072311947,41.26954948877446,28600600
2015-10-12,40.878150939941406,40.93903302697915,40.44327699377182,40.86075558395563,19769100
2015-10-13,40.782493591308594,40.99123462439413,40.49547840337041,40.49547840337041,19987800
2015-10-14,40.59984588623047,40.965138534478115,40.46938233024142,40.57375450216309,24697800
2015-10-15,40.88686752319336,40.904262887928176,40.46938872303733,40.88686752319336,27189400
2015-10-16,41.321746826171875,41.3478415354321,40.791203066009736,40.895571949569685,26450300
2015-10-19,41.41741180419922,41.643548213014185,40.89556416787083,41.24346148614764,29387600
2015-10-20,41.547874450683594,41.58266517708754,40.89556326082786,41.26085593459046,30802200
2015-10-21,41.0521125793457,41.73921440133294,40.97383511458987,41.67832897956656,25144300
2015-10-22,41.77400207519531,42.574172088741825,40.956440018546914,41.33912800547952,56637100
2015-10-23,45.98358917236328,47.02728773873969,45.444346184902216,45.48783293395409,135227100
2015-10-26,47.18384552001953,47.24472763590957,45.66178598711568,45.6878773745467,64633300
2015-10-27,46.69676971435547,47.28819862977154,46.60110021971275,46.95769677302314,50999900
2015-10-28,46.94900131225586,46.94900131225586,45.9748843843437,46.56631334860393,47000800
2015-10-29,46.409767150878906,46.818549890083546,46.28800292673104,46.5663221013051,30202100
2015-10-30,45.78355026245117,46.95771246536134,45.76615489820512,46.37497937551115,46619800
2015-11-02,46.30538558959961,46.40975442198287,45.766139433664506,45.96618107815965,30285000
2015-11-03,47.09686279296875,47.30560048718945,46.009677625243945,46.03576900756508,36596900
2015-11-04,47.31431579589844,47.73179464307186,47.018601197755565,47.12297008009218,37087800
2015-11-05,47.29691696166992,47.57523617271413,46.966411654369914,47.392589812558874,31468500
2015-11-06,47.766571044921875,47.81875713297092,46.9316135430942,47.044681741620714,32851200
2015-11-09,47.10555648803711,47.723076836528755,46.583708960432325,47.44475771276278,32513100
2015-11-10,46.54023742675781,47.07948384679663,46.33149965975897,47.02729774613342,55283700
2015-11-11,46.661983489990234,47.140344246547656,46.496729239630525,46.70547022825446,36516300
2015-11-12,46.374969482421875,46.94900310877823,46.26190129785638,46.51412904887718,35361100
2015-11-13,45.957496643066406,46.34888401044805,45.68787349713101,46.15753833798898,36848200
2015-11-16,46.766357421875,46.870726268648106,45.96618741574567,46.16623240564737,32165200
2015-11-17,46.38108825683594,46.871427988574474,46.276012594158615,46.55620768092032,31551300
2015-11-18,47.15162658691406,47.26545689319746,46.389846346809534,46.40735895855999,29710000
2015-11-19,47.230430603027344,47.86087125104908,47.090333052376856,47.274213801509255,28149200
2015-11-20,47.4493293762207,47.545647060746056,46.64376936053378,47.5018672060133,37147600
2015-11-23,47.4493293762207,47.68574460000416,47.06406197830811,47.5018672060133,28235900
2015-11-24,47.50188446044922,47.66824930493907,46.915226845519214,47.21293130191472,24600000
2015-11-25,47.011531829833984,47.48436235465773,47.011531829833984,47.36177740530106,21005100
2015-11-27,47.2216796875,47.353022612914565,47.09909473854739,47.107849374820006,9009100
2015-11-30,47.58943939208984,48.12356244435241,47.28297698842592,47.755807559955706,56241400
2015-12-01,48.35121154785156,48.359966182927415,47.54564817312879,47.6419658599076,39952800
2015-12-02,48.34245300292969,48.99916085211337,48.21111343720626,48.438770688573506,47274900
2015-12-03,47.458099365234375,48.83280786101918,47.22168408160271,48.587637940300255,38627800
2015-12-04,48.95537567138672,49.23557072267634,47.370519698626616,47.38803230685578,43963700
2015-12-07,48.867820739746094,49.00791827906391,48.41250290191601,48.850308129807765,30709800
2015-12-08,48.850303649902344,49.12174072858177,48.14981601755278,48.57010859696252,32878000
2015-12-09,48.14107131958008,48.92036423424323,47.72953326074876,48.48255892576376,36373200
2015-12-10,48.39500427246094,48.7364919144362,48.167343617684246,48.50007662225568,31775800
2015-12-11,47.335506439208984,48.246138851575566,47.291723240571635,47.904651279414466,39549500
2015-12-14,48.28116989135742,48.34246236860736,47.00277916558814,47.571927414554075,46768900
2015-12-15,48.333702087402344,48.94663012851181,48.23738439434654,48.736482130918326,39843000
2015-12-16,49.14801406860352,49.25308638430386,47.94842538195217,48.63140378447616,37503300
2015-12-17,48.77150344848633,49.72591898659458,48.622647932904535,49.349406220356265,41280900
2015-12-18,47.39680862426758,49.034199715219074,47.30924554923368,48.832809652925775,84684200
2015-12-21,48.009727478027344,48.465042019143546,47.484359150280056,48.05350733695901,37246300
2015-12-22,48.46505355834961,48.57888389082547,47.72078575873883,48.149836494877114,28322200
2015-12-23,48.8765754699707,48.92911329988818,48.54384256087099,48.77150315032457,27279800
2015-12-24,48.745243072509766,48.999170961562875,48.535098387919945,48.91161123301537,9558500
2015-12-28,48.99040985107422,48.99040985107422,48.14106656760164,48.465041528644015,22458300
2015-12-29,49.51578140258789,49.77846392855861,49.08673405621328,49.28812410413048,27731400
2015-12-30,49.305633544921875,49.71716825105634,49.288120932292216,49.445731105769866,21704500
2015-12-31,48.57887649536133,49.20055923005852,48.52633865601911,49.069219641987104,27334100
2016-01-04,47.98344421386719,47.98344421386719,46.74883381310454,47.56315166681908,53778000
2016-01-05,48.20234680175781,48.50005444017425,47.75578701422728,48.09727450001915,34079700
2016-01-06,47.326751708984375,47.633217419517166,46.9677515007866,47.56316696904476,39518900
2016-01-07,45.680606842041016,46.8364159941383,45.59304711151665,46.14468276635109,56564900
2016-01-08,45.8206901550293,46.65251729606709,45.66308002847326,45.85571202967305,48754000
2016-01-11,45.794429779052734,46.27601489965545,45.05891680461236,45.97830718761556,36943800
2016-01-12,46.214717864990234,46.49491293803342,45.584280620737445,46.19720525540144,36095500
2016-01-13,45.21653366088867,47.3442678183948,44.91882590477124,47.107852540873054,66883600
2016-01-14,46.503684997558594,46.77512217792357,45.155243712516,45.53175658223815,52381900
2016-01-15,44.64739608764648,45.50549426940072,44.078247732514235,44.92759127596664,71820700
2016-01-19,44.27086639404297,45.25154918138827,43.833061160740215,45.0764264200294,43564500
2016-01-20,44.472267150878906,44.988877584664635,42.99248296688455,43.76302129901352,63273000
2016-01-21,44.20082473754883,45.16399844634179,44.04321455502251,44.656142671492674,40191200
2016-01-22,45.78567123413086,45.820696453777686,44.88379019926337,45.01513310284459,37555800
2016-01-25,45.34787368774414,46.10089933671479,45.225288738412054,45.47921327337593,34707700
2016-01-26,45.680606842041016,45.91702212268435,45.13772916437278,45.34787719389672,28900800
2016-01-27,44.84877395629883,45.706871904357214,44.67365117624444,45.5405037602204,36775200
2016-01-28,45.58427810668945,45.71561766107868,44.87503248830879,45.40915536064858,62513800
2016-01-29,48.23737716674805,48.23737716674805,47.282961695218496,47.92215688768308,83611700
2016-02-01,47.90464401245117,48.23737689852388,47.72076663074859,48.0534995168213,44208500
2016-02-02,46.40736389160156,47.510631827643046,46.100901503864904,47.431826736483686,56313800
2016-02-03,45.671836853027344,46.74883720936656,44.883786182443295,46.62625229176203,57559800
2016-02-04,45.531761169433594,46.24100711319512,44.98012543539684,45.619320912529545,46987100
2016-02-05,43.920631408691406,45.5317551873913,43.39526633875891,45.47921734432219,62009000
2016-02-08,43.263916015625,43.404013566370345,42.19567010357356,43.38650095500354,59290500
2016-02-09,43.150089263916016,43.99067797777376,42.61596626392172,42.92243197778517,46740500
2016-02-10,43.52659606933594,44.122011461722394,43.36023128094725,43.68420622262582,38237000
2016-02-11,43.50908279418945,43.87684092630995,42.47586217849264,42.62471769440939,48878600
2016-02-12,44.21833419799805,44.37594436928526,43.56162626436441,43.9994315534535,34243300
2016-02-16,45.05613708496094,45.05613708496094,44.209516411203786,44.88857779458343,37291200
2016-02-17,46.22904586791992,46.53771188144234,45.373607940785966,45.40888463333206,40789000
2016-02-18,46.02622985839844,46.69647385026388,45.94685894789258,46.14969833576356,27176000
2016-02-19,45.69992446899414,46.10559647864308,45.44417340736566,45.83221042891831,33559100
2016-02-22,46.4318962097168,46.74055893247022,46.10559177232447,46.10559177232447,25008300
2016-02-23,45.135498046875,46.184954482422846,44.9591179376292,46.15849864349575,28895300
2016-02-24,45.29425048828125,45.41771558461275,44.27124965045684,44.703377487617075,33014500
2016-02-25,45.94685363769531,45.94685363769531,44.63282838295173,45.62055253851472,26939500
2016-02-26,45.2413330078125,46.458352282710166,45.064952866437686,46.38779888049169,35975900
2016-02-29,44.87094497680664,45.55000644392759,44.67692645358011,45.28543450710161,31654000
2016-03-01,46.370147705078125,46.37896519519133,44.90619539769118,44.95029294076781,33024500
2016-03-02,46.69646835327149,46.705285847102154,45.999768594641864,46.22024294629643,29289900
2016-03-03,46.167327880859375,46.71410669504856,45.6646466283289,46.71410669504856,24427800
2016-03-04,45.885128021240234,46.255526738148966,45.60292107701079,46.21143253389539,33034200
2016-03-07,45.00321960449219,45.68228095125351,44.6063684979366,45.470627476313375,38407800
2016-03-08,45.54999923706055,45.97330955916575,44.62400433302331,44.80038447494332,33835100
2016-03-09,46.599464416503906,46.608281911340505,45.73520526312093,45.76166111180274,28251600
2016-03-10,45.90276336669922,46.68765158914612,45.11787514425232,46.67883409454228,38387800
2016-03-11,46.802284240722656,46.802284240722656,46.19377638244785,46.7405517057167,32275700
2016-03-14,46.890472412109375,47.26087098471129,46.41425048186525,46.48480050835034,24083600
2016-03-15,47.2608757019043,47.2608757019043,46.51126435430468,46.52008184693134,21104800
2016-03-16,47.93112564086914,48.15160000603261,47.09332574458543,47.13741994478376,31691700
2016-03-17,48.20451736450195,48.50436264999608,47.62246514726888,47.80766281544032,28223900
2016-03-18,47.17268753051758,48.47789511624343,47.13741083151038,48.43379756039884,67625500
2016-03-21,47.49900436401367,47.560736925696865,46.67883934259723,46.96104630005533,23925700
2016-03-22,47.68418502807617,47.84292680550462,47.14622715614321,47.27851309205729,23124100
2016-03-23,47.59600067138672,47.83411335766297,47.39316468622651,47.719465761121505,20129000
2016-03-24,47.807647705078125,47.91347779415995,47.3843374412636,47.481346674169814,19950000
2016-03-28,47.21678924560547,47.878212318609826,47.03159159256546,47.8076589093536,17025100
2016-03-29,48.24859619140625,48.38088212032852,47.13740717230866,47.322604781463106,23924300
2016-03-30,48.54843521118164,49.068754640418206,48.41615266324248,48.44260849999621,23008300
2016-03-31,48.70718765258789,49.02467122001089,48.380886592368135,48.46025748422388,26360500
2016-04-01,49.00703430175781,49.04231100231775,48.125136972787296,48.548447286992584,24399200
2016-04-04,48.883575439453125,49.08641144724761,48.50435927056768,48.883575439453125,18928800
2016-04-05,48.11631774902344,48.76891986505204,48.02812600079578,48.671910624087225,19272300
2016-04-06,48.61017608642578,48.680729482110905,47.80764971344839,47.93993564827246,21188700
2016-04-07,48.028133392333984,48.424987910006394,47.82529738645069,48.38971120528624,19225100
2016-04-08,47.99285125732422,48.75128350213387,47.90466286967389,48.21332559062138,22167200
2016-04-11,47.895843505859375,48.63663737137073,47.88702264893606,48.054585288766894,21414200
2016-04-12,48.19569778442383,48.31034203261421,47.410806215052105,47.94876420670735,24944300
2016-04-13,48.81303024291992,48.89240116055769,48.407358159070135,48.610194200995025,20818000
2016-04-14,48.82182693481445,49.01584538503476,48.566075953009616,48.6983618716454,20877100
2016-04-15,49.07758712768555,49.31569644324616,48.60136176822174,48.768921047660655,28793800
2016-04-18,49.79192352294922,49.90657112030059,48.68955183657058,48.936485381955954,23786000
2016-04-19,49.73019027709961,50.06531220700587,49.10404397545817,49.94184711813813,29596800
2016-04-20,49.02467727661133,49.82720378711121,48.936488881063866,49.64200613795854,36195700
2016-04-21,49.19224548339844,49.589100063582656,48.87476181925106,49.209883838536875,38909100
2016-04-22,45.66465377807617,46.237888527675075,44.77393873835909,45.779301400830384,126834100
2016-04-25,45.95566940307617,45.97330775299235,45.53235909760174,45.66464167571617,33226900
2016-04-26,45.36480712890625,46.1673337359686,45.05614434317922,46.087962824757064,33532600
2016-04-27,44.923851013183594,45.41771475364536,44.579911575646726,45.40007640246764,43369300
2016-04-28,44.006683349609375,44.77393317604667,43.706838087159944,44.64164721513567,43134800
2016-04-29,43.980220794677734,44.31534273644373,43.52163375967466,43.52163375967466,48411700
2016-05-02,44.63283920288086,44.75630433173529,43.900862561568914,44.09488111501014,33114500
2016-05-03,43.900848388671875,44.45644465332126,43.742106598772054,44.394712108823704,26460200
2016-05-04,43.980220794677734,44.147783447646475,43.61864300840993,43.95376495017592,24257600
2016-05-05,44.04193878173828,44.35942226749096,43.856741203106,43.98020625552752,25390700
2016-05-06,44.43879318237305,44.43879318237305,43.795008719709784,44.02430047954957,24787300
2016-05-09,44.156612396240234,44.61519955021043,44.09487983360697,44.52701113621215,17951600
2016-05-10,44.994415283203125,45.06496534077903,44.26243867134069,44.38590715940008,22891000
2016-05-11,45.02085494995117,45.664639553197425,44.976760759295885,45.09140834633651,24039100
2016-05-12,45.426536560058594,45.69110848867208,44.90621692551553,45.15315050127666,24102800
2016-05-13,45.04732894897461,45.77048467854915,45.01205223919726,45.364809244454094,22592300
2016-05-16,45.70875549316406,45.82339976214622,44.75630444389032,44.80039865228134,20032000
2016-05-17,44.856197357177734,45.93963860347307,44.72298953378685,45.93075943699441,27803500
2016-05-18,45.12262725830078,45.415687228495976,44.66971177567768,44.8295639004032,24907500
2016-05-19,44.68745803833008,44.95387702479627,44.243425264986016,44.82066922541378,23842400
2016-05-20,44.953887939453125,45.4867294294589,44.75851577538284,44.82955927476239,23905800
2016-05-23,44.4299201965332,45.00716418268288,44.385517594760465,44.93611730968541,26118700
2016-05-24,45.815303802490234,45.92187072445213,44.75850697275649,45.024925971511905,34757900
2016-05-25,46.28597640991211,46.614563108892675,45.99291653436608,46.10836261894718,24040200
2016-05-26,46.08174133300781,46.16166740354682,45.611067466335136,46.11726478384798,24335200
2016-05-27,46.463592529296875,46.463592529296875,45.97515712044244,46.108364929565575,17721400
2016-05-31,47.067481994628906,47.067481994628906,46.25046317855485,46.41031188751134,37653100
2016-06-01,46.93426132202149,47.023069906538275,46.570154594755415,46.570154594755415,25324800
2016-06-02,46.60568618774414,46.83658516020979,46.037324698138995,46.747776560145425,22840800
2016-06-03,45.992923736572266,46.55240269232597,45.8241890842672,46.51688263873179,23368300
2016-06-06,46.29487609863281,46.49024829207962,46.08173879304238,46.17054741524779,18243300
2016-06-07,46.26823043823242,46.82771288448176,46.26823043823242,46.39256250561195,20866800
2016-06-08,46.214935302734375,46.570159515230216,46.063962386955005,46.19717358395436,21149400
2016-06-09,45.84195327758789,46.17941921269879,45.72650716870159,46.17941921269879,20305700
2016-06-10,45.717620849609375,46.2238180167439,45.32687316955692,45.33575233577782,25833200
2016-06-13,44.527618408203125,45.04269819527217,43.56850911144657,44.03030373125608,83217800
2016-06-14,44.25231170654297,44.49208644404355,44.02141274699954,44.31447602925816,42577100
2016-06-15,44.12797164916992,44.50984006938219,44.12797164916992,44.20789767637019,33757600
2016-06-16,44.74961853027344,44.820665394031806,43.968119967436,43.97700251925625,31188600
2016-06-17,44.51873016357422,44.785149170145345,44.24342860375323,44.76738745134707,45710500
2016-06-20,44.465450286865234,45.140382130532906,44.42992684505075,44.97164747576505,35607900
2016-06-21,45.4600715637207,45.673208773551,44.54536518603875,44.58088861896064,34097800
2016-06-22,45.28247833251953,45.699866970551064,45.24695488613744,45.362404393028086,28816800
2016-06-23,46.0994873046875,46.23269850596404,45.424558907883615,45.540005002108266,29028800
2016-06-24,44.25231170654297,45.23806170432735,43.97701014330319,44.234549987524126,133503000
2016-06-27,43.00902557373047,43.648434013111135,42.66268046496663,43.60402801438587,50216300
2016-06-28,43.90596008300781,43.932604353454494,43.22214919503166,43.44416558511348,38140700
2016-06-29,44.88283920288086,45.04269129245991,44.22566912486681,44.32335688935419,31304000
2016-06-30,45.44233322143555,45.55778274396495,44.84733065859703,45.04270625246175,28527800
2016-07-01,45.433441162109375,45.9307591746192,45.35351511345068,45.40680027512374,21400400
2016-07-05,45.44233322143555,45.5400210183679,45.06046797805879,45.140394049394104,24806400
2016-07-06,45.62881851196289,45.77090889436344,44.749631941814435,45.09597703718439,28167500
2016-07-07,45.62881851196289,45.8330732249323,45.35351691394224,45.66433856678657,19585200
2016-07-08,46.44583511352539,46.499120274732135,45.77978584309901,45.93963793901749,28391000
2016-07-11,46.70337677001953,46.916514035323765,46.596809831218366,46.62345071899318,22269200
2016-07-12,47.25397491455078,47.42270956507503,46.88098894798476,47.01419676988615,27317600
2016-07-13,47.52040100097656,47.831226073628734,47.22734103912414,47.56480700257136,25356800
2016-07-14,47.72465896606445,47.94667542250042,47.58256856945353,47.81346419355793,24545500
2016-07-15,47.68912124633789,47.95554023677975,47.25396763137856,47.911137636322984,32024400
2016-07-18,47.92002487182617,48.25749078999448,47.55591806643731,47.68912927794375,31433900
2016-07-19,47.14739990234375,47.86673421310354,47.00530955070368,47.69799959148638,53336500
2016-07-20,49.6517448425293,50.47764607633514,49.31427898444596,49.86488206545068,89893300
2016-07-21,49.55406188964844,49.93593038474863,49.51853845110387,49.713913975397425,32776700
2016-07-22,50.23786926269531,50.29115441672108,49.536296646012,49.802719028439505,32157200
2016-07-25,50.37997055053711,50.388853105319406,49.96257855602262,50.14907494172824,25610600
2016-07-26,50.406593322753906,50.87727031368912,50.18457696082058,50.19345951241038,28079000
2016-07-27,49.90040969848633,50.442130309214384,49.829366205180314,50.27339904837358,32327500
2016-07-28,49.91817092895508,50.060261301874704,49.48302064400823,49.73167794969214,37550400
2016-07-29,50.335567474365234,50.40661097345651,49.77608509782508,49.96257809410446,30558700
2016-08-01,50.24675369262695,50.39772321978777,49.85600265724329,50.264512023597625,26003400
2016-08-02,50.24675369262695,50.53093441597792,50.00697557210555,50.486528425446906,35122000
2016-08-03,50.59309768676758,50.7174263271889,50.16682661059387,50.33555785292262,22075600
2016-08-04,50.96608352661133,51.081533001547285,50.32667521952157,50.442124694457526,26587700
2016-08-05,51.4722785949707,51.69429498303152,51.01936665391519,51.19698044190409,29335200
2016-08-08,51.56108474731445,51.58772562855897,51.312424100795056,51.56108474731445,19473500
2016-08-09,51.6854133605957,51.95183233606093,51.52556129777635,51.65876909165843,16920700
2016-08-10,51.52557373046875,51.79199277021868,51.34795990806817,51.649902389838594,15756900
2016-08-11,51.77423095703125,51.90744217051999,51.534452805372645,51.534452805372645,18162300
2016-08-12,51.45452117919922,51.676537585821464,51.170340449738866,51.53444722109129,21655200
2016-08-15,51.614383697509766,51.951849652355186,51.47229330405415,51.51669591681486,19283900
2016-08-16,51.32841110229492,51.489259463776335,51.176500654682116,51.48032495872309,20523500
2016-08-17,51.43564987182617,51.54288098541475,51.14076004843804,51.41777745142547,18856400
2016-08-18,51.471397399902344,51.56075951248959,51.17651095040454,51.31054900606134,14214300
2016-08-19,51.48928451538086,51.5875811628687,51.11397376186404,51.31950156623997,17271000
2016-08-22,51.53395462036133,51.60544431798608,51.167578442075474,51.471402839347874,15221900
2016-08-23,51.73054504394531,51.989690070403114,51.69480019709261,51.7394829600666,18732400
2016-08-24,51.78416061401367,51.86458481238362,51.57863286458295,51.65011914712507,18151500
2016-08-25,51.98073959350586,52.08797410815153,51.63223594294593,51.72159803848399,18552600
2016-08-26,51.85564804077149,52.45436228825107,51.55182366342725,52.07904821797118,20971200
2016-08-29,51.91819763183594,52.36499796742425,51.91819763183594,51.98968732176176,16417200
2016-08-30,51.73054504394531,51.998624577708185,51.480337933608794,51.8109692449558,16930200
2016-08-31,51.34629440307617,51.650118771506875,51.20331843021561,51.51608071440915,20860300
2016-09-01,51.46246337890625,51.66799112657323,50.944173347455205,50.944173347455205,26075400
2016-09-02,51.53395462036133,51.99862742847303,51.310554428508574,51.53395462036133,18900500
2016-09-06,51.48033142089844,51.65011430874546,51.122889815223274,51.63224188758012,16278400
2016-09-07,51.52501678466797,51.68586518511839,51.30161660724419,51.35523387699972,17493400
2016-09-08,51.31947708129883,51.641173807295985,51.096076955891405,51.49819786338784,20146100
2016-09-09,50.229286193847656,51.39990414376939,50.229286193847656,50.74757615007449,35113900
2016-09-12,50.97991943359375,51.12289540974693,49.69313564821517,50.04163937703753,29303000
2016-09-13,50.515228271484375,50.622462771178306,50.08630049915341,50.48842135096835,30130200
2016-09-14,50.27397918701172,50.6046139352478,50.06845141338245,50.39014824473835,24062500
2016-09-15,51.10502243041992,51.247998405017,50.02376640947846,50.17568029994693,26847000
2016-09-16,51.158634185791016,51.49820336716948,50.711833887225154,51.49820336716948,44607000
2016-09-19,50.8726806640625,51.60543285791113,50.801190982313535,51.1765049938643,20937100
2016-09-20,50.76544189453125,51.24798353830408,50.71182464130532,51.24798353830408,17384000
2016-09-21,51.6143798828125,51.694804089879185,51.006734484639885,51.39097968638464,33707300
2016-09-22,51.66800308227539,51.82885151485442,51.4982201406939,51.75736180756736,19822200
2016-09-23,51.31947708129883,51.74840491302323,51.27479773798042,51.712660074842354,19955300
2016-09-26,50.84589385986328,51.06035617235144,50.783342067986155,51.006742298637896,21688700
2016-09-27,51.78416061401367,51.88245723522317,50.64928732982273,50.87268750209301,28065100
2016-09-28,51.85564804077149,51.88245838003045,51.53395124019333,51.72160997974137,20536400
2016-09-29,51.29267120361328,51.98074060414952,51.122884923197574,51.65904728040414,25463500
2016-09-30,51.471397399902344,51.62331128689264,51.23906272480759,51.44459047053419,29910800
2016-10-03,51.310546875,51.42671591213059,50.98885350949481,51.30161236852037,19189500
2016-10-04,51.14970397949219,51.47139735809686,50.90843138892665,51.176510908838566,20085900
2016-10-05,51.507137298583984,51.79308921377043,51.167568120994176,51.194378456603715,16726400
2016-10-06,51.59650802612305,51.703739160036015,51.185449096626826,51.59650802612305,16212600
2016-10-07,51.650115966796875,51.810964353632606,51.310546771386335,51.6947953167366,20089000
2016-10-10,51.86458969116211,52.17734859823454,51.712675787143766,51.74842063618531,18196500
2016-10-11,51.10502243041992,51.84671264220338,50.8369429041524,51.73054359758821,26497400
2016-10-12,51.03354263305664,51.17651862582363,50.39908687820416,51.03354263305664,22177500
2016-10-13,50.863739013671875,51.20330815940799,50.327580075196245,50.66714922093235,25313700
2016-10-14,51.310546875,51.596502214586664,51.042467366004395,51.042467366004395,27402500
2016-10-17,51.1318244934082,51.34628671618454,50.81906225603733,51.25692802483033,23830000
2016-10-18,51.52501678466797,51.784161808595435,51.30161660724419,51.40884773793907,19149500
2016-10-19,51.40882873535156,51.68584608013511,51.29266314037791,51.35521489422985,22878400
2016-10-20,51.158634185791016,51.39990675607447,50.63140969713067,51.382034335073946,49455600
2016-10-21,53.312225341796875,54.01817081508783,53.160314837041845,53.86625690151616,80032200
2016-10-24,54.5096435546875,54.5096435546875,53.553491063400735,53.56242557066172,54067000
2016-10-25,54.50070571899414,54.84027151523301,54.33091941205871,54.375598763267405,35137200
2016-10-26,54.17900848388672,54.688360582808826,54.0360325159229,54.339856873948015,29911600
2016-10-27,53.70539093017578,54.3577223221864,53.69645642468129,54.161129113152214,28479900
2016-10-28,53.49987030029297,54.08071209000267,53.240728700849786,53.624973846675736,33574700
2016-10-31,53.5445556640625,53.99135604206896,53.5445556640625,53.7590213453848,26434700
2016-11-01,53.437313079833984,53.63390629486153,52.94583345108075,53.5892269483959,24533000
2016-11-02,53.106693267822266,53.55349364637785,52.99052421492923,53.455197017685,22147000
2016-11-03,52.910099029541016,53.29434762068058,52.82074031901306,53.19605099381005,21600400
2016-11-04,52.46328353881836,52.97263554142317,52.29350067422186,52.40966969148016,28697000
2016-11-07,53.99134826660156,54.080710374623344,53.41944441052562,53.41944441052562,31664800
2016-11-08,54.03602600097656,54.31303998804882,53.75007409952521,54.107512271931625,22935400
2016-11-09,53.76795959472656,54.14327371095425,52.90116911907003,53.61604909186491,49632500
2016-11-10,52.4543571472168,54.05390307731151,51.49820475521959,54.04496516216246,57822400
2016-11-11,52.74031829833984,52.829677012565355,51.83777960410656,52.034372865982405,38767800
2016-11-14,51.93608093261719,52.79394034733035,51.18545607525364,52.74032306865554,41328400
2016-11-15,52.96165466308594,53.519432341876715,52.466854761834625,52.47585305798789,35904100
2016-11-16,53.66337966918945,53.67237453441603,52.907684011898574,53.0246344190682,27332500
2016-11-17,54.55402374267578,54.83291263530442,53.95126819544483,54.34710750563328,32132700
2016-11-18,54.293113708496094,55.00382805184334,54.2481325265292,54.67995805073097,27686300
2016-11-21,54.75193405151367,54.85089471702787,54.35609138945687,54.42806403050153,19652600
2016-11-22,54.9858512878418,55.111800007640966,54.706965817385125,54.85990256804263,23206700
2016-11-23,54.338096618652344,54.96784001013303,54.203149645138424,54.8868725123935,21848900
2016-11-25,54.45505905151367,54.45505905151367,54.09520609558867,54.24814282969171,8409600
2016-11-28,54.527042388916016,54.89589371434351,54.167185930615545,54.28413979434003,20732600
2016-11-29,54.958858489990234,55.246742233659525,54.44606535708901,54.5630192004062,22366700
2016-11-30,54.21215057373047,55.03981880231619,54.1761676843659,54.75193509633276,34655400
2016-12-01,53.25853729248047,54.11319354938663,53.02462963555315,54.077207228037125,34542100
2016-12-02,53.303504943847656,53.50142622917089,52.89866751106996,53.150568264711424,25515700
2016-12-05,54.17616271972656,54.50902758079573,53.58240220156668,53.70835088241208,23552700
2016-12-06,53.93327331542969,54.39208696873434,53.79832630642215,54.36509893967083,19907000
2016-12-07,55.210750579833984,55.21974887636808,53.7983200263063,53.98724307138704,30809000
2016-12-08,54.88687896728515,55.399675467838264,54.73394224903797,55.14777464977747,21220800
2016-12-09,55.750526428222656,55.76851958664069,54.99483093388536,55.03981211400843,27349400
2016-12-12,55.93046951293945,56.04742336513533,55.52563532706445,55.61559771684885,20198100
2016-12-13,56.65917205810547,57.055011341643656,55.9934421979801,56.227346449197015,35718900
2016-12-14,56.389278411865234,57.08199969423118,56.2543314149953,56.677162135466055,30352700
2016-12-15,56.29930114746094,56.81209410901283,56.04740038203904,56.40725665730245,27669900
2016-12-16,56.04740905761719,56.632174737475154,55.885474051867114,56.632174737475154,42453100
2016-12-19,57.23493194580078,57.369878932119306,56.15536635078586,56.28131847287722,34338200
2016-12-20,57.162967681884766,57.39687192231601,56.70415063418292,57.297911248033465,26028400
2016-12-21,57.162967681884766,57.30690954488354,56.78511814661003,57.06400700760222,17096300
2016-12-22,57.17196273803711,57.666762679259406,57.04601403647268,57.43285843804614,22176600
2016-12-23,56.893070220947266,57.16296075237222,56.497227571802654,57.0819932497603,12403800
2016-12-27,56.92905807495117,57.63977250078702,56.866083726519605,56.866083726519605,11763200
2016-12-28,56.66816329956055,57.03701450906745,56.52422144784674,57.03701450906745,14653300
2016-12-29,56.58720397949219,56.85709456151789,56.434263809509154,56.551217653396776,10250600
2016-12-30,55.903472900390625,56.66816682354735,55.80451222771254,56.64117536527946,25579900
2017-01-03,56.29930114746094,56.533205324091504,55.89446369575055,56.48822414764452,20694100
2017-01-04,56.04740905761719,56.45224657199237,55.885474051867114,56.20934406336726,21340000
2017-01-05,56.04740905761719,56.371279069117335,55.80450654899208,55.94844839500944,24876000
2017-01-06,56.53322982788086,56.81211873368392,55.81352039724664,56.047424675260785,19922900
2017-01-09,56.35329818725586,56.749140923930355,56.26333580083624,56.46125373732842,20382700
2017-01-10,56.335296630859375,56.740134173125746,56.02941975801862,56.434257300285,18593000
2017-01-11,56.848087310791016,56.88407363121877,56.16436438188574,56.32629939196622,21517300
2017-01-12,56.32630920410156,57.03702371305749,55.732548540987175,56.73114679982614,20968200
2017-01-13,56.407264709472656,56.56020141759295,56.09238956570762,56.335292071408325,19422300
2017-01-17,56.25432968139648,56.40726983525888,55.804510948151744,56.38927667410774,20664000
2017-01-18,56.22734069824219,56.407268874845464,55.88547750588041,56.38027741765603,19670100
2017-01-19,56.04740905761719,56.65916276115206,55.95744669079795,55.993433010263374,18451700
2017-01-20,56.44325637817383,56.5152255912151,56.11038804334358,56.38027859797639,30213500
2017-01-23,56.64117813110352,56.785119998797306,56.29032004309019,56.407273883042905,23097600
2017-01-24,57.14497756958008,57.34289892870727,56.62318614346108,56.85709382821957,24672900
2017-01-25,57.28891372680664,57.666759812717686,57.08199752282994,57.53181625282569,23672700
2017-01-26,57.8197021484375,58.06260812988944,57.17196544799693,57.68476200728618,43554600
2017-01-27,59.17814636230469,59.29510361565924,58.3774696350264,58.827288329618185,44818000
2017-01-30,58.59337615966797,59.18714008522538,58.296501060577306,59.09717772599524,31651400
2017-01-31,58.16157150268555,58.611390297194035,57.81071339206414,58.3504945727363,25270500
2017-02-01,57.19895553588867,58.13457938633462,57.099994858958546,57.90067170780073,39671500
2017-02-02,56.830101013183594,57.0460155299788,56.452254898598014,56.90207366273027,45827000
2017-02-03,57.28891372680664,57.306906887827815,56.74013432711669,57.1269787094606,30301800
2017-02-06,57.252933502197266,57.26193179958845,56.80311472429585,57.126984793480055,19796400
2017-02-07,57.06400680541992,57.37887855716266,56.884078619347775,57.34289566542399,20277200
2017-02-08,56.98303985595703,57.405870582625106,56.87508431598562,57.18995607083754,18096400
2017-02-09,57.63077163696289,57.97263825352445,56.96504185981554,57.144970032395314,22644400
2017-02-10,57.5767936706543,57.84668763646096,57.5588005108109,57.80170302093029,18170700
2017-02-13,58.22454452514648,58.350493235627525,57.69375479067073,57.79271547229011,22920100
2017-02-14,58.44175720214844,58.577522306636574,57.94395412079196,58.296946154581136,23108400
2017-02-15,58.40555191040039,58.44175639811913,58.070672483276915,58.37840027093632,17005200
2017-02-16,58.3964958190918,59.04816275123894,58.32409375297512,58.59561703783671,20546300
2017-02-17,58.487030029296875,58.550386174131496,58.19740095215265,58.351264888850736,21248800
2017-02-21,58.36934280395508,58.78568402182592,58.33313831910117,58.47795625851681,20655900
2017-02-22,58.251686096191406,58.278837734760366,57.9711099572458,58.22453445762244,19292700
2017-02-23,58.487030029296875,58.58659067193726,58.09784030951227,58.306007540268055,20273100
2017-02-24,58.487030029296875,58.64994681677187,58.05258296092959,58.40556818290843,21796800
2017-02-27,58.134029388427734,58.41460554037783,57.97111264416315,58.41460554037783,15871500
2017-02-28,57.90775680541992,58.106874598104504,57.70863556008509,57.99826803177678,23239800
2017-03-01,58.77663803100586,58.82188845806129,57.943948690653,58.04350929759411,26937500
2017-03-02,57.93490982055664,58.6046756083104,57.81724695684039,58.55037232709531,24539600
2017-03-03,58.152130126953125,58.179281767689645,57.58192150293512,57.91680785105291,18135900
2017-03-06,58.17022705078125,58.43270441163825,57.75388924647538,57.898703746836134,18750300
2017-03-07,58.28790283203125,58.63183516834905,58.097834416805526,58.097834416805526,18521000
2017-03-08,58.82190704345703,58.90336888637457,58.152141125842284,58.16119397623348,21510900
2017-03-09,58.586578369140625,59.01196559210059,58.36030548434684,59.00291964852515,19846800
2017-03-10,58.7675895690918,59.06627141220469,58.60467282787567,58.930506310307926,19538200
2017-03-13,58.56847381591797,59.002920801544086,58.44176155038131,58.84000404509686,20100000
2017-03-14,58.29695892333984,58.423671207202496,58.06163315103711,58.40556550647836,14280200
2017-03-15,58.60467529296875,58.758539192450435,58.15212953781069,58.42365975302561,24833800
2017-03-16,58.5051155090332,58.61372897772867,58.19738770567984,58.604676129012304,20674300
2017-03-17,58.713287353515625,59.04816678491771,58.54131776097938,58.74949184169694,49219700
2017-03-20,58.7675895690918,58.99386243715309,58.5775211885563,58.74949077797886,14598100
2017-03-21,58.11592483520508,59.28349370785846,58.04351585737381,59.002917550387565,26640500
2017-03-22,58.85811233520508,58.957672974949,58.03448247631643,58.03448247631643,20680000
2017-03-23,58.713287353515625,59.04816678491771,58.622772680412304,58.77664348150791,19269200
2017-03-24,58.81285858154297,59.238245857502754,58.61373731326746,59.15679092337257,22617100
2017-03-27,58.92145156860352,59.03006502769051,58.24263298623412,58.49605748547074,18614700
2017-03-28,59.09341812133789,59.25633484896182,58.514160179852674,58.794736303144134,20080400
2017-03-29,59.25633239746094,59.283484033391744,58.785681023663486,58.939551802769806,13618400
2017-03-30,59.47357177734375,59.71795039098141,59.15679107938875,59.21109436895209,15122800
2017-03-31,59.60933303833008,59.90801492214873,59.238242169591594,59.419264631891174,21040300
2017-04-03,59.32875442504883,59.68173958045914,59.00292091154691,59.56407325845531,20400900
2017-04-04,59.49166488647461,59.56406695546865,59.084369585046346,59.183930198375485,12997400
2017-04-05,59.337799072265625,60.05282221653239,59.22919250700514,60.007571782774,21448600
2017-04-06,59.49166488647461,59.79033982116218,59.26539202078108,59.37399857692207,18103500
2017-04-07,59.44640350341797,59.699827990890675,59.22918350062699,59.60026738434077,14108500
2017-04-10,59.310646057128906,59.573123425929346,59.156782156373566,59.383055035825635,17952700
2017-04-11,59.26539993286133,59.38305935282184,58.69518781579697,59.37400650350156,18791500
2017-04-12,59.03913116455078,59.292555720829995,58.9305176810163,59.21109388185381,17108500
2017-04-13,58.78569030761719,59.60932688918915,58.78569030761719,59.09342500913094,17896500
2017-04-17,59.26539993286133,59.274445876880826,58.840005783718325,58.867157426378384,16689300
2017-04-18,59.18392562866211,59.47355459817498,58.97575847526499,59.12962235478449,15155600
2017-04-19,58.86715316772461,59.50976731695993,58.73138805894526,59.41925954620712,26992800
2017-04-20,59.28348922729492,59.50976208694109,58.95765575698048,59.24728474111558,22299500
2017-04-21,60.098087310791016,60.36961066428069,59.2382460948204,59.43736736389362,32522600
2017-04-24,61.120826721191406,61.23849303333308,60.731637107422806,61.07557629023692,29770000
2017-04-25,61.47381210327149,61.58242556755501,61.184183103815435,61.45571331187425,30242700
2017-04-26,61.39237594604492,61.82681612534744,61.2023075044373,61.61864888681144,26190800
2017-04-27,61.79058837890625,61.890148987810306,61.16607999295297,61.6819818275924,34971000
2017-04-28,61.96256637573242,62.57802890287886,61.26564892403595,62.36986171438402,39548800
2017-05-01,62.82242584228515,62.94913814325216,61.998788980697114,62.16170578269791,31954400
2017-05-02,62.72283935546875,63.093923253937646,62.568968563128315,63.093923253937646,23906100
2017-05-03,62.523719787597656,62.79524308273706,62.1888334610959,62.79524308273706,28928000
2017-05-04,62.27936553955078,62.52374419640971,62.12550158837445,62.47848684356842,21749400
2017-05-05,62.45132827758789,62.478479924164645,61.989729569877746,62.36082048723145,19128800
2017-05-08,62.39699172973633,62.49655231765778,61.92634042223529,62.424143361842525,18566100
2017-05-09,62.48750686645508,62.70472685430795,62.16167343202631,62.32459014924069,22858400
2017-05-10,62.73189926147461,62.958172171123906,62.3789140748458,62.442270213335554,17977800
2017-05-11,61.96256637573242,62.20694495998348,61.654838564809445,61.872058602243335,28789400
2017-05-12,61.89013671875,62.098310742999175,61.58240901063177,62.098310742999175,18714100
2017-05-15,61.93540954589844,61.980666881502025,61.15703032955613,61.672932191057434,31530300
2017-05-16,63.18248748779297,63.2097947547224,62.044638399868845,62.108357670997414,34956000
2017-05-17,61.42566680908203,62.900315228619704,61.38015005383728,62.70915735737896,30548800
2017-05-18,61.635013580322266,62.01732923822619,61.11615463177257,61.35282920589987,25201300
2017-05-19,61.616817474365234,61.99002843317517,61.380142875558334,61.44386215852008,26961100
2017-05-22,62.308631896972656,62.35414865204364,61.44386910967804,61.798877575610085,16237600
2017-05-23,62.51799774169922,62.58171703033484,62.24491110761421,62.55440975590266,15425800
2017-05-24,62.59991455078125,62.70004584559985,62.308625405367394,62.69094805143892,14593900
2017-05-25,63.37367630004883,63.61034402578833,62.72737853536064,62.7819930959339,21854100
2017-05-26,63.683143615722656,63.9198181954631,63.28261847229735,63.5375025284919,19827900
2017-05-30,64.0927734375,64.0927734375,63.51018825447997,63.52839773091707,17072800
2017-05-31,63.57392883300781,64.39318192516157,63.546621554083146,64.20202402780615,30436400
2017-06-01,63.81058883666992,64.2748333064161,63.21890579795518,63.9380274056385,21603600
2017-06-02,65.32166290283203,65.41268946948311,63.93803408816079,64.12009416634483,34770300
2017-06-05,65.79499816894531,66.35026919438745,65.36716571214093,65.51281375908758,33316800
2017-06-06,66.01346588134766,66.1044993866972,65.7858960077366,65.8132102262703,31511100
2017-06-07,65.8951416015625,66.24104535944763,65.49461634357162,66.1227115081696,22301800
2017-06-08,65.49459075927734,66.01344966586326,65.0849678653494,66.00435187346821,24588300
2017-06-09,64.01084899902344,65.6129427343637,62.436062535299506,65.57653072391496,49187400
2017-06-12,63.51929473876953,63.66494277474833,62.01733235592098,63.036847773130795,47761700
2017-06-13,64.31123352050781,64.46597933374174,63.68313858518437,63.73775312047167,25258600
2017-06-14,63.96532440185547,64.72085789998872,63.2006931108869,64.54790955267727,25510700
2017-06-15,63.62855911254883,63.910743626871415,62.627252726190385,63.05507839649493,26068700
2017-06-16,63.71956253051758,63.74686980327824,63.009545659215654,63.473790130790434,48345100
2017-06-19,64.51151275634766,64.57523204561791,64.03816351187007,64.17470683027251,23798300
2017-06-20,63.63761901855469,64.51148617340571,63.60120701899271,64.46596943773353,21512200
2017-06-21,63.96532440185547,64.28392771797239,63.66493750604926,63.91070986532343,19891100
2017-06-22,63.95624542236328,64.2566324065312,63.45558887394664,64.21112259432736,22965700
2017-06-23,64.82099914550781,64.857411157087,63.64673781538324,63.80148365593395,27617300
2017-06-26,64.20201110839844,65.27614118087827,64.1200892881096,64.99395676226385,19607000
2017-06-27,63.00043487548828,63.883406982733426,62.973127605347585,63.81968770411164,25215100
2017-06-28,63.53751754760742,63.573922619360296,62.61813322600103,63.00044898334474,25806200
2017-06-29,62.34505844116211,63.25533819566246,61.98094515038529,63.15520686707676,28918700
2017-06-30,62.745582580566406,63.155205684467845,62.572627208087326,62.60903923097151,24161100
2017-07-03,62.053714752197266,63.355413936830026,61.91717151984722,63.10964167450179,16165500
2017-07-05,62.88212966918945,63.20983094974932,62.09928849283908,62.13570051788836,21176300
2017-07-06,62.41785430908203,62.60901213784084,62.00823138243891,62.14476772806645,21117600
2017-07-07,63.22801208496094,63.573915788503236,62.53619773299504,62.53619773299504,16878300
2017-07-10,63.70135498046875,63.94712736084123,62.99133122020025,63.22800580695642,15014500
2017-07-11,63.710453033447266,64.33854803956146,63.49198792279562,63.71955777198127,17460000
2017-07-12,64.76637268066406,64.88470648785686,64.22020649725755,64.34764504188975,17750900
2017-07-13,65.33074188232422,65.57652118086588,64.9120142404205,65.08496952866243,20269800
2017-07-14,66.25016021728516,66.69619535778166,65.50373108742258,65.75860831056345,25868100
2017-07-17,66.76900482177734,66.86003138946184,66.19553119497131,66.26835522707168,21803900
2017-07-18,66.72349548339844,66.80541731143066,66.1409171122293,66.53233066155926,26435300
2017-07-19,67.23324584960938,67.39709644087503,66.86002791316142,66.90554466707806,22416200
2017-07-20,67.5609359741211,67.63375999051561,66.70527114368655,67.52452396592383,42361000
2017-07-21,67.16954803466797,67.62468793981286,66.60517205213014,66.86004928782987,46717100
2017-07-24,66.99656677246094,67.13311008024444,66.56873431568383,66.93284748814612,21394800
2017-07-25,67.53362274169922,67.6428518117668,66.90552780929126,67.17861437421989,22018700
2017-07-26,67.40621185302734,67.70659886383986,67.18773973349482,67.67018684391776,16252200
2017-07-27,66.5960693359375,67.74301681187926,65.83143074042637,67.14223579279786,36844200
2017-07-28,66.48681640625,66.73258881880268,66.03167665013784,66.15001048656964,18306700
2017-07-31,66.17730712890625,66.85091886004649,65.91333222426637,66.72348030439952,23600100
2017-08-01,66.0680923461914,66.83272384553197,65.98616357418668,66.54143466318101,22132300
2017-08-02,65.77680969238281,66.04988942144473,65.03038065446806,66.04079162522716,26499200
2017-08-03,65.67665100097656,65.94063282379359,65.4035644408542,65.71306300531819,18214400
2017-08-04,66.15912628173828,66.48682751648987,65.75860100706797,65.90424908690542,22579000
2017-08-07,65.90422821044922,66.35936789844281,65.77678965340145,66.26834134982019,18705700
2017-08-08,66.25923919677734,66.56873086314602,65.31254777542728,65.62203944179593,22044600
2017-08-09,65.96794891357422,66.0043609227857,65.58563323417467,65.76768633535141,22213400
2017-08-10,65.00304412841797,65.71306082734792,64.94842265127602,65.44907901328021,24734500
2017-08-11,65.9952621459961,66.17731526361875,64.88472007180661,65.18511396627713,21443700
2017-08-14,66.98747253417969,67.10581332708753,66.4048941448682,66.50502545661382,20096600
2017-08-15,67.00577545166016,67.34436885956994,66.84105188120455,67.34436885956994,19181400
2017-08-16,67.3992919921875,67.81109749227987,66.96002674112258,67.1155970872122,18150400
2017-08-17,66.25535583496094,67.60059688334267,66.25535583496094,67.33520857608055,22977500
2017-08-18,66.33773803710938,66.65803197798198,65.82526773171321,66.13640842230824,18761500
2017-08-21,66.02657318115234,66.3285674928258,65.61476085199352,66.31941424589826,17734800
2017-08-22,66.95085906982422,67.02406410336259,66.20959963198582,66.20959963198582,14343700
2017-08-23,66.54822540283203,66.94173140876947,66.3743485452201,66.76785455115754,13766500
2017-08-24,66.52073669433594,66.67630696610813,65.95335413731382,66.56648896033195,17098300
2017-08-25,66.63970947265625,67.12472684180239,66.32856888938585,66.67631547925545,12794300
2017-08-28,66.64887237548828,66.88680098003003,66.39263727405385,66.8593482165739,14569700
2017-08-29,66.85021209716797,66.9508768997089,65.93508260634778,66.11810571175825,11478400
2017-08-30,67.72875213623047,67.91177528640637,66.64889879366716,66.81362242157971,16897800
2017-08-31,68.42422485351562,68.59810168054773,67.53655516543195,67.74703102584434,27652800
2017-09-01,67.66465759277344,68.39675678864369,67.39011603064587,68.36930402880732,21736200
2017-09-05,67.3626708984375,67.61890599510026,66.78614193094627,67.11558206816787,21556000
2017-09-06,67.17048645019531,67.7561685951113,67.12472719623423,67.4816270351086,16535800
2017-09-07,68.03069305419922,68.26862857201839,67.35349948397021,67.42671148666547,17471200
2017-09-08,67.70127868652344,68.12223738887946,67.57315414226564,68.02157259245917,14703800
2017-09-11,68.41506958007812,68.57979313613951,68.00325719898338,68.00325719898338,17910400
2017-09-12,68.34187316894531,68.85434346846245,68.05818525055321,68.41508520655754,14394900
2017-09-13,68.8268814086914,68.8451879065653,68.22289963463432,68.57064629352274,13380800
2017-09-14,68.42422485351562,69.08311916449678,68.19544249452959,68.63470769581153,15733900
2017-09-15,68.91841125488281,68.99162330205465,67.78365245125975,68.479152935622,38578400
2017-09-18,68.78114318847656,69.52239592058679,68.67132512443315,68.84520198036405,23307000
2017-09-19,69.03736114501953,69.2844430001639,68.64385524098743,68.82687832021416,16093300
2017-09-20,68.57976531982422,69.13799453439582,68.00322961651402,68.95496455640854,21587900
2017-09-21,67.91173553466797,68.8543174719217,67.82022401314576,68.73535319213099,19186100
2017-09-22,68.09477996826172,68.18629150914752,67.58230277191177,67.7104203255285,14111400
2017-09-25,67.04237365722656,67.94834969827652,66.73122606843339,67.80192566075445,24149200
2017-09-26,67.04237365722656,67.54569057697324,66.79528483937868,67.41757303508264,18019600
2017-09-27,67.58229064941406,67.8751317168504,66.9600025083766,67.30775607600098,19565100
2017-09-28,67.60059356689453,67.69210508652395,67.0881164895832,67.29859926842416,10883800
2017-09-29,68.16796875,68.2137280004683,67.60973940731732,67.66465190425555,17079100
2017-10-02,68.27779388427734,68.64384698056384,67.9941060510493,68.36930541287845,15304800
2017-10-03,67.95751953125,68.52489536041111,67.89346074467103,68.3327190006742,12190400
2017-10-04,68.35100555419922,68.37845831445249,67.45417582192748,67.80192242160562,13317700
2017-10-05,69.52237701416016,69.65964781141284,68.5980944266671,68.83603000977956,21195300
2017-10-06,69.54984283447266,69.5772956027006,69.12888409724799,69.2478484201971,13959800
2017-10-09,69.81522369384766,70.05315929594455,69.42171776733036,69.522382561222,11386500
2017-10-10,69.81522369384766,70.12636434268846,69.6779528856424,69.85182970816128,13944500
2017-10-11,69.93417358398438,69.97077959075008,69.50406173183971,69.87926806477677,15388900
2017-10-12,70.57476043701172,70.73033071217716,69.88841359517237,69.99822462146274,16876500
2017-10-13,70.91336822509766,71.2611218310481,70.73034515598457,71.0048797596542,15335700
2017-10-16,71.0597915649414,71.20620862241107,70.78524998209737,70.84930875384332,12380100
2017-10-17,71.0048599243164,71.03231966070673,70.69371939736531,70.89504890627748,16824000
2017-10-18,71.023193359375,71.24282246065434,70.80356425809566,71.07809888922402,13300700
2017-10-19,71.29772186279297,71.31602137541681,70.78524474485994,70.986574293132,15092800
2017-10-20,72.12135314941406,72.26777721968016,71.58143009954675,71.67294165252109,22866400
2017-10-23,72.13963317871094,72.60634402219348,72.0755744169458,72.2860502133678,20627200
2017-10-24,72.1670913696289,72.47823195537563,71.80103828260542,72.20369737651944,17517200
2017-10-25,71.95662689208984,72.38673885518662,71.38925109556533,71.91087460824183,20410800
2017-10-26,72.0755844116211,72.67956610889165,72.06643116384782,72.47823654917401,32120700
2017-10-27,76.69699096679688,78.88414962254511,76.51396788387656,77.2094681663633,71066700
2017-10-30,76.77017211914062,77.17283111789331,76.05637260817377,76.59629537297373,31756700
2017-10-31,76.1204605102539,77.20031343526804,76.05640173427354,77.20031343526804,27086600
2017-11-01,76.1204605102539,76.65123721516727,75.84591890926205,76.57802519065172,22307400
2017-11-02,76.91664123535156,77.29184071912583,76.06557047717534,76.2760463631773,23992900
2017-11-03,76.99898529052734,77.36503843802865,76.32179150587393,76.94407976206122,17633500
2017-11-06,77.30098724365234,77.51146311134103,76.94408730984652,77.05389837755062,19860900
2017-11-07,77.11795806884766,77.69449410861623,76.80681739751161,77.57552280802457,17939700
2017-11-08,77.38333129882812,77.42909055653678,76.71529082032951,76.99897866885227,18034200
2017-11-09,76.95320129394531,77.11792480827995,75.86420243206493,76.97150778547184,21178400
2017-11-10,76.75190734863281,76.96238320641952,76.16622507548563,76.67869531901856,19397800
2017-11-13,76.80680847167969,76.815961720327,76.37669654973593,76.55972661326679,14196900
2017-11-14,76.91664123535156,76.9623935235812,75.93745289911736,76.41331719163495,18801300
2017-11-15,76.31881713867188,76.97182133371166,76.05209592938273,76.76948062204762,19383100
2017-11-16,76.5211181640625,76.72345878934082,76.281994713229,76.42914706628461,20962800
2017-11-17,75.78536224365234,76.44756554846322,75.63820283505135,76.44756554846322,22079000
2017-11-20,75.9049072265625,75.96008848412022,75.64738533536611,75.78534549620568,16315000
2017-11-21,76.99939727783203,77.10975981444216,76.09806346615169,76.09806346615169,21237500
2017-11-22,76.4383544921875,77.16493817148915,76.37397401513272,77.10055769443436,20553100
2017-11-24,76.57630157470703,76.73265313269768,76.13483050967778,76.34637033638742,7425600
2017-11-27,77.13736724853516,77.23853759788986,76.61312408230967,76.6223162835619,18265200
2017-11-28,78.06624603271484,78.23179679337125,77.27528206701695,77.32127111823307,21926000
2017-11-29,76.64989471435547,78.10306221280146,76.50274233133176,77.9099207630505,27381100
2017-11-30,77.41326904296875,77.73517146225336,76.64989543656063,76.8062540547387,33054600
2017-12-01,77.49603271484375,78.00187726936403,76.53951784503793,76.88901082908531,29532100
2017-12-04,74.5713119506836,77.65238959753086,74.22181192578176,77.64319038188988,39094900
2017-12-05,75.04037475585938,76.04287886006003,74.47934884650778,74.8104434587519,26152300
2017-12-06,76.13484954833984,76.46595117567259,74.89322195431525,75.00359150240826,26162100
2017-12-07,75.8681411743164,76.15326080064865,75.4174777233975,75.9141302479999,23184500
2017-12-08,77.4040756225586,77.79035851960909,76.64070202818762,76.91661537596096,24489100
2017-12-11,78.38819885253906,78.51695984705688,77.36730309818498,77.52365473196406,22857900
2017-12-12,78.71006774902344,79.14233962483733,78.2502052457227,78.46173806775187,23924100
2017-12-13,78.49853515625,79.09635786911498,78.33298435910194,78.85722738057987,22062700
2017-12-14,77.89153289794922,78.97680896289891,77.74437349126946,78.5721276114763,19306000
2017-12-15,79.87813568115234,80.09886777398113,78.06627583585541,78.41577591785993,53936700
2017-12-18,79.44586181640625,80.47595658681827,79.30790864724322,80.1264635300277,22283800
2017-12-19,78.94002532958984,79.41827940507923,78.42497438258518,79.41827940507923,23524800
2017-12-20,78.65489196777344,79.37228348108061,77.90991683954398,79.28030535225807,23674900
2017-12-21,78.6364974975586,79.18833116432774,78.5445263892547,79.14234911864868,17990700
2017-12-22,78.64569854736328,78.75606107312312,78.10305706690896,78.54452822078613,14145800
2017-12-26,78.54452514648438,78.6640868836931,78.20422433250401,78.46174623845859,9891200
2017-12-27,78.82964324951172,79.07797297417969,78.3789798822667,78.7744619848949,14678000
2017-12-28,78.83883666992188,79.03197809882766,78.68248508703799,79.00438746854765,10594300
2017-12-29,78.67329406738281,79.14235588184638,78.63650421752818,78.75606596684595,18717400
2018-01-02,79.05038452148438,79.38148618159725,78.63651095481676,79.21593535154082,22483800
2018-01-03,79.41831970214844,79.56547919508954,79.06882643183957,79.1515983839058,26061400
2018-01-04,80.11724090576172,80.62309243472323,79.62058859103891,79.63898000257183,21912000
2018-01-05,81.1105728149414,81.3129134945788,80.41157965354323,80.62311955051327,23407100
2018-01-08,81.19334411621094,81.4692644985637,80.5679306642319,81.11976441199062,22113000
2018-01-09,81.13815307617188,81.60721486291023,80.80705146399727,81.5336351675501,19484300
2018-01-10,80.77027893066406,81.11057983194388,80.39319519076517,80.8070687862306,18652200
2018-01-11,81.00940704345703,81.05538909881966,80.23683413372385,81.05538909881966,17808900
2018-01-12,82.4073715209961,82.5729223276381,81.34968620172472,81.55202685617006,24271500
2018-01-16,81.25770568847656,83.50183702619276,80.94500254374965,82.86722450467084,36599700
2018-01-17,82.90402221679688,83.03278317295775,81.62560485423828,81.92911582959427,25621200
2018-01-18,82.86722564697266,83.39146864508182,82.46255139627392,82.59131234198878,24159700
2018-01-19,82.77526092529297,83.33629381069784,82.46255775215363,82.9040218809322,36875000
2018-01-22,84.25603485107422,84.26523406877104,82.53614602302179,82.7752765645089,23601600
2018-01-23,84.52275848388672,84.890650016027,84.19165680665522,84.52275848388672,23412800
2018-01-24,84.44916534423828,85.92992343833319,84.22843326683576,85.12056780989315,33277500
2018-01-25,84.9182357788086,85.75518212486476,84.55034426778468,85.04699675512492,26383200
2018-01-26,86.50932312011719,86.50932312011719,85.14813417759875,85.64478647293198,29172200
2018-01-29,86.38056182861328,87.78773981763986,86.19661965346448,87.50262734107595,31569900
2018-01-30,85.29533386230469,86.14148658531774,84.70671015226404,85.81038487130135,38635100
2018-01-31,87.38308715820312,87.74177939997817,86.00349945385425,86.22423152180521,48756300
2018-02-01,86.69329833984375,88.35799868766227,86.06788493021335,87.18075156763948,47227900
2018-02-02,84.41239166259766,86.4265924283938,84.1548696868141,86.12308137824279,47867800
2018-02-05,80.93583679199219,85.75519601804262,80.93583679199219,83.2903316168813,51031500
2018-02-06,83.99848175048828,84.1364418970061,78.40655234492982,79.91490070845033,67998600
2018-02-07,82.41658020019531,84.4031830910537,82.03948947962336,83.22593589396033,41107600
2018-02-08,78.18582153320312,82.66487763874008,77.95589029108909,82.50852607816925,55628700
2018-02-09,81.10138702392578,81.79118108218657,77.10058288940284,79.37230577732004,63499100
2018-02-12,81.97511291503906,82.57293575943311,80.87144536919402,81.61642061179207,35720300
2018-02-13,82.61888885498047,82.77524040278581,80.75184844416202,81.7911350475638,26407700
2018-02-14,83.91259002685547,84.07891853934308,81.6948859268999,81.78728908941315,34960900
2018-02-15,85.6220474243164,85.67748789058263,83.73699402229116,84.28217740699354,27823900
2018-02-16,85.01219940185547,86.39826787036398,84.82739309268452,85.4280171224445,30596900
2018-02-20,85.67752075195312,85.99169291450383,84.09740340815596,84.53170602690145,30911700
2018-02-21,84.54093933105469,86.26890733235575,84.54093933105469,85.91777250344242,26922500
2018-02-22,84.7626953125,85.68674079609904,84.42079594560164,85.0583895852554,24392800
2018-02-23,86.91570281982422,86.92494524724007,85.34482855464063,86.49064280747933,26329200
2018-02-26,88.17242431640625,88.20014455480381,87.09129271945304,87.22990096134889,30199800
2018-02-27,87.04507446289062,88.5605083653936,87.04507446289062,88.46810523473503,25869100
2018-02-28,86.64773559570312,88.44038595952733,86.51836980139696,87.63646390927578,31167300
2018-03-01,85.79762268066406,87.38698205782441,84.8643347580464,86.85103397949682,37135600
2018-03-02,85.98242950439453,86.07483263679295,83.95876777030598,84.62408160342589,32830400
2018-03-05,86.52763366699219,87.10977988559829,85.25245321437029,85.32637150806796,23901600
2018-03-06,86.23193359375,87.31306523476196,85.8807988098912,87.17445698721748,22175800
2018-03-07,86.73089599609375,86.80482131511762,85.40951088064443,86.08406707940098,26716100
2018-03-08,87.25762939453125,87.87673827658047,86.64775589287653,87.10977870931482,25887800
2018-03-09,89.2073745727539,89.2073745727539,87.7843433192734,88.05231742381609,36937300
2018-03-12,89.41986846923828,89.8264506930841,88.74531928866512,89.17037931818265,26073700
2018-03-13,87.23914337158203,89.85418690852516,86.83256107541916,89.63241795148544,35387800
2018-03-14,86.7216796875,88.16319564299427,86.3982651317479,87.89522156825437,32132000
2018-03-15,87.02660369873047,87.39622330118058,85.77914370913042,86.42597272598748,27611000
2018-03-16,87.41470336914062,88.13545773510587,86.78635214370031,87.48862870152365,49081300
2018-03-19,85.8345947265625,86.76788275117158,85.11384029069131,86.6200320720655,33344100
2018-03-20,86.05635070800781,86.64773923536521,85.93622733679399,85.98243242951865,23075200
2018-03-21,85.45571899414062,86.9064699443105,85.20622279607512,85.87153659104085,24457100
2018-03-22,82.97005462646484,84.78118314242853,82.84993123736358,84.337638155909,38604700
2018-03-23,80.55830383300781,83.58917257938937,80.46590067364919,82.70208955971007,44068900
2018-03-26,86.65699768066406,86.860288846375,83.53372600266577,83.72777473814205,56396800
2018-03-27,82.67436218261719,87.91369912012122,81.78727923948756,87.72889281735159,56569000
2018-03-28,82.6004409790039,84.30068865926589,82.11994033778943,82.99778089477907,52501100
2018-03-29,84.3376235961914,85.28015388611503,81.68561771453396,83.33041745783959,45867500
2018-04-02,81.79650115966797,83.97724901305776,80.86322031937621,83.59839403974992,48515400
2018-04-03,82.89612579345703,83.21030494773174,81.21436316737407,82.77600240941828,37213800
2018-04-04,85.3171157836914,85.71445559844452,81.06650823859991,81.17738917766125,35560000
2018-04-05,85.36331939697266,86.00091303782193,84.45775876929586,85.41876692002971,29771900
2018-04-06,83.37664031982422,85.43725812734291,82.68360609713334,84.54093273801065,38026000
2018-04-09,83.8756103515625,86.09332105193137,83.73700916083968,84.12510659467954,31533900
2018-04-10,85.8253402709961,86.19495986706269,84.67952586810632,85.37255996701592,26812000
2018-04-11,84.8828125,86.2041977272226,84.5316777797945,85.02142072241773,24872100
2018-04-12,86.47217559814453,87.00812365543088,85.4095219121202,85.4095219121202,26758900
2018-04-13,86.01016998291016,87.02661877834338,85.41878133647961,86.9064953829433,23346100
2018-04-16,87.01737213134766,87.47015954957152,86.32433793396532,86.92496898167836,20288100
2018-04-17,88.77307891845703,89.20738156850166,87.673462170464,87.78435020342538,26771000
2018-04-18,89.11495208740234,89.37368370467632,88.26482485219204,88.91166094528484,21043300
2018-04-19,88.81001281738281,89.6970956438864,88.09849384045617,89.11494952177993,23552500
2018-04-20,87.78433227539062,88.81002345860102,86.9064917726001,88.62521715798465,31154400
2018-04-23,88.10775756835938,88.97636279695377,87.44244352517299,88.46813483343378,22331800
2018-04-24,86.04713439941406,89.14268595051311,85.391062826786,88.93015234674765,34524800
2018-04-25,85.29867553710938,86.21348606223971,83.4228634712921,86.21348606223971,33729300
2018-04-26,87.10053253173828,87.92293247905914,86.02863634651999,86.44446105971308,42529000
2018-04-27,88.54205322265625,90.46406985190922,86.77712971063046,90.18685333906951,48272800
2018-04-30,86.41673278808594,89.07798836250905,86.07484046213857,89.01330545895891,41523600
2018-05-01,87.78433227539062,88.05230634622032,85.7421923389732,86.13028980021268,31408900
2018-05-02,86.40751647949219,87.94142869504036,86.11182213372933,87.77510018492943,27471000
2018-05-03,86.92497253417969,87.71965234364822,85.42801606868831,85.8992813161426,31142500
2018-05-04,87.93217468261719,88.12622339497965,85.86230765093534,86.2319272673005,22531300
2018-05-07,88.91165924072266,89.3644395622717,87.87672574156002,87.94140864463846,24242000
2018-05-08,88.53278350830078,88.85620502357827,87.83974948968891,88.56974616861554,23484600
2018-05-09,89.57699584960938,89.60471609368709,87.83054997361889,88.71763303365299,27327400
2018-05-10,90.47330474853516,90.51026036725492,89.67862499780429,90.05748001390164,22388100
2018-05-11,90.27925872802734,90.43635184914298,89.66939225455651,90.37166893453382,16778300
2018-05-14,90.58417510986328,91.1940484960322,89.91886125219075,90.4825295455018,19454100
2018-05-15,89.9281234741211,90.41786654661595,89.02255562410328,89.85419812924027,24594000
2018-05-16,90.16011810302734,90.39213075533549,89.66825241300842,90.35500788131046,17384700
2018-05-17,89.25991821289062,90.522067754004,88.93510187814786,89.79818932787296,17246700
2018-05-18,89.42695617675781,89.95594473432259,89.10213988359772,89.10213988359772,17865800
2018-05-21,90.5777587890625,90.95826302461352,89.83532237992272,90.02092971209119,19422500
2018-05-22,90.48493957519533,91.10673181963128,90.20652154431654,90.65198897762964,15441200
2018-05-23,91.56147003173828,91.62643328657283,89.38982807783663,89.75176722340962,21251200
2018-05-24,91.23666381835938,91.82134030218118,89.84458774139709,91.62645050106228,26649300
2018-05-25,91.28307342529295,91.85846744612398,90.8190480447579,91.22739264537768,18363900
2018-05-29,90.958251953125,91.76565153829324,90.2343735331266,90.80047795147368,28671000
2018-05-30,91.8306121826172,92.1090302194968,90.8654457038214,91.2366603123745,22158500
2018-05-31,91.72854614257812,92.79580607721029,91.5150984039315,92.14617328941662,34140900
2018-06-01,93.53825378417967,93.60321706585256,92.03480873343644,92.13689490184616,28655600
2018-06-04,94.35490417480467,94.53123605711744,93.59390295495672,93.97440710511285,27281600
2018-06-05,94.83751678466795,94.96744333470636,94.22499983694472,94.66118486084474,23514400
2018-06-06,95.11592864990234,95.21801480878344,94.56838205269096,95.10665323943388,21122900
2018-06-07,93.62176513671876,95.30154195293332,93.15773972194036,95.26441907009514,28232200
2018-06-08,94.31781005859376,94.61478606224334,93.30623798007268,93.81666172484762,22165100
2018-06-11,93.77953338623048,94.280674572533,93.4268695612092,93.7424105056774,23490900
2018-06-12,94.02080535888672,94.15073187829944,93.50109928123588,93.82591557976764,18325200
2018-06-13,93.59390258789062,94.6704446939465,93.32476706137666,94.40130916743252,29492900
2018-06-14,94.12288665771484,94.68899806913112,93.73310711949956,94.33634140319307,25691800
2018-06-15,92.92569732666016,94.22496948904148,92.87001656042472,94.20641159378424,65738600
2018-06-18,93.60321044921876,93.83522316457363,92.26681494302534,92.81436863310532,23586000
2018-06-19,93.60321044921876,93.7331370033802,92.3410607112508,92.48026975655696,28653100
2018-06-20,94.54053497314452,95.14376231236214,93.84449689207914,94.0765095857676,26180800
2018-06-21,93.86304473876952,95.08807134701696,93.62174958064762,94.73541463935013,23198200
2018-06-22,93.1855697631836,93.5196614853004,92.46168430394752,93.1855697631836,38923100
2018-06-25,91.31092071533205,92.9071692778706,90.29934870794769,92.80508312000131,35433300
2018-06-26,91.95128631591795,92.87933723049817,91.64502781479452,91.70999109559648,26897200
2018-06-27,90.52208709716795,92.82364940126632,90.39216053550756,92.41531181339074,31298400
2018-06-28,91.53363800048828,91.979105451934,90.2622130728684,90.37357462538112,26650700
2018-06-29,91.5150909423828,92.72155982759344,91.2552378484521,91.81206691837018,28053200
2018-07-02,92.81434631347656,92.86074459711016,90.9489625480728,91.04176619580446,19564500
2018-07-03,91.9234390258789,93.38975397976796,91.82135286649556,93.2505520173962,14670300
2018-07-05,92.58233642578124,92.73082085050456,91.90485632417418,92.34104127008308,18977400
2018-07-06,93.88162231445312,94.13219291501574,92.49882152469708,92.70299383354514,19234600
2018-07-09,94.52195739746094,94.89317907399,93.96512842289962,94.33635009942869,18212000
2018-07-10,94.77254486083984,95.13448408584044,94.53124968401768,94.66117622219916,19293100
2018-07-11,94.6426010131836,94.976692707072,93.82591197344928,93.872317334512,19644600
2018-07-12,96.69358825683594,96.8977605089926,95.33863531488984,95.37575110576944,24335900
2018-07-13,97.84437561035156,98.00214251395784,96.60078411727658,96.860644234378,24635200
2018-07-16,97.36181640625,98.20633898345774,96.99987006691416,97.8165593324388,21786900
2018-07-17,98.32695770263672,98.8373883620442,96.81423778183732,97.08337330402816,25901700
2018-07-18,97.55670166015624,98.4197891786622,97.1854799278105,98.3177030252555,29493900
2018-07-19,96.88849639892578,97.73301887066994,96.41518855010013,97.38036214671136,40171600
2018-07-20,98.6239242553711,100.41506201695226,98.44759947377077,100.30370048761804,56004000
2018-07-23,100.2016372680664,100.35940419099228,98.4940202631834,98.65179426657436,29707000
2018-07-24,99.9139404296875,100.9904755455054,99.54271873853948,100.758462873596,26316600
2018-07-25,102.85586547851562,103.15284143286216,99.8582584651877,100.19235729888572,30702100
2018-07-26,101.73291778564452,103.01362517123856,101.62154915541102,102.77233001263166,31372100
2018-07-27,99.93247985839844,102.252606148684,98.50328121392693,102.252606148684,37005300
2018-07-30,97.78872680664062,99.79331308775306,97.22261518585026,99.47777917739334,34668300
2018-07-31,98.4476089477539,99.04156076290616,97.79796928211202,98.82810601036826,27655200
2018-08-01,98.63323974609376,98.79100668574908,97.8351154766464,98.40122704173037,23628700
2018-08-02,99.83041381835938,100.31299706841747,97.29683228427572,97.81654549256707,26104300
2018-08-03,100.26660919189452,100.2758916824166,99.13438608403362,100.04387898262432,18659600
2018-08-06,100.35012817382812,100.6192637493659,99.82113951307196,100.34085276397428,20265900
2018-08-07,101.04617309570312,101.25034541375246,100.3872578477496,100.74919710957668,16080200
2018-08-08,101.6122817993164,101.85357699385962,100.93480866911058,101.46379735068922,15487500
2018-08-09,101.7793426513672,102.23409269989888,101.71437937021504,101.81646553780652,13677200
2018-08-10,101.15750885009766,101.79786598838336,100.58211496638704,101.5472883775482,18183700
2018-08-13,100.42435455322266,101.69578642389703,100.32226842080902,101.3802455381283,18472500
2018-08-14,101.67723846435548,101.85357037357572,100.26660443198952,100.74918770924316,16788300
2018-08-15,100.29845428466795,101.53750646836238,99.51588790304206,101.0716953459726,29982800
2018-08-16,100.27981567382812,101.41639592492128,99.96306752920924,100.89468975368383,21384300
2018-08-17,100.2238998413086,100.52201860704052,99.39475680200069,100.01894185717188,18061500
2018-08-20,99.56246948242188,100.52203923441158,99.19913738424545,100.15870713623517,17914200
2018-08-21,98.73332214355467,100.0096399861274,98.61220671075242,99.60904216287804,22881900
2018-08-22,99.73944854736328,100.00030156882652,98.54697353055325,98.61218678591904,18000600
2018-08-23,100.20526885986328,100.78287710944753,99.56245445656356,99.82330750227504,18167700
2018-08-24,100.98782348632812,101.13687930628087,100.20525733151348,100.30773631735482,17234000
2018-08-27,102.10577392578124,102.14303966022032,101.09030931623684,101.79833694744298,19662300
2018-08-28,102.72064208984376,102.94422937615758,102.28277861951672,102.42252333885476,19151500
2018-08-29,104.36032104492188,104.36963925755737,102.7299821116818,102.8976744005522,20818000
2018-08-30,104.29511260986328,104.90998673348156,103.819990359119,104.0342595056788,22798700
2018-08-31,104.6491241455078,105.06835129528142,103.89450532511664,104.05288650205884,23222700
2018-09-04,104.07149505615234,104.30440056127516,102.68338023577972,103.27029954991292,22634600
2018-09-05,101.0716781616211,103.80133115903418,100.7083461165484,103.41936979962728,32872400
2018-09-06,101.3045883178711,101.5374938501224,100.1586970795138,100.8480954648181,23477600
2018-09-07,100.8108367919922,101.28596610124356,99.8978510219002,100.82947321619756,22498600
2018-09-10,101.90084838867188,102.1430721858015,100.95059673487768,101.39777147511694,20727900
2018-09-11,103.63362121582033,103.95968746887436,101.44431110793025,101.45362931736356,24301800
2018-09-12,104.07149505615234,104.20192157040417,102.95355147464764,103.81064202764873,18891100
2018-09-13,105.18946838378906,105.95339832069308,104.4534859762806,104.4534859762806,26055600
2018-09-14,105.61800384521484,105.95338838192852,104.75159497665663,105.60868563371923,19122300
2018-09-17,104.47212982177734,105.9254584141628,104.21127670085836,105.91614730821172,20736500
2018-09-18,105.46895599365234,105.92544891432034,104.08084080598869,104.51870440871086,22170900
2018-09-19,104.06218719482422,105.57141757689006,103.4473202961614,105.3198827337354,21728400
2018-09-20,105.80432891845705,106.01860514364628,104.27646913757566,104.60253547354796,23714500
2018-09-21,106.44713592529295,107.40670548605648,105.74841939762491,106.204912205542,71229700
2018-09-24,106.82911682128906,107.04339305639414,104.5466452561465,105.3012569697046,27334500
2018-09-25,106.62413787841795,107.22969361598464,105.97200530424588,106.950211273216,22668000
2018-09-26,106.186279296875,107.19242566078908,105.96268489803914,106.64277208933584,19352000
2018-09-27,106.5868911743164,107.05270223874528,106.39124427246904,106.9315868130576,19091300
2018-09-28,106.54962921142578,106.73595080071384,105.90680764526986,106.38193693798134,21647800
2018-10-01,107.704833984375,107.77004724854068,106.88500907661869,106.9036383916463,18883100
2018-10-02,107.27629852294922,107.91911301232652,106.61484760911844,107.41604327549676,20787200
2018-10-03,107.29489135742188,108.23583145641054,107.07130409399768,107.52779682990445,16648000
2018-10-04,105.07764434814452,106.91294079245866,103.99695943582716,106.7731960734229,34821700
2018-10-05,104.46278381347656,105.43167165317764,103.07466887065956,104.92859486481096,29068900
2018-10-08,103.27030181884766,104.36961611148868,101.86355054683902,104.02492050526932,29640600
2018-10-09,104.58391571044922,105.347845670668,103.22374807921643,103.54049623231788,26198600
2018-10-10,98.90103149414062,103.87589140158066,98.55632866793218,103.63366760187434,61376300
2018-10-11,98.66810607910156,101.48160186640472,97.0750259355288,98.14639283783346,63904300
2018-10-12,102.07782745361328,103.63363456698596,99.7953562804719,101.55612138151515,47742100
2018-10-15,100.2425308227539,101.99398481982422,99.63697507073942,101.46296053741106,32068100
2018-10-16,103.41004943847656,103.79201789765392,101.50022135801436,102.04988207356264,31610200
2018-10-17,103.13990020751952,104.16468327849316,102.05922207505888,104.04357494270002,26548200
2018-10-18,101.08097076416016,102.97216198315913,100.4567858302689,102.57156430319552,32506200
2018-10-19,101.23004150390624,103.27960689018722,100.81080737418203,101.4815762955718,32785500
2018-10-22,102.13372039794922,102.9814998553558,100.83876634730277,101.84491984366046,26545600
2018-10-23,100.7083511352539,101.5188649495755,97.92280294831062,100.40091412557544,43770400
2018-10-24,95.32357788085938,101.07168482707128,94.64349058555548,100.99716045710731,63897800
2018-10-25,100.8946762084961,101.79834367443904,98.89168727323585,99.26433753453978,61646800
2018-10-26,99.64631652832033,101.31392123420436,97.59675039011618,98.46315938015172,55523100
2018-10-29,96.74894714355467,101.26731260251994,94.68074508369662,100.71765901226308,55162000
2018-10-30,96.63716888427734,97.24271759646788,93.26469413770624,96.57195561799315,65350900
2018-10-31,99.50656127929688,100.74562046596915,98.18365950938409,98.23024346077084,51062400
2018-11-01,98.67738342285156,99.9816554182247,98.31405147447262,99.73012064923566,33384200
2018-11-02,98.90103149414062,99.98170971764333,97.80171684342966,99.19915036004286,37680200
2018-11-05,100.15869903564452,100.37296814918132,98.65878681003532,99.09665035645342,27922100
2018-11-06,100.3543472290039,101.39775957222082,99.01280895033814,100.03759197644628,24340200
2018-11-07,104.30440521240234,104.56525825253792,101.9194550080632,101.95672074347004,37901700
2018-11-08,104.10877990722656,104.5373252624202,103.32622067801556,104.15536385989004,25644100
2018-11-09,102.07782745361328,103.82927434402276,101.32321586965536,103.2703025371016,32039200
2018-11-12,99.56246948242188,102.441178738391,98.84511639074078,101.93810188528975,33621800
2018-11-13,99.627685546875,101.30460132984668,99.34819602918957,100.19597568717872,35374600
2018-11-14,98.21483612060548,101.29311464777986,97.74701276641638,101.14340774799876,39495100
2018-11-15,100.37618255615234,100.86272286540328,97.2230575659847,98.2335506343939,38505200
2018-11-16,101.32119750976562,101.87322572082904,99.92708571211328,100.18906568607008,33502100
2018-11-19,97.88734436035156,101.573786903042,96.88620284015454,101.30244854768176,44773900
2018-11-20,95.16462707519533,96.34354394165535,92.9565002439797,95.2488389920086,64052500
2018-11-21,96.47455596923828,97.7096096370094,95.6605405665452,96.93302096829964,28130600
2018-11-23,96.4371337890625,97.12951055439926,95.43599180759804,95.59505008072324,13823100
2018-11-26,99.61831665039062,99.76801642748327,97.84994475682076,98.04642972961533,32336200
2018-11-27,100.24518585205078,100.4229610075447,98.57973588505854,99.4311706614614,29124500
2018-11-28,103.96907043457033,104.16555539735892,100.9188600013365,100.94692826196084,46788500
2018-11-29,103.09893035888672,103.96908222904432,102.01357656883246,103.2299203489389,28123200
2018-11-30,103.75385284423828,103.82870628685892,102.32231466159986,103.57607770261852,33665600
2018-12-03,104.87664794921876,106.1210599249928,103.6041748495919,105.72808997635424,34732800
2018-12-04,101.536376953125,105.39124393492924,101.24632875981874,104.7362940989416,45197000
2018-12-06,102.16326904296876,102.21004709655983,98.24290694808016,99.0101369834713,49107400
2018-12-07,98.07447814941406,102.40651941810536,97.58794504927418,101.40537782303342,45044900
2018-12-10,100.66622924804688,101.0311380436939,97.20433916823796,98.05578112738414,40801500
2018-12-11,101.60189056396484,103.81001775643406,100.5259023702065,102.73402956267572,42381900
2018-12-12,102.06036376953124,104.1094255903541,102.02293703757942,103.75388234444064,36183000
2018-12-13,102.4065399169922,103.73516380483768,101.63930982269034,102.52817857018866,31333400
2018-12-14,99.20662689208984,102.22876913089628,98.71073524108252,101.28376388480744,47043100
2018-12-17,96.26870727539062,98.99144313290591,95.16464366728776,98.62654141940251,56957300
2018-12-18,97.2791976928711,97.7844478150136,95.92250556718705,97.07335425735911,49319200
2018-12-19,97.01720428466795,100.00191227055944,94.82778739224072,96.97977756172538,68198200
2018-12-20,94.97750854492188,97.59731529851008,92.42318964329434,96.41840547168374,70334200
2018-12-21,91.90857696533205,96.37160850978428,91.18812502070617,95.08976998210532,111242100
2018-12-24,88.07242584228516,91.6653130675158,87.93208454078325,91.39397465391517,43935200
2018-12-26,94.08863830566406,94.21027695616014,87.91337095954383,89.017434450094,51634800
2018-12-27,94.66876220703124,94.6781206756368,90.19637076186136,92.90974844544904,49498500
2018-12-28,93.92959594726562,95.81960676784117,93.11558053779956,95.52019289348334,38196300
2018-12-31,95.03365325927734,95.81024188243391,93.97637485534,94.77167327518096,33173800
2019-01-02,94.61260986328124,95.20206479537764,92.57289949171086,93.1436446281424,35329300
2019-01-03,91.13201141357422,93.74246717635124,90.94487774656793,93.65825524159352,42579100
2019-01-04,95.37047576904295,95.91315261010044,92.56353545264427,93.30269725923948,44060600
2019-01-07,95.49212646484376,96.62425842997015,94.48163317312073,95.09915645481702,35656100
2019-01-08,96.18450164794922,97.27920677896326,95.16464284176976,96.40905489929126,31514400
2019-01-09,97.55989837646484,98.13064355217632,96.59618321897742,97.17628686237477,32280800
2019-01-10,96.93301391601562,97.07336237363724,95.79152359704123,96.57747067667076,30067600
2019-01-11,96.18450164794922,96.78331507714078,95.09914784602752,96.54940335828722,28314200
2019-01-14,95.4827651977539,96.24999533966208,94.7436033195808,95.34241674065944,28437100
2019-01-15,98.25227355957033,98.28970028859682,95.32369447440924,95.91315653355343,31587600
2019-01-16,98.59847259521484,99.42184647624642,98.20550259113324,98.4861995302885,29853900
2019-01-17,99.29083251953124,99.7680072071823,98.0183524089592,98.24290562305484,28393000
2019-01-18,100.7785186767578,100.95629385782408,99.0943586745982,100.54460697047853,37427600
2019-01-22,98.87914276123048,100.2077593515254,98.1119127588218,99.88028443679325,32371300
2019-01-23,99.84288787841795,100.15165309349013,98.56104895241596,99.2908595894283,25874300
2019-01-24,99.3656997680664,100.1142201573207,98.56104284806484,99.98323015996412,23164800
2019-01-25,100.27327728271484,100.93758572989395,99.36569864102442,100.33877228065026,31225600
2019-01-28,98.31777954101562,99.62768664969413,97.92480954993792,99.42184318624786,29476700
2019-01-29,96.3154754638672,98.21483715982536,95.5950234932788,98.13062524320296,31490500
2019-01-30,99.53410339355467,99.53410339355467,97.6160317485654,97.88737017548377,49471900
2019-01-31,97.70957946777344,98.44874117427308,96.54002116098616,97.12012465098292,55636400
2019-02-01,96.16578674316406,97.40084035924832,95.76345829270528,97.10143363833151,35535700
2019-02-04,98.9352798461914,98.99142350219462,96.1564080110287,96.24997839156146,31315100
2019-02-05,100.32006072998048,100.3668387914485,99.14114364932912,99.23470691068448,27325400
2019-02-06,99.20662689208984,100.11420541038704,98.73880350232167,100.11420541038704,20609800
2019-02-07,98.49553680419922,98.79494349864189,97.57860692552671,98.42069048440256,29760700
2019-02-08,98.86980438232422,98.97272611049542,97.55054598968673,97.6721775146076,21461100
2019-02-11,98.4768295288086,99.72124153441216,98.2148495567697,99.36569116800035,18914100
2019-02-12,100.01130676269533,100.2452185115347,98.6920482112196,99.30957151617714,25056600
2019-02-13,99.93643188476562,100.8440104180182,99.84286863295392,100.58203045757796,18394900
2019-02-14,100.02064514160156,100.3855468254245,98.86044509914964,99.4686098132421,21784700
2019-02-15,101.25570678710938,101.33056025094535,100.45104989692044,100.9656585377689,26606900
2019-02-19,101.20891571044922,101.667387796007,100.84401401846245,100.85337248550329,18038500
2019-02-20,100.68273162841795,101.4250503314656,99.87463821339932,101.34987718381134,21607700
2019-02-21,102.8062973022461,102.87207199556748,100.41960430773598,100.44779243788744,29063200
2019-02-22,104.27214050292967,104.48825428641364,103.1915500787975,103.4076710311856,27763200
2019-02-25,104.854736328125,105.4091293064607,104.54465965332956,105.01448105206244,23750600
2019-02-26,105.57823181152344,106.40511463023272,104.46005494313088,104.54462649591098,21536700
2019-02-27,105.39971160888672,105.57824600182698,104.18757176141166,104.9486871631172,21487100
2019-02-28,105.26818084716795,106.06687578663566,104.98629231089409,105.2775792823821,29083900
2019-03-01,105.73798370361328,106.19840658369957,104.9298904706186,106.07625562295544,23501200
2019-03-04,105.48429870605467,106.41454303522808,104.11242113072568,106.19842204516488,26608000
2019-03-05,104.95807647705078,105.60643217081169,104.5164504730398,105.47488277916516,19538300
2019-03-06,105.0050811767578,105.8601595517998,104.7043957724486,105.11784089171334,17687000
2019-03-07,103.72713470458984,104.81712344254358,103.23852376030588,104.67617563416634,25339000
2019-03-08,103.83992004394533,104.02784572228256,102.233131836775,102.57140379290612,22818400
2019-03-11,106.0198745727539,106.13262709484115,104.28153722450332,104.29092848874126,26491600
2019-03-12,106.76220703125,107.10987024500496,105.8507524577428,106.01048999751696,26132700
2019-03-13,107.58909606933594,108.0589174495514,106.91255213480083,107.2414256671706,35513800
2019-03-14,107.67365264892578,108.2468352646312,107.42935071058612,107.62667481566268,30763400
2019-03-15,108.91397094726562,110.17308851782413,107.67363590440569,108.37836781390136,54681100
2019-03-18,110.47379302978516,110.51137959842036,109.04553926617236,109.158291803173,31207600
2019-03-19,110.54896545410156,111.29128404982322,109.9287978289778,110.9624033686125,37588700
2019-03-20,110.42679595947266,111.58255951976362,109.6656877422714,110.30464500143547,28113300
2019-03-21,112.96383666992188,113.52762080687585,110.02275068782326,110.06973568627951,29854400
2019-03-22,109.98518371582033,112.37186992623192,109.97578528128656,112.28730552214324,33624500
2019-03-25,110.55835723876952,110.88723073129488,109.29923236450956,109.52474459239774,27067100
2019-03-26,110.79327392578124,111.54498378259086,109.79724779137383,111.46041938087303,26097700
2019-03-27,109.72205352783205,111.07514104601658,108.54750038188112,110.7650572949487,22733400
2019-03-28,109.87240600585938,110.4831751101902,109.12068908223624,110.35162572389171,18334800
2019-03-29,110.82145690917967,111.17851853690168,109.900603953922,110.94360787339669,25399800
2019-04-01,111.8362808227539,111.92085240101274,110.97181118336093,111.7705061147328,22789100
2019-04-02,111.9959945678711,112.268491759706,111.3664286293336,111.87383645182923,18142300
2019-04-03,112.72892761230467,113.161162362389,111.95842094147538,112.62556634936014,22860700
2019-04-04,112.15573120117188,112.9732227702987,111.23487838184845,112.8510646552099,20112800
2019-04-05,112.65375518798828,112.9732374124314,112.16514417101602,112.18393386944004,15826200
2019-04-08,112.69134521484376,112.77590961370556,111.47920531549212,112.5785855141234,15116200
2019-04-09,112.08055877685548,112.32486783964988,111.42281187960538,111.46978970432124,17612000
2019-04-10,112.9356460571289,113.08598514485826,112.32487693513774,112.53159945355668,16477200
2019-04-11,113.06722259521484,113.5558337087832,112.68196559676768,113.26454672774663,14209100
2019-04-12,113.64979553222656,113.67799083853892,113.104808148252,113.35850855381725,19745100
2019-04-15,113.74375915527344,114.2417686718792,113.29272747540284,113.64039787798862,15792600
2019-04-16,113.48064422607422,114.30753437925355,112.85108534592526,114.29813594508433,14071800
2019-04-17,114.42025756835938,114.4954306846242,113.26450137362504,113.922248218685,19300900
2019-04-18,115.92371368408205,116.06465434326424,113.97865372941985,114.81493509545452,27991000
2019-04-22,116.2901840209961,116.5156962645373,115.17200689989168,115.2189919030442,15648700
2019-04-23,117.8687973022461,118.00034672316242,116.35597179280252,116.60967219916807,24025500
2019-04-24,117.46475219726562,118.25404873346923,117.00432204890764,118.19767245771352,31257000
2019-04-25,121.3548355102539,123.44084321991689,121.0541573352636,122.20991371349042,38033900
2019-04-26,122.05017852783205,122.64215796259982,121.23269404195916,121.8716441371682,23654900
2019-04-29,121.93746185302734,122.32270454119964,121.54281355975468,122.05960567901788,16324200
2019-04-30,122.71731567382812,122.81127132071435,121.58034194539356,121.97499007305169,24166500
2019-05-01,120.16151428222656,122.76432158857914,119.992378297665,122.65156904480835,26821700
2019-05-02,118.59230041503906,120.27426165311287,117.94394467926575,120.25547195404762,27350200
2019-05-03,121.11992645263672,121.61793588792014,119.56952188434808,119.67288314475454,24911100
2019-05-06,120.41519165039062,120.80044855169132,118.49832708375148,118.76142586078414,24239800
2019-05-07,117.94393157958984,119.50374167823448,116.72240054668995,118.82719788455266,36017700
2019-05-08,117.93456268310548,118.7426560156108,117.22043219112062,117.86878797785064,28419000
2019-05-09,117.92516326904295,118.19766052252292,116.11165250332856,116.78819641970568,27235800
2019-05-10,119.45677947998048,120.20849654284363,116.34656429097184,117.37077860990028,30915100
2019-05-13,115.90489959716795,117.9721173745382,115.61361271959484,116.61902989617974,33944900
2019-05-14,117.20164489746094,118.28222833899515,116.23380683039936,116.39355154836042,25266300
2019-05-15,118.85210418701172,119.50285997371108,116.66406377447252,117.19221642263172,24722700
2019-05-16,121.59657287597656,122.02098880117526,119.2670702560236,119.54057618530489,30112200
2019-05-17,120.7855224609375,123.03958124481186,120.64404566576752,121.01186230779268,25770500
2019-05-20,119.04070281982422,120.33277364879342,118.60686813607744,119.32363472899456,23706900
2019-05-21,119.68204498291016,120.27620856617304,119.38024657936435,120.18189791421024,15293300
2019-05-22,120.40823364257812,120.9458194188518,119.32364325796706,119.41796109653912,15396500
2019-05-23,119.00301361083984,119.10675750130748,117.64491700503976,119.02187286572372,23603800
2019-05-24,119.05958557128906,120.17246856943228,118.8049460832259,119.69148207026386,14123400
2019-05-28,118.984130859375,120.719469783704,118.88038698939434,119.75748967485922,23128400
2019-05-29,117.83352661132812,118.257928134776,116.98471636899104,118.2484949111274,22763100
2019-05-30,118.57860565185548,118.6068981303833,117.68263639096838,118.13533763374024,16829600
2019-05-31,116.64518737792967,117.53172328222298,116.3056632952404,117.16390672521642,26646800
2019-06-03,113.02360534667967,117.29594907331234,112.24082046721443,116.80552217523817,37983600
2019-06-04,116.15477752685548,116.26794743369844,113.7875419710199,114.38170556827066,29382600
2019-06-05,118.67290496826172,118.71063066784006,117.14504651482568,117.84295396842124,24926100
2019-06-06,120.5497055053711,120.69117507048792,118.45597608887697,119.24820133626656,21459000
2019-06-07,123.92610168457033,124.72776034293956,120.96470212805578,121.8418121982268,33885600
2019-06-10,125.05783081054688,126.45364564294157,124.49195254263658,124.86919512732202,26477100
2019-06-11,124.58629608154295,126.60457454675468,123.81292991527576,126.26505039415434,23913700
2019-06-12,124.01097106933594,124.463665067317,123.2753379260357,123.92607925212228,17092500
2019-06-13,124.7937469482422,125.4350621629563,124.07696595429012,124.47307495000427,17200800
2019-06-14,124.91633605957033,126.18011436624668,124.1524105815179,124.73714082084096,17821700
2019-06-17,125.29363250732422,126.12356921411472,124.99182687512068,125.08614473290542,14517800
2019-06-18,127.4722137451172,127.54766513777696,125.97265509206896,126.55738539657996,25934500
2019-06-19,127.97208404541016,128.19842386331072,126.19901205380964,127.32132828717874,23744400
2019-06-20,129.160400390625,129.83002254094734,128.00036574887366,129.63196082607152,33042600
2019-06-21,129.17926025390625,129.89602689853749,128.6982738149818,128.81144370863893,36727900
2019-06-24,129.94320678710938,130.52793718653945,129.2075735778638,129.2075735778638,20628800
2019-06-25,125.8405990600586,129.76398496778262,125.18041739070144,129.4433273556493,33327400
2019-06-26,126.31216430664062,128.01922507636564,126.0009471005298,126.70828771436312,23657700
2019-06-27,126.5196533203125,127.04781307233512,125.91605656602556,126.5102272927499,16557500
2019-06-28,126.34050750732422,126.9441044290926,125.58600775739232,126.91581194767268,30043000
2019-07-01,127.96263122558594,128.92461853109336,127.29302347467323,128.85860755423033,22613500
2019-07-02,128.8114776611328,128.82090369112822,127.6420023518561,128.37763563629107,15237800
2019-07-03,129.6414031982422,129.90547589480042,128.53793909869498,129.0189399602624,13629300
2019-07-05,129.26414489746094,129.51879156330088,128.00036637806392,128.20785412195087,18141100
2019-07-08,129.1698455810547,129.30188193222187,127.67027240386965,128.64168578550303,16779700
2019-07-09,128.69827270507812,129.1792591398545,128.07580951356877,128.26443079833118,19953100
2019-07-10,130.00924682617188,130.6977211861397,129.22645460171066,129.33019849629915,24204400
2019-07-11,130.52792358398438,131.30128961053194,130.0280706705846,130.33930228681356,22327900
2019-07-12,130.99949645996094,131.21642464364177,130.16011937560694,130.95235192435405,18936800
2019-07-15,130.99949645996094,131.6030933027449,130.58453532314013,131.5087898406472,16651500
2019-07-16,129.28306579589844,131.14101585449308,128.7549201856989,131.05613839375857,22726100
2019-07-17,128.5190887451172,130.0846584980588,128.47192982206073,129.86774472105847,20211000
2019-07-18,128.6605987548828,128.8492201260554,127.01013657306834,127.84008787529352,30381800
2019-07-19,128.8491973876953,132.66884064115243,128.68886853094784,132.24443903318735,48992400
2019-07-22,130.55621337890625,131.27299444067646,129.5187890703222,129.59424046581816,25074900
2019-07-23,131.36732482910156,132.02752107734537,130.178997485856,131.81059287423204,18034600
2019-07-24,132.71597290039062,132.73483934765318,130.95234143973366,130.99948597156595,20738300
2019-07-25,132.21607971191406,132.61218863849277,131.3955693919209,132.44241944659998,18356900
2019-07-26,133.3007049560547,133.62136260921432,132.3198655490715,132.38587652901236,19037600
2019-07-29,133.0083465576172,133.46104058461356,131.4427623252704,133.45161455582243,16605900
2019-07-30,132.3670196533203,133.1875302038515,131.84830029745711,132.16895793894258,16846500
2019-07-31,128.5190887451172,132.49906008425108,127.3967725744344,132.34815728682352,38598800
2019-08-01,130.20726013183594,132.92345274076433,129.14152898357796,129.20755434962808,40557500
2019-08-02,129.11325073242188,130.4524951291536,127.56653296881989,130.23556695184885,30791600
2019-08-05,124.69001770019533,126.31217237188596,123.34134736044643,125.7180160041276,42749600
2019-08-06,127.0289306640625,127.96261095629671,125.63311604346023,126.18955380824951,32696700
2019-08-07,127.58538055419922,127.934330644793,124.33161667539832,126.18012538278744,33414500
2019-08-08,130.99005126953125,131.0843691087158,128.1984072857203,128.8303109046697,27496500
2019-08-09,129.877197265625,131.45220758475168,128.69829603356456,130.72600039635486,23466700
2019-08-12,128.06639099121094,130.01865831903575,127.54768596714992,129.27359908003035,20484300
2019-08-13,130.71658325195312,130.90520458372646,127.3213417164926,128.311621696909,25154600
2019-08-14,126.78012084960938,129.562132169998,126.4867820737109,129.03222800207743,32527300
2019-08-15,126.49623107910156,127.34787509702798,125.14308405734968,127.16808310083891,28074400
2019-08-16,128.81455993652344,129.12682790920258,127.48032799111316,127.6317332697701,24449100
2019-08-19,130.97203063964844,131.10450664474507,129.53370941374092,130.4421266192619,24355700
2019-08-20,129.88388061523438,131.25597168273984,129.8649657764665,130.7828408149954,21170800
2019-08-21,131.33163452148438,131.99402915929426,130.5840942480662,131.1045409897145,14970300
2019-08-22,130.37588500976562,131.71957436692006,128.96595042882657,131.20859960133257,18697000
2019-08-23,126.22180938720705,130.91527235190958,125.66351861847524,129.81760564678032,38508600
2019-08-26,128.171142578125,128.27523194121622,126.70443407595135,127.73587028796716,20312600
2019-08-27,128.445556640625,129.37288897917813,127.42359236518006,129.06062091400275,23102100
2019-08-28,128.2752227783203,128.46447221438393,126.3732421218502,127.63177180794268,17393300
2019-08-29,130.69761657714844,131.00042714796504,129.55264839840464,129.87437380079524,20168700
2019-08-30,130.45162963867188,131.70068748926707,128.94707710364324,131.67230079530856,23940100
2019-09-03,128.7294158935547,129.82708276526384,128.40769042940715,129.26879191180686,18869300
2019-09-04,130.2339630126953,130.29073638731955,129.14575372345155,129.9216950134586,17995900
2019-09-05,132.52392578125,132.83619380847887,131.3032403621913,131.63443766225953,26101800
2019-09-06,131.62496948242188,132.64691911131047,130.77332553994347,132.50498567363243,20824500
2019-09-09,130.1298828125,132.240041870684,129.1268479536001,132.08863656852438,25773900
2019-09-10,128.7672576904297,129.53372714187452,127.28162030820413,129.4485670781148,28903400
2019-09-11,128.8051300048828,128.9470779143746,127.830481669361,128.6064231459238,24726100
2019-09-12,130.1298828125,130.98151236924028,129.51480418702818,130.4421508336526,27010000
2019-09-13,129.94064331054688,130.64086761851087,129.23094714622312,130.3759155389344,23363100
2019-09-16,129.00379943847656,129.35391148461312,128.3698061262937,128.53066880799972,16731400
2019-09-17,130.00685119628906,130.1298697968399,129.0984339129961,129.59996573108683,17814200
2019-09-18,131.07615661621094,131.21809007607706,129.1930908954214,129.9784897305606,23982100
2019-09-19,133.48912048339844,134.7192489168912,132.54285895683168,132.7604950650766,35772100
2019-09-20,131.94671630859375,134.03794630330162,130.82066272430222,133.4323394729439,39167300
2019-09-23,131.66281127929688,132.1264845655933,131.00043118373284,131.74797134041157,17139300
2019-09-24,129.99742126464844,133.1295448031249,129.52429047179567,132.81727674718536,29773200
2019-09-25,131.8709716796875,132.43873421942496,128.719919905627,130.11092513306275,21382000
2019-09-26,132.04132080078125,132.64692757150533,131.00044183421406,131.9467033158957,17456600
2019-09-27,130.32859802246094,132.8172704961554,129.30663382534084,132.6185492194354,22477700
2019-09-30,131.55874633789062,131.73853834833454,130.3759193626605,130.63141403217583,17280900
2019-10-01,129.70404052734375,132.71314446589233,129.63779530714615,132.15485377623224,21466600
2019-10-02,127.41411590576172,129.04168697762674,126.40162352386297,128.92814020850318,30521700
2019-10-03,128.95654296875,129.40128712164014,126.0609844848662,127.69801317852978,24132900
2019-10-04,130.69761657714844,130.820635176393,129.08897512639277,129.40124311299635,22897700
2019-10-07,129.75137329101562,130.75440817878032,129.65675580354625,129.7703025640314,15303700
2019-10-08,128.37928771972656,130.3569706622819,128.33197176000724,129.7135198142711,25550500
2019-10-09,130.81118774414062,131.24645992440614,129.60943166254842,130.07310496994796,19749900
2019-10-10,131.62496948242188,132.16433098440177,130.82064149877064,131.0477494378589,17654600
2019-10-11,132.17379760742188,133.45125639072117,132.00347747034434,132.59015497201733,25446000
2019-10-14,132.05078125,132.75100544512486,132.02239456310593,132.1832572684401,13304300
2019-10-15,133.9622344970703,134.1703987231871,132.29680517771013,132.5333705297735,19695700
2019-10-16,132.8645782470703,133.4134116396757,132.03186352190292,133.2241477920981,20751600
2019-10-17,132.1832733154297,133.8203016932031,131.54927983315682,133.3755576261333,21460600
2019-10-18,130.02574157714844,132.47655436763807,129.2214138643969,132.24944650504037,32273500
2019-10-21,130.99099731445312,131.05724256262133,129.64730746271346,131.00992659090224,20078200
2019-10-22,129.0416717529297,132.48606291842205,128.93758241391188,131.50195734491172,27431000
2019-10-23,129.86492919921875,130.06363602197183,128.32251838438262,129.5242744928379,29844600
2019-10-24,132.41983032226562,132.8740317777983,131.21807423155636,131.89938363425736,37029300
2019-10-25,133.16732788085938,133.55529841849926,131.7195494733733,131.85202545710405,25959700
2019-10-28,136.44143676757812,137.8418996294701,135.79797149234983,136.64014358049613,35280100
2019-10-29,135.154541015625,136.7347960959807,134.98420642580402,136.3373679714726,20589500
2019-10-30,136.8389129638672,137.20795447075344,135.1167096391924,135.80749111626315,18496600
2019-10-31,135.66549682617188,137.1416623492386,135.30592730055537,137.11327566139528,24605100
2019-11-01,135.9967041015625,136.65908426461232,135.28700797569385,136.5076789591139,33128400
2019-11-04,136.7821044921875,137.2079192849661,136.41306307993875,137.04705656052994,16912000
2019-11-05,136.6969451904297,137.22684933009575,136.17649846797022,137.1795333664531,18250200
2019-11-06,136.3184051513672,136.75369171707595,135.50461982845238,136.61174385402217,16575800
2019-11-07,136.50767517089844,137.09436710372245,136.04401628903287,136.11024708409755,17786700
2019-11-08,138.11631774902344,138.14470443539548,136.03453115638695,136.2427098156506,16732700
2019-11-11,138.25827026367188,138.5516090225391,136.95242475510946,137.52964485568222,14362600
2019-11-12,139.16664123535156,139.63977183406212,138.2109081851242,138.41908680366086,18641600
2019-11-13,139.39376831054688,139.53571618768487,138.41912019717392,138.85440680607223,16919200
2019-11-14,140.1034698486328,140.4346671360793,139.10043500844046,139.11936428055844,19729800
2019-11-15,141.9108123779297,141.92974164733593,140.30217100964686,140.92669251203296,23485700
2019-11-18,142.2609405517578,142.45966180601263,140.9740244236987,142.00546036046342,21534000
2019-11-19,142.30825805664062,143.19774612465324,142.12846607198227,142.77193136240143,23935700
2019-11-20,142.06138610839844,143.21975444233186,140.9599988217842,142.71653051718937,25696800
2019-11-21,141.92849731445312,142.23233836311604,140.99800945681545,141.85253705228735,18576100
2019-11-22,142.03289794921875,142.70703601728965,141.3018078116547,142.48865938450652,15901800
2019-11-25,143.59005737304688,143.7040049843586,142.34623914973673,142.42219939463277,22420900
2019-11-26,144.3496551513672,144.71995231545992,143.6755314749622,143.7135043560251,24620100
2019-11-27,144.62503051757812,144.79593023512078,143.8654424121997,144.6345201170178,15184400
2019-11-29,143.73251342773438,144.60603466505887,143.63755948300738,144.41614126354276,11977300
2019-12-02,141.9949188232422,144.15973483779825,140.8270609835844,144.1407411568471,27418400
2019-12-03,141.76702880859375,141.88096191095372,139.24140546144153,140.0389806417593,24066000
2019-12-04,142.27978515625,142.59310125030453,141.66261359005057,142.55512837124613,17574700
2019-12-05,142.35572814941406,142.72603977470254,141.92846445061193,142.46967576024716,17869100
2019-12-06,144.08380126953125,144.19773440045816,142.67857286566638,143.36220062710038,16403500
2019-12-09,143.7135009765625,144.52056593755012,143.28623725695448,143.4381577535063,16687400
2019-12-10,143.49513244628906,144.21673311388275,143.14381446711988,143.64703846350994,16476100
2019-12-11,144.03627014160156,144.19768017903314,142.7354857595213,143.88434969886686,18856600
2019-12-12,145.49853515625,145.68842853892974,143.39068528625114,143.9888487172955,24612100
2019-12-13,146.72335815429688,147.06517203448604,145.10924268760104,145.270652785477,23845400
2019-12-16,147.67286682128906,148.024170364617,146.998743022582,147.2740863020668,24144200
2019-12-17,146.8752899169922,147.84376506645128,146.64740915007906,147.5968906136444,25425600
2019-12-18,146.57142639160156,147.62535123386945,146.39102262315123,146.5049702330823,24129200
2019-12-19,147.84375,147.9007165639386,145.98276014636912,146.22013048807054,24958900
2019-12-20,149.45787048339844,150.48331213280017,148.39444146479494,149.40090391753216,53477500
2019-12-23,149.45787048339844,150.13199416339762,149.32494366706504,150.13199416339762,17718200
2019-12-24,149.4293670654297,149.74269762341038,149.1824926626928,149.52430649976858,8989200
2019-12-26,150.6542205810547,150.71118715022982,149.4483750777448,149.60029558750327,14520600
2019-12-27,150.92953491210938,151.48972533181646,150.22691362248713,151.39477141853968,18412800
2019-12-30,149.62876892089844,150.9865348436674,148.81221434517386,150.95805156097413,16348400
2019-12-31,149.7332000732422,149.7996707193214,148.54634843269977,148.85018940688747,18369400
2020-01-02,152.50570678710938,152.61015032675982,150.3314006281245,150.75866438562647,22622100
2020-01-03,150.6067352294922,151.86954723170166,150.07502796286428,150.32190239946755,21116200
2020-01-06,150.99598693847656,151.0624575735421,148.6032903709724,149.1445015835941,20813700
2020-01-07,149.61929321289062,151.6037060270749,149.37243324398585,151.27139620215743,21634100
2020-01-08,152.00245666503906,152.6765947575199,149.97056727826134,150.90105488844765,27746500
2020-01-09,153.90145874023438,154.02489597609247,152.89501062983652,153.66408835616173,21385000
2020-01-10,153.18930053710938,154.97432991321804,153.03738006085885,154.59454321052573,20725900
2020-01-13,155.03131103515625,155.0597943161375,153.1133546841182,153.5880953510529,21626500
2020-01-14,153.93943786621094,155.33517680880362,153.5501469800864,155.13577932217422,23477400
2020-01-15,154.93634033203125,155.6579553399232,154.35717068949413,154.40463316070066,21417900
2020-01-16,157.77529907226562,157.84176971460525,155.7434097574871,156.0472507145809,23865400
2020-01-17,158.6583251953125,159.00962862726476,157.07267873319398,158.96215166642233,34371700
2020-01-21,158.088623046875,159.69324862590065,158.0221524073018,158.259522712177,29517200
2020-01-22,157.3291015625,159.0286817758281,157.31010787347373,158.9432174191797,24138800
2020-01-23,158.29751586914062,158.37347610803346,156.9207709480515,157.79429196341795,19680800
2020-01-24,156.70236206054688,159.06657533124223,156.14217166115534,159.04758165168906,24918100
2020-01-27,154.08180236816406,155.12623744531845,152.1068798055021,153.00888401508118,32078100
2020-01-28,157.1011962890625,157.386029114127,154.83193635911937,155.50606002902032,24899900
2020-01-29,159.55081176757812,160.2249497828365,157.31953967817702,159.3609184283851,34754500
2020-01-30,164.05137634277344,165.25722163927998,162.16190335753365,165.25722163927998,51597500
2020-01-31,161.63018798828125,163.69056054766398,161.01303097531772,163.51017128130383,36142700
2020-02-03,165.57058715820312,165.6845203010666,161.7916403899352,161.82012367565108,30107000
2020-02-04,171.02059936523438,171.51433379094814,167.40307724823202,168.19114861437248,36433300
2020-02-05,170.8116912841797,174.89446403969472,169.3969733266185,174.7330539466545,39186300
2020-02-06,174.353271484375,174.5336752657197,170.96361598336935,171.8276475214221,27751400
2020-02-07,174.60009765625,176.2522001633859,173.2613256843261,173.61264358086075,33529100
2020-02-10,179.16712951660156,179.30005632732252,173.9924590084795,174.30578959545088,35844300
2020-02-11,175.12234497070312,181.06609308949365,174.22983017110295,181.01861612373995,53159900
2020-02-12,175.37869262695312,176.4611007006087,172.6631756017562,176.2047366998145,47062900
2020-02-13,174.42921447753906,176.8218969013737,173.63163918165944,173.83103662761303,35295800
2020-02-14,175.9863739013672,176.04334046425984,173.42276266771293,173.99245727251068,23149500
2020-02-18,177.77137756347656,178.2176349280417,176.12877899123126,176.23322251246853,27792200
2020-02-19,178.30455017089844,179.1614115971862,177.533371981738,179.0471672810164,29997500
2020-02-20,175.5816192626953,178.27599248114515,172.4207387260117,177.99036715778334,36862400
2020-02-21,170.03103637695312,174.70572716816383,168.75525962156425,174.39154073840234,48572600
2020-02-24,162.70005798339844,166.18465515217062,155.40716170842933,159.72958932936746,68311100
2020-02-25,160.0152130126953,166.4607487234575,159.6153288264737,165.85142145386897,68073300
2020-02-26,162.0145263671875,164.95643327525875,160.14846836228023,161.57658020435423,56206100
2020-02-27,150.5991668701172,159.02503365288237,150.40875483840358,155.49284470294847,93174900
2020-02-28,154.24560546875,155.8641439606252,144.7153436590033,145.1056977436323,97012700
2020-03-02,164.5089874267578,164.63276179137975,154.53124824993384,157.38747246115315,71030800
2020-03-03,156.6258087158203,166.61307787065545,154.48364057176903,165.4705910993296,71677000
2020-03-04,162.37637329101562,162.51917871166128,157.6826365898294,160.41510136743034,49814400
2020-03-05,158.3014373779297,162.6809715328232,157.7492324030183,158.09197981753212,47817300
2020-03-06,153.82672119140625,155.29290988438083,148.5236579689275,154.8168725190958,72821100
2020-03-09,143.4014892578125,150.1897866403432,142.8112075819428,143.76328229915575,70419300
2020-03-10,153.20787048339844,153.31259928936166,145.26757037585006,150.5801493440142,65354400
2020-03-11,146.2672576904297,150.14219461233048,143.90610170212486,149.5995195250043,56371600
2020-03-12,132.3955078125,146.1149079701268,131.93851601607352,138.33645927607344,93226400
2020-03-13,151.21803283691406,154.15042478211845,133.9854742160237,140.43102427946823,92727400
2020-03-16,128.92991638183594,142.19232062409446,128.5300468682129,133.29041897444304,87905900
2020-03-17,139.5455780029297,140.43100038810647,128.53006815182624,133.29044104633834,81059800
2020-03-18,133.67127990722656,139.0029039520048,128.54912798276823,131.38630647518264,81593200
2020-03-19,135.87059020996094,142.95401395111134,132.3383865929663,135.92771236898116,85922700
2020-03-20,130.76747131347656,140.05020002588367,129.34887472137007,139.00291200117317,84866200
2020-03-23,129.46310424804688,133.8331378449838,126.1689341603844,130.4437399557186,78975200
2020-03-24,141.2307586669922,142.43038209641236,134.4995980372194,136.86073924483702,82516700
2020-03-25,139.87881469726562,146.9336917873563,137.5176734833681,141.77344860070977,75638200
2020-03-26,148.6283721923828,149.15201614833694,141.25930927065227,141.2878703475674,64568100
2020-03-27,142.5255889892578,147.46685932924893,142.0495516081798,144.4773451571793,57042300
2020-03-30,152.55096435546875,152.9032419637933,142.82075725627223,145.1343069267128,63420300
2020-03-31,150.1517333984375,156.88289514179772,149.05683858683773,151.76072771768509,77927200
2020-04-01,144.8201141357422,150.189816009761,143.59194390247364,145.66746021865882,57969900
2020-04-02,147.819091796875,148.0285493634673,143.15393223732946,144.58204408545626,49630700
2020-04-03,146.45765686035156,149.83752504353316,144.89625489063627,147.66679583020962,41243300
2020-04-06,157.34939575195312,158.5204436100187,150.02793870466274,152.63662871229192,67111700
2020-04-07,155.6547088623047,161.8527103645991,155.43572120612328,161.46235622358842,62769000
2020-04-08,157.2161102294922,158.68229897209625,155.66422371733032,157.73022420929914,48318200
2020-04-09,157.22561645507812,159.34873898293552,155.502363560662,158.38714875924393,51385100
2020-04-13,157.577880859375,157.63501754538458,154.52172915944234,156.47348523081305,41905300
2020-04-14,165.37533569335938,165.4229423232697,159.9485140161687,160.90058850436017,52874300
2020-04-15,163.64260864257812,165.2516172547934,161.12913194567304,162.99519027424256,40940800
2020-04-16,168.55528259277344,168.78378572911677,164.613694287761,165.94660745850538,50479600
2020-04-17,170.0405731201172,171.37347209205166,167.44139833358108,170.89743466957376,52765600
2020-04-20,166.67019653320312,170.1833545401392,166.6035588577569,168.16496080222765,36669600
2020-04-21,159.7772216796875,165.3468513020736,158.1491671577528,165.18500030732156,56203700
2020-04-22,165.20399475097656,165.66098650812486,162.63339614169652,163.17607112940274,34620200
2020-04-23,163.2046356201172,166.6701867832874,162.71908277595958,165.76571876652025,32790800
2020-04-24,166.1846466064453,166.19416212381853,162.5286831390991,163.81397530484196,34277600
2020-04-27,165.70860290527344,168.42200705863056,164.9945468868889,168.12686622876606,33194400
2020-04-28,161.6718292236328,167.25098846954376,161.27195952679392,167.17482073764452,34392700
2020-04-29,168.9266357421875,169.16465445761807,163.6426318816362,164.9184087097418,51286600
2020-04-30,170.62130737304688,171.75426402305968,167.78411440711412,171.3734399674679,53875900
2020-05-01,166.20367431640625,170.078610487181,165.6705003231186,167.3747220378559,39370500
2020-05-04,170.26902770996094,170.42136314126972,165.47057784378438,166.12751167973556,30372900
2020-05-05,172.09703063964844,174.84852615095244,171.27824575423404,171.96374075260462,36839200
2020-05-06,173.79173278808594,175.37218048986895,172.92535573512856,173.35378650241677,32139300
2020-05-07,174.80093383789062,175.70540196520787,173.8298135033723,175.34360890327773,28316000
2020-05-08,175.8291473388672,176.1338182138458,174.57241629834766,176.11477265228294,30877800
2020-05-11,177.79042053222656,178.52350753297063,174.08685082562172,174.37246159084364,30892700
2020-05-12,173.7631378173828,178.07603478681455,173.56321027780993,177.84754617015983,32038200
2020-05-13,171.13543701171875,175.2293613589471,168.07927065962855,173.80124922811217,44711500
2020-05-14,171.87803649902344,172.03037193059697,167.26046860605703,169.03132804745684,41873900
2020-05-15,174.3820343017578,178.09512043320387,168.51724969579894,170.47852157689655,46610400
2020-05-18,176.04812622070312,177.27629612153746,175.1436582128011,176.84786543647925,35264500
2020-05-19,174.82949829101562,177.6571615787806,174.69620840155065,176.16239718566547,26799100
2020-05-20,177.2545166015625,177.4359169583452,175.61238593843544,176.4429932900514,31261300
2020-05-21,175.1254425048828,178.21876103710082,174.99178140232837,177.0062545273779,29119500
2020-05-22,175.20181274414062,176.1088143559506,174.27572709584703,174.89630791276787,20826900
2020-05-26,173.3496551513672,178.05644865123975,172.9009326408034,177.9036889523315,36073600
2020-05-27,173.57879638671875,173.75065470607606,168.60468023193414,172.04168637143127,39517100
2020-05-28,173.18734741210938,175.8128447737856,172.2135370614424,172.55723911696234,33810200
2020-05-29,174.95362854003906,175.92745363468237,172.2422088164135,174.45716668834268,42130400
2020-06-01,174.55264282226562,174.71494457453366,173.2446722158897,174.27576398700788,22622400
2020-06-02,176.53843688964844,176.6243587570561,173.13961372227922,175.90831405939235,30794600
2020-06-03,176.96807861328125,177.5218216500527,175.26866685848563,176.45253278895922,27311000
2020-06-04,174.6385498046875,177.42634912002515,174.0466241036408,175.9560768868558,28761800
2020-06-05,178.7247772216797,179.2307810427363,173.76974492872102,174.35212860910278,39893600
2020-06-08,179.83224487304688,180.0136451993302,176.0897195580362,177.52180899547244,33211600
2020-06-09,181.20706176757812,182.06630964412432,178.78204871231318,179.4885514465179,29783900
2020-06-10,187.9283142089844,189.5322619069896,182.3622583446839,182.47683540252,43872300
2020-06-11,177.8368682861328,186.8972113614389,177.6459259436924,184.38629115081167,52854700
2020-06-12,179.24032592773438,183.04013263127183,176.79621429280857,181.91354798974007,43373600
2020-06-15,180.385986328125,182.1808764027824,175.67917817531608,176.2233791495134,32770200
2020-06-16,184.80636596679688,186.7253604719704,182.79189301007656,184.15714454580453,42556700
2020-06-17,185.4460296630859,187.43186198574108,184.9209273187357,186.20025698099536,25687800
2020-06-18,187.431884765625,187.59418649761048,185.2169126322436,185.2169126322436,23061600
2020-06-19,186.31483459472656,190.26740095716144,185.57014923426544,189.5990954500768,44441100
2020-06-22,191.48944091796875,191.67082665886937,186.39119193854523,186.92583627964655,32818900
2020-06-23,192.76882934570312,194.7164649779574,192.310550140962,192.94067312150344,30917400
2020-06-24,188.8830718994141,194.0481453405855,187.6610232442565,192.47285257091232,36740600
2020-06-25,191.2698516845703,191.52763184875033,186.62033955121672,188.8448534415882,27803900
2020-06-26,187.44139099121097,190.84021383073977,186.05704095618464,190.68745414699424,54675800
2020-06-29,189.45591735839844,189.54183924181,184.7873056427671,186.91634152801396,26701600
2020-06-30,194.2963409423828,195.1460467529927,188.78758076895292,188.92124186608368,34310300
2020-07-01,195.43246459960935,197.00777168624572,192.6351236205007,193.9430939489472,32061200
2020-07-02,196.9218292236328,198.6021567312865,195.7188794044441,196.3680862556984,29315800
2020-07-06,201.1608428955078,201.57138280923724,198.66900649142335,199.37550924846303,31897600
2020-07-07,198.82171630859375,204.95105630690225,198.5734927595905,200.9221108782129,33600700
2020-07-08,203.19439697265625,203.60492228255777,199.24183073570933,200.55935767068064,33600000
2020-07-09,204.6169586181641,206.58369257111065,201.8959826895734,206.53595333994855,33121700
2020-07-10,203.9963836669922,204.3878249787219,201.52364584152227,203.9486444344452,26177600
2020-07-13,197.6951904296875,206.0299473078476,197.15098942267588,204.76970154506353,38135600
2020-07-14,198.917236328125,199.39459949227412,192.88335894065565,196.7977427138655,37591800
2020-07-15,198.62124633789065,201.7623039169299,195.74752551635757,200.07243434393845,32179400
2020-07-16,194.68780517578125,196.3872169974201,193.1506950935159,196.10079616465617,29940700
2020-07-17,193.6948699951172,195.75706766321048,192.2723226107304,195.2128812655641,31635300
2020-07-20,202.0200958251953,202.6884013378712,193.8189856368911,195.71889626461103,36884800
2020-07-21,199.2991180419922,204.2541499423901,198.6117139304938,203.9868277399148,37990400
2020-07-22,202.16326904296875,202.68837135667343,198.9553884886592,199.72871436522183,49605700
2020-07-23,193.37025451660156,201.37086541200424,192.99791184978267,197.80974046340648,67457000
2020-07-24,192.1864318847656,193.6758027739354,188.56801058313243,191.3462679706825,39827000
2020-07-27,194.62095642089844,194.73551891181648,191.7663196224682,192.348703231246,30160900
2020-07-28,192.8738250732422,195.43248474859328,192.60650285545827,194.39183650307967,23251400
2020-07-29,194.82147216796875,195.384757263023,192.86428008098164,193.33210127421285,19632600
2020-07-30,194.66867065429688,195.2033295752021,190.5347189367611,191.8999704403047,25079600
2020-07-31,195.7284240722656,195.81436050677323,190.00006654872823,195.146040474654,51044000
2020-08-03,206.7364501953125,207.78665507240189,200.9126278411837,201.9437341110618,78983000
2020-08-04,203.6335601806641,205.0465655524078,200.78847996863612,204.47372396192068,49280100
2020-08-05,203.2994079589844,205.26614168330795,201.9914376714027,205.1706632320827,28806400
2020-08-06,206.55502319335935,206.5741072287933,201.972334431106,202.72656173379295,32656800
2020-08-07,202.86029052734375,205.93451114229447,201.38046148122,205.12300232652848,27820400
2020-08-10,198.82171630859375,202.28737681764227,197.00774249118737,202.086877920704,36716500
2020-08-11,194.1722869873047,198.2489587951998,193.9431473748633,197.78115211742505,36446500
2020-08-12,199.7191619873047,200.75980997541168,195.48017562815676,195.9957213297991,28013100
2020-08-13,199.2513427734375,201.78137578863243,198.72624048213555,199.95784536245873,22588900
2020-08-14,199.4423370361328,200.1011005760824,198.11526793680267,199.3086759242567,17958900
2020-08-17,200.7598419189453,201.62864633406463,199.46141358943777,200.11063503817505,20184800
2020-08-18,201.91505432128903,202.74566147426796,199.73827969640456,200.9985107365117,21336200
2020-08-19,200.69007873535156,202.9869696907495,200.25941624470937,202.40317821577736,27627600
2020-08-20,205.3604278564453,205.76238052182669,199.9340449690193,200.5369666654989,26981500
2020-08-21,203.8674163818359,206.95863256196296,203.70472233058524,204.6713215538447,36249300
2020-08-24,204.50865173339844,206.2600261676856,203.30277922932777,205.56138064913603,25460100
2020-08-25,207.16925048828125,207.30323472840104,203.9440490347778,203.9440490347778,23043700
2020-08-26,211.6481170654297,212.54773159064493,208.0209637087079,208.5186256041175,39600800
2020-08-27,216.8448028564453,221.21844139680744,209.97328995814232,213.3133444511128,57602200
2020-08-28,219.0746612548828,220.73032602234508,216.84477023354057,218.3760159052534,26292900
2020-08-31,215.83990478515625,218.8737012054003,214.6723219857965,217.24674611548025,28774200
2020-09-01,217.5051727294922,217.67743188072143,214.78718442801343,215.82078314493916,25725500
2020-09-02,221.6969451904297,222.85496288605776,217.58171021018055,218.17506668389095,34080800
2020-09-03,207.9635467529297,219.45752291053657,205.7240900986162,219.4192479656968,58400300
2020-09-04,205.04461669921875,208.97802860019,196.3738875197662,205.8581017666043,59664100
2020-09-08,193.9525451660156,201.0058822083996,193.51230302974903,197.62755281283188,52924300
2020-09-09,202.2117462158203,205.60922048804156,197.81896281811265,198.6803023452128,45679000
2020-09-10,196.54611206054688,205.51353258521655,195.34025420679887,204.23109563870372,35461500
2020-09-11,195.26370239257812,199.66606590860468,192.5935831848138,198.29749929866705,33620100
2020-09-14,196.5843963623047,200.21154951496803,195.2636845078276,195.4646681130152,30375800
2020-09-15,199.8095703125,200.76660437457855,198.0390514563824,199.4650374660245,21823900
2020-09-16,196.23985290527344,201.5992353158293,195.84746540395423,201.57052545994569,26328100
2020-09-17,194.1918029785156,195.55078971981436,191.36855515523817,191.45468472401757,34011300
2020-09-18,191.78009033203125,194.9000166901687,187.817969171596,194.0865463499344,55225300
2020-09-21,193.8376922607422,194.0004009186753,187.94237293600173,188.71756826877157,39839700
2020-09-22,198.50802612304688,199.1588169533969,193.3974671514112,196.24942489391904,33517100
2020-09-23,191.97149658203125,199.1588331410497,191.43555973887763,198.96741460862307,30803800
2020-09-24,194.45977783203125,196.73752385885328,190.6412061876266,191.26328716801197,31202500
2020-09-25,198.890869140625,200.05843751591576,193.8377147565465,194.8043287159632,29437300
2020-09-28,200.4412841796875,203.4368064814749,199.12057205372884,201.81941603230769,32004900
2020-09-29,198.3548583984375,201.04413616193457,197.92419602598736,200.35507052474253,24221900
2020-09-30,201.29296875,202.87206905405225,197.6658016081103,198.80467443730768,33829100
2020-10-01,203.3314666748047,204.79572764616043,202.2404484098106,204.31721060707213,27158400
2020-10-02,197.33090209960935,201.92466960079273,196.70882105074975,199.06313182368095,33154800
2020-10-05,201.34088134765625,201.36959120849284,198.08695595539203,198.3166494452693,21331600
2020-10-06,197.06288146972656,201.14940628111484,196.01971787730272,199.8478540137694,28554300
2020-10-07,200.81448364257812,201.08245204459112,197.8381067601212,198.16349487639656,25681100
2020-10-08,201.53224182128903,202.11603320436225,199.36935002004455,201.4652424249977,19925800
2020-10-09,206.5375518798828,206.5854065113337,202.1543334169171,202.1543334169171,26458000
2020-10-12,211.88735961914065,214.2416701052122,207.4945762789934,209.38949984869137,40461400
2020-10-13,213.2846221923828,215.53365819061227,210.95902171302407,213.150638001202,28950800
2020-10-14,211.3705596923828,214.5861949709035,209.71489472731523,213.41861215766087,23421700
2020-10-15,210.22213745117188,210.8920584755525,206.72895383310072,207.77213221733243,22733100
2020-10-16,210.22213745117188,212.73912748585784,209.8967493254989,210.69107486664672,26057900
2020-10-19,205.0158843994141,212.7487231255043,204.5373672599519,210.94949400810776,27625800
2020-10-20,205.42739868164065,208.03053304487472,203.93442756808835,206.52799684584008,22753500
2020-10-21,205.57095336914065,207.599861242448,203.96312828594395,203.96312828594395,22724900
2020-10-22,205.6570587158203,206.77678686888288,202.60411757728775,204.7382995474917,22351500
2020-10-23,206.9394989013672,206.98735353152375,204.00141153049333,205.7910607935234,18879600
2020-10-26,201.05377197265625,207.0448015668945,199.1588481053592,204.6617954528772,37111600
2020-10-27,204.0875244140625,205.44651110092087,201.29298655899265,202.49884428314488,36700300
2020-10-28,193.97169494628903,199.8670294360928,193.41662793161623,198.74730111501765,51195600
2020-10-29,195.92401123046875,198.45058052991052,194.6320094260078,195.30194494131683,31432600
2020-10-30,193.7707061767578,195.51250074201783,191.04315299872275,194.7564501863506,36953700
2020-11-02,193.63674926757812,196.45999749689344,191.5216970654332,195.5125282945089,30842200
2020-11-03,197.56053161621097,199.17792149463477,194.39275125228292,195.1296715584957,27512000
2020-11-04,207.0926055908203,208.93968897317853,203.29317909554263,204.82443947667335,42311800
2020-11-05,213.69613647460935,214.4904765251998,211.64808409709025,212.4998438568253,36080100
2020-11-06,214.10769653320312,214.72019784892188,208.66216949337468,212.7104201487786,25231900
2020-11-09,209.0067138671875,218.3186532354657,208.51863164610597,214.79677412758556,44395000
2020-11-10,201.94378662109375,207.1979097750766,200.70921889587157,205.28384132449852,44045100
2020-11-11,207.2457733154297,208.6717450263683,203.0826684151981,203.2645072623287,29440800
2020-11-12,206.1834716796875,209.6957858040667,205.245582155711,207.8774264775349,21593900
2020-11-13,207.2074432373047,208.078347754169,204.95842191301892,207.0638939666924,18621100
2020-11-16,207.89651489257812,208.3846116329915,205.30296064141453,205.63791381682324,24953300
2020-11-17,205.24559020996097,208.32722733824193,204.88191248910937,206.8151259375312,24154100
2020-11-18,202.5396423339844,206.46415620662827,202.39570259363785,205.0056517579843,28372800
2020-11-19,203.82540893554688,204.41072870264787,201.4361499567747,202.82749415038785,24792700
2020-11-20,201.87754821777344,204.6602073715696,201.5033283365193,203.6143126574764,22843100
2020-11-23,201.60888671875,203.70067623444444,199.73778723420364,202.41489655187553,25683500
2020-11-24,205.20716857910156,205.58138849058068,200.4094698978745,201.1099298057376,33979700
2020-11-25,205.21678161621097,206.5793264368259,203.86384156453596,206.4066162928991,21012900
2020-11-27,206.52175903320312,207.51968868227823,205.37990426234612,206.15714384421696,14512200
2020-11-30,205.40866088867188,206.07073095156065,202.30933726248776,205.43744590699689,33064800
2020-12-01,207.46212768554688,208.52721755745344,204.71784299297605,205.83089814662523,30904500
2020-12-02,206.6560516357422,206.7520114581899,204.19004232609856,206.18588657342275,23724500
2020-12-03,205.57177734375,207.6251915836904,205.00563782977983,205.92680232460577,25120900
2020-12-04,205.6869201660156,206.6656547095932,204.55465576434483,205.55258520053735,24666000
2020-12-07,205.6197509765625,206.8191755730135,204.37236110938431,205.696515907705,24620000
2020-12-08,207.27017211914065,208.17214180932788,204.27641284227593,205.31271750920936,23284100
2020-12-09,203.23049926757812,206.52171321441085,202.66437439228125,206.45455305295152,32440600
2020-12-10,202.0023193359375,204.4587388392403,201.8487894566273,203.20174406539516,26733300
2020-12-11,204.63145446777344,204.68903915512257,200.64937011560133,201.55133987900228,30979400
2020-12-14,205.53341674804688,207.46210106509508,204.2668318593756,204.47793178105667,28798400
2020-12-15,205.46624755859375,206.704047371014,203.65271805023912,206.4641624379437,27000600
2020-12-16,210.40789794921875,211.20431778476424,206.03239855894847,206.06118358324636,35023300
2020-12-17,210.54220581054688,211.9527303850331,209.10289621547224,210.9739957607864,32515800
2020-12-18,209.74578857421875,210.80128814640273,207.2797790521737,209.74578857421875,63354900
2020-12-21,213.58395385742188,214.9369084468528,208.48880002213403,208.74787985959023,37181900
2020-12-22,214.8793182373047,216.50094263879487,212.87388382045947,213.6798936375532,22612200
2020-12-23,212.07749938964844,214.51472413933897,211.86639945368125,214.08293413992092,18699600
2020-12-24,213.73745727539065,214.5626619609656,212.25016788795264,212.46126778250064,10550600
2020-12-28,215.85806274414065,216.88476263524183,213.99655333703305,215.3686881144162,17933500
2020-12-29,215.08084106445312,217.988245497292,214.53391099007936,217.15345055362997,17403200
2020-12-30,212.71078491210935,216.50097899696252,212.50928974470455,216.11715427573617,20272300
2020-12-31,213.4208221435547,213.97735693650276,210.7916780475065,212.72995237585465,20942100
