Date,Close,High,Low,Open,Volume
2005-01-03,0.1801579594612121,0.188867883264876,0.1793942320984794,0.1862704970805646,1066716000
2005-01-04,0.1716772615909576,0.1817624341181237,0.1689267525406949,0.1814571316711284,790224000
2005-01-05,0.1732816994190216,0.1753445776062657,0.1689267373930389,0.1698435736609138,724812000
2005-01-06,0.1716011315584182,0.1784003702513323,0.1703780776511693,0.1763374922789112,563568000
2005-01-07,0.1683152318000793,0.1732817144430286,0.165793928429345,0.1719825635276494,763092000
2005-01-10,0.1686975061893463,0.1703780695871753,0.1677045733037441,0.1688506150495252,579552000
2005-01-11,0.1635018289089203,0.1680098997822393,0.1609805394388403,0.1670930635216928,1093380000
2005-01-12,0.1621265560388565,0.1655646812327441,0.158153909199677,0.1649540628318158,1057800000
2005-01-13,0.1638080030679702,0.168085951805735,0.1589176189646496,0.1625088526214456,898764000
2005-01-14,0.1643425226211547,0.1672461394760816,0.1627380561966793,0.1668638113888808,573912000
2005-01-18,0.1669399142265319,0.1673222423276832,0.1621265421012613,0.1625088565405186,464556000
2005-01-19,0.1631204187870025,0.1680859852795913,0.162432788222224,0.1677045861204694,336492000
2005-01-20,0.1635018289089203,0.1674753917153985,0.1598344975286315,0.1598344975286315,640080000
2005-01-21,0.1638080030679702,0.1670169222947288,0.1631964830492844,0.1637309909738407,596352000
2005-01-24,0.1572370678186416,0.1652593733310556,0.1563202317319176,0.1628911931921039,463704000
2005-01-25,0.159987598657608,0.1622035856031203,0.1570078843707063,0.157924720586822,439704000
2005-01-26,0.1620505154132843,0.1642665028877998,0.1578486615048122,0.1605221450185819,429120000
2005-01-27,0.1750392913818359,0.1758030188370033,0.1613628701902461,0.1623558033181147,1002912000
2005-01-28,0.1748100370168686,0.1764144899407652,0.1709895837726825,0.175726873114193,671052000
2005-01-31,0.1751153767108917,0.1784003936748504,0.172670183922372,0.1762614186613874,562968000
2005-02-01,0.1784003973007202,0.1791650400686547,0.1738932415244697,0.1749622713793555,507180000
2005-02-02,0.1883333772420883,0.1897847215553691,0.1801579614060451,0.1854297596065247,2035404000
2005-02-03,0.186346635222435,0.1876457862765982,0.1837492347995067,0.186346635222435,690120000
2005-02-04,0.1970432996749878,0.1975778077326599,0.1863465944728882,0.1864226912390991,806448000
2005-02-07,0.1946742385625839,0.2009398866411836,0.192917591411016,0.1972725544112014,521628000
2005-02-08,0.1965848803520202,0.1997167883543324,0.1928405368140882,0.1934520570025838,455772000
2005-02-09,0.1897086650133133,0.1977309600078021,0.1887148164370668,0.1971194397026119,783756000
2005-02-10,0.1941397041082382,0.1951326372320298,0.1900139473689622,0.1907015780461411,602376000
2005-02-11,0.1997938156127929,0.2012451737287526,0.192229932880477,0.1929175635513778,556512000
2005-02-14,0.1955910325050354,0.2004814316417308,0.194827318777652,0.1997167889053233,432900000
2005-02-15,0.1973486095666885,0.20361334097645,0.1965848821724425,0.1968901982578528,748500000
2005-02-16,0.1966609805822372,0.1995645983304907,0.1931467579818638,0.1967370773519671,466464000
2005-02-17,0.1949034631252288,0.1994115351632625,0.1933760079737917,0.1993354383760858,1017408000
2005-02-18,0.2159905880689621,0.2162197936998335,0.2040717313208949,0.2098789661723733,3132120000
2005-02-22,0.2187411189079284,0.2237837119252062,0.212629496007045,0.2145392654529097,1420800000
2005-02-23,0.2116356790065765,0.2179013270806994,0.2081214556967255,0.2152269281107459,1107840000
2005-02-24,0.2172136604785919,0.2175189628967224,0.2087329421194644,0.2087329421194644,695496000
2005-02-25,0.2203455865383148,0.221491628546152,0.2151507999586944,0.2175189807483676,525132000
2005-02-28,0.2214916050434112,0.2215686171564298,0.2173658487882267,0.219276533383971,758064000
2005-03-01,0.2209571003913879,0.2261528021681657,0.2187411132137023,0.2224854705813663,737148000
2005-03-02,0.2144632339477539,0.2197350342379597,0.2131640826530464,0.2185119797401933,947460000
2005-03-03,0.2115595489740371,0.2153029910600951,0.2084267254293116,0.2139277433986977,761292000
2005-03-04,0.2106426954269409,0.2140047241453674,0.2088851198012779,0.2121710517577265,593124000
2005-03-07,0.2127816677093505,0.2172136553869819,0.2101081847585699,0.2115595290564624,511176000
2005-03-08,0.2020088732242584,0.2127055787869014,0.2006336256416234,0.2122471674799889,1332384000
2005-03-09,0.1967370510101318,0.2044540548175468,0.196126446239768,0.2007106134001686,910140000
2005-03-10,0.1966609805822372,0.1991061870178307,0.1935281571776536,0.197348611213125,689280000
2005-03-11,0.1922299414873123,0.1987238792743076,0.1904723655016404,0.1984185768168127,732180000
2005-03-14,0.1976539343595504,0.1984946739651744,0.1948273420937488,0.196202589837796,572148000
2005-03-15,0.1936812102794647,0.2005574594751913,0.1935280877858708,0.198647690815796,378108000
2005-03-16,0.1903961896896362,0.1959733024418239,0.1903191775968046,0.1929174921079561,535356000
2005-03-17,0.1884856075048446,0.1916945281799249,0.1880271824587476,0.1910068974417292,442584000
2005-03-18,0.1846659928560257,0.1892501594747435,0.1812278678919873,0.1886386394296215,639012000
2005-03-21,0.1910068839788437,0.1914652953307304,0.1834430010394212,0.1845890430810368,654456000
2005-03-22,0.1875687390565872,0.1929175495002017,0.18688110843577,0.1911599737212362,622992000
2005-03-23,0.1916183680295944,0.1929175186328481,0.1869580906376843,0.1873395034287587,728784000
2005-03-24,0.1920007169246673,0.1973486121241643,0.1918476080373604,0.1921529104648297,865356000
2005-03-28,0.189860850572586,0.1948273472024813,0.1880271777578414,0.1920768379803644,511188000
2005-03-29,0.1856589317321777,0.1917714683138625,0.1848181923991193,0.1896315784356455,587400000
2005-03-30,0.1856589317321777,0.1883333432374265,0.1793171895444427,0.1857350284852146,858708000
2005-03-31,0.1815331876277923,0.1858881490650581,0.1806924482416956,0.184588998437942,518316000
2005-04-01,0.179775595664978,0.1848181871647392,0.1787065661030859,0.1837491576028471,510756000
2005-04-04,0.1787066310644149,0.1793172496491547,0.1747330813440221,0.1787827278429584,421428000
2005-04-05,0.1755738705396652,0.1825262359420871,0.1745039248565252,0.1787827922415091,430128000
2005-04-06,0.1782482266426086,0.1818385465684116,0.1776366926867992,0.178858845251136,567468000
2005-04-07,0.1815331876277923,0.1833668599156607,0.1761082811839201,0.1791650073410671,506352000
2005-04-08,0.1791650354862213,0.1863466032412843,0.1787827072810837,0.182296943546202,621540000
2005-04-11,0.1756498515605926,0.1810747715205711,0.1751153435761002,0.1804632377714184,328380000
2005-04-12,0.1777897477149963,0.1780950500723228,0.1712187862972062,0.1751153362251688,512232000
2005-04-13,0.170378103852272,0.1784774098051889,0.16923204821411,0.1780189984794425,498408000
2005-04-14,0.169002816081047,0.1723648447113567,0.1683922113071325,0.1707603916606449,352080000
2005-04-15,0.1631204187870025,0.1680859852795913,0.1615920487855653,0.1668638466838106,630156000
2005-04-18,0.1619743108749389,0.1656416405132171,0.161209668512636,0.1621265043376782,473100000
2005-04-19,0.1676275581121444,0.1688506119389753,0.1638841169084917,0.1646478441632474,365460000
2005-04-20,0.1625089049339294,0.1715241454975734,0.1623557960432539,0.1704551156424409,564672000
2005-04-21,0.171524167060852,0.1721356873532671,0.1643425982176156,0.1657939428083115,538152000
2005-04-22,0.1699196547269821,0.1716011335710996,0.1679337888384947,0.1704550917576346,336276000
2005-04-25,0.1725940704345703,0.1738932211467575,0.1705311923911107,0.1713719318322608,318168000
2005-04-26,0.1718303561210632,0.1762614149420158,0.1683152182264135,0.1726701802787806,353148000
2005-04-27,0.1652593314647674,0.1679337286324322,0.161821193595086,0.1673222087218198,609348000
2005-04-28,0.1657939255237579,0.1680099127476684,0.1631204423123312,0.1647248956456813,372948000
2005-04-29,0.1675514876842498,0.1686975295889958,0.1598344967667511,0.1673983788028335,478356000
2005-05-02,0.1669399142265319,0.1714479976704259,0.1644186253668086,0.1695382288441359,334908000
2005-05-03,0.1660231202840805,0.1701488766729333,0.1653355033272033,0.1670930654390505,439512000
2005-05-04,0.1712949275970459,0.1725179953620828,0.1662523483340593,0.1667877717822918,468816000
2005-05-05,0.174656942486763,0.1767959172196696,0.1713719259536799,0.1722887484643043,619272000
2005-05-06,0.1770251542329788,0.1771021663538686,0.172670191887817,0.1767198517909841,355728000
2005-05-09,0.1803110986948013,0.1815332375531961,0.1767198635511333,0.1777898088519969,745332000
2005-05-10,0.1732816994190216,0.1780950864098903,0.1712949179999019,0.1780189896417659,735120000
2005-05-11,0.170378103852272,0.1749622717573281,0.1700727877555986,0.1741985443349082,555420000
2005-05-12,0.1741224229335785,0.1764145065618938,0.1702258725683048,0.1703780797524777,835584000
2005-05-13,0.1935281753540039,0.1945981206283121,0.1818385355023957,0.189860843522591,2650320000
2005-05-16,0.194215789437294,0.195514940278337,0.1911599781239537,0.1912360748943218,664104000
2005-05-17,0.1963556855916977,0.1972725219136339,0.1929175596308605,0.1930697531760835,639804000
2005-05-18,0.1978070139884948,0.1982654389432671,0.193834380246919,0.1958972583886515,550056000
2005-05-19,0.1974247694015503,0.1991062489596331,0.1952096969422175,0.1982655091805917,452880000
2005-05-20,0.2009398639202118,0.2010159606967545,0.19490343588884,0.1971955199811425,517008000
2005-05-23,0.205600157380104,0.2076630359444208,0.2017036059448613,0.2023151399048994,703668000
2005-05-24,0.2085037976503372,0.2092675115933182,0.2036133971330738,0.2046072458029741,522192000
2005-05-25,0.205829307436943,0.2091143240241935,0.203842526191696,0.2080452943136256,535272000
2005-05-26,0.2116356790065765,0.2132401462486039,0.2072807160095028,0.2076630442915179,788784000
2005-05-27,0.2102603614330291,0.2122471426366032,0.2080452899498489,0.2122471426366032,322740000
2005-05-31,0.2070514410734176,0.2111011002286771,0.2036133156982935,0.2093435246568337,763176000
2005-06-01,0.2089621573686599,0.2127816824713433,0.2032319475365273,0.2056762250118784,796632000
2005-06-02,0.216755211353302,0.216755211353302,0.2081974818332714,0.2081974818332714,684348000
2005-06-03,0.2162198424339294,0.2179774047776588,0.2139277582848069,0.215990636751397,559620000
2005-06-06,0.2141569256782531,0.2165260215294795,0.2121710596923899,0.2123232532220375,512892000
2005-06-07,0.2089621573686599,0.2162198220325208,0.2081975146056372,0.2127055857000943,974136000
2005-06-08,0.2075098901987075,0.2124002756687607,0.2052948184635122,0.2094966579664261,618720000
2005-06-09,0.2162198424339294,0.2162968545596036,0.2056762444184465,0.2059054501009789,619908000
2005-06-10,0.2137755006551742,0.2162197914466605,0.2123232411148669,0.2159905858181776,465096000
2005-06-13,0.2185118645429611,0.2245483046720015,0.2133170791358021,0.213927697546257,1409916000
2005-06-14,0.205600157380104,0.2221792690147724,0.1987238909450816,0.2185889490641428,2408412000
2005-06-15,0.2049885690212249,0.2059054052133825,0.1968901794863245,0.2043009384616327,1669788000
2005-06-16,0.206058531999588,0.2074337795764453,0.2019327756071187,0.204912490075224,489240000
2005-06-17,0.205600157380104,0.2089621869846312,0.2050656355493885,0.2085798723798838,456348000
2005-06-20,0.2087329626083374,0.2101082103074887,0.2022381096740037,0.2056001389776083,606060000
2005-06-21,0.2107187807559967,0.2117126290049192,0.2081213811864649,0.2101081623373126,428172000
2005-06-22,0.2104895561933517,0.214386106292454,0.2078921703508718,0.2129347621858462,700668000
2005-06-23,0.2137755006551742,0.2163729003146589,0.209343526958901,0.2101081696137595,836976000
2005-06-24,0.2069753408432006,0.2134692769922812,0.2058292990707095,0.2133931802339094,475632000
2005-06-27,0.2052947878837585,0.2073576521127289,0.2034611156114566,0.2056761870167053,354588000
2005-06-28,0.2065930068492889,0.2079682541140381,0.2038424986578962,0.206134581986443,262308000
2005-06-29,0.2046832293272018,0.2070514093069319,0.2030026661198627,0.2066700102201894,283572000
2005-06-30,0.2041487395763397,0.2079682777683364,0.2025442865286242,0.206058508672338,593232000
2005-07-01,0.2050655782222747,0.2053708942742469,0.2009398222470171,0.2034611251551723,315168000
2005-07-05,0.2082745134830474,0.209114337616769,0.2038425394416009,0.2058293208159901,388440000
2005-07-06,0.2138516902923584,0.214768513145899,0.2065931086193985,0.2089622052130927,703632000
2005-07-07,0.2123232781887054,0.2139277451920343,0.2098019885113581,0.2104896055168719,465900000
2005-07-08,0.2149976938962936,0.2156853109129169,0.2108719371489595,0.2136224325392499,408132000
2005-07-11,0.2182065546512603,0.2204225413164459,0.2159905679860748,0.216907390424314,399492000
2005-07-12,0.2169844508171081,0.2186650007683318,0.2125524631175168,0.2180534669343616,564252000
2005-07-13,0.2172897905111313,0.2185119293797637,0.2136224448960779,0.2179013107881262,594780000
2005-07-14,0.2076630145311355,0.223860725238109,0.2073576984252936,0.2195818596393364,1871496000
2005-07-15,0.2054470032453537,0.2076629902332397,0.2018566704231353,0.2070514564078137,1223352000
2005-07-18,0.2003283053636551,0.2049124726717724,0.198265427342623,0.2048363759097793,1044900000
2005-07-19,0.2030788213014602,0.2035372462768545,0.200023023670068,0.2015504648121931,517896000
2005-07-20,0.2061345875263214,0.2069753268615277,0.1979601021543455,0.2007105967577636,526500000
2005-07-21,0.2026203870773315,0.2043779626865125,0.1984185343135131,0.2034611265012898,594528000
2005-07-22,0.1973486095666885,0.2065169587004793,0.195897265209189,0.20361334097645,699264000
2005-07-25,0.1984945684671402,0.2046071037817378,0.1942157049446252,0.195056444103404,974952000
2005-07-26,0.2026203870773315,0.2029256894694275,0.1968901779970598,0.1976538916508191,759492000
2005-07-27,0.2067461162805557,0.2076629523469341,0.199487538162823,0.2029256631653214,807828000
2005-07-28,0.2083506286144256,0.2093435617155916,0.2035372549695502,0.2063638470649125,411240000
2005-07-29,0.2067461162805557,0.2097258300808119,0.2050655529975195,0.2075098434972135,351660000
2005-08-01,0.2098790109157562,0.2107958472965952,0.2065930782890351,0.207968326029344,389040000
2005-08-02,0.2127055674791336,0.2133931980648443,0.2098019635835433,0.2101081813366252,422652000
2005-08-03,0.2127055674791336,0.2146923488096386,0.2107958119223359,0.2127055674791336,518256000
2005-08-04,0.2104895561933517,0.2120179260647695,0.2100311449637609,0.2111010899436927,356424000
2005-08-05,0.2158383280038833,0.2162967528152077,0.2087328732163368,0.2101842170691582,684096000
2005-08-08,0.2166021317243576,0.2213394220353534,0.215073775241652,0.217289762353548,725544000
2005-08-09,0.2160676270723343,0.2174428746906431,0.2136985173747201,0.2169074375920392,291900000
2005-08-10,0.2128587365150451,0.2180535099348231,0.2106427490592021,0.2169844936067581,440556000
2005-08-11,0.2158383280038833,0.2162197407257594,0.2107957507125646,0.2128586282087924,701556000
2005-08-12,0.2288262546062469,0.2308130220741439,0.2207278519199799,0.2285209385691928,2295420000
2005-08-15,0.234633520245552,0.2370017008215525,0.2266873100197506,0.2295909140070076,882804000
2005-08-16,0.2306599766016006,0.234480417161843,0.228979412831652,0.2324175524921824,637488000
2005-08-17,0.2306599766016006,0.2334874977182784,0.2295139346020566,0.2296670298342394,607572000
2005-08-18,0.2247005701065063,0.2300493677713998,0.2237076369001505,0.228903339317305,822732000
2005-08-19,0.22309610247612,0.2257705149648219,0.2224084854051143,0.2250828842319166,422232000
2005-08-22,0.2212623506784439,0.2263049423760112,0.2186649649067409,0.2227146237543479,547224000
2005-08-23,0.2227147072553634,0.223860749389685,0.220269514074633,0.2210332279404833,254460000
2005-08-24,0.2228668630123138,0.2276041396580407,0.22019337993793,0.2212623960993105,514620000
2005-08-25,0.2243952304124832,0.2256173828432392,0.2219500375275857,0.223860722305785,296484000
2005-08-26,0.2209571003913879,0.2246244456400853,0.2188181253326688,0.2246244456400853,323436000
2005-08-29,0.2213393896818161,0.221568595304077,0.2171366217281138,0.218894183609678,343392000
2005-08-30,0.2292846739292144,0.2298201109502569,0.2206517629451949,0.2209570653311216,948852000
2005-08-31,0.2344041913747787,0.2373068786582124,0.2280624509764484,0.2287500812624696,906804000
2005-09-01,0.2344804108142852,0.2366193721994906,0.2324936429718559,0.2337166833970261,556884000
2005-09-02,0.2306599766016006,0.2349388284969013,0.2298962491636668,0.2349388284969013,469800000
2005-09-06,0.2325706779956817,0.2337928169277469,0.2279865094008318,0.231500732630322,423096000
2005-09-07,0.239981472492218,0.2405929791546024,0.2316538610968562,0.2322644660738134,588012000
2005-09-08,0.2428080737590789,0.2457877889932659,0.2385301227298409,0.2385301227298409,646116000
2005-09-09,0.2459408193826675,0.2464753547763385,0.2414327484837463,0.2454063113127911,454236000
2005-09-12,0.2451000213623047,0.2469336933537763,0.2421973335459163,0.246169966195964,556584000
2005-09-13,0.2525118291378021,0.2537339680500018,0.2439540970486365,0.2439540970486365,854724000
2005-09-14,0.249455064535141,0.2539631353493165,0.2483089953161736,0.2506011064303143,503448000
2005-09-15,0.2538869678974151,0.256713558960631,0.2517470782358768,0.253275434232329,759756000
2005-09-16,0.2540391981601715,0.2574012266297946,0.2519763066303155,0.2560259656098906,519828000
2005-09-19,0.250449001789093,0.2545747322170264,0.249073740097246,0.2537340060985245,428316000
2005-09-20,0.2553383708000183,0.258164989991376,0.2520533676363243,0.2523586563894784,522192000
2005-09-21,0.2531224191188812,0.2593880665773097,0.2509073607810238,0.2543454869679342,625656000
2005-09-22,0.2463231980800628,0.2537339587585826,0.2418150991831245,0.2537339587585826,739152000
2005-09-23,0.2499134689569473,0.2520533591554209,0.2437248210341362,0.2457877127830043,314640000
2005-09-26,0.25197634100914,0.2537339167445332,0.2473160766490029,0.2518241474756822,406776000
2005-09-27,0.2528170943260193,0.2552622733430389,0.2509073250558792,0.2530462863115679,404160000
2005-09-28,0.2543454468250274,0.2550330774186415,0.2506781018749479,0.2535807904568207,353556000
2005-09-29,0.259617269039154,0.2597694625844889,0.2523586752309374,0.2544215672032347,513372000
2005-09-30,0.2619093954563141,0.2642775765883149,0.2592349964896703,0.2597695046793093,458832000
2005-10-03,0.269090861082077,0.2710006300744286,0.2628261171122314,0.2649651053805844,549888000
2005-10-04,0.2655767202377319,0.274668031109102,0.2649651863024637,0.2702369853464201,514476000
2005-10-05,0.2567897439002991,0.2658819828864989,0.2551852906074665,0.2658819828864989,599184000
2005-10-06,0.2558729648590088,0.2604571335190598,0.2481568602124937,0.2564844715145409,685512000
2005-10-07,0.2525880038738251,0.2589297504421335,0.2506012351381517,0.2563314475570336,551952000
2005-10-10,0.2461699545383453,0.2543453677053827,0.2460938577964118,0.2538869565601699,459216000
2005-10-11,0.2431142479181289,0.249225870864282,0.24028672676809,0.2470868820721394,540048000
2005-10-12,0.2460168749094009,0.2497612451216888,0.2421203385105194,0.2424265562252177,657660000
2005-10-13,0.2447187304496765,0.2458647725993859,0.2353211738925391,0.2454824579876811,509304000
2005-10-14,0.2447187304496765,0.2495321184079761,0.2406690700293814,0.2464754048851477,311256000
2005-10-17,0.2470868825912475,0.2495320891803026,0.244870895334806,0.244870895334806,243912000
2005-10-18,0.2430372089147567,0.2484621299023184,0.2414327556484976,0.2480037185867866,299832000
2005-10-19,0.2409743219614029,0.2413566364712348,0.2331051242625336,0.2399053058891712,635952000
2005-10-20,0.2426558434963226,0.2476984230328283,0.240286733619202,0.2413566788884285,359520000
2005-10-21,0.24403116106987,0.2475453847927757,0.2423496814977868,0.246781657148204,298368000
2005-10-24,0.2506781220436096,0.2506781220436096,0.2439540637452722,0.2461700509208089,291012000
2005-10-25,0.2522825598716736,0.2530462872455068,0.2479276115684407,0.2489966276957295,334680000
2005-10-26,0.2454063296318054,0.2528932138526076,0.2450240150692868,0.2523586784190348,415344000
2005-10-27,0.2402866035699844,0.2466283442820729,0.2395228765146126,0.2458646172267011,227784000
2005-10-28,0.247698500752449,0.2481569122498207,0.2349389116835956,0.2408983431208467,464640000
2005-10-31,0.2563312649726867,0.2580888403539716,0.2486912877513436,0.2486912877513436,432420000
2005-11-01,0.2531993985176086,0.2582419772031461,0.2512126035527945,0.2563313063257987,400488000
2005-11-02,0.2678687572479248,0.2681740459953424,0.252129459665698,0.2532755015463869,523668000
2005-11-03,0.2647359669208526,0.2712299048253216,0.2625970053233265,0.2697024771629815,465072000
2005-11-04,0.260227769613266,0.2654995661088704,0.2574772754097549,0.2648889614779149,570276000
2005-11-07,0.2590818703174591,0.2625199967902818,0.2580128539530064,0.2616031739937159,370824000
2005-11-08,0.2542684674263,0.2603049230148087,0.2531224253358485,0.2600757036671989,538968000
2005-11-09,0.2657288908958435,0.2674103699896887,0.2519002629955977,0.2548038808455082,818880000
2005-11-10,0.2558729648590088,0.2809336989204194,0.2509073832675648,0.2749742960566333,2503620000
2005-11-11,0.2600755989551544,0.2631314094042372,0.2569427900722303,0.2580888317012608,545928000
2005-11-14,0.2655767202377319,0.2674103930343862,0.2561791642322531,0.2601517986267211,493668000
2005-11-15,0.2661872804164886,0.2697024318609795,0.2653474562855432,0.2671811287739483,496200000
2005-11-16,0.2652704417705536,0.2679448675124222,0.2600756691674588,0.2664935094874032,455280000
2005-11-17,0.2770372331142425,0.2772664525364123,0.2643537402049749,0.2674865786920772,703260000
2005-11-18,0.2765016257762909,0.2802459960996767,0.2710776347070565,0.2779538852586785,465768000
2005-11-21,0.2813920974731445,0.2818505088089454,0.2749742568005417,0.2768079021437454,454704000
2005-11-22,0.2888788878917694,0.2916293825974666,0.2806273764508874,0.2828433631702058,731700000
2005-11-23,0.2880391180515289,0.2922409713183863,0.2865107615521033,0.2891851600047855,411948000
2005-11-25,0.2908657193183899,0.2913241306064856,0.2874275663481874,0.2894143613646567,116676000
2005-11-28,0.2894143462181091,0.2941507070300802,0.2842186451330937,0.2916294040918158,424524000
2005-11-29,0.2710776925086975,0.280016836526166,0.2698546520467592,0.2722998312853463,1043136000
2005-11-30,0.2761963903903961,0.2775716243719812,0.2690909191855868,0.2691670159577295,575448000
2005-12-01,0.2794813513755798,0.2807805157117174,0.2755087179392877,0.2784884320996864,562032000
2005-12-02,0.2795584201812744,0.2814681895902517,0.2758140491265626,0.2807805589360279,334476000
2005-12-05,0.2743627429008484,0.2801690501045182,0.2734458928386407,0.2801690501045182,387708000
2005-12-06,0.2755087018013,0.2792521430513913,0.2744387568185546,0.2748210712932105,375252000
2005-12-07,0.2759671211242676,0.2782592046692499,0.27122983150866,0.2765786548941487,352668000
2005-12-08,0.2737511694431305,0.2781061451313477,0.2706192614515201,0.2745157985129184,386664000
2005-12-09,0.2776477038860321,0.2780300457411148,0.270771452434134,0.2745918926913714,262896000
2005-12-12,0.2816973626613617,0.2823088965021759,0.2779539208672925,0.2784123594884971,281136000
2005-12-13,0.2853646874427795,0.2878098936235518,0.2801689863488876,0.2822318507027793,443412000
2005-12-14,0.2826901972293854,0.2846008674374408,0.2793290712985845,0.283225606766858,287472000
2005-12-15,0.2791000604629516,0.2846010520663684,0.2761964420792343,0.2824611612504122,332724000
2005-12-16,0.2815442681312561,0.2827673084920853,0.277418511796871,0.2800929101444782,1065600000
2005-12-19,0.2768839299678802,0.2842186188094025,0.2761963267973036,0.2821557273263032,292296000
2005-12-20,0.2767308056354522,0.2807804640968342,0.2730634616008408,0.2765786121422339,304356000
2005-12-21,0.2761963903903961,0.2803221469827436,0.2736750871051293,0.2780300630229723,289380000
2005-12-22,0.2846010029315948,0.2849063190336604,0.2758910782934038,0.27596717506665,318336000
2005-12-23,0.2868159413337707,0.2871982556982453,0.2834548155269962,0.2853645839797257,214536000
2005-12-27,0.2885737121105194,0.2917065501368778,0.2855940240033779,0.2865108469096055,367968000
2005-12-28,0.291248083114624,0.2921649058459249,0.2867400115890489,0.2885736570516508,264420000
2005-12-29,0.2847531139850616,0.2920117057456641,0.283530975569365,0.2910948560197943,310464000
2005-12-30,0.2793291509151459,0.2832256874940404,0.2781831091376009,0.2831486890502209,229608000
2006-01-03,0.2920118570327759,0.2941508189587188,0.2800168988973747,0.2809337217744485,472812000
2006-01-04,0.3001872301101684,0.3006456688450234,0.2911710861660136,0.2942278271188661,510072000
2006-01-05,0.3069863617420196,0.307521798733782,0.2997286985739774,0.3002632065568747,646092000
2006-01-06,0.3120290637016296,0.3131751057862411,0.2983535571507428,0.3105016087123836,623388000
2006-01-09,0.3207388520240783,0.3224203032240886,0.311189106521183,0.3118767096192404,560484000
2006-01-10,0.3208159506320953,0.3208159506320953,0.3151618376374404,0.3192114973626509,339660000
2006-01-11,0.3324287235736847,0.3342623695705696,0.32058688646121,0.3211213947611305,626304000
2006-01-12,0.3276921510696411,0.3374711173443057,0.3253230690787653,0.3323524422465164,495504000
2006-01-13,0.3247887194156647,0.3296020808173524,0.3202045227623644,0.3269276814799637,421296000
2006-01-17,0.3245593309402466,0.3247124534609261,0.3160786002396787,0.3203574784723498,329232000
2006-01-18,0.3262398540973663,0.3273097989896855,0.311723627193344,0.314703340927375,459948000
2006-01-19,0.3443474471569061,0.3488555185295649,0.3299843378091034,0.3305949427110945,914760000
2006-01-20,0.3347206115722656,0.3488554268787541,0.3346445148163125,0.3448827936849398,461604000
2006-01-23,0.3366313278675079,0.3394579197082458,0.3327347909016868,0.3373189584670749,334884000
2006-01-24,0.3383118510246277,0.3453412243575489,0.3364782060027212,0.3373950285136745,388896000
2006-01-25,0.3353321850299835,0.3422084362605994,0.3312825255918191,0.3399924492820246,400236000
2006-01-26,0.346792608499527,0.3470979245725456,0.3380826846899756,0.3402216459239154,448836000
2006-01-27,0.3533636033535003,0.357260140662082,0.3483970935019209,0.3513007113733362,385044000
2006-01-30,0.3493901193141937,0.3552734258373138,0.3477856383031118,0.3548911111916665,315780000
2006-01-31,0.3435076177120209,0.3495431439192,0.3408332191040943,0.3476333744479969,384456000
2006-02-01,0.3437369167804718,0.3451121784527422,0.3360199096363885,0.3373190745162153,450852000
2006-02-02,0.333269327878952,0.3470979558651442,0.3327348197745266,0.3468687365374668,473736000
2006-02-03,0.3363251090049743,0.3404508652650483,0.3300603915107461,0.3311303366323195,504252000
2006-02-06,0.3457995951175689,0.3461810078830119,0.3339568640033191,0.3354082216838144,363468000
2006-02-07,0.3334985673427582,0.3464873445844265,0.3333454447787025,0.3464873445844265,399408000
2006-02-08,0.3431253135204315,0.3431253135204315,0.3344914852190139,0.3344914852190139,393072000
2006-02-09,0.3373189270496368,0.3495430721903974,0.3351790369987768,0.3441951777572742,437100000
2006-02-10,0.3354083895683288,0.3400695570032819,0.327539189152527,0.338541200121436,414996000
2006-02-13,0.3365544080734253,0.338923490861272,0.332047237906115,0.3343393222245007,280740000
2006-02-14,0.337165892124176,0.3383880309854922,0.3327348463617468,0.3365543855127412,342348000
2006-02-15,0.34365975856781,0.3445766084373324,0.3356374656594017,0.3364782187658002,493296000
2006-02-16,0.3606212437152862,0.3613859001634377,0.3477094655982723,0.3500776463743215,1305888000
2006-02-17,0.3626841008663177,0.3875156369548645,0.3606212090679961,0.3871333224294186,2356956000
2006-02-21,0.3549680709838867,0.3625319539017398,0.3518352336582597,0.3619204199899964,684060000
2006-02-22,0.3543566167354584,0.3571832095742071,0.3415209320908422,0.34992554282328,939756000
2006-02-23,0.3489315509796142,0.3556556357348353,0.347938631686513,0.3532865263122222,385128000
2006-02-24,0.3488554954528808,0.3546618293542911,0.3470218501737723,0.3504599760577943,416412000
2006-02-27,0.3629903793334961,0.3652054650347772,0.3478626129109512,0.3515299585054465,666468000
2006-02-28,0.3600867986679077,0.3644417754295995,0.3565725752751692,0.3613859634528809,563316000
2006-03-01,0.3737631142139435,0.3759020753399948,0.3590937623999337,0.3613858460592671,703932000
2006-03-02,0.3742976486682892,0.3795694469216988,0.3694842617143511,0.3733807987455515,545460000
2006-03-03,0.3755967617034912,0.3820907255422046,0.3701718685778069,0.370859499144798,595800000
2006-03-06,0.3748322129249573,0.3854528368004252,0.3729985401283975,0.3829315332896808,529020000
2006-03-07,0.3684142529964447,0.3778118059710126,0.3610034947448017,0.3749091178162055,606204000
2006-03-08,0.3665806353092193,0.3704011028055818,0.3534396665391897,0.3684913335618952,670800000
2006-03-09,0.368491381406784,0.3772013063151468,0.3682621620708545,0.3710126574830223,536700000
2006-03-10,0.3620735108852386,0.3727693011841805,0.3587875786096235,0.3681090093385442,521580000
2006-03-13,0.3664284646511078,0.368185111464007,0.3629903387867385,0.3657408340134748,372132000
2006-03-14,0.376589685678482,0.3781180419310112,0.3653584599566252,0.3667337210078864,627792000
2006-03-15,0.3826253414154053,0.3831607786079883,0.3759021837086781,0.3773535420143749,510600000
2006-03-16,0.3696373999118805,0.383771316284054,0.3683382354021947,0.3833129049651695,568416000
2006-03-17,0.372617095708847,0.373610015067385,0.3623787880393386,0.3678798055603596,618588000
2006-03-20,0.369789570569992,0.3759781913014553,0.3694081577307284,0.3759020945354012,293772000
2006-03-21,0.3880502581596374,0.3950026356236573,0.3778890007181096,0.3880502581596374,1235472000
2006-03-22,0.3768951296806335,0.3800279400074042,0.3684143958581856,0.3781942670910966,1158576000
2006-03-23,0.3839245140552521,0.3854528982945021,0.3739154498420013,0.3781943027291952,661992000
2006-03-24,0.3969132602214813,0.3976008909401657,0.3843067972328625,0.3849174021629444,687936000
2006-03-27,0.4076089560985565,0.4079151738388559,0.3959193186008187,0.3972184829532784,651444000
2006-03-28,0.4138747155666351,0.4192987084136672,0.4049355705253087,0.4057753948353938,795204000
2006-03-29,0.4361077845096588,0.4368715117390817,0.4121930752714678,0.4156312003314316,987096000
2006-03-30,0.4390876293182373,0.4414558101505321,0.4286962252775927,0.4365663259260992,1063308000
2006-03-31,0.4374831914901733,0.4448939520463064,0.4348087654431497,0.438781427115509,835560000
2006-04-03,0.4423726499080658,0.4484852021812254,0.4342742586210636,0.4397752769641644,968916000
2006-04-04,0.4630773961544037,0.4637650266214858,0.4425256171975148,0.4429840284009733,1200612000
2006-04-05,0.4668219983577728,0.4691140829729509,0.4523818324935864,0.4622378291274167,1112976000
2006-04-06,0.4677386581897735,0.4712528806811529,0.4591809004351352,0.4655987679085065,789312000
2006-04-07,0.4665155410766601,0.4698775696770829,0.457347206784047,0.4657518411044403,682674000
2006-04-10,0.4584172666072845,0.4681971644501495,0.4549030436082226,0.4654466416145517,634230000
2006-04-11,0.447262167930603,0.4599456847943333,0.4445116722142658,0.4599456847943333,702072000
2006-04-12,0.4652934968471527,0.4677387034434815,0.4477205246720527,0.4501657312683814,598308000
2006-04-13,0.4523046314716339,0.4605561159969685,0.4504709591358511,0.4553613440467581,738360000
2006-04-17,0.4535278081893921,0.4648351616549881,0.4498604624142261,0.4515410400509616,443868000
2006-04-18,0.4428310394287109,0.4455815346329752,0.4307590587884918,0.4454284120842264,1165488000
2006-04-19,0.4455815553665161,0.4504710394641942,0.4339680128231091,0.4400805373782223,517476000
2006-04-20,0.4449699521064758,0.4529161480855664,0.4342741629090758,0.4416088524166791,552684000
2006-04-21,0.428925484418869,0.4481790086781373,0.4237306836017572,0.4463453357976642,770016000
2006-04-24,0.4420673251152038,0.446345275249865,0.4240359422191866,0.4316759215198124,676848000
2006-04-25,0.4417611062526703,0.4428310514573049,0.4293838365115854,0.4370247174788061,719766000
2006-04-26,0.4387053251266479,0.4501657456824317,0.4339680343408683,0.4434425885886296,330528000
2006-04-27,0.4457346200942993,0.449860348895516,0.4275501166964362,0.4370246692452176,462966000
2006-04-28,0.4464984238147735,0.4521525649386513,0.4422195714837211,0.4460400124330314,284736000
2006-05-01,0.4721696972846985,0.4808796484635191,0.4495541481663912,0.4495541481663912,902472000
2006-05-02,0.4715583324432373,0.4813381770396583,0.4634599399896582,0.4756840626401282,539700000
2006-05-03,0.4746150076389313,0.4798098085005717,0.4657519866233079,0.4662103706926056,378114000
2006-05-04,0.4715583324432373,0.4767540080886219,0.4628483786477054,0.4652935857110309,511128000
2006-05-05,0.4779759049415588,0.4796574108800436,0.4674323107667337,0.474003299345259,338184000
2006-05-08,0.4758370518684387,0.4871444031367953,0.4714060067470674,0.4767538744721737,503622000
2006-05-09,0.4613208174705505,0.4776707758568829,0.4607093109166897,0.4752255693553189,561648000
2006-05-10,0.4510825276374817,0.4611677125986528,0.4464983327832812,0.4558197903844494,753264000
2006-05-11,0.4350379109382629,0.4599455707585166,0.4315236885491622,0.4556666920057309,1201110000
2006-05-12,0.4023372530937195,0.4267864789109159,0.3933220116137044,0.4246475172979653,1568172000
2006-05-15,0.4081445336341858,0.411658757066735,0.3980593457484929,0.4015735691810422,553380000
2006-05-16,0.3974477350711822,0.4105887324331916,0.3948503623059177,0.4104365388870515,497532000
2006-05-17,0.3814030587673187,0.3983644927397894,0.3743736858780468,0.3960724092832764,841074000
2006-05-18,0.3641363382339477,0.3881262180283376,0.3636779269703037,0.3844589005953933,686730000
2006-05-19,0.3717765212059021,0.3804864493066219,0.3638303208447012,0.3674976676209434,932808000
2006-05-22,0.3667336702346802,0.3705541094945219,0.3566484876772081,0.3697894806315656,734886000
2006-05-23,0.3627610504627228,0.3830836113308207,0.3612326942519728,0.3743736886664401,532314000
2006-05-24,0.3674975037574768,0.3783473183175771,0.3577185360541417,0.3659700489595158,579522000
2006-05-25,0.3655117154121399,0.3798748266118624,0.3635249198707656,0.3743738350537818,423666000
2006-05-26,0.3662753999233246,0.3693312114954597,0.3624549318703629,0.3668869065176036,294642000
2006-05-30,0.3509944379329681,0.3670390232791431,0.3508422444111849,0.3668868297573598,448788000
2006-05-31,0.3511477410793304,0.3590939690208425,0.3490087787225306,0.3557319383595145,598422000
2006-06-01,0.3694843351840973,0.3694843351840973,0.3496192768985278,0.355120295557415,537126000
2006-06-02,0.3641363382339477,0.377277333614045,0.3604689934772111,0.3754436612356767,673710000
2006-06-05,0.3488554954528808,0.3688727442101559,0.3477855502624515,0.3621496149929871,581052000
2006-06-06,0.339534044265747,0.3535927931956822,0.3300604196092873,0.3532865754113655,824130000
2006-06-07,0.33342245221138,0.3438129269567896,0.3308241231063184,0.3432013930671606,565380000
2006-06-08,0.3273099064826965,0.3338808698090174,0.3141689361629505,0.3296019905195044,730572000
2006-06-09,0.3262398540973663,0.3372418593255948,0.3234893596212562,0.3315886768739564,433824000
2006-06-12,0.3082095682621002,0.3248647920602482,0.3063758952018592,0.3205868409258752,463230000
2006-06-13,0.3034721612930298,0.3143210729402543,0.3005685438795665,0.3080563285386617,532548000
2006-06-14,0.3123352825641632,0.3132521053054198,0.3020969732234856,0.3053059074654813,480492000
2006-06-15,0.3396871984004974,0.3407571437126296,0.3211974023650164,0.3237957043612008,837336000
2006-06-16,0.3309772908687591,0.3383119551859975,0.3277683564448547,0.3373951323927677,503448000
2006-06-19,0.3210451900959015,0.3363251493044952,0.3202805336319598,0.3346445991592485,388044000
2006-06-20,0.3160025477409363,0.3231841151912833,0.3109599688639575,0.3121821075263696,535818000
2006-06-21,0.3195168673992157,0.3245594473790388,0.3146273826712061,0.3146273826712061,441174000
2006-06-22,0.3101953566074371,0.3239478601023481,0.3080563679182396,0.3230310374655389,532338000
2006-06-23,0.3103484213352203,0.3167662611335716,0.306681103824586,0.3095846940000859,335202000
2006-06-26,0.3074448704719543,0.3132521067292083,0.3059174427944215,0.3098900772278694,281736000
2006-06-27,0.297665923833847,0.3095847559448847,0.2935401669005421,0.3092785381366689,608514000
2006-06-28,0.3141689300537109,0.3190583868163507,0.2921648854749235,0.2999579874428062,833376000
2006-06-29,0.3283798694610595,0.3283798694610595,0.3045421777965879,0.3056111940889267,687666000
2006-06-30,0.3253231644630432,0.336783585559809,0.3228788866821685,0.3315888121804703,468240000
2006-07-03,0.3300604224205017,0.3331162065213788,0.3277683111068792,0.3328109177435336,174696000
2006-07-05,0.3152379095554352,0.3277682732802507,0.3152379095554352,0.3248646830607481,459708000
2006-07-06,0.3054589033126831,0.3182945814563165,0.3022499974386696,0.3152378690914844,470634000
2006-07-07,0.2959843277931213,0.3082094002114137,0.2926232013596165,0.3075978665216765,541230000
2006-07-10,0.28314870595932,0.2988880030649284,0.2805513062053856,0.2967490145846291,449922000
2006-07-11,0.2926232814788818,0.2936923249604912,0.2781061491650393,0.2822318782758926,600582000
2006-07-12,0.278564453125,0.2949152517002622,0.2782591371566907,0.2915532239568717,461034000
2006-07-13,0.271382987499237,0.2811628566550283,0.2700077262731442,0.2742866051721531,540582000
2006-07-14,0.2700077593326568,0.2779539569345146,0.2623677795335473,0.2764256003005608,572148000
2006-07-17,0.2721468806266784,0.2752035953819673,0.2674105165513117,0.2687857512911744,502806000
2006-07-18,0.2869690656661987,0.2898726823543522,0.2713828954596437,0.2814680772750783,979332000
2006-07-19,0.2994996011257171,0.3031669194253417,0.2836071780752427,0.2857470686997791,1055550000
2006-07-20,0.2935401797294616,0.3101954017474463,0.2930817683443485,0.3048475057273888,505602000
2006-07-21,0.2715360820293426,0.2848302009843093,0.2693961917426711,0.2836071332968381,633918000
2006-07-24,0.2988878488540649,0.3057640963821786,0.2800927504181977,0.2816211059860121,983178000
2006-07-25,0.3094316720962524,0.3126405790937567,0.2981243461761553,0.3025554193954867,574104000
2006-07-26,0.3094316720962524,0.3130990177995139,0.3002633078380987,0.3094316720962524,495318000
2006-07-27,0.3138626515865326,0.3262399202234794,0.308209467989041,0.3134042403015628,694338000
2006-07-28,0.34641033411026,0.3470218680123479,0.3201283387807779,0.3219620114779416,815298000
2006-07-31,0.3383118510246277,0.3462580741922939,0.3373950285136745,0.3427429230213722,594762000
2006-08-01,0.3247125148773193,0.3347976731263337,0.3185999632472089,0.3341861392606091,600966000
2006-08-02,0.3496191501617431,0.3513006288731596,0.3311302890832452,0.3318939890131123,756774000
2006-08-03,0.3716233074665069,0.3810978619725826,0.3435076378066755,0.3483971222800994,890568000
2006-08-04,0.3665806353092193,0.382014644178534,0.3571069841713168,0.3814031103495508,818232000
2006-08-07,0.3623026609420776,0.3668868281639323,0.3552732875792471,0.3601627708522725,436146000
2006-08-08,0.371929407119751,0.3797224799048541,0.3642885005209942,0.3652053502934587,619806000
2006-08-09,0.3717765212059021,0.3896548162472275,0.3690260247856241,0.3792643100510245,584706000
2006-08-10,0.3691790103912353,0.3713179993672804,0.3613859349618857,0.3676506536806458,1072140000
2006-08-11,0.3575654923915863,0.3668869525249727,0.3410624902637632,0.3422846292440478,1603272000
2006-08-14,0.3557318150997162,0.3656638793352152,0.3537450197194335,0.3619965337113134,809412000
2006-08-15,0.3899599015712738,0.3919466965386491,0.3613858536747831,0.3649000760000071,902172000
2006-08-16,0.4179233610630035,0.4196048400323085,0.3820146493577619,0.392099807137585,1029246000
2006-08-17,0.4113534092903137,0.4235775854053805,0.4072276521688951,0.4127286707720531,814224000
2006-08-18,0.4180764853954315,0.420215446659649,0.3974477038051223,0.4118117678131522,665898000
2006-08-21,0.4026434123516083,0.4125754751301649,0.4017265897420216,0.4118117750664483,500220000
2006-08-22,0.4020319879055023,0.4131871214210209,0.4011151650464216,0.401420481212225,473928000
2006-08-23,0.4017265737056732,0.409213429791734,0.3928635274273513,0.4050876735656989,485412000
2006-08-24,0.4058522582054138,0.4079912190439022,0.3963776797752829,0.4027955186233575,260802000
2006-08-25,0.4046293199062347,0.4118118172774702,0.3988230129232566,0.4027956471753139,238314000
2006-08-28,0.418534904718399,0.4304537626044333,0.4105887080072315,0.4113533370811659,764562000
2006-08-29,0.4374831914901733,0.4394690578217831,0.4194518071807545,0.4225076188034824,727962000
2006-08-30,0.4464984238147735,0.4510826196035937,0.4388584436015318,0.4399274872512108,681564000
2006-08-31,0.4448178112506866,0.4474152112534687,0.4351910642868725,0.4454284161093251,511278000
2006-09-01,0.4261748194694519,0.4417610200995186,0.424494269722855,0.4382467707594885,605742000
2006-09-05,0.4354963600635528,0.4371769101344798,0.4212854450478857,0.4275501630157244,549354000
2006-09-06,0.4136455059051513,0.428467055529827,0.4125755605282292,0.427856450561798,493572000
2006-09-07,0.4218969345092773,0.4312174907928264,0.4024903185053912,0.4069213636701907,742836000
2006-09-08,0.4232722818851471,0.4304538509970982,0.4139508220195148,0.4286201780747222,447978000
2006-09-11,0.4298422038555145,0.4347325890433698,0.4090612295361955,0.413797590501634,598266000
2006-09-12,0.4411503672599792,0.4439008891968703,0.4267863331399579,0.4278562780855668,498432000
2006-09-13,0.4446648061275482,0.4504711138535453,0.4408443376152453,0.4422195991703742,476286000
2006-09-14,0.4429841041564941,0.4507772052431557,0.4371768690502663,0.4425256928746419,428814000
2006-09-15,0.4516940712928772,0.4538330600174453,0.4423726129250455,0.4445116016496137,649764000
2006-09-18,0.4688073992729187,0.4695720278864578,0.4515406840158522,0.4529159171043326,793896000
2006-09-19,0.456583559513092,0.4691139519261119,0.4527631189931911,0.4657519227364287,708054000
2006-09-20,0.4732397198677063,0.4738503521168749,0.4616261764905298,0.4625429992258351,511884000
2006-09-21,0.46941938996315,0.4775177827515482,0.4649882887691174,0.4727814200261613,539106000
2006-09-22,0.4555136263370514,0.4709476096936446,0.4503188533744819,0.4680440190812366,653334000
2006-09-25,0.4718642830848694,0.4738501760227891,0.4498602723767733,0.462389759471445,684486000
2006-09-26,0.4619314968585968,0.4726282175987322,0.4559720670529707,0.4714060787276155,516120000
2006-09-27,0.4605562090873718,0.4752255907386974,0.45612516354275,0.4605562090873718,578142000
2006-09-28,0.4518462717533111,0.4536799444091156,0.4405389743645718,0.4425257422518723,647346000
2006-09-29,0.4521526396274566,0.4584173594065098,0.4497074324194617,0.4549031356960498,373890000
2006-10-02,0.4406920969486236,0.4529162450858829,0.4370247514093927,0.4500126543523605,647442000
2006-10-03,0.4324405789375305,0.4358017066382468,0.4228138311455114,0.4324405789375305,907692000
2006-10-04,0.4749202132225036,0.4750733357622241,0.4318289785028406,0.4330511444698563,1460382000
2006-10-05,0.4614728689193725,0.4778236966324994,0.4602507305494376,0.473086407640686,662682000
2006-10-06,0.4726282656192779,0.4775177506096901,0.4608625273808626,0.4622377889599838,593610000
2006-10-09,0.5030369758605957,0.5093016684239838,0.4701831067626863,0.4715583684826241,932304000
2006-10-10,0.4915763735771179,0.5024252314907852,0.4859222061570805,0.5004384637533364,624648000
2006-10-11,0.4943268895149231,0.5030368416523422,0.4814912079660278,0.4889780922999812,481944000
2006-10-12,0.4963127672672272,0.5065510483424459,0.4891311992703606,0.4970773963794521,414720000
2006-10-13,0.5160247087478638,0.5189282993199427,0.4865338071656865,0.4946321979519792,584190000
2006-10-16,0.5151079297065735,0.5261099119968344,0.5059395382678922,0.5177062043952513,478968000
2006-10-17,0.4953961372375488,0.5102186482912069,0.490506705413863,0.5067044238155524,526506000
2006-10-18,0.4822549521923065,0.5080793826362787,0.4787407294356359,0.502730585538336,822750000
2006-10-19,0.4914232790470123,0.4950906242910695,0.4766008301659032,0.4804212433148407,473040000
2006-10-20,0.4857690930366516,0.4955489339082454,0.4787406487084747,0.4952436178581924,359478000
2006-10-23,0.4825603067874908,0.4964659359610148,0.4813381677839669,0.4847001976433301,280248000
2006-10-24,0.4966188371181488,0.5021198810189423,0.4821017077347961,0.4834769687099945,519288000
2006-10-25,0.5012031197547913,0.5088431263139136,0.4929516066444255,0.5013553132977058,389436000
2006-10-26,0.5170948505401611,0.5187753739665627,0.5024254636225775,0.5024254636225775,366690000
2006-10-27,0.4947852194309234,0.5285549660182122,0.4889779848255049,0.5170945483412724,566988000
2006-10-30,0.5007445812225342,0.509606669140187,0.492798386659303,0.4981462529813236,479592000
2006-10-31,0.5328340530395508,0.5328340530395508,0.509148578226866,0.5117468533154492,996174000
2006-11-01,0.4917286038398742,0.5306940316210131,0.4843939132220345,0.5258045475454796,1176540000
2006-11-02,0.4883674383163452,0.5047173419700433,0.4816433800480803,0.4940206770260241,862944000
2006-11-03,0.4981462061405182,0.4987577670931163,0.4859220366250462,0.4938682850886646,548070000
2006-11-06,0.513274073600769,0.5201503241047235,0.4932568285233465,0.4995215725928602,739602000
2006-11-07,0.521067202091217,0.5265681915740269,0.5141908969282281,0.5170945415164045,553254000
2006-11-08,0.5287083387374878,0.5351261538145664,0.5161779701213122,0.5174001092253975,648324000
2006-11-09,0.5392517447471619,0.5531564410487915,0.5346675771577273,0.5395570608228142,1207758000
2006-11-10,0.5262628197669983,0.5372648522142747,0.5129687040574862,0.5346674529473158,1317192000
2006-11-13,0.5501006245613098,0.5516289535716945,0.5271797333268307,0.5273328558600697,852282000
2006-11-14,0.5556017160415649,0.5566716613044739,0.536348166068707,0.5481139025718385,628530000
2006-11-15,0.5464335680007935,0.5615613390569839,0.5433777280819602,0.5539213294027968,491892000
2006-11-16,0.5534626245498657,0.5554484630389666,0.5439880453405765,0.5487253349452211,457182000
2006-11-17,0.554990291595459,0.5565186759097004,0.5462803918115365,0.5496424219810432,361608000
2006-11-20,0.5601857304573059,0.563241513837025,0.5439880237957858,0.5481137521447728,608634000
2006-11-21,0.5514761209487915,0.5627834773008481,0.5476557062713299,0.5618666542849167,387384000
2006-11-22,0.5609496235847473,0.5615611848634111,0.550559147730935,0.5534627932479147,240258000
2006-11-24,0.5650754570960999,0.5662985251120889,0.553156596162305,0.5581992037837421,144336000
2006-11-27,0.5395569205284119,0.5692008796094532,0.5357364539784094,0.5617140526682932,585294000
2006-11-28,0.5496422648429871,0.5545317489195288,0.5293187704083536,0.5377234062484383,480966000
2006-11-29,0.5577406287193298,0.5644646868122513,0.552545828791555,0.5546848447685481,579792000
2006-11-30,0.5652285218238831,0.5698126902295472,0.5510175779072851,0.5577407079461908,583632000
2006-12-01,0.543071448802948,0.5597275469552566,0.5381819636476071,0.5589638466764475,785010000
2006-12-04,0.5650754570960999,0.572104832993722,0.5481139885408679,0.5501008114646564,621570000
2006-12-05,0.5592688918113708,0.5624777976173873,0.5530041480665495,0.559115769296581,663354000
2006-12-06,0.5585053563117981,0.5611027567338183,0.550864474249789,0.5611027567338183,478242000
2006-12-07,0.5450579524040222,0.5615609745997581,0.5401684696234034,0.5585051366641862,486894000
2006-12-08,0.543224573135376,0.5507123887393204,0.533292533852278,0.541085611009015,564858000
2006-12-11,0.5525460839271545,0.5591161481444895,0.5421546759029426,0.5433777441847467,515484000
2006-12-12,0.5468918085098267,0.5502538381258061,0.539557171648738,0.5484201925724337,568116000
2006-12-13,0.5533098578453064,0.5577409052488776,0.5513230890696634,0.5513230890696634,491952000
2006-12-14,0.5630894899368286,0.5701179905585501,0.5572823084489162,0.5577406924882196,715380000
2006-12-15,0.5730218291282654,0.5730218291282654,0.563241927089092,0.5667570806055607,746094000
2006-12-18,0.5829534530639648,0.5898297028915334,0.5733266814463386,0.5736328718140906,688356000
2006-12-19,0.5913578271865845,0.5944136639266342,0.574701743640089,0.5754663722576746,545622000
2006-12-20,0.5846351981163025,0.5953309909884553,0.5841767593717273,0.588302544130094,306594000
2006-12-21,0.5795926451683044,0.5895247387200546,0.5730217074256634,0.5878441608155001,367920000
2006-12-22,0.5658398866653442,0.5806614591281928,0.5630893644520935,0.5786755659145407,370170000
2006-12-26,0.565686821937561,0.5739383347728915,0.5633947380748353,0.5688957830634489,228192000
2006-12-27,0.5731746554374695,0.5751604942782889,0.5681320488980323,0.5681320488980323,264954000
2006-12-28,0.5690489411354065,0.5743968644245934,0.5664506664148032,0.5737853031492333,213912000
2006-12-29,0.5655339360237122,0.5809679519989231,0.5649233582463989,0.5690490890665744,386094000
2007-01-03,0.551322877407074,0.5733268960200472,0.5316108882801976,0.5664506436189678,1154820000
2007-01-04,0.5487254858016968,0.5513228860971361,0.535278242260789,0.549336992414488,797298000
2007-01-05,0.5143439769744873,0.5378763711654813,0.5106766327396186,0.5357364813511644,1243344000
2007-01-08,0.5181646347045898,0.5280966715152067,0.507314791502482,0.5161778666683263,657270000
2007-01-09,0.5080792903900146,0.5224424239195598,0.5074677839364793,0.5189282018009271,764166000
2007-01-10,0.5331390500068665,0.5378763388644053,0.495090458319241,0.5027304076944644,1108746000
2007-01-11,0.5311524271965027,0.5372649785519488,0.5224424759633198,0.5331391949212028,924504000
2007-01-12,0.5383349657058716,0.5404739271312876,0.5207619939726604,0.5232072005075022,698190000
2007-01-16,0.5392517447471619,0.5427659672059008,0.5331391934090528,0.5424606511302484,711864000
2007-01-17,0.5279435515403748,0.53497292589603,0.5259576580614739,0.5317639646694328,707934000
2007-01-18,0.484241783618927,0.5233594647591587,0.4776708468911547,0.5233594647591587,1501638000
2007-01-19,0.4871443510055542,0.4972295078625648,0.4756838784187354,0.4790459070407111,942606000
2007-01-22,0.4871443510055542,0.4996747139789184,0.4853106513467265,0.4917285181812484,730644000
2007-01-23,0.4872975051403045,0.4950906344364699,0.4758370851725237,0.4848522985911385,630354000
2007-01-24,0.5024251937866211,0.5089961833103956,0.4912700916225944,0.4935621752665127,685722000
2007-01-25,0.4848522245883941,0.5088430607333537,0.482407947421378,0.5070093610298295,616284000
2007-01-26,0.4808796942234039,0.4937153755810587,0.4721697422157555,0.4889780850146341,829584000
2007-01-29,0.4611677825450897,0.4790460167662761,0.4570419983534034,0.478740755295843,1258284000
2007-01-30,0.4700307250022888,0.4730865087608876,0.4600977610354454,0.4642234898959721,636174000
2007-01-31,0.4683494567871094,0.4727814324594025,0.4619315870329784,0.4677388244131287,467976000
2007-02-01,0.4743086397647857,0.4767538459967639,0.4630013438193771,0.4639181663683524,650898000
2007-02-02,0.486686110496521,0.488978195017182,0.4729336033725544,0.4769071400691739,586590000
2007-02-05,0.4946319460868835,0.4987577279811321,0.4882141360036951,0.488977835730471,579906000
2007-02-06,0.5122052431106567,0.5186230573795216,0.498299614544109,0.5057873741941907,775386000
2007-02-07,0.5322222709655762,0.5334444094003011,0.5132740430025837,0.5163307552788465,761058000
2007-02-08,0.5253461599349976,0.532833918409091,0.5195398532339384,0.5241240211767624,726276000
2007-02-09,0.4989110231399536,0.5323755133780537,0.4969242553461946,0.5279435391553218,937956000
2007-02-12,0.50991290807724,0.5207618177443788,0.4972294246967879,0.5025782199638839,789360000
2007-02-13,0.5195396542549133,0.5236653819643012,0.5129686663089031,0.5181643934692601,849732000
2007-02-14,0.5126634240150452,0.5271796229280051,0.5114403566707357,0.5241238399085201,1081848000
2007-02-15,0.5157195925712585,0.5183169936852892,0.507468076029852,0.5123575620360725,488682000
2007-02-16,0.4999802112579345,0.514191101865146,0.4984527561024537,0.5135805241952169,915060000
2007-02-20,0.5044119358062744,0.5071624029530207,0.4972294409522418,0.5007445916297033,625578000
2007-02-21,0.496924340724945,0.5056342937573759,0.4918817334615588,0.500286370354401,655332000
2007-02-22,0.5001330971717834,0.512815708293653,0.4989109586198639,0.5047172643407302,655452000
2007-02-23,0.4989110231399536,0.5051757682469161,0.4987579552394607,0.5048704521597853,403050000
2007-02-26,0.4912701845169067,0.5041058662794666,0.4905064843767006,0.5002863272741305,494070000
2007-02-27,0.4764488041400909,0.4973828831155969,0.4756841201179327,0.4859224047056103,714630000
2007-02-28,0.4736981093883514,0.4839354612669644,0.4692661350819928,0.4750733706723531,780048000
2007-03-01,0.4678909182548523,0.4766008707827154,0.4573473202724897,0.4634598725365288,837228000
2007-03-02,0.4549030065536499,0.4694192650650699,0.4539861565752008,0.4637651519361629,682728000
2007-03-05,0.4394690692424774,0.4558198764428345,0.4379416142340895,0.4469568557804116,663558000
2007-03-06,0.4654465615749359,0.4704891676905242,0.4472620577578662,0.449095730225008,805974000
2007-03-07,0.4523046314716339,0.4652934057030982,0.4503187656161994,0.4631544446428866,811656000
2007-03-08,0.4709475636482239,0.4761423634266851,0.4614729833159023,0.461779228402779,770622000
2007-03-09,0.466210275888443,0.4828664238186895,0.4608624081865287,0.4775176271077632,555306000
2007-03-12,0.4634598791599273,0.4701830091162548,0.4602509175972988,0.4608624788589833,428010000
2007-03-13,0.4439010620117187,0.4614730797918387,0.4435948168608182,0.4587226114317433,617070000
2007-03-14,0.4417611062526703,0.4477205081364851,0.4284669865360628,0.4451231354104173,971610000
2007-03-15,0.437330037355423,0.4446647279278138,0.430606880667089,0.4406920665422282,655752000
2007-03-16,0.4332042634487152,0.4383999650712396,0.4301484521685447,0.4376353359872666,525648000
2007-03-19,0.4353432059288025,0.4423725520518357,0.4339679448162961,0.4354963011368882,461508000
2007-03-20,0.4332042634487152,0.443900982780968,0.4315237134269256,0.4339679908474477,656490000
2007-03-21,0.457958847284317,0.4651403883997128,0.4422195473267002,0.4507772788451232,1268376000
2007-03-22,0.4680439531803131,0.4707944208470439,0.4562782185519036,0.4584171797277895,810954000
2007-03-23,0.4628482460975647,0.4727812650847868,0.4594871461453786,0.4645297524064626,524640000
2007-03-26,0.4637651145458221,0.467585527409816,0.4553613811681735,0.4631544823996017,447336000
2007-03-27,0.4550552368164062,0.4636129411531905,0.4545968254520905,0.462696118424559,469020000
2007-03-28,0.4463452994823456,0.4550552244630907,0.4455815720164008,0.4512356854480471,459504000
2007-03-29,0.4385520815849304,0.4536798434749647,0.4313705151147517,0.453069238731596,719016000
2007-03-30,0.4397752285003662,0.4477204963460396,0.4374831446076143,0.4445115898257052,581244000
2007-04-02,0.4393167495727539,0.442372533073907,0.4321342539021818,0.4387052158042062,400830000
2007-04-03,0.4376353025436401,0.4442062375986064,0.4335095464075785,0.4393167814459686,473724000
2007-04-04,0.4367185235023498,0.4405389915180103,0.4354963846872531,0.4370247413010618,361692000
2007-04-05,0.4721696972846985,0.4726281359011162,0.438552140524452,0.438552140524452,1332900000
2007-04-09,0.4636129438877105,0.4775176970461927,0.4626961211536714,0.4721697739134194,640950000
2007-04-10,0.4588756859302521,0.4683493382415704,0.457958835915813,0.4630014153619378,794220000
2007-04-11,0.4506241381168365,0.4643766695300646,0.4490957815451354,0.4597925015002542,810150000
2007-04-12,0.4634598791599273,0.4648351405942542,0.4452762736826071,0.4481789901098162,743640000
2007-04-13,0.4672802984714508,0.4681971758707463,0.4562783161558851,0.4619315008741065,638694000
2007-04-16,0.4648350179195404,0.4695722529388063,0.4588755897086093,0.4660571564636227,671838000
2007-04-17,0.4692661166191101,0.4874505937548501,0.4669740327851511,0.4766008067468144,1059108000
2007-04-18,0.4750733971595764,0.4791991265940159,0.4660572545022539,0.468502406466101,683802000
2007-04-19,0.4816432595252991,0.4843937814204815,0.4698775266897954,0.4712527876373866,568056000
2007-04-20,0.4872975051403045,0.4889780825680954,0.4808796918173845,0.4886727664659568,590052000
2007-04-23,0.4793514311313629,0.4859223686986501,0.4779761694522628,0.4850055457951191,595272000
2007-04-24,0.4973825812339782,0.5018136254432389,0.4842415874631663,0.4874504932394944,1028088000
2007-04-25,0.5059394240379333,0.5086899463132902,0.4943268121108621,0.4966188957911311,509640000
2007-04-26,0.5122052431106567,0.5160247825393696,0.5013553991003623,0.5059395677631519,500070000
2007-04-27,0.505328893661499,0.5161778065917823,0.4972295742538815,0.5105236936270082,554058000
2007-04-30,0.5025784373283386,0.5186230266989398,0.5024253147592179,0.5122052128097384,563388000
2007-05-01,0.5079264640808105,0.5151080342611505,0.5038006788988288,0.5117468784238705,544554000
2007-05-02,0.5019668936729431,0.5126636136830484,0.4993694935397036,0.5105237232050893,659658000
2007-05-03,0.5114405155181885,0.5148025445842268,0.5057872769230095,0.5067041541973177,500250000
2007-05-04,0.5151079297065735,0.5177062043952513,0.5093015677845042,0.5141910523093869,405246000
2007-05-07,0.5048702955245972,0.5284017592071591,0.5042587891786091,0.5225954545368072,557100000
2007-05-08,0.5086899995803833,0.5099130673204078,0.4920347799536473,0.5018137478195349,737100000
2007-05-09,0.510982096195221,0.5138857413814482,0.4992163602091274,0.5050226669249147,417870000
2007-05-10,0.5015084743499756,0.5198451472706574,0.4970774286835336,0.5131220174891303,802584000
2007-05-11,0.5369598865509033,0.5421546338265767,0.5204568544363156,0.5285552478869501,1530630000
2007-05-14,0.5316106081008911,0.5398621175628416,0.5265680584529424,0.5348195679148929,731568000
2007-05-15,0.5268744826316833,0.5363481344992451,0.5256514695271083,0.5331392279085101,621360000
2007-05-16,0.533597469329834,0.533597469329834,0.5172475716763464,0.5273327263685582,523104000
2007-05-17,0.524734616279602,0.534819829809233,0.5216788321010601,0.5320693070924983,443664000
2007-05-18,0.5351260304450989,0.53665348538263,0.5242762422174013,0.5287082168476012,604266000
2007-05-21,0.5368064045906067,0.5501005200744535,0.5310000997845938,0.5335974990074625,645768000
2007-05-22,0.5397101640701294,0.5445996480554917,0.5285550604415037,0.5372650122205094,401736000
2007-05-23,0.5253461599349976,0.5432243930529741,0.5238177760685013,0.5400154864225158,448248000
2007-05-24,0.5063977837562561,0.5293186169887852,0.5042588229438335,0.5277912172108743,607800000
2007-05-25,0.5143439769744873,0.5169413763021976,0.5085376719341081,0.5100651263546601,308976000
2007-05-29,0.5198453068733215,0.5215258849061889,0.5106769675981213,0.5122053520296641,316242000
2007-05-30,0.521067202091217,0.521067202091217,0.5073146464128203,0.5137325130157496,331650000
2007-05-31,0.5293188691139221,0.5325278310130304,0.5224426158688668,0.5248878228676509,481572000
2007-06-01,0.532986044883728,0.5432243246941781,0.5320692223400537,0.5352781285667065,429084000
2007-06-04,0.5358898043632507,0.5389455887088977,0.5259577128497372,0.5280966744555344,322002000
2007-06-05,0.5517812371253967,0.5526980598089456,0.5365012780311361,0.537418100714685,698586000
2007-06-06,0.5559070110321045,0.5647700308937563,0.5456696042079066,0.5479616881987643,950736000
2007-06-07,0.5499477386474609,0.5615612844709676,0.5497955450576848,0.5533097688198885,791862000
2007-06-08,0.5585053563117981,0.5592691111676398,0.5386402979863318,0.5453634829036536,533268000
2007-06-11,0.5604914426803589,0.5638534734750382,0.5554488336692892,0.5585055482185624,434634000
2007-06-12,0.5546848177909851,0.5653814819358259,0.5543795017191894,0.5575884080617427,526770000
2007-06-13,0.5679790377616882,0.5681321603441337,0.5536150247172105,0.56079746842027,587232000
2007-06-14,0.5780642032623291,0.5802031648917708,0.5646169595516429,0.5653815887414733,508548000
2007-06-15,0.6043471097946167,0.6089312784578254,0.5844820510351064,0.5846351736132995,1081998000
2007-06-18,0.6046519875526428,0.6125981801675645,0.599762506287273,0.6104582909564131,685662000
2007-06-19,0.6084728240966797,0.6098480308187142,0.5967061586414141,0.6008318881027073,491952000
2007-06-20,0.6090832948684692,0.6142790233239996,0.6049575661306339,0.6112231850086889,822792000
2007-06-21,0.656758725643158,0.6621075771027245,0.6161127225781267,0.6208500128582367,1297326000
2007-06-22,0.666538655757904,0.6703591236127739,0.6471320386872719,0.6570650037310071,882618000
2007-06-25,0.6489657163619995,0.6637881662082986,0.6419372705211596,0.6478967000998623,819702000
2007-06-26,0.6188633441925049,0.6491188779349137,0.6173349601511867,0.6472851777594836,868482000
2007-06-27,0.6355194449424744,0.6362831997877336,0.61580750946498,0.6188633485600037,613140000
2007-06-28,0.6416309475898743,0.6485072536911446,0.6310873510980449,0.6373530250418361,597534000
2007-06-29,0.6312404274940491,0.6460628744593072,0.6309351114376301,0.6459098065742115,516570000
2007-07-02,0.6575231552124023,0.6578284165320308,0.6382696144579929,0.6402555071102123,563850000
2007-07-03,0.6585922241210938,0.6637878967970623,0.6517159746244338,0.6570647698006975,238770000
2007-07-05,0.6656215190887451,0.6677604795064712,0.6555363106093665,0.6587452703878417,373290000
2007-07-06,0.6688307523727417,0.6714281525039354,0.6634828842002456,0.6647050229869911,282720000
2007-07-09,0.6882374286651611,0.6914463902924886,0.6711228937892839,0.6712760163600809,536784000
2007-07-10,0.694960355758667,0.6990860839676821,0.677387388694482,0.6847220773411513,552654000
2007-07-11,0.6919047832489014,0.6995447908454979,0.6822780075382754,0.6948074997719758,582612000
2007-07-12,0.7051988840103149,0.7059625841857846,0.6919047629594033,0.6967942474531272,438732000
2007-07-13,0.700920045375824,0.7116167116761944,0.7001562905379328,0.7032121296034762,372630000
2007-07-16,0.7136024832725525,0.7165060736314617,0.7013783093886241,0.7015314319336651,541710000
2007-07-17,0.7105467915534973,0.7308702888377202,0.7099352849035812,0.7165062216863528,643812000
2007-07-18,0.6975579261779785,0.7024482844997624,0.6838053679316936,0.7003083941091622,550656000
2007-07-19,0.6967940330505371,0.7110049724725079,0.6919045500613006,0.7074907504995236,407376000
2007-07-20,0.6891540884971619,0.703823411950064,0.6857920600080697,0.7013782059303568,505650000
2007-07-23,0.6960305571556091,0.7102415011519464,0.6851807136930013,0.6867090977223865,360474000
2007-07-24,0.6776936650276184,0.6990861726335743,0.6734148137618826,0.6932798667167116,457560000
2007-07-25,0.6744847893714905,0.6874726629199356,0.6588985869766479,0.6778458892452508,437196000
2007-07-26,0.67784583568573,0.6873204150803929,0.6582870284575958,0.6673022402674053,710268000
2007-07-27,0.6761655807495117,0.7073379407627759,0.6758602645810512,0.6761655807495117,615480000
2007-07-30,0.695113480091095,0.6961824960180308,0.678457335402277,0.6786104579167068,538158000
2007-07-31,0.6992392539978027,0.7323974940186708,0.6983224315165619,0.7226185278311448,711492000
2007-08-01,0.6940439343452454,0.7061158645755733,0.6616493777655568,0.6891544487586895,705828000
2007-08-02,0.690987765789032,0.702600377332591,0.6816663088411213,0.7019897998795266,468606000
2007-08-03,0.6500356197357178,0.6937383919498856,0.6497303036396335,0.688695785405017,623412000
2007-08-06,0.6555366516113281,0.6604261359118909,0.6371999788704112,0.6555366516113281,524724000
2007-08-07,0.6659273505210876,0.6767771415080907,0.6468269181379662,0.6555368180421749,565764000
2007-08-08,0.6966410279273987,0.7174229598993537,0.672803366669699,0.6779990409292526,660744000
2007-08-09,0.7048926949501038,0.7242993699188984,0.685333881057685,0.7013784716162309,1251834000
2007-08-10,0.6721928715705872,0.6767770402336822,0.6324627540525499,0.6471321374925352,1141014000
2007-08-13,0.6648582816123962,0.6821250681739074,0.6509526509165551,0.677540898809169,700410000
2007-08-14,0.6906816363334656,0.7013783561640126,0.667455480349918,0.6694422482367034,1092174000
2007-08-15,0.6614959836006165,0.6967941171379296,0.6605791610283354,0.687014275617958,695142000
2007-08-16,0.6504938006401062,0.659662132799772,0.6188630219007168,0.6549248442280371,780030000
2007-08-17,0.6888480186462402,0.6894595252351202,0.6477435731165113,0.668525452399675,728712000
2007-08-20,0.6860975027084351,0.6967942230745434,0.677693795454424,0.689306464170672,519684000
2007-08-21,0.7232292294502258,0.7287302195141779,0.6799857740350664,0.6902231797713394,715338000
2007-08-22,0.7397324442863464,0.7440112968105734,0.7265914449275319,0.7415660898960977,566154000
2007-08-23,0.7334673404693604,0.7519571287244923,0.7302584348924026,0.7432471797040932,667986000
2007-08-24,0.7372879385948181,0.738663199802977,0.7259797131396672,0.7313285644387767,361644000
2007-08-27,0.7539433240890503,0.7617364544431141,0.7339260719955167,0.737288101668974,635946000
2007-08-28,0.7079493999481201,0.75944432242332,0.7062678933886349,0.7563884834470493,560022000
2007-08-29,0.7481366991996765,0.7490535216031399,0.7212432055997006,0.7227706600313155,538560000
2007-08-30,0.7438578605651855,0.762347650034891,0.7406489547774384,0.7409551451576963,465660000
2007-08-31,0.7817548513412476,0.7846575689372939,0.7553188468990207,0.7594446328633316,720834000
2007-09-04,0.80589759349823,0.8092596230714368,0.7730446593484727,0.7852688353710373,683268000
2007-09-05,0.7997848987579346,0.8251509434188651,0.7991743212451504,0.8023832276758928,656274000
2007-09-06,0.8033000826835632,0.8170525862108924,0.7999380535725937,0.8097179504515383,425496000
2007-09-07,0.773961067199707,0.7890888259793083,0.7589855019011665,0.7809895097035349,602304000
2007-09-10,0.7761005163192749,0.8045224072247154,0.7696827017166551,0.7907699005211554,872112000
2007-09-11,0.7926033735275269,0.79856280273013,0.7772464165193368,0.7854979296731264,405424000
2007-09-12,0.7614307999610901,0.8049804370469198,0.7536377277174442,0.8010838462775207,554452000
2007-09-13,0.7616602182388306,0.7767879833529576,0.7561592276466732,0.7758711606955302,452864000
2007-09-14,0.7391976118087769,0.7550130043522812,0.7369055283088884,0.7540961818818421,487308000
2007-09-17,0.7375933527946472,0.7481369505963874,0.7295710857591464,0.7403438755768735,374828000
2007-09-18,0.8022302389144897,0.8136906599694629,0.7442404482639681,0.7453865176932645,844740000
2007-09-19,0.7875608801841736,0.825151048849207,0.779767750452592,0.8095648986812358,521360000
2007-09-20,0.7829765677452087,0.7964998789103944,0.7742666709382356,0.788019174095092,324172000
2007-09-21,0.7905403971672058,0.8022300623234068,0.7829765154711651,0.7907696437911611,457532000
2007-09-24,0.8107109665870667,0.8228590186931124,0.7896237694261722,0.7953540074298239,456360000
2007-09-25,0.8210251331329346,0.8244632312120227,0.8036052868288261,0.8058973704307462,360748000
2007-09-26,0.8405080437660217,0.8423416891652697,0.8230881938827855,0.8251510312950409,518032000
2007-09-27,0.8430293798446655,0.8526561554947786,0.8340902349301034,0.8485303710814734,378280000
2007-09-28,0.8306520581245422,0.851051622308907,0.8288183581188996,0.8480719076163821,404292000
2007-10-01,0.8657209873199463,0.8698467715290159,0.8368407164468432,0.8377575391663267,398200000
2007-10-02,0.8574694395065308,0.8652625689317309,0.8448630046570372,0.8636580609268412,284960000
2007-10-03,0.8210251331329346,0.8423415160955485,0.8075018234873317,0.8423415160955485,467196000
2007-10-04,0.8246924877166748,0.8295058469441619,0.7964997989625814,0.8201083204578536,378976000
2007-10-05,0.8464673161506653,0.8510514834453966,0.8288182228831235,0.837757365502125,344840000
2007-10-08,0.8602198362350464,0.86159509738208,0.8423415506187819,0.8524267625986375,252484000
2007-10-09,0.8450919985771179,0.8641162970441102,0.8324855120349794,0.8602197605686517,403008000
2007-10-10,0.8460088968276978,0.8508222562025013,0.8256093355073238,0.8508222562025013,389136000
2007-10-11,0.8084186911582947,0.8487594303826921,0.7992503562384552,0.8382158342953594,529104000
2007-10-12,0.828130841255188,0.828130841255188,0.8047515591653562,0.8173580503390933,409952000
2007-10-15,0.8340901732444763,0.8448630175396618,0.8269847290327367,0.8308812664809548,355900000
2007-10-16,0.8416538834571838,0.8565524541564056,0.8301934654760839,0.8331731796159283,276360000
2007-10-17,0.906290888786316,0.9088121648247384,0.8735140816964504,0.8744309043788228,717944000
2007-10-18,0.905603289604187,0.9092706351087988,0.8806195564170898,0.903311205494754,340620000
2007-10-19,0.8570109605789185,0.903998705344948,0.85678171394784,0.9035402667303788,505768000
2007-10-22,0.8975809216499329,0.899414621631556,0.844633743196795,0.851509995170798,537656000
2007-10-23,0.9019358158111572,0.9092705057771184,0.8774105247933826,0.9092705057771184,294292000
2007-10-24,0.8714510798454285,0.8824530599424916,0.8285890647086354,0.8824530599424916,565500000
2007-10-25,0.7953536510467529,0.8526557868168569,0.7699114887750474,0.8446334681359153,806192000
2007-10-26,0.7884775400161743,0.8260677555632532,0.7770171217756222,0.8205667110897203,616580000
2007-10-29,0.7699116468429565,0.7735789917172433,0.7463031791087439,0.7614309425604355,813896000
2007-10-30,0.7981043457984924,0.8143781239705574,0.76326459641745,0.7761002763007013,525212000
2007-10-31,0.8109400272369385,0.811398411197613,0.777933977574541,0.8029177068016764,455188000
2007-11-01,0.8109400272369385,0.827213805440213,0.7873315045394137,0.7983335393094086,587236000
2007-11-02,0.8421122431755066,0.8480716708971222,0.8107106516650827,0.8221710685729672,491844000
2007-11-05,0.8421122431755066,0.8622826097219302,0.8297349491969287,0.8350067464393134,436636000
2007-11-06,0.8687006235122681,0.875576875257374,0.8462381683563668,0.850134760194759,554620000
2007-11-07,0.8274428248405457,0.8716800920266949,0.8205665750363256,0.8682419944483727,546768000
2007-11-08,0.7756417989730835,0.8343192012753979,0.7520332791627081,0.8194206314237203,996824000
2007-11-09,0.7646399736404419,0.7976460282488282,0.7483661929985259,0.7919157907010184,871056000
2007-11-12,0.6883134841918945,0.7699117399029864,0.6883134841918945,0.764410749250439,715732000
2007-11-13,0.7490535974502563,0.7497412279843758,0.6883133556662328,0.6995445815267392,726696000
2007-11-14,0.7373640537261963,0.7754126552358208,0.7334675167821488,0.7680780199607383,666720000
2007-11-15,0.7275081276893616,0.7394269858012051,0.7105466631499863,0.7325507341168932,496436000
2007-11-16,0.7437818646430969,0.7458447564253344,0.7275080863101233,0.7334675150270844,423592000
2007-11-19,0.693585216999054,0.7369056167397987,0.6896886800464055,0.7332382717703685,568412000
2007-11-20,0.6883134841918945,0.7077962254521751,0.667226289601604,0.7066501561321148,622628000
2007-11-21,0.6809787750244141,0.6972526091817938,0.6718104393038137,0.6738733312352262,648452000
2007-11-23,0.6926683187484741,0.695648032795145,0.6770821179929974,0.6857920681748296,141976000
2007-11-26,0.6766237020492554,0.7064208435121114,0.6752484956066174,0.6922099033257941,385896000
2007-11-27,0.7057334184646606,0.7077963107006725,0.6809788755753176,0.6862506748578369,458856000
2007-11-28,0.7529501914978027,0.7630353482898201,0.7245283114735952,0.7279664641570006,574548000
2007-11-29,0.7591388821601868,0.7816013360503355,0.7485952858156343,0.7518041921863448,489084000
2007-11-30,0.722923755645752,0.7838932355975112,0.720631672398584,0.7838932355975112,652656000
2007-12-03,0.7334673404693604,0.7469906478551961,0.7222361163024338,0.7334673404693604,490688000
2007-12-04,0.7327801585197449,0.7391979736015327,0.7185692120060043,0.7366766969119172,371712000
2007-12-05,0.7708281874656677,0.785039123162969,0.7513455103337516,0.7607430337357602,666704000
2007-12-06,0.7864148020744324,0.7889360781859615,0.7621186997253121,0.7689949520138785,371152000
2007-12-07,0.7765588164329529,0.790540512691203,0.7685364949642625,0.7896236900041625,320292000
2007-12-10,0.7850394248962402,0.7942077599286935,0.7767879124375149,0.7790799961956282,336360000
2007-12-11,0.7859563231468201,0.8164411001773406,0.7841226778228093,0.8017717189948846,582436000
2007-12-12,0.8130028247833252,0.8272137651766915,0.7971874313105184,0.8191914451319051,617504000
2007-12-13,0.790769636631012,0.8084186755461057,0.7673903611778875,0.8031468776042484,500364000
2007-12-14,0.8038346767425537,0.8125446293632638,0.7818306578160193,0.7871024568633972,354016000
2007-12-17,0.7628061175346375,0.8029176053474062,0.7609724179808789,0.795353724476155,507408000
2007-12-18,0.7822889685630798,0.7907696731267966,0.7667027659924637,0.7744958399539776,396896000
2007-12-19,0.7896234393119812,0.7969581277748523,0.7763293779515512,0.779538283661216,253536000
2007-12-20,0.8061266541481018,0.8079603540268954,0.7854978993829058,0.8022301170461015,279940000
2007-12-21,0.80589759349823,0.8228590059177353,0.7985629020828553,0.8157535611793152,433408000
2007-12-24,0.8201083540916443,0.8240048909566864,0.8058974131474541,0.8118568417578431,104008000
2007-12-26,0.8311103582382202,0.8311103582382202,0.8136905105049443,0.8217128310936271,215340000
2007-12-27,0.8054389953613281,0.834319316599874,0.8033761582102511,0.829735094386978,241368000
2007-12-28,0.7974169254302979,0.8136907078925398,0.7905406177447293,0.8040639317803452,262064000
2007-12-31,0.7797675728797913,0.8054389310549456,0.779538380914101,0.7909987989123692,276236000
2008-01-02,0.7566176652908325,0.7850394955187613,0.7463032601276401,0.7820597809003987,483964000
2008-01-03,0.7506579160690308,0.776100020833319,0.7479073946252941,0.7609722621879053,475308000
2008-01-04,0.6876255869865417,0.7318628510070795,0.6830414207784372,0.7281955071110815,736092000
2008-01-07,0.6165711879730225,0.697940250736818,0.6039646988363182,0.6922100134980637,1006800000
2008-01-08,0.6296361684799194,0.6713521256332569,0.605569255409409,0.6200093923221949,1106956000
2008-01-09,0.6621833443641663,0.6624125908995133,0.6287189242551394,0.63811644742498,741036000
2008-01-10,0.6484311819076538,0.6587455872440143,0.6355955005625,0.644076205908071,554432000
2008-01-11,0.6200093030929565,0.6463682967268165,0.6154251350390325,0.6330742312294744,572612000
2008-01-14,0.6612667441368103,0.6621835666432584,0.6190923623643635,0.6291775192304594,539188000
2008-01-15,0.6126745939254761,0.6436177519228685,0.6019017511007279,0.63605387007123,725692000
2008-01-16,0.5434534549713135,0.5812728549677384,0.5308469700899805,0.5741674134659392,1464472000
2008-01-17,0.5340563058853149,0.5666039352963187,0.5326810439324692,0.5519346019770731,1133900000
2008-01-18,0.5693541765213013,0.572333891057185,0.5161778081621927,0.5356604939957513,920428000
2008-01-22,0.5409322381019592,0.5542263561802876,0.5118227809494471,0.5150316871588417,709092000
2008-01-23,0.5507883429527283,0.5670621231301748,0.513885751910009,0.5189283039746632,929880000
2008-01-24,0.5929625034332275,0.5931917500214458,0.5562891698470067,0.5615609670147836,597092000
2008-01-25,0.5718756318092346,0.6294070486688442,0.5691251630539583,0.6156545409496388,688012000
2008-01-28,0.5649990439414978,0.5755426378893976,0.5528509971729492,0.5698124570510198,577608000
2008-01-29,0.5824189186096191,0.5847110566437703,0.5601857152246225,0.5750842845611338,414484000
2008-01-30,0.5773764848709106,0.5860863816446767,0.560873459286566,0.5730215091602329,530476000
2008-01-31,0.5636240839958191,0.5741676825511116,0.54620417799351,0.5647700988052554,588708000
2008-02-01,0.6156545281410217,0.6188634356125539,0.5576647283524742,0.5624780895597723,593104000
2008-02-04,0.5964004397392273,0.6323861844679657,0.5931915351423497,0.6289480333659125,565128000
2008-02-05,0.5590397715568542,0.5847111877491874,0.5588105795610806,0.584481941105823,494928000
2008-02-06,0.5572062730789185,0.5805855568818968,0.5468918654857322,0.5649993494640428,557380000
2008-02-07,0.562707245349884,0.5785226442727345,0.5294719938718422,0.5411616626897593,664128000
2008-02-08,0.572792112827301,0.5771470323367828,0.5501004744059089,0.557435107323103,393932000
2008-02-11,0.5746258497238159,0.5870031438090471,0.5707293134063172,0.5776055636102995,503732000
2008-02-12,0.5959426164627075,0.6041941329766597,0.5801272143649336,0.5833361769214143,609688000
2008-02-13,0.6193216443061829,0.6211553442330685,0.5941087211541342,0.6005265342792555,742312000
2008-02-14,0.5182405114173889,0.6016724422014187,0.5168653051505318,0.6012140036807485,2184296000
2008-02-15,0.5104475021362305,0.5301594319505497,0.5021959902781917,0.5161777384381625,817364000
2008-02-19,0.5028836131095886,0.5207618976358078,0.498528637958702,0.5198450204952971,558608000
2008-02-20,0.499216228723526,0.5065509173778462,0.4861513589591754,0.4882142503896238,759016000
2008-02-21,0.4879850447177887,0.5067801518157667,0.4850053306175879,0.5042588762877441,644272000
2008-02-22,0.511593759059906,0.5125105819034542,0.4882144759876082,0.491881767361801,723052000
2008-02-25,0.5113644599914551,0.5170946978100697,0.4978411468294106,0.5111352679659418,671784000
2008-02-26,0.5157195925712585,0.5235126702751813,0.5005918213532823,0.5083848990572051,565420000
2008-02-27,0.5237418413162231,0.5278675716667872,0.509989279303261,0.5131982414065959,537816000
2008-02-28,0.5040296316146851,0.5200742712839972,0.5040296316146851,0.5191574487837006,503608000
2008-02-29,0.4902772605419159,0.502425312182105,0.4882144230295952,0.4957783063016978,540576000
2008-03-03,0.4845471084117889,0.4930278149706699,0.4781292394972296,0.4895896611507987,449028000
2008-03-04,0.4797335863113403,0.4822549167673877,0.4609384771228249,0.4813380395210492,778888000
2008-03-05,0.4852345585823059,0.4966949759705638,0.4792751306108957,0.4843176814731807,644656000
2008-03-06,0.4547499120235443,0.4824841679071274,0.4540622813282823,0.4792752610943017,1075284000
2008-03-07,0.4481028914451599,0.4657519613749699,0.4354964012136677,0.4464984106705964,767500000
2008-03-10,0.4224314093589782,0.448102766721095,0.4217437788361017,0.4426017498618739,776100000
2008-03-11,0.4364131093025207,0.4407680568698414,0.4180764146236301,0.4354962595404919,857940000
2008-03-12,0.4244942665100097,0.4444354147212334,0.4208269219984814,0.4405388782551035,743320000
2008-03-13,0.4515408873558044,0.4579587266301586,0.4153259352131062,0.4178472106726017,1220528000
2008-03-14,0.4199101030826568,0.4542913830284907,0.4167011697769917,0.4538329717916217,1154972000
2008-03-17,0.4093664586544037,0.4235773965503293,0.3967599735559508,0.4015733592721562,800952000
2008-03-18,0.4348087906837463,0.4354964214299373,0.4070745600698444,0.4189933928165544,1075256000
2008-03-19,0.4047824144363403,0.4306829682419976,0.4047824144363403,0.4247235664339445,880476000
2008-03-20,0.4244942665100097,0.4254110889759966,0.4022610348100285,0.4095956965092948,633460000
2008-03-24,0.459104835987091,0.4616261118178556,0.4322874331889793,0.433891886412883,887440000
2008-03-25,0.465751975774765,0.4744618740121465,0.4568128308604743,0.4611678073029644,735388000
2008-03-26,0.4508533477783203,0.4627722062592391,0.4458107685184372,0.4595632996367125,721652000
2008-03-27,0.4444355368614197,0.4565835881551319,0.4371008458226363,0.4439771255024452,601308000
2008-03-28,0.4510825276374817,0.4627721657695364,0.4478735939719207,0.4524577615023274,561788000
2008-03-31,0.4536038637161255,0.4643766807044457,0.4478736535409753,0.4558959477861856,569992000
2008-04-01,0.4813381433486938,0.4824842128300367,0.4604801924756989,0.467127253383726,676872000
2008-04-02,0.4666686952114105,0.4827132813101747,0.4630013503164614,0.4827132813101747,616536000
2008-04-03,0.457958847284317,0.4634598655361187,0.4444355346569608,0.4627722348391688,841984000
2008-04-04,0.4304537773132324,0.4510825600040347,0.4293077353483987,0.4487904487505715,1535528000
2008-04-07,0.4407682418823242,0.4474153029829262,0.437330115310089,0.4409974612499936,729496000
2008-04-08,0.4382469058036804,0.4524578497796183,0.4354964102135566,0.4354964102135566,639476000
2008-04-09,0.4469569027423858,0.4515410716199403,0.4391637992562622,0.4432895567108216,675232000
2008-04-10,0.4556668102741241,0.4701069744311955,0.4421434962490165,0.45177024502993,1092184000
2008-04-11,0.4247235059738159,0.4497072335829251,0.421972983797553,0.446956738730454,1106280000
2008-04-14,0.4105125665664673,0.4240358762120702,0.4079912636748386,0.4231190263770271,780004000
2008-04-15,0.4153260290622711,0.4169304824124624,0.4036363896238263,0.412575506377604,439916000
2008-04-16,0.4318290054798126,0.4373300232314452,0.4235775198380567,0.4311414021691795,646836000
2008-04-17,0.4258696138858795,0.4274740671885849,0.4116586715150132,0.4118878908398837,596968000
2008-04-18,0.4359547793865204,0.4428310586818363,0.4299953774054814,0.4389344940389381,573540000
2008-04-21,0.4554374814033508,0.4584171957991294,0.4325166161486355,0.4325166161486355,679892000
2008-04-22,0.4469569027423858,0.4519994830429354,0.4373301262404801,0.4471860947919825,587668000
2008-04-23,0.4685023725032806,0.4735449789110182,0.4471859869008293,0.4531454159333581,1020496000
2008-04-24,0.4572711586952209,0.4735449647262576,0.4503949072438749,0.4712528809091423,655764000
2008-04-25,0.4618553519248962,0.4630013665053709,0.4471859718321825,0.4616261052907304,552208000
2008-04-28,0.4536038637161255,0.4666687647745058,0.4517701909953179,0.4597925125643256,535700000
2008-04-29,0.4630014896392822,0.4687317280083617,0.4485613523404215,0.4485613523404215,573408000
2008-04-30,0.471023827791214,0.4760663808869842,0.4652935892352148,0.468502496595724,1068320000
2008-05-01,0.4927986562252044,0.4939446711441852,0.474461925693069,0.4767540101786354,1014624000
2008-05-02,0.516177773475647,0.516177773475647,0.4987579260701469,0.506321807899477,1131016000
2008-05-05,0.5033421516418457,0.5150317637052559,0.5021960823123933,0.5127396796939445,943392000
2008-05-06,0.5164071321487427,0.5175531470682948,0.494173863444821,0.5019669944177154,729036000
2008-05-07,0.5044882297515869,0.5246586043756477,0.5001332531882783,0.5177823514771817,715632000
2008-05-08,0.5031129121780396,0.5099891643102512,0.4815673330932951,0.5083847109441613,1360000000
2008-05-09,0.5164071321487427,0.5370358925291238,0.5035714480936513,0.5044882709588139,2030352000
2008-05-12,0.5017377138137817,0.5230541582122089,0.4966951610723052,0.5230541582122089,1006652000
2008-05-13,0.4914232790470123,0.5042589600774167,0.4877559338029551,0.5042589600774167,854108000
2008-05-14,0.5058633089065552,0.5189281792392398,0.4914231775604131,0.497611797473391,751148000
2008-05-15,0.5450579524040222,0.54735003578412,0.502425135957108,0.5047172193372059,1165464000
2008-05-16,0.5594982504844666,0.5606443198410431,0.5416199619845544,0.5542264516689228,1091556000
2008-05-19,0.5478086471557617,0.5801270166174883,0.5439120549973789,0.5597274517041708,1158532000
2008-05-20,0.533597469329834,0.539098457830352,0.5274088504358047,0.5329098389363227,771404000
2008-05-21,0.529242753982544,0.5556017498045615,0.5280966845501266,0.534972991849434,1066660000
2008-05-22,0.5420784950256348,0.5464334719026198,0.528325988238149,0.5368066952923382,693108000
2008-05-23,0.5297010540962219,0.5455164474515578,0.5219079260785016,0.5411614721839471,802672000
2008-05-27,0.5354311466217041,0.5361187770571774,0.5205325782657415,0.5306177882209662,832856000
2008-05-28,0.5404741168022156,0.5514761019087716,0.5342854933488262,0.5501008947561611,751736000
2008-05-29,0.5390986204147339,0.5416198961862744,0.5292426546654179,0.5407030736009495,693460000
2008-05-30,0.5661452412605286,0.567978886429136,0.552851122521567,0.5544555757059955,830244000
2008-06-02,0.5684373378753662,0.5727923135585906,0.5599566331458589,0.566145254039078,734660000
2008-06-03,0.5491840839385986,0.5711881661239749,0.5425370755081942,0.570271288380537,840696000
2008-06-04,0.5556017160415649,0.5567477307567426,0.5340560819907568,0.5370357967568516,831724000
2008-06-05,0.5695832967758179,0.5810437694842423,0.5631654845207807,0.5748550945485629,827860000
2008-06-06,0.5514761209487915,0.5633949840987426,0.5482672130692242,0.5627073531748904,784876000
2008-06-09,0.5429951548576355,0.5558308349351327,0.5319931745898309,0.5482669530081716,637916000
2008-06-10,0.5109060406684875,0.52901352097628,0.5074678872851625,0.528325890299615,1225208000
2008-06-11,0.4870681166648865,0.5232830619434828,0.4863804862794321,0.510905824300447,999428000
2008-06-12,0.4900479614734649,0.5076970003706454,0.4859221780548499,0.4980702816890482,825992000
2008-06-13,0.4884437024593353,0.4964659712152502,0.4740035640510811,0.4907357870535406,705748000
2008-06-16,0.481796532869339,0.4877559624094993,0.4778999953963714,0.4831717942474675,630496000
2008-06-17,0.4701068103313446,0.4889018626045139,0.4689607412354974,0.4886726706443774,687912000
2008-06-18,0.456354409456253,0.4813381161493899,0.4487904988553306,0.4652935268504363,1065272000
2008-06-19,0.4552081823348999,0.4652933656516991,0.4442061765910231,0.4588755540145779,784928000
2008-06-20,0.452916145324707,0.4579587511613939,0.444893852632986,0.4451230719251234,741008000
2008-06-23,0.4435186684131622,0.456812788538287,0.4396221310378929,0.4563543771983371,776616000
2008-06-24,0.4581879079341888,0.4687315300581407,0.4409972820581359,0.4409972820581359,1078928000
2008-06-25,0.4607092142105102,0.4687315336716364,0.4533745525782754,0.4652933811461308,900976000
2008-06-26,0.437100887298584,0.4503950092368916,0.437100887298584,0.4469568827326467,845532000
2008-06-27,0.4419142007827759,0.4444355040567299,0.4288493277354596,0.4389344861836837,584140000
2008-06-30,0.4290783405303955,0.4407679747200896,0.4260986271757887,0.4368714390981198,653940000
2008-07-01,0.4297661185264587,0.4302245298176141,0.4162428078327139,0.4240359090775314,881464000
2008-07-02,0.413263201713562,0.4304538618874291,0.4125755709347991,0.4277033660961787,763196000
2008-07-03,0.2862817049026489,0.3009510666340212,0.2842188391441456,0.2975129388206418,2987520000
2008-07-07,0.2773424088954925,0.2924701726790585,0.2695493076976156,0.2906365002016878,2202692000
2008-07-08,0.2757380604743957,0.2860524696845631,0.2704662598232722,0.2791762150936561,1805288000
2008-07-09,0.2709245681762695,0.2805513145024835,0.2709245681762695,0.2764255582701651,1413168000
2008-07-10,0.2702370584011078,0.2755088588702193,0.2651944500161626,0.2722999237776355,1056992000
2008-07-11,0.2674863636493683,0.2741333936627947,0.2594640455323783,0.2647358420898125,807760000
2008-07-14,0.2553383708000183,0.2716121767411092,0.2535046982917019,0.2695493122466246,882316000
2008-07-15,0.2580888867378235,0.2633606848203138,0.245253206826003,0.253046280635741,1122484000
2008-07-16,0.2594641745090484,0.2663404271784729,0.2519002911079217,0.25900576312918,1034392000
2008-07-17,0.2603810429573059,0.263589950166509,0.2502958552698938,0.263589950166509,862080000
2008-07-18,0.2649650871753692,0.2665695400257692,0.2512125600073719,0.2585472484499807,899720000
2008-07-21,0.2665695250034332,0.272987363367149,0.2642774418252337,0.2690908274289673,571636000
2008-07-22,0.2608393728733063,0.2651943209142583,0.2557967942669952,0.2640482790799243,555924000
2008-07-23,0.2686325311660766,0.2713830266916874,0.2615270593447668,0.2626731014240879,594876000
2008-07-24,0.2528170943260193,0.2684032696188866,0.2521294637217851,0.2658819665112926,705628000
2008-07-25,0.2649650871753692,0.2658819095688012,0.2500665183536879,0.2553383154253923,1039600000
2008-07-28,0.2642774879932403,0.2729874110567372,0.2603809513743524,0.2615269931636601,734808000
2008-07-29,0.2670281529426574,0.2736752159496664,0.2617563518884942,0.2647360679037873,764636000
2008-07-30,0.2631314098834991,0.272758181443919,0.2571719824721714,0.2722997429324417,588492000
2008-07-31,0.2622146606445312,0.2679448703983795,0.2594641381036477,0.2624438526404079,487236000
2008-08-01,0.2484621703624725,0.2562552732907422,0.2452532633074084,0.2553384231865812,881060000
2008-08-04,0.2425027042627334,0.2498373947102799,0.2418150736178015,0.248462133420416,522052000
2008-08-05,0.2564845979213714,0.2564845979213714,0.2443365395203814,0.2470870366072172,685844000
2008-08-06,0.2633607685565948,0.2656528530322092,0.2489206035716615,0.2571721186133942,814864000
2008-08-07,0.2592349648475647,0.2727582772385083,0.2562552500954044,0.2610686375661092,819232000
2008-08-08,0.2521293759346008,0.2635897909355344,0.2512125263402553,0.2612977079353477,853764000
2008-08-11,0.2574012577533722,0.2635898784436541,0.2530462822129562,0.2539631321116829,1196436000
2008-08-12,0.2537339329719543,0.2601517734779343,0.2500665877331669,0.2594641428301871,1410868000
2008-08-13,0.2810098230838775,0.2851355807446596,0.267257315763806,0.2739043773627891,2095260000
2008-08-14,0.2979713082313537,0.3092025405600002,0.2789469982247135,0.2789469982247135,1635304000
2008-08-15,0.2970542013645172,0.3066809705401178,0.294991310545268,0.3032428191747025,777652000
2008-08-18,0.3030137121677398,0.3057642067066507,0.2959082428954139,0.2991171486368451,893968000
2008-08-19,0.3075979650020599,0.3094316376495617,0.2968251484444105,0.2968251484444105,1014140000
2008-08-20,0.3227256834506988,0.3236425059797734,0.3098900041009003,0.3121820877473791,1143692000
2008-08-21,0.3121820390224457,0.3195167274054241,0.3057642003492336,0.3169954248583017,1021560000
2008-08-22,0.3119528889656067,0.3181415370770667,0.3053058568832608,0.3144741920720381,459264000
2008-08-25,0.3073687851428985,0.3174539723372655,0.3064519623633197,0.3101193081292349,471600000
2008-08-26,0.3000340461730957,0.30920238097954,0.2968251125965644,0.3089731890036547,613112000
2008-08-27,0.3023259937763214,0.3059933369774849,0.2904071420344304,0.2931576630971934,454620000
2008-08-28,0.3011800944805145,0.305993481286603,0.2982003801397832,0.3027845476412795,365192000
2008-08-29,0.2897197604179382,0.2979712479384381,0.2888029102553482,0.2970544250996498,516004000
2008-09-02,0.2823850214481354,0.2970543756956564,0.2784884840456271,0.2945330723226115,693928000
2008-09-03,0.2672573029994964,0.2796345753906995,0.2647359991817138,0.2784885331687623,714856000
2008-09-04,0.2635899186134338,0.2670280447790762,0.2619854652008936,0.2642775493113219,716128000
2008-09-05,0.2674863636493683,0.2681739667154715,0.2610685255500477,0.2612977174641536,791100000
2008-09-08,0.2564845979213714,0.2700079185276864,0.2521296464775325,0.2700079185276864,1314840000
2008-09-09,0.24777452647686,0.2711538066981644,0.246857703745114,0.2555676289918943,1098296000
2008-09-10,0.2480036914348602,0.2557967922408792,0.2463992383442597,0.2507541863507171,644284000
2008-09-11,0.2360848486423492,0.2411274548325921,0.228291761034467,0.2337927648554366,1066976000
2008-09-12,0.2335635870695114,0.2356264516736181,0.2202694811706048,0.2340219983900022,1209200000
2008-09-15,0.2131640166044235,0.2287502069073871,0.2104135076114658,0.2253120672507154,863984000
2008-09-16,0.2198110520839691,0.2214155189995246,0.2017035730104147,0.205600123809423,1240840000
2008-09-17,0.2292086333036422,0.2342512129625742,0.2127056055852492,0.2147684840500483,1392580000
2008-09-18,0.249608114361763,0.2617561617062181,0.2315006393166199,0.2319590505265677,1611060000
2008-09-19,0.2615271508693695,0.2635900164045528,0.2498375066398425,0.2615271508693695,1107344000
2008-09-22,0.2560259401798248,0.267027945274899,0.2546506792965202,0.2594640650642987,700072000
2008-09-23,0.2486912906169891,0.2633606405236909,0.2477744408781889,0.2539630878127759,821468000
2008-09-24,0.2578597962856293,0.2629023775836856,0.2441072869324898,0.2454825214735194,866036000
2008-09-25,0.2629022896289825,0.269090938626511,0.2535047337854599,0.2578597100179354,588328000
2008-09-26,0.2679449021816253,0.2697785749851236,0.251671093620802,0.2564844539907113,646852000
2008-09-29,0.2315007448196411,0.264048365415861,0.2292086604015299,0.260839458160026,975240000
2008-09-30,0.2454822659492492,0.2477743484555938,0.2326465929842079,0.2351678946706985,659044000
2008-10-01,0.2386061549186706,0.2461700369810859,0.2342511792711979,0.2418150613336132,557208000
2008-10-02,0.2138516902923584,0.240210675217276,0.2127056344016306,0.240210675217276,787728000
2008-10-03,0.2069753408432006,0.2234783642261064,0.2056000934485904,0.2172897304575167,915828000
2008-10-06,0.1799288094043731,0.197577868109251,0.1675515368098605,0.1971194566777066,1677440000
2008-10-07,0.1659470498561859,0.1868050407634958,0.1645718020622433,0.1863466293861481,1059984000
2008-10-08,0.1693851798772812,0.1792411468680095,0.1583831571867507,0.1599876242369546,1219456000
2008-10-09,0.158612385392189,0.1780951301277874,0.1567787260682191,0.1755738263567402,909636000
2008-10-10,0.1560910195112228,0.1680098608097746,0.1439429726161764,0.1448598086640487,1200252000
2008-10-13,0.1845129281282425,0.1847421337816065,0.1673222855355771,0.1693851637396487,916536000
2008-10-14,0.1803871542215347,0.1925352029522742,0.1753445620271973,0.1913891611347288,1209012000
2008-10-15,0.1609044373035431,0.1801579571470292,0.1609044373035431,0.1792411209170684,854064000
2008-10-16,0.1764906048774719,0.1774074410692523,0.1581539220275531,0.1657178035323709,1019820000
2008-10-17,0.1753445714712143,0.1854297564030746,0.1682391145521139,0.1714480345464518,839416000
2008-10-20,0.1787827461957931,0.1826792978522934,0.1744277831264813,0.1813040499519583,595764000
2008-10-21,0.1650302112102508,0.1771782618210879,0.1641133748819408,0.1753445891644678,659116000
2008-10-22,0.1588414758443832,0.1696142719847285,0.1544865162838985,0.1627380106995124,600996000
2008-10-23,0.1499023884534835,0.1622796547736232,0.1434845496938321,0.1583831049331583,832192000
2008-10-24,0.1515068560838699,0.1592999421599764,0.1368375063366976,0.1375251368023725,798336000
2008-10-27,0.1597584336996078,0.1691559765684965,0.1457766949209344,0.1505900828657383,698936000
2008-10-28,0.1838252693414688,0.1840544749597151,0.1652593820112934,0.168239096034182,849920000
2008-10-29,0.1897847205400467,0.2017035644237459,0.1817624136275797,0.1826792498743099,977284000
2008-10-30,0.1978070139884948,0.2017035646255221,0.1856589644464348,0.2005575227314371,657176000
2008-10-31,0.2007867097854614,0.2046832600616766,0.191159950569426,0.1916183754817491,608672000
2008-11-03,0.1934521049261093,0.2088090923627148,0.1902431840133426,0.2051417463698953,723924000
2008-11-04,0.205829307436943,0.205829307436943,0.1948273005090769,0.2000990983415745,619560000
2008-11-05,0.1950565576553344,0.2039956889373309,0.1950565576553344,0.1982654783286024,787620000
2008-11-06,0.174656942486763,0.1904723220615757,0.1741985175695549,0.1835960712605176,797936000
2008-11-07,0.1998699456453323,0.2078922547137948,0.1856590141565681,0.1989531091522022,1132068000
2008-11-10,0.1870341747999191,0.208579788181088,0.182679213735891,0.2074337328529702,576396000
2008-11-11,0.1787827461957931,0.1856590130212701,0.1769490868826465,0.184283765120935,576484000
2008-11-12,0.1682391166687011,0.1774074518182138,0.1661762385276814,0.1732816955361743,646092000
2008-11-13,0.1819916367530822,0.1822208424040983,0.1572370985578132,0.1604460186577299,797228000
2008-11-14,0.1643425226211547,0.1755737329449091,0.1636548922018234,0.1746569106016585,741024000
2008-11-17,0.1609044373035431,0.167093057947459,0.1592999704856375,0.1627380961015679,388224000
2008-11-18,0.1556326150894165,0.1650301679116038,0.1503608178312087,0.1641133318238423,564488000
2008-11-19,0.1427970379590988,0.1581540156966021,0.1421094069925299,0.1542574629892187,500220000
2008-11-20,0.1352330595254898,0.1487563695766076,0.1336286064207924,0.1416508992680717,847036000
2008-11-21,0.1462351083755493,0.1462351083755493,0.1317949593486033,0.1395880617208149,599064000
2008-11-24,0.1558618396520614,0.1576955120505988,0.1466934913212709,0.1551742090871358,600308000
2008-11-25,0.1602167785167694,0.1631964923242255,0.1556326118356949,0.1627380674589815,528256000
2008-11-26,0.1744277477264404,0.1748861727081154,0.1565494876647672,0.1574663103043215,600792000
2008-11-28,0.1712188720703125,0.1741985874101725,0.1689267875510051,0.1716772971713147,175248000
2008-12-01,0.1565495282411575,0.1659470720275397,0.1563203088599593,0.1643426183305603,547112000
2008-12-02,0.1652593314647674,0.1673222087218198,0.1574662335328401,0.1595291107898925,479988000
2008-12-03,0.1737400889396667,0.1739692945444015,0.1574662724131848,0.1588415333653826,584632000
2008-12-04,0.1622796654701233,0.1787826746561945,0.1583831153728212,0.1703019576175218,466292000
2008-12-05,0.1686975061893463,0.1693851367015731,0.1544865803445231,0.1572370750696397,438484000
2008-12-08,0.1631965488195419,0.1753446001945546,0.1592999975945854,0.1719064739935396,707992000
2008-12-09,0.1790118664503097,0.1854297046476997,0.1592999270372444,0.1611335989970395,829760000
2008-12-10,0.1959733664989471,0.2005575343406402,0.1794703404098156,0.1824500549716752,961124000
2008-12-11,0.1877218037843704,0.2017035229315773,0.1854297204699947,0.1948272729884503,582700000
2008-12-12,0.1971193850040435,0.1982654268280988,0.1785534828629359,0.1822208276294296,679268000
2008-12-15,0.1907015293836593,0.199411451983167,0.184512895853937,0.1982654102549104,476996000
2008-12-16,0.2035372704267501,0.2039956817946377,0.1907015881831064,0.192535247316556,521940000
2008-12-17,0.213622435927391,0.2166021506990472,0.1971194223382087,0.199869917772123,674180000
2008-12-18,0.1939104497432708,0.2129347616363032,0.191389147001343,0.2122471311317965,550808000
2008-12-19,0.1952856928110122,0.2039956152550556,0.1945980623215739,0.196431734518813,593120000
2008-12-22,0.1838252693414688,0.1987238257940165,0.1767198132044598,0.1982654145575238,522464000
2008-12-23,0.1813039779663086,0.1888678589078095,0.1785534695958104,0.1849713087984109,377452000
2008-12-24,0.1769490242004394,0.1819916162645874,0.1732816795494606,0.1776366410760761,146616000
2008-12-26,0.1721357107162475,0.1792411837425465,0.1673223358991978,0.1769490991951988,226156000
2008-12-29,0.1776366978883743,0.1776366978883743,0.1631965612770709,0.1744277771234291,460168000
2008-12-30,0.1838252693414688,0.1865757777461111,0.1758029770695791,0.1799287328455948,409860000
2008-12-31,0.18497134745121,0.1895555290266469,0.178324301244199,0.1815332215160558,441580000
2009-01-02,0.1996406763792038,0.2010159238501198,0.1842837075786018,0.1849713244831116,497124000
2009-01-05,0.2033080458641052,0.2078922137649033,0.1959733690256895,0.1973486166635493,705736000
2009-01-06,0.2101842761039734,0.2161437046917756,0.204683272456254,0.209267439885704,657904000
2009-01-07,0.1975778043270111,0.2053709054426994,0.190472333798559,0.2053709054426994,870096000
2009-01-08,0.1925353109836578,0.195056615326476,0.1806164611963926,0.195056615326476,1014496000
2009-01-09,0.1817624568939209,0.1925352614490166,0.181304045492385,0.1925352614490166,761352000
2009-01-12,0.1744277477264404,0.1826792607776113,0.1719064581438706,0.1817624244761592,645532000
2009-01-13,0.1753445714712143,0.1819916307652619,0.1652594002012507,0.1684683201955887,1824424000
2009-01-14,0.1675514876842498,0.1712188190470576,0.1650301982261881,0.1691559408861354,974908000
2009-01-15,0.1735109835863113,0.1762614797561026,0.1650302620159669,0.1684683890591573,998204000
2009-01-16,0.1831376999616623,0.1847421533672058,0.1725941021701513,0.1783243124212338,831324000
2009-01-20,0.1652593314647674,0.1833668020200655,0.1638840708521384,0.182679171713751,705788000
2009-01-21,0.1732816994190216,0.1744277413383908,0.1622796915283177,0.1684683260900501,648472000
2009-01-22,0.1700727641582489,0.1746569450891545,0.1638841301479483,0.1677806805237441,547656000
2009-01-23,0.1767198294401168,0.1819916274535919,0.1650301915547502,0.1652593971940542,633616000
2009-01-26,0.18267922103405,0.1879510183740476,0.1746569290499896,0.1776366293040751,581748000
2009-01-27,0.1934521049261093,0.194827366504367,0.18497138439509,0.1856590151842189,725300000
2009-01-28,0.2014743983745575,0.204683319037834,0.1939105149298269,0.2003283562563801,723752000
2009-01-29,0.1897847205400467,0.1971193968519917,0.1888678842933164,0.1948273130661146,413128000
2009-01-30,0.1822207868099212,0.193451996902124,0.1799287036752632,0.1884094194706337,506760000
2009-02-02,0.1920768022537231,0.1941396803711368,0.1785534916686665,0.1794703279055055,577992000
2009-02-03,0.1943689435720443,0.1959734108771071,0.1872634708788683,0.1925352705553729,396948000
2009-02-04,0.1998699456453323,0.2097259277000549,0.194827365425968,0.194827365425968,779232000
2009-02-05,0.2145391702651977,0.2168312532573899,0.1925351489487463,0.1945980263740978,919192000
2009-02-06,0.2262289375066757,0.2276041853784356,0.2115595813349019,0.2152269272087955,1157880000
2009-02-09,0.2232492119073867,0.2285210111069205,0.2170605899443686,0.225312090449026,716128000
2009-02-10,0.213622435927391,0.2259997063657019,0.2094966791146207,0.2230199915940457,1129664000
2009-02-11,0.1868050098419189,0.2037664465865721,0.1801579639992568,0.1966609757805452,1983400000
2009-02-12,0.1907015293836593,0.1918475711119159,0.1801579345541832,0.1826792236239686,1024020000
2009-02-13,0.1904723942279815,0.192764492358663,0.1849713887705285,0.1863466503813176,764304000
2009-02-17,0.1794703155755996,0.1877218274783619,0.1787826850297375,0.183366865898992,779576000
2009-02-18,0.1842836737632751,0.1902430874849799,0.1792410824126835,0.1794702880054618,646252000
2009-02-19,0.1700727641582489,0.1895555023753316,0.1700727641582489,0.1879510356340406,743988000
2009-02-20,0.1744277477264404,0.1771782566307966,0.1661762483371673,0.1677807016182851,770056000
2009-02-23,0.1664053797721862,0.1783242190508873,0.1652593383220357,0.1774073831583885,679548000
2009-02-24,0.1813039779663086,0.1815331835817096,0.1670930385449107,0.167322257822207,659524000
2009-02-25,0.1833668351173401,0.1888678375751005,0.1746569134207283,0.1808455326470252,702360000
2009-02-26,0.1893263310194015,0.1957441722857575,0.1870342468045457,0.1897847560595124,1117556000
2009-02-27,0.1897847205400467,0.1941396824655926,0.1831376748286236,0.1845129223677704,755444000
2009-03-02,0.1737400889396667,0.1890970557234204,0.1730524584635678,0.1852005194572456,700064000
2009-03-03,0.1806163638830185,0.1874926286036269,0.1712188098399282,0.176949032717418,1041372000
2009-03-04,0.1939104497432708,0.199411452793639,0.1838252660993499,0.1854297327225671,1108668000
2009-03-05,0.1893263310194015,0.1989530929189355,0.1884095082629789,0.191160003856046,955252000
2009-03-06,0.1923060119152069,0.1991822770042136,0.1868050080411398,0.1893262974987005,974756000
2009-03-09,0.190243199467659,0.2053709824240868,0.1897847880122681,0.1909308303126472,682768000
2009-03-10,0.2074337899684906,0.2111011352397004,0.1952857394968787,0.1971194121324836,1254800000
2009-03-11,0.2131640166044235,0.2716121995012657,0.2039956669564629,0.2074337929512363,864916000
2009-03-12,0.2257704436779022,0.2280625271813293,0.2097258454920166,0.2124763402313711,1604604000
2009-03-13,0.2246244102716446,0.2278333300280424,0.2188941876382867,0.2225615323095391,1195156000
2009-03-16,0.2159145027399063,0.2271457302387841,0.2140808438179264,0.2269165245812739,699344000
2009-03-17,0.2266872972249984,0.2271457084961393,0.2138516176902968,0.2166021126409349,1005384000
2009-03-18,0.2337927967309951,0.2404398570135854,0.2230199932665923,0.2232491989441543,1359560000
2009-03-19,0.2310422509908676,0.2353971989024022,0.2294377979352386,0.2353971989024022,822648000
2009-03-20,0.2184358239173889,0.2347096455289688,0.2124763943607682,0.2344804261907151,1093672000
2009-03-23,0.2342511862516403,0.2347096248878311,0.2202694772808023,0.2253120563647447,816048000
2009-03-24,0.2241660356521606,0.2305838902668044,0.2230199936007346,0.228520998179959,1114868000
2009-03-25,0.227833405137062,0.2383769903880389,0.2191234655024111,0.2310423259513333,1243852000
2009-03-26,0.2420442998409271,0.2425027111760182,0.2289794128480504,0.2315007025148482,1333664000
2009-03-27,0.2397521138191223,0.2454823213788577,0.2360847700513776,0.2395228945872189,731892000
2009-03-30,0.2243952304124832,0.2335635937016169,0.2211863100922355,0.230583879048123,780052000
2009-03-31,0.2259996980428695,0.2315007023700129,0.2243952310472578,0.2278333707058834,805272000
2009-04-01,0.2317299395799636,0.2337928044076553,0.2147684866311599,0.2232492062746121,887920000
2009-04-02,0.2425027042627334,0.2468576801314386,0.2370017137508693,0.2404398396517333,1002860000
2009-04-03,0.2594641745090484,0.2601518052407507,0.2386061971489413,0.2427319542153558,1003208000
2009-04-06,0.2601517140865326,0.2624437975065539,0.2516710108972114,0.2551091360272435,887288000
2009-04-07,0.2512125968933105,0.2578596558549492,0.2496081438073261,0.2551091609470056,607804000
2009-04-08,0.2615271508693695,0.2622147818223666,0.2519003721750258,0.2539632650340172,731652000
2009-04-09,0.2759671211242676,0.276883943612744,0.2661111564160853,0.268174020677053,904412000
2009-04-13,0.2670281529426574,0.2727583928636419,0.2610687482358803,0.2725291734302313,767628000
2009-04-14,0.2686325311660766,0.2750503722750342,0.2622146900571191,0.2633607321364402,711960000
2009-04-15,0.2610686719417572,0.2622147141262755,0.2500666341818204,0.2592349989817678,1045368000
2009-04-16,0.267715573310852,0.2709245062351315,0.2557967459498695,0.2658819012575191,1038772000
2009-04-17,0.2695493102073669,0.2720706133027015,0.2612977976442666,0.267715637712923,695764000
2009-04-20,0.2532755136489868,0.2615270265137572,0.2519002523969267,0.2592349426428538,590660000
2009-04-21,0.2525880038738251,0.263131605654091,0.2461701604999157,0.2498375073775234,932184000
2009-04-22,0.2601517140865326,0.2706953087481468,0.2461699942948863,0.2502957499156827,916404000
2009-04-23,0.2560259401798248,0.2649650812737297,0.2480036487827189,0.2626729980174137,753952000
2009-04-24,0.2619853317737579,0.263819003592985,0.2523585615537616,0.2585472073591261,759508000
2009-04-27,0.2525880038738251,0.2658821021503926,0.2509835498612998,0.2585474357189855,787024000
2009-04-28,0.2532755136489868,0.2585473120168237,0.2470868653385114,0.2493789765332099,634392000
2009-04-29,0.2493791133165359,0.255567737697649,0.2463993971852415,0.2544216951335981,859668000
2009-04-30,0.2631314098834991,0.2704660708578956,0.2521294047600105,0.2541922687665074,1110276000
2009-05-01,0.2674863636493683,0.2736749825107973,0.262214567091934,0.2624437590060399,840548000
2009-05-04,0.2819266021251678,0.2839894667728728,0.268403290280203,0.2720706355692299,927704000
2009-05-05,0.2704661190509796,0.2775715893595155,0.2647359098743515,0.2757379169582359,837076000
2009-05-06,0.2649650871753692,0.275967092515494,0.2596932901036648,0.2734457899478738,935088000
2009-05-07,0.2459408193826675,0.270924576885178,0.2425026936325154,0.270924576885178,1289196000
2009-05-08,0.2120179533958435,0.2406690141479282,0.2088090333893631,0.2406690141479282,2930564000
2009-05-11,0.2161437273025512,0.2214155258626597,0.206746172159584,0.208579844787943,1038596000
2009-05-12,0.205829307436943,0.2209570703782329,0.2017035514235192,0.2209570703782329,1201384000
2009-05-13,0.1925353109836578,0.2056002168934155,0.1909308570035951,0.2044541744328268,1305608000
2009-05-14,0.1952856928110122,0.1994114484238527,0.1909307315889905,0.1923059789059724,1017864000
2009-05-15,0.2003283053636551,0.2072045563258311,0.1943688769335855,0.1966609605876442,780308000
2009-05-18,0.2124764025211334,0.2138516639558788,0.2049125192776311,0.2053709443098461,938320000
2009-05-19,0.2166021317243576,0.2191234212615599,0.2104134970473363,0.213851636531391,859768000
2009-05-20,0.2230199575424194,0.2349388011473261,0.2195818319440246,0.2204986681693092,1309436000
2009-05-21,0.2216447591781616,0.2246244741555201,0.2154561235317785,0.2202695113662653,965600000
2009-05-22,0.2250828444957733,0.2282917645796624,0.2175189624167416,0.2216447187620129,718260000
2009-05-26,0.2372309565544128,0.2390646295589915,0.2207279404989071,0.2230200249236801,865540000
2009-05-27,0.2376893460750579,0.2447948180667108,0.2337928083767124,0.2360848925903038,814152000
2009-05-28,0.2408982664346695,0.2429611311780647,0.2305838880700979,0.2413566777861131,995288000
2009-05-29,0.2390645891427993,0.2415858925133194,0.2308130756790946,0.241127481170624,834232000
2009-06-01,0.2507542371749878,0.2521294985735581,0.2408982700153616,0.2418150927318765,1022764000
2009-06-02,0.2486912906169891,0.2562551711740928,0.2441071238943552,0.2507541547126587,907984000
2009-06-03,0.2408982664346695,0.2463992846233861,0.2349388368945091,0.2454824345967012,735688000
2009-06-04,0.249608114361763,0.2500665255717107,0.2413566032875473,0.2415858225544157,673180000
2009-06-05,0.2482329607009887,0.2541923909775002,0.2452532728865339,0.2541923909775002,559992000
2009-06-08,0.2468576729297638,0.250295798730326,0.2406690246297158,0.2463992616211145,473948000
2009-06-09,0.2603810429573059,0.2631315387543088,0.2484621822972914,0.2502958552698938,725032000
2009-06-10,0.2686325311660766,0.2702369846123664,0.2560260409697467,0.2617562513663519,833320000
2009-06-11,0.2651943862438202,0.2796345497022552,0.2635899327452605,0.2693201433285446,835156000
2009-06-12,0.2638190686702728,0.2647358911441506,0.2553383378298452,0.2612977658814229,595000000
2009-06-15,0.2594641745090484,0.2624438894638922,0.2548800060627655,0.25900576312918,445164000
2009-06-16,0.2523587644100189,0.2626731732688405,0.248691445147408,0.2594642381747742,594912000
2009-06-17,0.2585474252700805,0.2610687295620161,0.2463993699682394,0.2562553403951598,799016000
2009-06-18,0.2535046339035034,0.2624437748646509,0.25075413950153,0.257630389168357,566376000
2009-06-19,0.2562552392482757,0.2626730798296198,0.2528171132929624,0.2560260199217364,747564000
2009-06-22,0.2418150603771209,0.2571720437524724,0.2408982377832765,0.2571720437524724,574864000
2009-06-23,0.2406690716743469,0.244565636869032,0.2312715150529775,0.244107225470775,589764000
2009-06-24,0.2486912906169891,0.2544214990202815,0.2436486853630606,0.2436486853630606,515096000
2009-06-25,0.2617562413215637,0.2622146799947385,0.2438779801054667,0.2463992835127384,870444000
2009-06-26,0.2651943862438202,0.2661112363314252,0.2583181335438793,0.2606102177771929,513956000
2009-06-29,0.2651943862438202,0.2700077740632985,0.2624438906286037,0.2658820169785741,510056000
2009-06-30,0.2587765157222748,0.2679448789446583,0.2539631557697942,0.2642775336557049,589844000
2009-07-01,0.2599226534366607,0.2633608079886672,0.2555677032104632,0.2603810922594658,696420000
2009-07-02,0.2498373687267303,0.2546507280930642,0.2463992431834377,0.2514418218488416,552312000
2009-07-06,0.2418150603771209,0.2498373810303341,0.2376893040572324,0.2496081617199758,752456000
2009-07-07,0.2312715053558349,0.2441072152354351,0.2305839019491807,0.2427319537745281,1072996000
2009-07-08,0.2317299395799636,0.2333343930374793,0.222561589219348,0.2326467623203158,1205860000
2009-07-09,0.2367724627256393,0.2406689994268047,0.2349387903592697,0.2356264209121323,714564000
2009-07-10,0.2376893460750579,0.2392938268836112,0.2317299435139999,0.2367725233191411,520008000
2009-07-13,0.2404398471117019,0.2425027117867051,0.2280625770902926,0.2425027117867051,556012000
2009-07-14,0.2454822659492492,0.2463991153460543,0.2395228405032417,0.2422733613698783,452568000
2009-07-15,0.2555675506591797,0.2606101287858042,0.2521294254832371,0.2544215089338655,1022808000
2009-07-16,0.2688616514205932,0.269778501233595,0.2569428224418995,0.2583180561757154,952076000
2009-07-17,0.2766549289226532,0.2775717519985956,0.2661113269302721,0.268861823481908,850356000
2009-07-20,0.2800928652286529,0.2830725791769802,0.2752794790564481,0.2789468235042032,782756000
2009-07-21,0.2743627429008484,0.2805513646946064,0.2679449017605887,0.2794053226096957,941296000
2009-07-22,0.2812390029430389,0.2837603065268927,0.2670280588504803,0.2688617317002104,600908000
2009-07-23,0.2979713082313537,0.2988881585794635,0.2787177788067343,0.2816974946214285,1046120000
2009-07-24,0.2970542013645172,0.2979710235127739,0.2869690211147883,0.2888026927350827,650592000
2009-07-27,0.2984295785427093,0.3027845264345977,0.291553300448278,0.2943038226155672,677484000
2009-07-28,0.2988878488540649,0.3020967534376731,0.2938452454744252,0.296366547164245,563180000
2009-07-29,0.2929284870624542,0.2972834611709951,0.2899487736879335,0.2954497893002297,373972000
2009-07-30,0.2952207624912262,0.3018678239397505,0.2926994586100958,0.2979712584282213,468444000
2009-07-31,0.2963666915893554,0.3004924475815386,0.2883443988971407,0.2952206497761819,541560000
2009-08-03,0.3043889999389648,0.3078271528791319,0.29774196801016,0.3034721773707826,471900000
2009-08-04,0.3064518570899963,0.3117236545710898,0.2986587568454872,0.2991171680778017,695380000
2009-08-05,0.3071395456790924,0.3094316295978785,0.3009508972393334,0.3046182424389094,610768000
2009-08-06,0.3007216453552246,0.3137865156257734,0.2988879731205989,0.3082855262456866,957588000
2009-08-07,0.3142450451850891,0.3261638771762574,0.3098900689511443,0.3169955406716975,1401872000
2009-08-10,0.3039306104183197,0.3211212670549458,0.3020969378268586,0.316537099238191,693312000
2009-08-11,0.2968252003192901,0.3064519765701563,0.2952207467187461,0.3018678078121443,481884000
2009-08-12,0.3078272640705108,0.3110361715420429,0.2968252253354778,0.2970544447222173,634940000
2009-08-13,0.3169954121112823,0.3181414537095646,0.3046181464555619,0.3101191625215889,564028000
2009-08-14,0.3075979650020599,0.3169955202431339,0.30347220837613,0.3165371089122076,427148000
2009-08-17,0.2947623431682586,0.2991172926749849,0.2915534085577955,0.2982004698284536,465032000
2009-08-18,0.3055351078510284,0.3089732615343358,0.2945330980358431,0.29476231738933,636200000
2009-08-19,0.3020969927310943,0.3039306656558139,0.2979712354814253,0.3009509505686196,552996000
2009-08-20,0.3140158355236053,0.3153910969712059,0.3000341109935961,0.3007217417173963,819840000
2009-08-21,0.3192876875400543,0.3197460989906037,0.3101193492338531,0.3165371915129547,607324000
2009-08-24,0.3103484213352203,0.320892017241354,0.3085147489180067,0.3174538917055008,461456000
2009-08-25,0.313099056482315,0.3163079638762738,0.3066812143705948,0.3119529869001267,444088000
2009-08-26,0.3167663514614105,0.3174539822294218,0.3112653599649216,0.3124114021370068,434308000
2009-08-27,0.3211212158203125,0.3224964495516442,0.3147033764360578,0.3181415017500738,551072000
2009-08-28,0.3376243114471435,0.3445005635468751,0.3293727979979469,0.3298312093398362,883992000
2009-08-31,0.3328107595443725,0.3353320616642172,0.3284557856395302,0.3337275817749796,431796000
2009-09-01,0.3215797245502472,0.3419792906584318,0.3197460516954734,0.3325817343550907,736856000
2009-09-02,0.3261638283729553,0.3293727620636832,0.3202043996071707,0.3220380720984732,404656000
2009-09-03,0.3339569270610809,0.3344153383494317,0.3252470032872405,0.3261638258639421,534020000
2009-09-04,0.346334159374237,0.3486262428987852,0.332581630903157,0.332581630903157,513048000
2009-09-08,0.355960875749588,0.355960875749588,0.3461049119312097,0.3488554064721135,549712000
2009-09-09,0.3658168911933899,0.366504521756604,0.3502307168303051,0.3552732954208875,571684000
2009-09-10,0.3775065541267395,0.3779649927488377,0.362837201314455,0.3669629576467786,607952000
2009-09-11,0.3740683495998382,0.3779649131240289,0.3713178550656596,0.3765896521950453,712732000
2009-09-14,0.3678797781467438,0.371547122887475,0.3646708446676558,0.3685674087011049,490516000
2009-09-15,0.3754436075687408,0.3800277741974922,0.3678797271665434,0.371317852138107,546136000
2009-09-16,0.3653584420681,0.3752144062561321,0.3598574527799745,0.374526775764169,707064000
2009-09-17,0.349313884973526,0.3644416476653704,0.3431252373935403,0.3644416476653704,923096000
2009-09-18,0.3488554954528808,0.3552733359011476,0.3461050002104224,0.3527520599804756,604740000
2009-09-21,0.3472509980201721,0.3532104263909439,0.3417500082346844,0.3447296950962781,588776000
2009-09-22,0.3479386866092682,0.3518352239675669,0.3451881912577512,0.3497723592848784,361388000
2009-09-23,0.342437744140625,0.3529813438589597,0.3419793327015241,0.3500016285190996,478936000
2009-09-24,0.3378534615039825,0.3481678656966085,0.3367074196296678,0.3481678656966085,552876000
2009-09-25,0.3323525786399841,0.337624378427055,0.329831274773706,0.3360198974264404,377556000
2009-09-28,0.3399163484573364,0.348397052742383,0.3334985085873198,0.3334985085873198,467708000
2009-09-29,0.3337276577949524,0.3461049246702719,0.3330400273034696,0.3419791690451653,470928000
2009-09-30,0.3445005118846893,0.3486262679905786,0.3330400661133111,0.340603947753476,875956000
2009-10-01,0.319975197315216,0.3433544730095266,0.3197459780147647,0.3433544730095266,999960000
2009-10-02,0.317453920841217,0.3243301725440213,0.3149326176206706,0.3167662902061775,612476000
2009-10-05,0.3158494234085083,0.3220380436108872,0.3103484064212224,0.3208920018206766,754276000
2009-10-06,0.3211212158203125,0.3266222053932216,0.3174538712225123,0.3197459547651896,761272000
2009-10-07,0.3185999691486358,0.3222673143928234,0.3151618432286335,0.3188291884728211,459608000
2009-10-08,0.3206629157066345,0.3213505191487031,0.3092024666976821,0.3204336963434112,1241524000
2009-10-09,0.3247887194156647,0.3252471308838533,0.3183708768896097,0.3188292883577984,618540000
2009-10-12,0.3211212158203125,0.327309835920783,0.3190583242376282,0.3192875435214124,499008000
2009-10-13,0.319975197315216,0.3266222291427871,0.3169954830283144,0.3229549116021177,602124000
2009-10-14,0.3195168673992157,0.3323525503694929,0.3179123865350809,0.3323525503694929,1101948000
2009-10-15,0.3101193010807037,0.3220381335633319,0.3080564088878378,0.319058418611725,1092196000
2009-10-16,0.3030137121677398,0.3071394676380005,0.2975126957661295,0.3062226179091711,1018832000
2009-10-19,0.3140158355236053,0.3165371390696066,0.3030138259141979,0.3055351021364003,695588000
2009-10-20,0.3142450451850891,0.3215797089239774,0.3117237417168159,0.3192876247978374,660180000
2009-10-21,0.3066811561584472,0.3179123572292749,0.3050766754422168,0.3130989970519763,503956000
2009-10-22,0.3087440729141235,0.310348526576846,0.2998049270952948,0.3050767268360704,379328000
2009-10-23,0.3014093041419983,0.3128697225290811,0.2995756317353065,0.3128697225290811,429528000
2009-10-26,0.2975126504898071,0.3082854623904362,0.2959081978632617,0.3037012964152866,481652000
2009-10-27,0.287427693605423,0.3004925987052352,0.284448005251661,0.2961376485545017,591836000
2009-10-28,0.2755087018013,0.2874275304209546,0.2741334407851209,0.2810096912184359,773632000
2009-10-29,0.2876568138599396,0.28903207518287,0.2773424359093508,0.2798637119029946,637100000
2009-10-30,0.2741333544254303,0.2874274398732545,0.2727581211662785,0.2862813984954038,604144000
2009-11-02,0.2766549289226532,0.2826143608877048,0.268861823481908,0.2736752129401273,593136000
2009-11-03,0.275279551744461,0.2766548131064567,0.2649651735008853,0.2677156689010794,876472000
2009-11-04,0.2745920419692993,0.2803222819515029,0.2734459994376205,0.277342565904376,916840000
2009-11-05,0.2812390029430389,0.2839894985557343,0.2768840265094551,0.2778008765962198,955156000
2009-11-06,0.3016384541988373,0.3078271011269023,0.2952206153291554,0.2988879596329133,1641112000
2009-11-09,0.3085148632526397,0.3128698402729369,0.3055351478858686,0.3057643672693906,818124000
2009-11-10,0.3009509444236755,0.3096608701454003,0.2970544066155828,0.3096608701454003,781472000
2009-11-11,0.3094316720962524,0.316766336178976,0.3055351070401123,0.3059935457458695,871512000
2009-11-12,0.3085148632526397,0.3174540093529531,0.3075980403661577,0.3121822094461739,505864000
2009-11-13,0.3108069598674774,0.3124114409668594,0.306910421462844,0.3082856831697989,388524000
2009-11-16,0.3151617646217346,0.3188291089512218,0.311952831502486,0.3135573117240049,402820000
2009-11-17,0.3147034049034118,0.3153910354931747,0.308743976223858,0.3153910354931747,350124000
2009-11-18,0.3098899722099304,0.3128696861084672,0.3046181749007945,0.3117236444031676,455516000
2009-11-19,0.2975126504898071,0.303242857958744,0.2920116622491415,0.303242857958744,833840000
2009-11-20,0.2956789135932922,0.2970541740128292,0.2899487073848522,0.2906363375946206,426748000
2009-11-23,0.2979713082313537,0.3055351938151754,0.2965960736948998,0.3000342010217454,390924000
2009-11-24,0.2961376011371612,0.298658877596163,0.2913242129422829,0.296596012554816,418504000
2009-11-25,0.2995756566524505,0.3037014130797179,0.2975127647769194,0.2995756566524505,441760000
2009-11-27,0.2931578457355499,0.2965959718821874,0.2871984161518591,0.2888028695555304,279932000
2009-11-30,0.2993464171886444,0.2995756364895408,0.291094904889477,0.2943038384830613,509836000
2009-12-01,0.3053057491779327,0.3087438736608275,0.2993463224780679,0.3009507751053286,461936000
2009-12-02,0.3144741356372833,0.3151617661178,0.3041597604009013,0.3059934325743493,602292000
2009-12-03,0.3169954121112823,0.3238716617009757,0.3165370009367268,0.3181414537095646,660036000
2009-12-04,0.3268513679504394,0.3282266287668794,0.3179122272911523,0.322954832068908,824564000
2009-12-07,0.3687966763973236,0.377048190096407,0.3461050273867431,0.3632956854804665,2732184000
2009-12-08,0.3509183228015899,0.3644416318511279,0.3488554312565127,0.3628371515414709,1075512000
2009-12-09,0.3596282303333282,0.3623787249531101,0.3511474998802988,0.3545856523097631,671588000
2009-12-10,0.3532105088233948,0.3644417376319545,0.3520644667403049,0.3621496534657747,417012000
2009-12-11,0.3486263155937195,0.3566486096024325,0.3477094655984457,0.3561901982666939,416744000
2009-12-14,0.3591698408126831,0.3603158825838004,0.3497722873600049,0.3536688239170454,405488000
2009-12-15,0.3587115108966827,0.3646709130633438,0.3557317961514535,0.3566486188466945,446152000
2009-12-16,0.3875918388366699,0.3917175962284315,0.3694843556516612,0.3715472480094427,1683400000
2009-12-17,0.3857581615447998,0.4006567373276565,0.3800279505990091,0.3887378767013711,1016132000
2009-12-18,0.3855289220809936,0.3903422822891313,0.3809447265644184,0.3889670482255767,812828000
2009-12-21,0.3992813527584076,0.4008858058641603,0.3873625231279402,0.3878209343976134,427792000
2009-12-22,0.4098250269889831,0.4139507838529815,0.3988230177929201,0.3992814291502982,793044000
2009-12-23,0.4155551791191101,0.4167012210140942,0.408449708440691,0.4137215066223768,442196000
2009-12-24,0.414638340473175,0.4173888354498479,0.4130338873470986,0.4167012048747314,136812000
2009-12-28,0.407991349697113,0.4176181247139521,0.4038655928790102,0.4139507792481279,465760000
2009-12-29,0.4130340218544006,0.4141800640782134,0.4056993297629572,0.4066161799362885,475848000
2009-12-30,0.427932471036911,0.4304537742712456,0.4139507482352295,0.4169304627874988,704008000
2009-12-31,0.42816162109375,0.4343502411942205,0.4277032098499728,0.4288492516213114,700340000
2010-01-04,0.4238066673278808,0.4267863815482947,0.4150967439619761,0.4242650785947616,800204000
2010-01-05,0.4299953877925873,0.4345795558843369,0.4222022856423347,0.4222022856423347,728648000
2010-01-06,0.4327458143234253,0.4336626368663696,0.4256403439823324,0.4297661000731672,649168000
2010-01-07,0.4242651462554931,0.4322874676623525,0.4210562395517869,0.4304537949786074,547792000
2010-01-08,0.4251819550991058,0.4281616695062628,0.4183057036935717,0.4208269794813243,478168000
2010-01-11,0.4192225039005279,0.4293076884844257,0.413263075404416,0.4274740160760995,556612000
2010-01-12,0.4050116240978241,0.4146383988573913,0.3963016993421093,0.4130339455053957,627432000
2010-01-13,0.4105125665664673,0.411887827657136,0.3919466784613988,0.4077620717089217,508868000
2010-01-14,0.4040947556495666,0.4084497038722796,0.3972185043565713,0.4054700168376832,608524000
2010-01-15,0.3921757936477661,0.4045530590692078,0.3869039969306957,0.4011149343394384,818192000
2010-01-19,0.3995104432106018,0.4020317180425745,0.3880500012220769,0.389196042688551,545328000
2010-01-20,0.3979061543941498,0.3995106350767973,0.389196229601222,0.394468028343557,719728000
2010-01-21,0.3908006548881531,0.4047823764415166,0.3871333100245122,0.3976769060146349,608632000
2010-01-22,0.3772774040699005,0.3933219925602839,0.3749853199998457,0.3862165210135951,1067916000
2010-01-25,0.383695125579834,0.3910297868577534,0.3807154117508636,0.3834659063146097,643676000
2010-01-26,0.3715472221374511,0.3843829048349649,0.3713180027835029,0.3818616012367319,714636000
2010-01-27,0.3816323578357696,0.3830076192252037,0.3671922225419031,0.3713179793864075,812504000
2010-01-28,0.3687966763973236,0.385987334491047,0.3635248774964535,0.3846120730999339,687764000
2010-01-29,0.3527520596981048,0.3770481601885962,0.3472510418937958,0.3729224036663133,774700000
2010-02-01,0.3797986507415771,0.3804862813741039,0.3511475747607965,0.3541272892858821,949832000
2010-02-02,0.383695125579834,0.3885085115592315,0.3772772867152336,0.3784233283937769,849812000
2010-02-03,0.3869042098522186,0.3885086908014531,0.3784235029831001,0.3802571759795099,562296000
2010-02-04,0.3644415736198425,0.3834658691022611,0.3603158185127009,0.3834658691022611,783480000
2010-02-05,0.3717765212059021,0.3726933715618663,0.357565572940819,0.3639834434611466,604856000
2010-02-08,0.3710887432098388,0.3800278871879772,0.3637540798878408,0.3706303318754259,445160000
2010-02-09,0.3681091368198395,0.378881956627961,0.3644418177420956,0.3770482834271869,930144000
2010-02-10,0.3752145767211914,0.3786527034192047,0.3678799118968566,0.3704012157382539,535828000
2010-02-11,0.3924052119255066,0.3965309691586236,0.3784234866698878,0.3811739823840324,695980000
2010-02-12,0.3976768255233764,0.4056991168805305,0.3852995596066376,0.3896545341662224,780212000
2010-02-16,0.4050116240978241,0.4066161047736165,0.3981353720260172,0.4029487594058007,457024000
2010-02-17,0.4089082181453705,0.4102834522641559,0.3972185778548009,0.4100542602395911,876560000
2010-02-18,0.3820907473564148,0.3885085874750821,0.3715471509240473,0.386445695656335,1515508000
2010-02-19,0.3800278604030609,0.3846120280716854,0.3781941878708522,0.3804862717051644,510548000
2010-02-22,0.380715399980545,0.3873624579048671,0.3781940974361836,0.3816322223655193,458084000
2010-02-23,0.3715472221374511,0.3834660547429713,0.3676506570631277,0.3818616012367319,489764000
2010-02-24,0.3793403804302215,0.3830077269510017,0.3736101685688809,0.374756210941149,445868000
2010-02-25,0.3759022355079651,0.3768190857566342,0.3612328774434968,0.3706304353804812,576972000
2010-02-26,0.3713178634643554,0.3768188799809267,0.3690257800800647,0.3740683580607464,393396000
2010-03-01,0.3862164914608001,0.3880501640412931,0.3685674509366201,0.3715471654644467,555868000
2010-03-02,0.385987251996994,0.3944679558995496,0.3832367571264073,0.3896545967069709,538648000
2010-03-03,0.3811738193035126,0.3903421526439696,0.3779649135638681,0.3882792885718822,399300000
2010-03-04,0.381861537694931,0.3857580747970708,0.3770481506533616,0.3827783603105657,557396000
2010-03-05,0.3935511410236358,0.3963016359476156,0.3791110085180015,0.3791110085180015,632832000
2010-03-08,0.3878208994865417,0.3949263691601272,0.3862164192014294,0.3937803274272127,439312000
2010-03-09,0.4022610783576965,0.4061576152456546,0.3914882629352682,0.3917174822384748,830832000
2010-03-10,0.4031778872013092,0.4075328625474647,0.400885803542425,0.4011150228378304,418520000
2010-03-11,0.3940096795558929,0.4013443714873425,0.3924052259423138,0.3999691099192454,540660000
2010-03-12,0.395384818315506,0.3995105744145157,0.3933219266041046,0.3983645325716681,520352000
2010-03-15,0.3933219611644745,0.3988229788877812,0.3896546433393985,0.3949264417444776,358904000
2010-03-16,0.4070745408535003,0.4093666250167369,0.3928635971823953,0.3930928165282383,664988000
2010-03-17,0.4148675799369812,0.4203685978437959,0.4093665893539626,0.4093665893539626,651168000
2010-03-18,0.4001981914043426,0.4155551461126063,0.3965308467021639,0.4155551461126063,740964000
2010-03-19,0.395384818315506,0.407303648016362,0.3903422123479425,0.4061576061735144,584612000
2010-03-22,0.4018025994300842,0.4034070523110343,0.3903421553512388,0.3903421553512388,435336000
2010-03-23,0.4100541770458221,0.4121170414673758,0.4020318566900862,0.4047823790172155,493612000
2010-03-24,0.3963016867637634,0.4077621338434917,0.3956140561136483,0.4066160918678984,436252000
2010-03-25,0.3974477350711822,0.4045532063625774,0.39653091240562,0.4020319030465865,495184000
2010-03-26,0.3974477350711822,0.4050116176953586,0.3942388284179178,0.4008858610527355,344676000
2010-03-29,0.4024903178215027,0.4034071404326655,0.3944679970167511,0.3999690146551126,394456000
2010-03-30,0.4040947556495666,0.4091373344663379,0.3972185043565713,0.4070744700079567,324104000
2010-03-31,0.39882293343544,0.4043239505318167,0.3967600417778767,0.4024902781663578,389840000
2010-04-01,0.3946972191333771,0.4052408158555723,0.3905714627062661,0.4006566481196257,339664000
2010-04-05,0.4006566107273102,0.4013442412882863,0.3967600466563764,0.3972184852462221,413636000
2010-04-06,0.3908006548881531,0.3965308641602212,0.3839243764378781,0.3956140142824145,809260000
2010-04-07,0.3933219611644745,0.399969020831329,0.3850704482414119,0.388279382077623,817468000
2010-04-08,0.3869042098522186,0.3937804904197057,0.3848413448086336,0.390800775216015,1037600000
2010-04-09,0.3894253373146057,0.3908005982701757,0.3839243208161146,0.3859872122494697,817572000
2010-04-12,0.3965308964252472,0.3981353496872192,0.3891962061011545,0.3898838367345126,546460000
2010-04-13,0.4047824144363403,0.4061576483964469,0.3965309013805182,0.3981353546625404,648696000
2010-04-14,0.4098250269889831,0.4155552372657037,0.4034071860142966,0.4134923724956034,900720000
2010-04-15,0.4128048419952392,0.4153261460584962,0.4070746303276594,0.4112003881930778,957596000
2010-04-16,0.391029804944992,0.397676863382279,0.3823198823204241,0.3960724104228615,1917736000
2010-04-19,0.3891961872577667,0.3903422291499449,0.3761313151516951,0.3880501453655886,1094492000
2010-04-20,0.3905713856220245,0.3960724022137417,0.3855288075724593,0.3919466466009012,678188000
2010-04-21,0.380486398935318,0.3930928915632921,0.3759022297338015,0.3926344801079012,895908000
2010-04-22,0.3820907473564148,0.3832367892588984,0.3690258478090656,0.3742976460252493,656932000
2010-04-23,0.3768190443515777,0.3818616245318622,0.3701719832433746,0.380944774383937,752916000
2010-04-26,0.380486398935318,0.3850705681368345,0.3765898605787897,0.377277491423778,491092000
2010-04-27,0.3697134852409363,0.3816323157820521,0.3685674433172944,0.3777357787064289,606704000
2010-04-28,0.3704011142253876,0.3756729125156356,0.3628372047741757,0.3694842642962431,672164000
2010-04-29,0.3816323578357696,0.3820907965147795,0.3660461804919739,0.3715471987259124,987128000
2010-04-30,0.3600867986679077,0.3777358704369828,0.3598576066217985,0.3770482396510524,1068048000
2010-05-03,0.3561902046203613,0.3639833067621155,0.3506891865219824,0.3619204147287995,1078972000
2010-05-04,0.3380827903747558,0.3513768858899362,0.3330401826345202,0.3506892550777402,1311376000
2010-05-05,0.3323525786399841,0.3408332857806796,0.3282268210968937,0.3312065363960035,1330840000
2010-05-06,0.3254762589931488,0.3369367073884746,0.2988880711776872,0.3300604547455586,1002888000
2010-05-07,0.319975197315216,0.3284559015750183,0.3085147514447189,0.3284559015750183,1153712000
2010-05-10,0.3337276577949524,0.3433544300281307,0.3300603407133608,0.3392286744030243,979156000
2010-05-11,0.3300604224205017,0.3367074550614785,0.3275391191021745,0.3305188337537076,829124000
2010-05-12,0.3364782333374023,0.3383118785082696,0.330289585252446,0.3323524770553628,901236000
2010-05-13,0.3357905745506286,0.3504599259528,0.3325816411233762,0.3351029440073751,1252000000
2010-05-14,0.2970542013645172,0.3140156296975145,0.2888026927350827,0.3130988075492578,2493068000
2010-05-17,0.2977419793605804,0.3014093244207016,0.2883444247213915,0.2975127600478999,856060000
2010-05-18,0.2878860235214233,0.3020969383113974,0.2862815429239493,0.3002632657169953,674112000
2010-05-19,0.2924702167510986,0.2929286281085704,0.28444792236205,0.2865107871325719,826520000
2010-05-20,0.2855940759181976,0.2924703309362695,0.2752796660672811,0.283989594554934,1129136000
2010-05-21,0.2917826175689697,0.2998049128245212,0.2773424806442169,0.2773424806442169,1069600000
2010-05-24,0.2833019196987152,0.2943039588117446,0.2823850967678649,0.2908658318353496,664564000
2010-05-25,0.2908657193183899,0.2922409531826771,0.2716121719804311,0.2743626943565931,966652000
2010-05-26,0.2922409772872925,0.3082855922843852,0.2913241546354796,0.3025553824010649,995028000
2010-05-27,0.3094316720962524,0.3094316720962524,0.2988880736922252,0.2995757044270616,713560000
2010-05-28,0.3011800944805145,0.3089731956273343,0.2965959269790182,0.3089731956273343,545116000
2010-06-01,0.2883443236351013,0.3004923691486836,0.2881151044027793,0.2970542446065632,527492000
2010-06-02,0.2915533781051636,0.2920118168043473,0.2869692097037181,0.288802882529056,649088000
2010-06-03,0.2910949289798736,0.2917825596156767,0.2846770885853715,0.2855939385410406,586360000
2010-06-04,0.2773424088954925,0.2876567858414346,0.2757379284004221,0.2826142070215106,671456000
2010-06-07,0.2635899186134338,0.2803221654081178,0.2624438765582197,0.2784884926550156,577248000
2010-06-08,0.2562552392482757,0.2624438605030804,0.2496081793403923,0.2624438605030804,967636000
2010-06-09,0.2500665485858917,0.2645067079566237,0.249149726081619,0.2576304298794121,697152000
2010-06-10,0.2601517140865326,0.2612977557965433,0.2544215055364792,0.2551091360272435,611768000
2010-06-11,0.2661111354827881,0.2672571771651273,0.2567135827580907,0.257401213232252,442104000
2010-06-14,0.2603810429573059,0.2704662033209168,0.2596934121771049,0.2700077919087165,375080000
2010-06-15,0.2732167840003967,0.2745920185267187,0.2629023747720437,0.2633608136046246,528632000
2010-06-16,0.2697784602642059,0.2739042154866861,0.2661111162167153,0.2713829130385629,366480000
2010-06-17,0.2800928652286529,0.2807804957280808,0.2695492704341996,0.2791760427786092,859068000
2010-06-18,0.2819266021251678,0.2853647280872069,0.2796345181504751,0.2816973827981801,932832000
2010-06-21,0.275279551744461,0.2885736447231626,0.2727582756791986,0.287886041365962,579836000
2010-06-22,0.2649650871753692,0.2821557119806304,0.263589826261433,0.2787175870195782,818164000
2010-06-23,0.2679449021816253,0.2706953977249733,0.2599225802508459,0.2674864908117005,614060000
2010-06-24,0.2546508312225342,0.2677157354371553,0.2537340083025415,0.2663404737333623,725028000
2010-06-25,0.2539632320404053,0.2567137281712552,0.249837474182228,0.2564845087754325,507220000
2010-06-28,0.2544215619564056,0.2580889071712175,0.2498373940997886,0.255796823242909,372008000
2010-06-29,0.2402106374502182,0.2491497818238938,0.2386061840468808,0.2489205624846465,660808000
2010-06-30,0.2340219765901565,0.2431903114410985,0.2340219765901565,0.2406690084275722,623072000
2010-07-01,0.2379185259342193,0.2395229791526528,0.227604135023228,0.2347096194973523,737008000
2010-07-02,0.2349387854337692,0.2392937606280688,0.2269164929074079,0.2388353493770351,737096000
2010-07-06,0.2324175089597702,0.2415858432388693,0.230354617352698,0.2340219619938542,712020000
2010-07-07,0.2436487525701522,0.2450240138958045,0.2328759632651975,0.2333343745991495,608412000
2010-07-08,0.2363141328096389,0.245482470473643,0.2333344176040773,0.2452532784263239,783272000
2010-07-09,0.2372309565544128,0.2388354375107952,0.2342512413374476,0.2374601759264108,571516000
2010-07-12,0.2415858656167984,0.2445655799982727,0.2370016980526205,0.2372308900365531,565396000
2010-07-13,0.2502958476543426,0.2519003012101268,0.2441072254684321,0.2454824596631898,723316000
2010-07-14,0.2528170943260193,0.2631314714181499,0.2491497493192996,0.2612977989147901,1355664000
2010-07-15,0.2457116395235061,0.2532755220120017,0.2427319249281841,0.2530463026878246,953088000
2010-07-16,0.2303546071052551,0.2463992187037173,0.2294377846476471,0.2457115881986162,1288604000
2010-07-19,0.2397521138191223,0.240668936099166,0.2319590151436112,0.233563495119365,798440000
2010-07-20,0.2457116395235061,0.2470868734971806,0.2315006971956314,0.233563589141837,1160988000
2010-07-21,0.2376893460750579,0.2482329443870979,0.2353972618614666,0.2480037523600182,624940000
2010-07-22,0.2415858656167984,0.2441071687066137,0.2388353705430505,0.2402106044180274,462612000
2010-07-23,0.2374601066112518,0.2415858628362855,0.2351680228555434,0.2413566435311973,817604000
2010-07-26,0.2418150603771209,0.2427319102947597,0.2331051364404217,0.236772481463388,683548000
2010-07-27,0.2397521138191223,0.2429610191230601,0.2367724004233029,0.2425026079830383,683472000
2010-07-28,0.2321882992982864,0.2399814001528466,0.231500668734091,0.2358556440914668,1320808000
2010-07-29,0.2092674523591995,0.2200402546576635,0.2078922047807714,0.2154560869549718,2664476000
2010-07-30,0.2106426954269409,0.2143100265403265,0.204454061365075,0.2076629812124985,984288000
2010-08-02,0.2104134708642959,0.2152268573458746,0.2094966346934288,0.2143100211750074,917020000
2010-08-03,0.2049125134944915,0.2090382703584899,0.2033080600817694,0.2088090646798009,955444000
2010-08-04,0.213622435927391,0.214310066616819,0.2058293473154354,0.2067461836807064,855496000
2010-08-05,0.2163729071617126,0.2168313184331848,0.2104134786611965,0.2143100291162952,800504000
2010-08-06,0.2188942432403564,0.2211863274111613,0.2136224441827454,0.2154561169841491,739904000
2010-08-09,0.2209571003913879,0.2214155253784241,0.2156853018428088,0.221186306053957,466456000
2010-08-10,0.2117887437343597,0.2177481586837031,0.2108719075124846,0.2172897474037138,772560000
2010-08-11,0.2035372704267501,0.2074338080394925,0.2028496397130195,0.2074338080394925,796148000
2010-08-12,0.2053709328174591,0.2099551009116859,0.1982654613418887,0.1998699147101086,1343584000
2010-08-13,0.2152268886566162,0.2182066032299429,0.21155954343963,0.2120179684227022,1797392000
2010-08-16,0.2097258567810058,0.2166021076614178,0.2069753482317034,0.212247146038111,814008000
2010-08-17,0.2124764025211334,0.2163729538164131,0.2097259069754413,0.21178878546566,481224000
2010-08-18,0.213622435927391,0.2154561086579331,0.2104135154798918,0.2117887768587477,352920000
2010-08-19,0.2264580726623535,0.2271457032149737,0.214768435239186,0.215914477052289,1615100000
2010-08-20,0.2285209745168686,0.2340219921883676,0.2246244374102619,0.2248536430644333,1305308000
2010-08-23,0.2250828444957733,0.2349388103973118,0.2243952138842623,0.2292086008410446,748620000
2010-08-24,0.222790777683258,0.2250828616807647,0.2172897733568624,0.2177481846916045,641332000
2010-08-25,0.2273749560117721,0.2292086287578716,0.2191234423162234,0.2202694980289597,757532000
2010-08-26,0.2246244102716446,0.2328759221200665,0.2246244102716446,0.2303546192431066,657596000
2010-08-27,0.2319590449333191,0.2337927170526836,0.2202694227425791,0.2259996310382256,1060416000
2010-08-30,0.2209571003913879,0.2310422861634079,0.2209571003913879,0.2292086135390592,602804000
2010-08-31,0.2138516902923584,0.224624495440471,0.2131640594903019,0.2177482284056091,931488000
2010-09-01,0.2154560536146164,0.2198110149906524,0.2143100118662856,0.2170605202594166,851440000
2010-09-02,0.2193526625633239,0.2200402795995316,0.2140808636429038,0.2161437420753247,596292000
2010-09-03,0.2269165068864822,0.2276041238053931,0.2218739145049856,0.2246244231663192,566484000
2010-09-07,0.2289794236421585,0.234251208891812,0.2257705031595569,0.2262289145162576,899820000
2010-09-08,0.2365432679653167,0.2381477485296609,0.2269165211982268,0.2294378243789433,1224156000
2010-09-09,0.2333343476057052,0.2397521875099696,0.2303546332940332,0.2395229682076128,697748000
2010-09-10,0.230813056230545,0.2356264432327579,0.2287501917003365,0.2349388126147568,609292000
2010-09-13,0.2438779175281524,0.2468576315202284,0.2349387755519246,0.2349387755519246,1015792000
2010-09-14,0.2415858656167984,0.2447947719822052,0.239522973818642,0.2418150576007308,698536000
2010-09-15,0.2420442998409271,0.242273519170371,0.2360848705133527,0.2392938045065837,555572000
2010-09-16,0.2422735542058944,0.2443364191740167,0.2388354277098237,0.2388354277098237,365280000
2010-09-17,0.2418150603771209,0.2447947747928068,0.2411274570936348,0.2445655828062428,416884000
2010-09-20,0.2454822659492492,0.2463991153460543,0.2395228405032417,0.2418149230095863,443168000
2010-09-21,0.2587765157222748,0.2629022723413983,0.2441071892140535,0.2441071892140535,1779624000
2010-09-22,0.2610686719417572,0.2633607563107938,0.25625528383726,0.2578597374308254,999996000
2010-09-23,0.2663404643535614,0.2745919796381148,0.2617562952674324,0.2640483798104969,1240872000
2010-09-24,0.2810098230838775,0.2819266732994975,0.2702370311479155,0.2722998963164049,1086976000
2010-09-27,0.2750503122806549,0.2833017970576613,0.2713829674972348,0.2830726050860678,999504000
2010-09-28,0.2743627429008484,0.278259280524785,0.269549355214704,0.2752795656392575,723192000
2010-09-29,0.2722997665405273,0.280322085977666,0.2693200525765256,0.271841355313094,974904000
2010-09-30,0.267715573310852,0.2789467975601488,0.2654234900751328,0.2757378646358693,787632000
2010-10-01,0.2601517140865326,0.2720705697296754,0.2580888499380292,0.2716121311866394,999120000
2010-10-04,0.2576304376125335,0.2619854129480283,0.2523586397452464,0.2576304376125335,749500000
2010-10-05,0.2594641745090484,0.2635899315754629,0.2587765437773461,0.2631315201955945,753588000
2010-10-06,0.2470868825912475,0.2606101947681145,0.2445656065514837,0.2594641527526408,1057604000
2010-10-07,0.2452533096075058,0.2484622172683629,0.2379186166847381,0.2482329978680995,761488000
2010-10-08,0.2489205598831176,0.2509834519433896,0.2408982656264761,0.2443363917364654,706932000
2010-10-11,0.24777452647686,0.2521295027621493,0.2466284844002783,0.2500666106300233,442680000
2010-10-12,0.2525880038738251,0.2537340463576014,0.2436488561060844,0.2457117489711668,605208000
2010-10-13,0.2599226534366607,0.2635900000762634,0.2539632493020644,0.2567137456198632,968732000
2010-10-14,0.255796879529953,0.2606102404442835,0.2546508099898151,0.2601518290225095,599172000
2010-10-15,0.2587765157222748,0.2629022723413983,0.2557968284142709,0.2599225577095982,639940000
2010-10-18,0.2603810429573059,0.2615270851497072,0.2544216126272987,0.2590057813969039,448156000
2010-10-19,0.2587765157222748,0.2606101883667515,0.2525878944554875,0.2546507591031512,866136000
2010-10-20,0.2587765157222748,0.2658819869731984,0.2544215670999643,0.2590057350492579,763532000
2010-10-21,0.2541923820972442,0.2594641814155561,0.2502958442789442,0.2590057700234855,1014428000
2010-10-22,0.2704661190509796,0.2725290107488413,0.2530462722245131,0.2557967944883287,1322676000
2010-10-25,0.2729873657226562,0.2750502569951077,0.2700076521005288,0.2725289545478183,673136000
2010-10-26,0.2720704972743988,0.2761962517964627,0.2674863316551683,0.2697784144647835,675248000
2010-10-27,0.2759671211242676,0.276883943612744,0.2688616512053059,0.2695492817335588,496796000
2010-10-28,0.2761963903903961,0.280551338984443,0.2736750871051293,0.279634516330053,704448000
2010-10-29,0.2755087018013,0.2784884157871612,0.2727582070927321,0.275737893754803,554664000
2010-11-01,0.2759671211242676,0.2816973299867234,0.2736750375792852,0.2773423821807734,473920000
2010-11-02,0.2816973626613617,0.2862815302830531,0.2755087418368372,0.2771131950396703,581036000
2010-11-03,0.2837601900100708,0.2855938621068635,0.2761963096881684,0.2835309707515511,671748000
2010-11-04,0.2842186689376831,0.2894904672259049,0.2837602576351844,0.2865107527739713,700016000
2010-11-05,0.2890321016311645,0.2915533778555214,0.2849063446086365,0.2862815787336132,735116000
2010-11-08,0.290178120136261,0.2926993961556137,0.2865107747869158,0.2888028587993073,605156000
2010-11-09,0.2885737121105194,0.2924702777714956,0.2869692583627193,0.2901781931821231,633964000
2010-11-10,0.2920118570327759,0.2920118570327759,0.286510837798925,0.2906365953933624,521016000
2010-11-11,0.2890321016311645,0.2938454620542815,0.2812389989611006,0.2851355366342331,1089980000
2010-11-12,0.3039306104183197,0.3135573846925412,0.2986588119642925,0.3000340732388372,2142560000
2010-11-15,0.3002631068229675,0.3096606568188856,0.2995755038722554,0.3053057106200637,733548000
2010-11-16,0.2913241386413574,0.2993464320375701,0.2908657273406184,0.2952206756833304,739356000
2010-11-17,0.2961376011371612,0.2995757277552739,0.2883444977418249,0.2910949935715548,551764000
2010-11-18,0.3053057491779327,0.3082854625278651,0.3000339528394037,0.3000339528394037,993120000
2010-11-19,0.3151617646217346,0.3163078063092257,0.3041597589570621,0.3046181701673008,716484000
2010-11-22,0.3153910934925079,0.3172247389706853,0.3103484864561242,0.3130990093209875,462668000
2010-11-23,0.3080562353134155,0.3149324841009447,0.3057641523842391,0.3117235789296113,457832000
2010-11-24,0.3156202137470245,0.3167662555721882,0.3110360464463699,0.3112652657409196,397784000
2010-11-26,0.3117236793041229,0.3172246691759424,0.3117236793041229,0.3153910241011977,143104000
2010-11-29,0.3151617646217346,0.3163078063092257,0.3089731449740405,0.3103483786047563,468192000
2010-11-30,0.3119528889656067,0.313557369482678,0.3062226794726209,0.3103484357723295,720936000
2010-12-01,0.3257054686546325,0.3277683334566192,0.3176831741432204,0.3181415855076843,626536000
2010-12-02,0.3296019732952118,0.3316648652148148,0.3254762167798014,0.3257054361010224,529316000
2010-12-03,0.3389995098114013,0.3389995098114013,0.3273098715420426,0.3279975021444392,606044000
2010-12-06,0.3325816094875335,0.3408331205740914,0.3312063758556333,0.3401454900962466,438424000
2010-12-07,0.3433545231819153,0.351376817336859,0.339687177781565,0.3403748084596053,1026812000
2010-12-08,0.346334159374237,0.3500014766192396,0.3403747312808954,0.3428960340874148,613252000
2010-12-09,0.3406039476394653,0.342896058652008,0.3332692853002243,0.3380826719761162,942408000
2010-12-10,0.3426668047904968,0.3458757107015628,0.3396870908309126,0.3406039132844199,451900000
2010-12-13,0.3339569270610809,0.3447297152943968,0.3330400771605855,0.3440421120237675,609108000
2010-12-14,0.3344153761863708,0.3465634269830064,0.3339569648461538,0.3403748055805836,755160000
2010-12-15,0.3270806968212127,0.3392287470254411,0.3266222581795548,0.3351029905170887,624176000
2010-12-16,0.3275390565395355,0.3323524429282925,0.3266222067244531,0.3305187706219188,631872000
2010-12-17,0.3293727934360504,0.331206466102008,0.3238717754381774,0.3277683127759646,593156000
2010-12-20,0.3279974460601806,0.332123201645303,0.3277682267906446,0.3305187487299192,344088000
2010-12-21,0.3408331871032715,0.3408331871032715,0.3309772211937598,0.3312064405057137,466952000
2010-12-22,0.3445005118846893,0.3449589231578341,0.3369366302445244,0.3401455364803312,477988000
2010-12-23,0.3419792354106903,0.3445005385941553,0.3406039741608375,0.3445005385941553,273784000
2010-12-27,0.3438127934932709,0.3463340958372427,0.3348736529931955,0.3410622992331653,255500000
2010-12-28,0.342437744140625,0.3461050903010378,0.3403748790027695,0.3438130057817304,194260000
2010-12-29,0.342437744140625,0.3449590480413841,0.3392288367431158,0.3422085520829759,177660000
2010-12-30,0.3435837626457214,0.3456466549647562,0.3408332668774759,0.3419793090578949,174488000
2010-12-31,0.3529812097549438,0.3534396483436783,0.3433544638959904,0.3438128751609325,391252000
2011-01-03,0.3626079559326172,0.3660460811493185,0.355273266944622,0.3557317054992145,817448000
2011-01-04,0.361461877822876,0.364900002693628,0.3534395864577879,0.3632955498853679,651384000
2011-01-05,0.3891961872577667,0.3896546258736731,0.3644416769219608,0.3681089945826543,1428216000
2011-01-06,0.4430602788925171,0.4432894982356788,0.3981353915652866,0.3992814336334987,3493312000
2011-01-07,0.4554374814033508,0.4568127426087238,0.4281616678712782,0.4380176336463331,2579984000
2011-01-10,0.4728574454784393,0.4737742682916875,0.443747952286498,0.44718607882188,1750348000
2011-01-11,0.4655227065086365,0.4838594341536583,0.4554375472895715,0.4792752659043019,2711088000
2011-01-12,0.5352022647857666,0.5356606489099508,0.4641475886621916,0.4657520423920495,3431896000
2011-01-13,0.5361189842224121,0.5464333900925931,0.5129688963427689,0.5294719238760199,2695192000
2011-01-14,0.5407031178474426,0.5496422617429364,0.5237417073643975,0.5269506139994181,1595352000
2011-01-18,0.5280967950820923,0.5370359417945793,0.5150319177740936,0.5333685953498967,1813348000
2011-01-19,0.513656497001648,0.5409323128455212,0.5125104823317639,0.5283258782388324,1197896000
2011-01-20,0.514115035533905,0.5170947507610949,0.4994456514469388,0.5086140438250945,1111408000
2011-01-21,0.5093016624450684,0.5269507632310647,0.5083848395250757,0.5196160705759076,739244000
2011-01-24,0.5668331384658813,0.5741678318852986,0.5267216260462912,0.5326810029710024,2056900000
2011-01-25,0.5494130849838257,0.5702710333377788,0.5457457395930794,0.5643116039087653,1086856000
2011-01-26,0.5624780058860779,0.5730216042791763,0.5512467767588558,0.5551433144871576,1074660000
2011-01-27,0.5608735084533691,0.5718754900423186,0.5501007188753076,0.5705002833293957,657396000
2011-01-28,0.5445995330810547,0.5716461507088921,0.531763854770181,0.5622486249132437,1094796000
2011-01-31,0.5482667088508606,0.5558305874094314,0.5365771031910528,0.545516242332557,750160000
2011-02-01,0.5608735084533691,0.5649992378873266,0.5494130881950491,0.5530804336072304,654104000
2011-02-02,0.5863156914710999,0.5998390040421528,0.5576646129253227,0.5576646129253227,1606616000
2011-02-03,0.5753136277198792,0.5872324863218189,0.5627071384564742,0.5872324863218189,1030776000
2011-02-04,0.5883786082267761,0.5929627770402978,0.5810439709137031,0.583336055320464,872900000
2011-02-07,0.5638532042503357,0.5828775067050446,0.5617903122788345,0.5803562307271604,934236000
2011-02-08,0.5471210479736328,0.5682082447972896,0.5445997170615008,0.5645408990913147,1076584000
2011-02-09,0.5338268280029297,0.5546848289440959,0.5239708621472068,0.54918378407758,1277520000
2011-02-10,0.523054301738739,0.5319934494800855,0.5180116929659655,0.5219082319345385,1042352000
2011-02-11,0.537952721118927,0.5549141902191534,0.5127397914968237,0.5212204987231343,1359276000
2011-02-14,0.5297010540962219,0.5615610327743731,0.5276381624461561,0.5443703783189933,1287828000
2011-02-15,0.5168654322624207,0.5324515807322101,0.5145732937429445,0.5306179354937373,886980000
2011-02-16,0.5358898043632507,0.5434536876003067,0.5219080526520519,0.5237417527793486,1318364000
2011-02-17,0.5886077880859375,0.5961716712341499,0.5182407009579284,0.520762031772397,3470096000
2011-02-18,0.587461531162262,0.5947962199487594,0.5782931975029297,0.5853986396946385,1394412000
2011-02-22,0.5319932103157043,0.5698126224902631,0.53015951038287,0.5682081692037778,1396648000
2011-02-23,0.5067801475524902,0.5370356722245694,0.4992162663844705,0.5319931212109444,1491604000
2011-02-24,0.5191575884819031,0.5280966785746594,0.5056342753589466,0.5093015663469503,1246120000
2011-02-25,0.5299301743507385,0.5386400690597068,0.5258043916089298,0.5331390800515385,775652000
2011-02-28,0.5193867087364197,0.5388694489940984,0.507467850729596,0.5386402023533278,903696000
2011-03-01,0.496236503124237,0.5269504633203853,0.496236503124237,0.5203034053002576,988448000
2011-03-02,0.4756079018115997,0.5049466102509043,0.4641474816355262,0.4955490274532082,1718140000
2011-03-03,0.4783584177494049,0.4893604550083056,0.4639182814173224,0.4866099320316805,1593704000
2011-03-04,0.4758370518684387,0.4836301259715697,0.4705652535874761,0.4788167663162693,959760000
2011-03-07,0.4691901803016662,0.4808798507864852,0.4572713450598089,0.4792753969253553,1019140000
2011-03-08,0.4481028914451599,0.4767539435081,0.4382468967469503,0.4742326673208404,1947184000
2011-03-09,0.4387053251266479,0.4510825957211731,0.4348087602786431,0.4467276195156965,1318976000
2011-03-10,0.4107418656349182,0.431829033403602,0.4102834269664578,0.4286201266671621,1722736000
2011-03-11,0.4137214124202728,0.4251818560844275,0.4047822986043018,0.4141798509329177,1486832000
2011-03-14,0.4171596169471741,0.4274739929466596,0.4102833389570591,0.4169303976621135,1003360000
2011-03-15,0.4047824144363403,0.4116586662082602,0.3898838416067183,0.3967600933786381,1256280000
2011-03-16,0.4018025994300842,0.420597704767408,0.3965308022580004,0.4011149689600231,1476520000
2011-03-17,0.4093664586544037,0.4132629946836337,0.3942386983952901,0.412575364249349,1238516000
2011-03-18,0.4038656055927276,0.4171597264938907,0.4034071942260182,0.4157844650699639,886960000
2011-03-21,0.4070745408535003,0.4167012888743339,0.4029487838949149,0.4125755319157485,751832000
2011-03-22,0.3999691009521484,0.409825069105742,0.398135428010396,0.4059285311818936,718332000
2011-03-23,0.408220499753952,0.4093665416020467,0.3905714334342592,0.3992813569445375,782396000
2011-03-24,0.4407682418823242,0.4458108493806433,0.4160137250974708,0.4169305479205464,1780592000
2011-03-25,0.427015483379364,0.4458105860654141,0.4263278530063013,0.4446645445515713,1196392000
2011-03-28,0.4428310394287109,0.4501657024146806,0.4332042652280933,0.4371008023777838,1204284000
2011-03-29,0.4393929839134216,0.4444355638155592,0.4334335539139319,0.4428311102999426,715764000
2011-03-30,0.4228898882865906,0.4446647126026991,0.4173888705468869,0.4428310400227978,1176320000
2011-03-31,0.4231190979480743,0.428161704584294,0.4153260233128563,0.4235775366050371,655112000
2011-04-01,0.4171596169471741,0.4290784459707102,0.4114293807347797,0.4286200347243802,850072000
2011-04-04,0.4022610783576965,0.4183056918397356,0.3992813640349779,0.4171596499712895,924328000
2011-04-05,0.402948796749115,0.4114295029588676,0.4020319466602934,0.4082205959574908,821076000
2011-04-06,0.4001981914043426,0.4063868116809513,0.3967600386686801,0.405928400424127,856984000
2011-04-07,0.4148675799369812,0.4173888832264124,0.3995106228459078,0.4011150761556386,1021208000
2011-04-08,0.4022610783576965,0.4180764725365291,0.4011150364892504,0.4180764725365291,746552000
2011-04-11,0.3969891369342804,0.4059282766742645,0.3926341903363947,0.4038653856617527,546208000
2011-04-12,0.3981353640556335,0.400885859364534,0.385758094179887,0.3930927847686833,840756000
2011-04-13,0.4070745408535003,0.4095958170387814,0.3972185734868237,0.4022611531811843,749588000
2011-04-14,0.4242651462554931,0.4244943655873851,0.4011150866862799,0.403407170710012,1254704000
2011-04-15,0.428849309682846,0.4341211080095063,0.4189933163263898,0.4210562081883672,969720000
2011-04-18,0.414638340473175,0.4215145915767537,0.4079912813454397,0.4187640966000808,743584000
2011-04-19,0.4130340218544006,0.416472148525839,0.401802791666754,0.4148676675534595,659860000
2011-04-20,0.4256403148174286,0.4343502376737658,0.4187640642451293,0.4281616176234546,650516000
2011-04-21,0.4244942665100097,0.4329749972774453,0.4235774440440229,0.4302244752319038,421300000
2011-04-25,0.4311414361000061,0.4382468803515114,0.4260988292665409,0.4263280486039884,619612000
2011-04-26,0.4423726499080658,0.4467276261784954,0.4304538178170448,0.4348087667636761,676000000
2011-04-27,0.4423726499080658,0.4446647613772065,0.433204313326696,0.4446647613772065,450004000
2011-04-28,0.4471860229969024,0.4561251672672478,0.4373300560277616,0.4423726355187321,684000000
2011-04-29,0.4584172666072845,0.4685024259251484,0.4494781220391886,0.450165752748088,836000000
2011-05-02,0.4522286057472229,0.4682731933889467,0.4499365217984052,0.4680440013883424,613824000
2011-05-03,0.4306829273700714,0.4483319937688011,0.4251819374040992,0.4469567599392046,808000000
2011-05-04,0.4274740517139435,0.4368716065127042,0.4194517581670289,0.4320582194550375,639356000
2011-05-05,0.4277033805847168,0.4327459609267944,0.4183058233788161,0.4240360345229502,544000000
2011-05-06,0.4428310394287109,0.4469567958970049,0.4332042652280933,0.4366423910643723,841080000
2011-05-09,0.452686995267868,0.454979079106284,0.4430602212874853,0.4442062632066932,706328000
2011-05-10,0.4533745944499969,0.4568127199692428,0.4487903997672097,0.4563543086981019,690976000
2011-05-11,0.4554374814033508,0.4602508409745678,0.4492488606267609,0.4556667007121777,616000000
2011-05-12,0.4698775708675384,0.4703360094423637,0.4526869440253357,0.4538329858148159,1224000000
2011-05-13,0.418534904718399,0.4412265512409999,0.4153259982560328,0.440080509315327,2025192000
2011-05-16,0.4056992530822754,0.4183057424852821,0.4054700610751132,0.4173888924852433,728188000
2011-05-17,0.4040947556495666,0.4045531669376743,0.392405117521957,0.4043239749555173,1420364000
2011-05-18,0.4134922325611114,0.4169303575636097,0.4043238992211159,0.405699132827842,658844000
2011-05-19,0.4075328707695007,0.41693042489004,0.4013442502304155,0.41670120559001,650884000
2011-05-20,0.414638340473175,0.415555163024135,0.4047823750932869,0.4066160475189999,575820000
2011-05-23,0.4141798913478851,0.4171596053518935,0.4034070770777171,0.4086788745734565,588000000
2011-05-24,0.4157842695713043,0.4325164815173263,0.4150966391826596,0.4162426807224722,720372000
2011-05-25,0.4208269417285919,0.4235774639030893,0.4095957157128389,0.4137214716507932,545312000
2011-05-26,0.4313706159591675,0.4350379613122099,0.4196809765546669,0.4208270185620181,706436000
2011-05-27,0.4469569027423858,0.4476445062149776,0.4327459573629257,0.4332043687859208,658824000
2011-05-31,0.4593340754508972,0.459563322111998,0.4446647482822236,0.4556667573206275,1200716000
2011-06-01,0.4387053251266479,0.4579588480546433,0.4377884750879064,0.4572712173565367,762208000
2011-06-02,0.436642438173294,0.4426018678619862,0.4313706391908045,0.4393929609981047,607592000
2011-06-03,0.4231190979480743,0.4354963678863456,0.4210562332869273,0.4315998305687366,549300000
2011-06-06,0.4141798913478851,0.4263279393188173,0.4137214527905065,0.4224314028476328,435988000
2011-06-07,0.4139506816864013,0.4196808905488572,0.4121170093856572,0.4173888070038749,433956000
2011-06-08,0.402719497680664,0.414409135901717,0.399510591314466,0.411887860135074,569288000
2011-06-09,0.3981353640556335,0.4034071626699073,0.3836952295291607,0.4024903400082059,741632000
2011-06-10,0.3924052119255066,0.4013443571512268,0.3891962774891709,0.3988230534743774,493548000
2011-06-13,0.389654666185379,0.3974477409289048,0.3869041435005612,0.3924051615464,574760000
2011-06-14,0.3928634822368622,0.4015734049735373,0.3912590292567934,0.3930927015156394,534576000
2011-06-15,0.38438281416893,0.3898838041281511,0.3763604938823937,0.3875917204245102,935916000
2011-06-16,0.3710887432098388,0.3905714844984595,0.3655877525492895,0.3846120551797006,1024908000
2011-06-17,0.3623788058757782,0.3756729253749726,0.3509183862976405,0.3754437060538916,1467884000
2011-06-20,0.3580237329006195,0.3667336542168069,0.3552732112990337,0.3591697744600182,745960000
2011-06-21,0.3658168911933899,0.3685674134462462,0.3559609259841015,0.3593990514763794,704276000
2011-06-22,0.3607743084430694,0.3681089706106015,0.3600866778877837,0.3632956113711862,651720000
2011-06-23,0.3715472221374511,0.3740684984118845,0.3529813015054264,0.3561902358417045,744024000
2011-06-24,0.3607743084430694,0.372922357173809,0.3584822248079787,0.3697134510141988,529052000
2011-06-27,0.3532105088233948,0.3630664762027272,0.3406040185856078,0.3607743920365475,1142152000
2011-06-28,0.3552733957767486,0.3593991529976639,0.3506892271587984,0.3532105308281911,692200000
2011-06-29,0.3607743084430694,0.3644416531887315,0.3451881342596937,0.357565374959667,960544000
2011-06-30,0.3653584420681,0.3692549784241714,0.3561901083720309,0.3616910976601565,652300000
2011-07-01,0.3701718747615814,0.3715471359185375,0.3580238256211136,0.3653584880360284,540804000
2011-07-05,0.3639832735061645,0.373151608841985,0.3607743397443506,0.3697134830910524,535296000
2011-07-06,0.3591698408126831,0.3644416384245808,0.3548148656881627,0.3637540078971522,529580000
2011-07-07,0.3605450689792633,0.3628371524861229,0.3541272296952982,0.3610035075396677,986136000
2011-07-08,0.3536689579486847,0.3580239347236317,0.3506892427497844,0.3555026309421465,619516000
2011-07-11,0.3412916958332062,0.3483971686466693,0.3403748729712507,0.3470219343537361,714388000
2011-07-12,0.3367074728012085,0.3428961217588303,0.3309772625247423,0.3396871876097305,867604000
2011-07-13,0.3360198736190796,0.3435837573582025,0.3328109664928095,0.341291673032638,634368000
2011-07-14,0.3227256834506988,0.339457899534753,0.3211212303629221,0.337395035182439,1088996000
2011-07-15,0.3231841027736664,0.3266222283291126,0.3165370709626542,0.324559363925362,827736000
2011-07-18,0.3163078427314758,0.3224964630917779,0.312182086716677,0.3206628180396826,818200000
2011-07-19,0.3259346783161163,0.3266222816804861,0.3172247260310603,0.3172247260310603,602224000
2011-07-20,0.3218088746070862,0.3289143178190661,0.3208920247152286,0.3270806726829381,662956000
2011-07-21,0.3369366824626922,0.3392287665074346,0.3174539407585851,0.3222673281820629,1143420000
2011-07-22,0.3438127934932709,0.344958835045297,0.3355612833891683,0.3399162576811392,737192000
2011-07-25,0.3383118510246277,0.3399163314044834,0.3334984918564356,0.3385410703142619,566920000
2011-07-26,0.3300604224205017,0.3369366743899797,0.3252470351123485,0.3286851610970875,698276000
2011-07-27,0.3176829516887665,0.3270805010368243,0.3167661022780554,0.3254760213990248,652212000
2011-07-28,0.3169954121112823,0.3236424424518045,0.3114943960452553,0.3165370009367268,648176000
2011-07-29,0.3169954121112823,0.3199751257315735,0.3121820264689821,0.3137864792418198,677656000
2011-08-01,0.3339569270610809,0.3348737496377825,0.3215796583328465,0.3243301533867451,1019620000
2011-08-02,0.3305186629295349,0.3525226687889055,0.3305186629295349,0.3316647043321317,1356432000
2011-08-03,0.339458018541336,0.3406040607663529,0.3279975962911675,0.3312065309154958,765236000
2011-08-04,0.3071395456790924,0.3332693187475316,0.3071395456790924,0.3332693187475316,979732000
2011-08-05,0.2968252003192901,0.3181416178326074,0.2888029049927691,0.3142450798530574,1270588000
2011-08-08,0.2734459042549133,0.2924702364472487,0.2716122313777412,0.2823850492847022,1084180000
2011-08-09,0.2963666915893554,0.2968251028498664,0.2750503083995693,0.2787176258074493,1329832000
2011-08-10,0.2828434109687805,0.2959083108453528,0.2812389577296315,0.2876567980100224,1140052000
2011-08-11,0.3073687851428985,0.3114945422986032,0.2828434615654652,0.2828434615654652,1078792000
2011-08-12,0.2952207624912262,0.3406040684087575,0.2904073741086327,0.3401456569732254,3195784000
2011-08-15,0.3064518570899963,0.3071394876003634,0.2965958926381765,0.2982003456131726,864152000
2011-08-16,0.2977419793605804,0.3071395339997693,0.2922409617703987,0.3030137776380816,716868000
2011-08-17,0.293616235256195,0.3037014209306471,0.2897196980445231,0.2986588144315232,553328000
2011-08-18,0.2736749947071075,0.283072546698891,0.2704660618525485,0.2803220523405453,802564000
2011-08-19,0.2688616514205932,0.2839894137591064,0.2670279791183809,0.2690908707047915,761332000
2011-08-22,0.2736749947071075,0.2796344219200122,0.2706952811006552,0.2764254890654532,611876000
2011-08-23,0.3032430112361908,0.3034722305803234,0.2798637310865915,0.2803221697748568,938312000
2011-08-24,0.2988878488540649,0.3034720138728074,0.2910947519279354,0.3025551917985704,687500000
2011-08-25,0.2860523164272308,0.2982003651607402,0.2855939051648666,0.2929285673340709,690968000
2011-08-26,0.2982002198696136,0.3011799326088737,0.2798635323950391,0.2849061357955311,732660000
2011-08-29,0.3062227070331573,0.3073687490349001,0.2995756743525678,0.3066811456928917,601528000
2011-08-30,0.313557356595993,0.31607863227501,0.3020969107572325,0.3041598024842024,684760000
2011-08-31,0.3050766885280609,0.3190584129556974,0.302555412324319,0.31584950603319,705808000
2011-09-01,0.3043889999389648,0.3158494459840035,0.3041598079588161,0.3092023867314052,762312000
2011-09-02,0.2961376011371612,0.3016385927966209,0.2938454894012846,0.2975128353901254,471356000
2011-09-06,0.3020969927310943,0.3027846234933392,0.2837603181314992,0.2865108138566784,696248000
2011-09-07,0.3266222178936004,0.3355613604464327,0.3176831026645604,0.3266222178936004,1606620000
2011-09-08,0.3250178098678589,0.3312064583867802,0.3197460113224573,0.3234133565689443,880164000
2011-09-09,0.3181415498256683,0.3309772305338269,0.3153910546235758,0.3222673062907047,869828000
2011-09-12,0.3257054686546325,0.3284559641652142,0.3137866092357816,0.3137866092357816,916480000
2011-09-13,0.3330400586128235,0.3346445390183848,0.3234133127984169,0.3284558913370306,853836000
2011-09-14,0.3502307534217834,0.3545857292279443,0.3415208291332572,0.3417500484528745,1547192000
2011-09-15,0.3552733957767486,0.3598575917184992,0.3520644886737036,0.358023918806559,752908000
2011-09-16,0.3543566167354584,0.3690259745184202,0.3525229435971127,0.3559610704850845,1391588000
2011-09-19,0.3470219671726227,0.3509185056901441,0.3380828204660448,0.3483972015956159,968204000
2011-09-20,0.3380827903747558,0.3527521475143282,0.3364783366955001,0.3513768858899362,792436000
2011-09-21,0.3316647112369537,0.3458756194602493,0.3314354920221494,0.3399162204369488,715252000
2011-09-22,0.3096608221530914,0.3190583771665551,0.3037014203477937,0.3185999658467315,1314632000
2011-09-23,0.3160787224769592,0.3250178678639461,0.305993562235221,0.3078272351856645,1011440000
2011-09-26,0.3167663514614105,0.3208921087456775,0.3025554339923135,0.3199752859375296,972124000
2011-09-27,0.317224770784378,0.3275391779144249,0.3147034943371322,0.3247886820975197,781388000
2011-09-28,0.3075979650020599,0.3259346641532816,0.3025553857142772,0.3179123429049866,1236532000
2011-09-29,0.3000340461730957,0.3183707431097773,0.2922409451933422,0.3130989451313132,866416000
2011-09-30,0.2867399454116821,0.2968251024236095,0.2862815068280374,0.2952206493522291,677784000
2011-10-03,0.2706953287124634,0.2920117388793372,0.2706953287124634,0.2830725964877006,949896000
2011-10-04,0.2956789135932922,0.2956789135932922,0.2629021012924808,0.2640481425341688,1361548000
2011-10-05,0.3062227070331573,0.3089732296963773,0.2890320770070155,0.2949914790218,856708000
2011-10-06,0.3183707296848297,0.3192875521972967,0.3073686955924749,0.3078271341725003,773192000
2011-10-07,0.3243301510810852,0.3291435378840348,0.313098951639261,0.3197459835825784,806976000
2011-10-10,0.3387703597545624,0.3387703597545624,0.3291435847771362,0.3298312154646377,534376000
2011-10-11,0.3351029753684997,0.3415208154998361,0.3339569334637537,0.3360197979627788,816080000
2011-10-12,0.3348737955093384,0.3417500750716995,0.3346446034956647,0.3415208557342283,612064000
2011-10-13,0.3543566167354584,0.3550442475778135,0.3323525937229174,0.3332694166301884,854832000
2011-10-14,0.3603159189224243,0.3642124558724388,0.3516059951187604,0.3605451109054876,702452000
2011-10-17,0.342437744140625,0.3561902785802716,0.3406040710604185,0.3561902785802716,611780000
2011-10-18,0.3548148870468139,0.3557317369131737,0.3385410819878043,0.3406039463704763,590916000
2011-10-19,0.3477094769477844,0.3614620087354042,0.3467926542463819,0.3552733598676462,557568000
2011-10-20,0.3302896320819855,0.3396871878721696,0.3172247307825104,0.338311926475236,990308000
2011-10-21,0.3318940997123718,0.339916421773052,0.3263931085366016,0.3344154032734826,628428000
2011-10-24,0.3442714214324951,0.3495432213561553,0.3325817793115008,0.3332694101404657,535256000
2011-10-25,0.3312064409255981,0.342208448761238,0.3305188103126592,0.3394579263094822,577996000
2011-10-26,0.3351029753684997,0.3394579236770167,0.325476201509598,0.3376242784884586,503116000
2011-10-27,0.3495431840419769,0.352981310495974,0.3396872160757584,0.3474803190990987,577732000
2011-10-28,0.3575654923915863,0.3607744269288693,0.3456466590394808,0.3465634818651039,490156000
2011-10-31,0.3392287492752075,0.3481678929898881,0.3392287492752075,0.346105001060133,519984000
2011-11-01,0.3222672939300537,0.3277682841232466,0.3190583602141959,0.3268514615323126,790824000
2011-11-02,0.3167663514614105,0.3270807583339784,0.3101193177928363,0.3254762774340186,961608000
2011-11-03,0.3357905745506286,0.3364782050938821,0.3117236694795069,0.3202043733161887,749372000
2011-11-04,0.3396871984004974,0.3408332404921967,0.3275391467637251,0.3328109458503017,654840000
2011-11-07,0.3378534615039825,0.3428960676100021,0.3300603876881599,0.337165830914635,613536000
2011-11-08,0.3456466495990753,0.3477095145622861,0.3367075043362939,0.3422085231111902,549728000
2011-11-09,0.3282266855239868,0.3419791867713297,0.3268514244697361,0.3376242389725209,532244000
2011-11-10,0.3316647112369537,0.3396870012221444,0.3234132020369586,0.336248876942777,990484000
2011-11-11,0.3433545231819153,0.3461050185702794,0.3224965201257457,0.3410624391376456,1751560000
2011-11-14,0.3367074728012085,0.3467926592820677,0.335790650086493,0.343354533116188,500292000
2011-11-15,0.3410624861717224,0.3435837625738362,0.3325817521793551,0.333498602317779,505660000
2011-11-16,0.3341860771179199,0.3435836303072098,0.3330400353789231,0.3346445156725509,512420000
2011-11-17,0.3222672939300537,0.3344153435407986,0.3163078651175994,0.3334985209498645,657504000
2011-11-18,0.3192876875400543,0.3241010760803313,0.3158495606752288,0.3241010760803313,501352000
2011-11-21,0.3353321850299835,0.3385410913414202,0.3094316059394447,0.3142449927303932,1330788000
2011-11-22,0.3456466495990753,0.3474803225240407,0.3371659157365851,0.3389995886615506,1287480000
2011-11-23,0.3309772908687591,0.3445006046735988,0.3307480715085516,0.3419793010065167,825340000
2011-11-25,0.3218088746070862,0.3341861158949181,0.3208920247152286,0.3266222340751126,406620000
2011-11-28,0.3399163484573364,0.3449589271681377,0.3323524667292379,0.3323524667292379,690616000
2011-11-29,0.3417501449584961,0.3461050946706404,0.3362491256484261,0.3394580330864479,623440000
2011-11-30,0.3582530617713928,0.3591699117636773,0.3490847257913269,0.3520644404496076,730324000
2011-12-01,0.3626079559326172,0.3635247783942213,0.3536688139749195,0.355273266944622,529760000
2011-12-02,0.3603159189224243,0.3678798008393901,0.3568777932623302,0.3665045396458349,546464000
2011-12-05,0.3548148870468139,0.3667337440429413,0.3518351727977821,0.3662753327716578,644696000
2011-12-06,0.3497723042964935,0.3575653777879267,0.3461049595218236,0.3568777745509944,573832000
2011-12-07,0.3477094769477844,0.3502307803623375,0.340374813365172,0.3474802849343325,510016000
2011-12-08,0.3367074728012085,0.3500015661073696,0.3355614307459152,0.3442713558309034,491488000
2011-12-09,0.3415208160877228,0.3442713111990889,0.3296019583988122,0.3341861260256872,555840000
2011-12-12,0.3330400586128235,0.3355613615440264,0.3268514382552616,0.3341861004317717,573208000
2011-12-13,0.32387176156044,0.3415208294747578,0.3218088969770032,0.3373950729840888,516596000
2011-12-14,0.311265230178833,0.3229548663894769,0.3078271050961482,0.3211211942139538,636020000
2011-12-15,0.3085148632526397,0.3186000516229572,0.3078272597496798,0.3165371864664711,435148000
2011-12-16,0.3096608221530914,0.3169955125654512,0.3082855881936207,0.3110360834363578,619116000
2011-12-19,0.3016384541988373,0.3147033512036067,0.3004924125193866,0.3110360068998488,463276000
2011-12-20,0.3185999691486358,0.31974601112197,0.3085147833890182,0.3085147833890182,445208000
2011-12-21,0.3144741356372833,0.32020434410194,0.308285515960212,0.316766219023146,548424000
2011-12-22,0.3279974460601806,0.3289142684907459,0.3153909873590668,0.3153909873590668,576560000
2011-12-23,0.3247887194156647,0.3300605196093456,0.3220381959589236,0.3296020808173524,248948000
2011-12-27,0.3222672939300537,0.3273098728277796,0.3213504440153253,0.3234133358306184,195712000
2011-12-28,0.3142450451850891,0.3229549703291806,0.3140158258429559,0.322267339626579,233960000
2011-12-29,0.3202044665813446,0.3208920973248825,0.3128698024058054,0.3174539709309923,211112000
2011-12-30,0.3176829516887665,0.3224963086308275,0.3172245133215213,0.3190581848191642,186956000
2012-01-03,0.3218088746070862,0.3300603870148365,0.3211212440191414,0.3277682759470893,468044000
2012-01-04,0.3254762589931488,0.3268515204512516,0.319058417728334,0.3220381326716908,347372000
2012-01-05,0.337165892124176,0.338770372898531,0.3224965370755774,0.3238717985039393,563548000
2012-01-06,0.333269327878952,0.3371658651828925,0.3293727905750114,0.3369366731790115,533252000
2012-01-09,0.333269327878952,0.339687168492158,0.3309772438973639,0.3334985472066293,508244000
2012-01-10,0.3318940997123718,0.3385411603172099,0.3296020155018344,0.3383119409666364,546328000
2012-01-11,0.3252469003200531,0.3318939302062967,0.3238716395665891,0.3289142167896483,484272000
2012-01-12,0.3231841027736664,0.326163817053145,0.3160786323628937,0.3259346250770578,652364000
2012-01-13,0.3147034049034118,0.3215796561534539,0.3130989517431607,0.3208920255636909,504300000
2012-01-17,0.3098899722099304,0.3195167443934784,0.3094315609925685,0.3195167443934784,627176000
2012-01-18,0.3204335570335388,0.3229548596376452,0.3142449374788461,0.3158493903524643,632676000
2012-01-19,0.32891446352005,0.3293729023309527,0.319746124482888,0.3231842516218238,608312000
2012-01-20,0.3259346783161163,0.3323525191993488,0.3247886362771033,0.3284559544076665,546272000
2012-01-23,0.3348737955093384,0.3351030148468095,0.3220381137345007,0.3261638705423983,562792000
2012-01-24,0.342437744140625,0.3438130057817304,0.3323525831851939,0.332581775242843,730920000
2012-01-25,0.3403747677803039,0.3412915903589205,0.3236425234683043,0.3332692971627473,1274152000
2012-01-26,0.337165892124176,0.3493139709858425,0.3353322466514249,0.3454174060467501,799672000
2012-01-27,0.3417501449584961,0.3435837907380496,0.3323525873811701,0.3351030833743035,449996000
2012-01-30,0.3392287492752075,0.3408332025602643,0.3307480168814294,0.3357906233827447,399076000
2012-01-31,0.3385410010814667,0.3403746730521726,0.3325815740076187,0.3401454538094146,357900000
2012-02-01,0.3422085046768188,0.3461050423550932,0.3376243362732492,0.3424376967027179,428020000
2012-02-02,0.3550440669059753,0.3564193005670645,0.3406039085361157,0.3440420609983131,696236000
2012-02-03,0.3626079559326172,0.3655876699185164,0.3596282419467179,0.3603158724548163,495232000
2012-02-06,0.3598576188087463,0.3612328531033795,0.3566486841403309,0.3607744416718351,278868000
2012-02-07,0.3607743084430694,0.3628371727851343,0.3543564688000568,0.3603158971808097,410296000
2012-02-08,0.3738393187522888,0.3809447637504146,0.358940743347637,0.3607744162685019,847612000
2012-02-09,0.3736100196838379,0.3804862711772337,0.3729223890697394,0.3784234066587328,561944000
2012-02-10,0.3644415736198425,0.3713178230238165,0.3623786824043786,0.3699425622135072,440268000
2012-02-13,0.3701718747615814,0.3749852614871344,0.3626079930459095,0.3736100003301784,610668000
2012-02-14,0.3722347915172577,0.3754437255601343,0.366962992772658,0.3701719268155347,453756000
2012-02-15,0.3706303536891937,0.3873626006323304,0.3697135309664073,0.3756729606359135,1110856000
2012-02-16,0.3770482242107391,0.3800279392785493,0.3438129743913804,0.3451882359069236,1888588000
2012-02-17,0.3632955849170685,0.3797985804232639,0.3598574597147865,0.3772773050025313,1020360000
2012-02-21,0.3651293516159057,0.3740684685248862,0.3623788288834835,0.363066459566589,518176000
2012-02-22,0.3626079559326172,0.3722347010746228,0.362149544701815,0.3632955864407155,492432000
2012-02-23,0.3646708726882934,0.3667337645098856,0.3575654019535774,0.3632956387976929,323968000
2012-02-24,0.361920416355133,0.3662753924513939,0.36031596298232,0.3658169537816211,366668000
2012-02-27,0.354585736989975,0.358940685567672,0.3495431304383729,0.357336232266615,745268000
2012-02-28,0.3513768315315246,0.3587115226285267,0.3477094859830236,0.3545857657174126,699884000
2012-02-29,0.3472509980201721,0.3584822242075818,0.3470218060513222,0.3525227958368099,689196000
2012-03-01,0.3495431840419769,0.3536689412515335,0.3472510997393122,0.3486263612504311,449944000
2012-03-02,0.3525228500366211,0.3575654293359052,0.3483970934012808,0.3483970934012808,684076000
2012-03-05,0.3406039476394653,0.3506891322642403,0.3380826719761162,0.3500015016928568,514848000
2012-03-06,0.3373950123786926,0.3394578765915824,0.3314355843711145,0.3367073818664658,471400000
2012-03-07,0.339458018541336,0.340833280140877,0.3346446575905464,0.3392288264906138,441984000
2012-03-08,0.3406039476394653,0.3440421004963829,0.3385410832491076,0.3403747556648661,430852000
2012-03-09,0.3396871984004974,0.344042174743234,0.3378535255890188,0.3415208712119761,367836000
2012-03-12,0.3344153761863708,0.3433545202776899,0.3334985535059367,0.3410624362528076,299948000
2012-03-13,0.3389995098114013,0.3408331823098607,0.3341861229184197,0.335790603431943,553288000
2012-03-14,0.3293727934360504,0.339687171442791,0.3282267514353014,0.3389995407775823,735708000
2012-03-15,0.3341860771179199,0.3360197493650729,0.329143498931092,0.3302895406700888,382380000
2012-03-16,0.3346445262432098,0.3360197599791722,0.3325816346535793,0.3344153069586538,428340000
2012-03-19,0.3355615735054016,0.3380828780292159,0.3339571194101605,0.3364784239339748,405400000
2012-03-20,0.3300604224205017,0.3337277404099454,0.3270807077689686,0.3337277404099454,449616000
2012-03-21,0.3314355909824371,0.3344153050456641,0.3263930126651713,0.3300603572543416,467840000
2012-03-22,0.3309772908687591,0.3337277865722485,0.3279975758050623,0.3289143985982919,425372000
2012-03-23,0.3334985673427582,0.3344153900612312,0.3277683297190086,0.3300604411627872,315456000
2012-03-26,0.3373950123786926,0.3389994653580281,0.3334984759077949,0.3367073818664658,288600000
2012-03-27,0.3396871984004974,0.3438129553953747,0.3380827449368782,0.3387703756566575,419968000
2012-03-28,0.3474801778793335,0.3520643446216072,0.341520750184862,0.3440420528226282,892448000
2012-03-29,0.3490846157073974,0.3518351101692887,0.3426667770804592,0.3470217516919259,372700000
2012-03-30,0.3529812097549438,0.3550441014328718,0.3470218086631119,0.3520643872250596,527240000
2012-04-02,0.3513768315315246,0.3550441770800256,0.3463342518951844,0.3520644622373434,407776000
2012-04-03,0.3456466495990753,0.3543565754998108,0.3438129766741098,0.3538981640995196,430476000
2012-04-04,0.3357905745506286,0.3447296896415487,0.3337276829208682,0.3403747417405962,495896000
2012-04-05,0.3353321850299835,0.3403747638010098,0.3341861158344206,0.3362490075978815,369424000
2012-04-09,0.3309772908687591,0.3321233330221964,0.3245594493447505,0.3300604680755294,365504000
2012-04-10,0.3245593309402466,0.3341860760523668,0.3229548779755249,0.3296019091109962,470360000
2012-04-11,0.3286850452423095,0.3357905140357559,0.3277681955752721,0.3289142371662288,372960000
2012-04-12,0.3364782333374023,0.3383118785082696,0.3277682821568125,0.3291435433587569,384868000
2012-04-13,0.3245593309402466,0.3353321451114996,0.3243301116636619,0.3334984728701934,311324000
2012-04-16,0.3206629157066345,0.3277683607571482,0.3153911162667046,0.3268515379518564,463468000
2012-04-17,0.321350485086441,0.325476241920537,0.3202044430394031,0.3215797044253677,460696000
2012-04-18,0.3179123401641845,0.3208920547752116,0.314015802899209,0.3192876014689035,400764000
2012-04-19,0.313099056482315,0.3257055213245574,0.311494575461533,0.3137866599783043,667188000
2012-04-20,0.3069103360176086,0.3158494799765088,0.3062227053555707,0.3149326299858594,509592000
2012-04-23,0.3032430112361908,0.3046182726533901,0.2959083474333236,0.3016385577986571,706244000
2012-04-24,0.293845534324646,0.3066812472479237,0.2922410804556634,0.3041599430796613,730440000
2012-04-25,0.2998047769069671,0.302096860226572,0.2926993076866764,0.2982003240480014,727112000
2012-04-26,0.3000340461730957,0.3025553491743851,0.2975127431718063,0.2995756348975321,539208000
2012-04-27,0.2975126504898071,0.3014092134277119,0.2943037452367162,0.2995755415728951,475356000
2012-04-30,0.2979713082313537,0.299575789509594,0.2938455499743777,0.2959084427647693,262268000
2012-05-01,0.3032430112361908,0.3064519454350565,0.2963667587977906,0.2963667587977906,408680000
2012-05-02,0.2945330142974853,0.30324293739669,0.2929285612506351,0.3020968956026839,684008000
2012-05-03,0.2894904315471649,0.2970543127394515,0.2876567592393695,0.2952206404316561,419536000
2012-05-04,0.2810098230838775,0.2892613384054417,0.2810098230838775,0.2876568846828607,545092000
2012-05-07,0.2858229875564575,0.2908655914806271,0.2835309047995738,0.2860522067616586,604440000
2012-05-08,0.2855940759181976,0.2874277220639699,0.278259382039874,0.283301963588365,462312000
2012-05-09,0.2867399454116821,0.2890320290347376,0.2778008028874904,0.2805512977703986,520608000
2012-05-10,0.2846770882606506,0.2899488866973996,0.2800929204589202,0.2894904753819856,597092000
2012-05-11,0.3027845621109009,0.3135573781132686,0.3016385201807592,0.3082855797698579,1435140000
2012-05-14,0.3009509444236755,0.3055351129799728,0.2940746915892296,0.3002633136754709,437472000
2012-05-15,0.2979713082313537,0.307598086605567,0.2965960736948998,0.300951024046048,599940000
2012-05-16,0.2920118570327759,0.3018678259184313,0.2910950068318993,0.2984296991437005,470484000
2012-05-17,0.2899487316608429,0.2959081575460855,0.2899487316608429,0.2931576638005046,335364000
2012-05-18,0.2768839299678802,0.2920117188725725,0.2755086963029372,0.2906364578838396,567288000
2012-05-21,0.2816973626613617,0.2830726238773868,0.2755087418368372,0.2773424143502726,416260000
2012-05-22,0.278259128332138,0.2819264719275338,0.2741333736182638,0.2814680608090552,410140000
2012-05-23,0.2851354777812958,0.2855939163854636,0.2711537561252144,0.2752795122961723,496000000
2012-05-24,0.2775716185569763,0.2871983928453757,0.2755087539659168,0.2867399815277842,520420000
2012-05-25,0.2842186689376831,0.2865107527739713,0.2773424174288185,0.2773424174288185,391752000
2012-05-29,0.2915533781051636,0.2933870509305016,0.2876568404286947,0.288802882529056,310000000
2012-05-30,0.2881152927875519,0.2904073773143162,0.2830727122934308,0.2883445121697494,379792000
2012-05-31,0.2849063277244568,0.2892612765144975,0.281238982294256,0.2881152344830345,358192000
2012-06-01,0.2745920419692993,0.2816975165952319,0.2741336304213896,0.2789470199839645,440984000
2012-06-04,0.2688616514205932,0.2775715743632587,0.2665695678737755,0.2759671213452445,432856000
2012-06-05,0.2766549289226532,0.2773425598915143,0.2674865888679944,0.2674865888679944,365224000
2012-06-06,0.2839895188808441,0.2846771496641815,0.2766548542807817,0.2787177193069926,368968000
2012-06-07,0.2725289762020111,0.2897196288765342,0.2722997569344856,0.2881151486514343,526780000
2012-06-08,0.2778008580207824,0.2787176807224436,0.272987470527568,0.2734458818783986,370308000
2012-06-11,0.2810098230838775,0.2917826423436427,0.2803222195769165,0.2867400617910439,839080000
2012-06-12,0.2867399454116821,0.2894904402945903,0.2837602312369515,0.2842186424968042,496128000
2012-06-13,0.2791762053966522,0.2871985021407278,0.2778009435967169,0.2865108712407602,494276000
2012-06-14,0.2757380604743957,0.2810098611255192,0.2729875641027943,0.2787177762618835,589884000
2012-06-15,0.2816973626613617,0.281926581971964,0.2752795225262349,0.2778008256476829,385288000
2012-06-18,0.2842186689376831,0.2865107527739713,0.2773424174288185,0.2796345012651067,304424000
2012-06-19,0.3034721612930298,0.3078271365706554,0.2945330187697723,0.2959082798729787,960476000
2012-06-20,0.3082855939865112,0.3140158039014695,0.3046182487114195,0.3064519213489654,972720000
2012-06-21,0.2943038940429687,0.3080563989219737,0.2936162633342588,0.3080563989219737,516376000
2012-06-22,0.2979713082313537,0.3014094628820064,0.2938455499743777,0.2979713082313537,865360000
2012-06-25,0.2885737121105194,0.2991173121511546,0.2874276698158331,0.298200489244927,494616000
2012-06-26,0.2917826175689697,0.2938454825623054,0.2860524066721472,0.2901781639826196,437152000
2012-06-27,0.3011800944805145,0.3032429589266703,0.292011759477522,0.292011759477522,506064000
2012-06-28,0.3034721612930298,0.3053058336560409,0.2959082798729787,0.2984295827875931,545896000
2012-06-29,0.3167663514614105,0.3174539822294218,0.3103485098329729,0.3105777291969103,616508000
2012-07-02,0.3082855939865112,0.3185999718334361,0.3057642906944111,0.3183707798311154,581684000
2012-07-03,0.3163078427314758,0.3169954732879076,0.3080563307018782,0.3082855499952862,219284000
2012-07-05,0.313099056482315,0.3156203330564819,0.3082856680675742,0.3142450987407007,280076000
2012-07-06,0.3071395456790924,0.3117237135166646,0.3037014198009132,0.3108068635548728,382760000
2012-07-09,0.3030137121677398,0.3066810564354801,0.3004924095681949,0.3053057955041304,306336000
2012-07-10,0.293845534324646,0.3087441126046434,0.2915534495621549,0.2998049656366449,512028000
2012-07-11,0.2890321016311645,0.2984296577756007,0.2876568401823889,0.2947623121280649,485216000
2012-07-12,0.2842186689376831,0.2862815334608246,0.2816973657882482,0.2858231221583259,472160000
2012-07-13,0.2878860235214233,0.2892612574743782,0.2826142250589406,0.2844478976533427,324260000
2012-07-16,0.2888028621673584,0.2910949462064805,0.283301844079187,0.2860523667851712,334460000
2012-07-17,0.2835309505462646,0.2913240495713265,0.2787175650506739,0.2897195968473917,447476000
2012-07-18,0.2993464171886444,0.303472173338228,0.2814681587563105,0.2828433925903096,616008000
2012-07-19,0.3023259937763214,0.3062225288501947,0.2993462808408487,0.3014091716379209,403036000
2012-07-20,0.293616235256195,0.3025553789669909,0.2904073013636802,0.3004924870381323,451000000
2012-07-23,0.2975126504898071,0.2995755415728951,0.2826141110705711,0.285823016323662,451584000
2012-07-24,0.2943038940429687,0.2998048850650514,0.2908657678232175,0.2979712122830911,351164000
2012-07-25,0.3000340461730957,0.3030137604499487,0.2920117532174569,0.2933869870441478,415044000
2012-07-26,0.3014093041419983,0.3089731857422315,0.299117193140789,0.3055350329023139,338440000
2012-07-27,0.3089732229709625,0.3098900456228816,0.3002632711587508,0.3025553824361406,376516000
2012-07-30,0.3055351078510284,0.3128697992770183,0.3030138315816689,0.3089732615343358,363552000
2012-07-31,0.3103484213352203,0.3147033967415768,0.3050766233821535,0.3055350346555087,387788000
2012-08-01,0.3069103360176086,0.3151618493144709,0.3055350746935328,0.3121821346615042,335912000
2012-08-02,0.3080562353134155,0.3126404011717683,0.3002631369599455,0.3053057412631606,367912000
2012-08-03,0.3144741356372833,0.3176830687717646,0.3055349940381453,0.3128696827319373,326548000
2012-08-06,0.3211212158203125,0.3227256688354284,0.3169954599787351,0.3174538712225123,360324000
2012-08-07,0.3243301510810852,0.3277682767049653,0.3224964786169237,0.3250177816706199,407340000
2012-08-08,0.3261638283729553,0.3296019540477248,0.3231841139900629,0.3241009638976112,517064000
2012-08-09,0.337165892124176,0.3378535228383569,0.3261638826686767,0.3266222940368645,822300000
2012-08-10,0.3351029753684997,0.3488554782254516,0.3307479997361884,0.3461049831188201,1278744000
2012-08-13,0.339458018541336,0.3396872379158602,0.3341862188414981,0.3355614804410391,447244000
2012-08-14,0.3344153761863708,0.3410624362528076,0.3330401148419227,0.3406039975887936,388828000
2012-08-15,0.3318940997123718,0.3383119409666364,0.3302896462297554,0.3355614453787514,594404000
2012-08-16,0.3387703597545624,0.3399164017924657,0.3337277529287496,0.334873794966653,371008000
2012-08-17,0.3357905745506286,0.3387702886888659,0.3328108604123913,0.3387702886888659,309864000
2012-08-20,0.3357905745506286,0.336248985804867,0.3307479687826308,0.3346445327531367,314392000
2012-08-21,0.3348737955093384,0.338999552317236,0.3314356693900566,0.3369366875751859,340248000
2012-08-22,0.3355615735054016,0.3369368354863566,0.3316650343244418,0.3328110768673011,313556000
2012-08-23,0.3279974460601806,0.3351029155303243,0.3266221850905433,0.3348736962607882,379040000
2012-08-24,0.3346445262432098,0.3362489792637283,0.3273098370229119,0.3279974675527887,347724000
2012-08-27,0.32891446352005,0.3353323336346302,0.3286852714384043,0.3344154833366306,340944000
2012-08-28,0.3275390565395355,0.330747962582846,0.3257053842331618,0.3263930147635259,310764000
2012-08-29,0.3282266855239868,0.3302895497815718,0.3266222051860972,0.3273098357132226,250412000
2012-08-30,0.3220380246639251,0.3286850830503449,0.3204335717167859,0.3275390413275612,307488000
2012-08-31,0.3215797245502472,0.3266223044080256,0.3183708175472425,0.3243302201705082,485064000
2012-09-04,0.3043889999389648,0.3174538991402191,0.3014093129304759,0.3163078572680946,694452000
2012-09-05,0.3053057491779327,0.3098899151551258,0.3020968165996268,0.3055349410825216,480256000
2012-09-06,0.3147034049034118,0.3229549173329797,0.3073687150443321,0.3075979343488509,657296000
2012-09-07,0.3071395456790924,0.3092024102764816,0.2968251407207592,0.3066811343600943,781064000
2012-09-10,0.3043889999389648,0.3108068398876208,0.3037013966747249,0.3064518917030651,371108000
2012-09-11,0.3080562353134155,0.3128696203941994,0.3030136583339842,0.3041596997985724,382808000
2012-09-12,0.311494380235672,0.313098860250863,0.3075978444640345,0.3105775579330934,322608000
2012-09-13,0.313557356595993,0.3153910290231464,0.3075979280386927,0.3142449871716496,433836000
2012-09-14,0.317224770784378,0.3227257897419898,0.3133282327667789,0.3133282327667789,339468000
2012-09-17,0.3085148632526397,0.3179124207961941,0.3050767364426276,0.3179124207961941,493348000
2012-09-18,0.3105776011943817,0.3142449455631028,0.3048473926956234,0.3050765846413001,359952000
2012-09-19,0.3142450451850891,0.3185999940952358,0.3075979848250043,0.3112653303563475,451936000
2012-09-20,0.3119528889656067,0.3151618226759552,0.3094316131829694,0.313557369482678,320596000
2012-09-21,0.3133281469345093,0.3151618194180685,0.3112652824678762,0.3124113243546265,340136000
2012-09-24,0.313099056482315,0.3135574679209088,0.3078272566289805,0.3082856680675742,357832000
2012-09-25,0.3073687851428985,0.318600014473639,0.3069103737531091,0.3172247529804708,481544000
2012-09-26,0.3020969927310943,0.3064519693427784,0.2984296742054556,0.3062227499807633,436812000
2012-09-27,0.3043889999389648,0.3048474385468495,0.3002632437345578,0.3027845467827492,558888000
2012-09-28,0.305764228105545,0.3101192031437429,0.2991171695705454,0.3030137333741409,485508000
2012-10-01,0.3007216453552246,0.308973156749145,0.2995756036240573,0.3071394845145193,504236000
2012-10-02,0.3018676042556762,0.3027844264595233,0.2984294800055758,0.3027844264595233,295492000
2012-10-03,0.2988878488540649,0.3034720138728074,0.2972833965622608,0.3025551917985704,430872000
2012-10-04,0.3121820390224457,0.3140157111181902,0.297971100773266,0.2995755809344101,502608000
2012-10-05,0.3048474490642547,0.3163078681808907,0.3037014071525911,0.3130989617577504,483068000
2012-10-08,0.3018676042556762,0.3050765092929237,0.2995755214222759,0.3037012759871531,240596000
2012-10-09,0.2954499721527099,0.3023262254309197,0.2945331219880009,0.3014094025900124,366360000
2012-10-10,0.2904072999954223,0.2954499064707879,0.2892612580371657,0.2940746451913618,326568000
2012-10-11,0.2920118570327759,0.2940747221680932,0.2897197725162886,0.2931578992910194,320516000
2012-10-12,0.2894904315471649,0.2922409263469624,0.2876567592393695,0.2899488427931659,260696000
2012-10-15,0.2931578457355499,0.2933870377510471,0.286510785457772,0.2899489116044095,249580000
2012-10-16,0.3016384541988373,0.3025553039366712,0.2929285319702539,0.2956790265361779,367696000
2012-10-17,0.2993464171886444,0.3007216783464366,0.2949914417381643,0.2979711560308521,391752000
2012-10-18,0.2947623431682586,0.2986588812517193,0.2936163009481936,0.2986588812517193,254772000
2012-10-19,0.2775716185569763,0.2924701913071669,0.2759671652835083,0.2904072993923118,709412000
2012-10-22,0.2743627429008484,0.2803221726719034,0.272070658731027,0.2787176918939896,480840000
2012-10-23,0.2826142609119415,0.284447933738967,0.2711538125739823,0.2718414432995917,573948000
2012-10-24,0.2789467573165893,0.2855938141354789,0.2761962632952967,0.2844477726829583,332916000
2012-10-25,0.2791762053966522,0.2842187864567386,0.2780301630046414,0.2812390707727493,307356000
2012-10-26,0.2761963903903961,0.2812389696371336,0.2761963903903961,0.279634516330053,389376000
2012-10-31,0.2745920419692993,0.2796346509677337,0.2739044383093394,0.277342565904376,347112000
2012-11-01,0.2876568138599396,0.2878860331883601,0.2757379552579999,0.2759671745864204,473220000
2012-11-02,0.2862817049026489,0.2910950947709045,0.284448058594562,0.2906366831938828,256700000
2012-11-05,0.2984295785427093,0.2995756203378159,0.2855938995079987,0.2855938995079987,444840000
2012-11-06,0.2982002198696136,0.2991170419476418,0.2931576437929006,0.2991170419476418,350804000
2012-11-07,0.2890321016311645,0.2977420270512129,0.2876568401823889,0.295908354227445,324620000
2012-11-08,0.2906364798545837,0.2998048142757795,0.2899488493082356,0.2922409329135346,839024000
2012-11-09,0.2794053256511688,0.2956791343635692,0.2784885029027796,0.2922410080714112,846280000
2012-11-12,0.2732167840003967,0.2810098616209755,0.2704662603001389,0.279863819187137,643624000
2012-11-13,0.2711537480354309,0.2780300263310714,0.2709245560639781,0.2718413785973742,492120000
2012-11-14,0.2645067274570465,0.2755087349383859,0.2642775081521836,0.2727582398989995,619300000
2012-11-15,0.2656528055667877,0.2729874691134749,0.2638191328491666,0.2661112169152436,466688000
2012-11-16,0.2608393728733063,0.2665695820449761,0.2555675749706114,0.265652759507026,624552000
2012-11-19,0.2681741416454315,0.2690909918712733,0.2624439301981836,0.2656528650029245,404092000
2012-11-20,0.2650598883628845,0.2682894985474179,0.2622916196331853,0.2671360624100722,336976000
2012-11-21,0.2726724743843078,0.273364513817961,0.2648290949688295,0.2650597931134318,422312000
2012-11-23,0.2745179831981659,0.2777475922945748,0.272441782350408,0.2738259162489133,276932000
2012-11-26,0.2793623208999634,0.2800543876610822,0.2745179085722717,0.2749792772463276,364600000
2012-11-27,0.2805158197879791,0.2846681937938913,0.2759020770036491,0.2782089483958141,451404000
2012-11-28,0.2828226685523987,0.2842068022769879,0.2759020549296,0.2793623617409994,398332000
2012-11-29,0.2777475118637085,0.2846681243519902,0.2768247745319654,0.2832840183543756,488688000
2012-11-30,0.2761327922344208,0.2795930995368475,0.2745179876599705,0.2775168986553447,460504000
2012-12-03,0.2710576355457306,0.2795930816799759,0.2703655961295063,0.2795930816799759,391380000
2012-12-04,0.2791317999362945,0.2795931688576585,0.2699042840085917,0.2715191164834927,528068000
2012-12-05,0.2759020328521728,0.2786702725797655,0.2719803576130773,0.2768247977614183,633024000
2012-12-06,0.2763634920120239,0.278208994934486,0.2742873184118045,0.2752100561229952,412896000
2012-12-07,0.2759020328521728,0.2779782332729212,0.2726724244199934,0.276594099659089,338288000
2012-12-10,0.2851295471191406,0.287205747759611,0.275209995170426,0.2759020620505827,513644000
2012-12-11,0.2918194532394409,0.2955104577982201,0.2853602090116129,0.2860522758038929,816724000
2012-12-12,0.2888205647468567,0.2943570725295753,0.2876671290629665,0.2927422680721442,399404000
2012-12-13,0.2890513241291046,0.2945878055848409,0.2862830834012365,0.2883592570721171,377556000
2012-12-14,0.2904354631900787,0.2934344024386743,0.2881285910757875,0.2902047924787005,338660000
2012-12-17,0.2892818450927734,0.2913580451891689,0.2848988018338288,0.2897432412253508,445232000
2012-12-18,0.289743423461914,0.2929730334208407,0.2883592891937542,0.2892820270391376,416436000
2012-12-19,0.2918194532394409,0.2952797597007697,0.2906660177523313,0.2918194532394409,458544000
2012-12-20,0.2915889024734497,0.2932037073190092,0.2883592652822482,0.292973009126751,334332000
2012-12-21,0.2848988175392151,0.287667056986944,0.2816691819334738,0.287667056986944,462172000
2012-12-24,0.2825919985771179,0.2855909366538616,0.2816692335919261,0.2846681716686698,127376000
2012-12-26,0.28236123919487,0.2865136119771514,0.2812078038386844,0.2818998705524094,196740000
2012-12-27,0.2805158197879791,0.2832840874586381,0.2772862108389786,0.2828226911801441,299804000
2012-12-28,0.2791317999362945,0.2835148459393792,0.2775169674613936,0.2779783638828423,220600000
2012-12-31,0.2828226685523987,0.2839761041561984,0.2775168592749049,0.2782089261371996,326460000
2013-01-02,0.2934343218803406,0.2936650200284686,0.2885899082703466,0.2897433440108324,478836000
2013-01-03,0.2936650812625885,0.2968946910093458,0.2902047733195986,0.293434383066356,298888000
2013-01-04,0.3033539056777954,0.304276643280584,0.2932036545467333,0.2941263921495219,524968000
2013-01-07,0.2945878505706787,0.3040460376269882,0.2925116765827502,0.3031232997434835,610732000
2013-01-08,0.2881284952163696,0.2962025724302543,0.2860523220042775,0.2952798073914879,466424000
2013-01-09,0.2816692888736725,0.2918195407024742,0.2798238135412353,0.2904354067030669,695020000
2013-01-10,0.282130628824234,0.285590935631145,0.2805157969809497,0.284206801908351,506368000
2013-01-11,0.2816692888736725,0.2835147917061891,0.2789010483749372,0.2832841210396742,513172000
2013-01-14,0.2814386188983917,0.2835147924025225,0.2782089820585355,0.2835147924025225,305684000
2013-01-15,0.2763634920120239,0.2800544978569481,0.2747486872673998,0.2800544978569481,375888000
2013-01-16,0.2789009809494018,0.2812078520573315,0.2759020430090786,0.2759020430090786,337376000
2013-01-17,0.2825919985771179,0.2837454341835521,0.2791316917578153,0.2798237586216907,580736000
2013-01-18,0.2807464897632599,0.2825919921918697,0.2772861830221439,0.2825919921918697,397088000
2013-01-22,0.2793623208999634,0.2830533252925503,0.2779782148777958,0.280515756335138,308224000
2013-01-23,0.2798238396644592,0.2805158792286895,0.2768249007191607,0.28028520854064,421808000
2013-01-24,0.2812079191207886,0.2823613549498289,0.2775169134678278,0.278901047462708,396980000
2013-01-25,0.2862831652164459,0.2865138359679759,0.2802852856752309,0.28166939268468,393920000
2013-01-28,0.2908968031406402,0.2927423059738191,0.2869750993076053,0.2876671663075573,422492000
2013-01-29,0.2846682667732239,0.2904354467321466,0.2835148307814393,0.2897434071371425,388872000
2013-01-30,0.2842068076133728,0.2888205501152014,0.2832840701130368,0.2848988744886619,287592000
2013-01-31,0.2828226685523987,0.2874364384676717,0.2809771935863782,0.2842068022769879,470544000
2013-02-01,0.2853602766990661,0.2862830418076764,0.282822707025485,0.2851295785468941,288816000
2013-02-04,0.2805158197879791,0.2895126347174683,0.2802851491488083,0.2837454562370558,511744000
2013-02-05,0.2869751155376434,0.2885899477955523,0.2809772653656996,0.2819000030844353,367296000
2013-02-06,0.2846682667732239,0.286975138756793,0.278439717917604,0.2800545228060857,530688000
2013-02-07,0.2835147678852081,0.2860523375042212,0.2807465276190611,0.2837454660324192,440000000
2013-02-08,0.2853602766990661,0.2876671482204752,0.2835147739819233,0.2853602766990661,307232000
2013-02-11,0.2885900139808655,0.2915889535046555,0.2848990072592643,0.2876672485504215,408308000
2013-02-12,0.2867444157600403,0.289974024947965,0.2855909799786273,0.2860523487911769,277804000
2013-02-13,0.2853602766990661,0.2922808912632934,0.2844375390905336,0.286975081264037,856396000
2013-02-14,0.2936650812625885,0.293895779458821,0.2779783464210177,0.2814386543640076,882096000
2013-02-15,0.2936650812625885,0.2950492154398176,0.2872058342689907,0.2929730141739739,733860000
2013-02-19,0.289743423461914,0.2941264694776123,0.2878979202710625,0.2938957987663089,433552000
2013-02-20,0.2855910062789917,0.2952798622351008,0.2846682410688361,0.290666118684565,713012000
2013-02-21,0.2835147678852081,0.2883592089760232,0.2828227009436521,0.2851295724154541,580408000
2013-02-22,0.2888205647468567,0.2890512628836651,0.2837454532377548,0.285360257695186,370148000
2013-02-25,0.2837454974651336,0.2918195485108666,0.2832841286196793,0.2895126767835144,644444000
2013-02-26,0.2871109545230865,0.288735665871772,0.2833973048671282,0.2843257311155128,487504000
2013-02-27,0.2924493551254272,0.2945382937155427,0.2864146805345964,0.2871109933979682,476980000
2013-02-28,0.2938418388366699,0.2982517720586883,0.290360303871251,0.2915208155263906,591392000
2013-03-01,0.2950023710727691,0.2959307693941388,0.2891998123922532,0.2917529216104108,389396000
2013-03-04,0.2938418388366699,0.2966270612752489,0.2905923896010107,0.2929134129112899,353680000
2013-03-05,0.2970912754535675,0.2975554746053826,0.2940739394635965,0.2954665645878236,366168000
2013-03-06,0.2968592941761017,0.301733428488529,0.295466668561813,0.2989482049287432,342928000
2013-03-07,0.2961629331111908,0.3015012935377252,0.2945382219384508,0.2984839569776156,314824000
2013-03-08,0.2975556254386902,0.2989482512688504,0.2954667143622456,0.2968593401924059,246464000
2013-03-11,0.2947702705860138,0.2959307823730145,0.2922171335870988,0.2945381848298837,299748000
2013-03-12,0.2956987619400024,0.2966271605071831,0.2915209130501103,0.2943061364204418,310856000
2013-03-13,0.2956987619400024,0.3008050093970752,0.2929135109008813,0.2956987619400024,485840000
2013-03-14,0.2959307730197906,0.2984839099380108,0.2940739486855198,0.2975554839364841,383304000
2013-03-15,0.2933778166770935,0.2959309272571968,0.292217276653123,0.2959309272571968,355776000
2013-03-18,0.2912887930870056,0.294074016395311,0.2891998825229738,0.2915209065580265,298312000
2013-03-19,0.2894320487976074,0.2929135858181775,0.287343137652784,0.2915209876112275,355480000
2013-03-20,0.292913556098938,0.2938419824781692,0.2896641329436135,0.292217243231713,340588000
2013-03-21,0.2882714867591858,0.2917530231795363,0.2878072874368974,0.2912888238572479,339032000
2013-03-22,0.2896641194820404,0.2908246316505514,0.2880394079798835,0.2891999201483945,232476000
2013-03-25,0.2880394756793976,0.2915210130032157,0.2859505366838272,0.2912888994474415,362076000
2013-03-26,0.2901283502578735,0.2903604637842477,0.28757521214294,0.2887357244372197,232540000
2013-03-27,0.2936097979545593,0.2952345091392737,0.2882714374886803,0.2889677501874971,254944000
2013-03-28,0.297787606716156,0.2980197201410307,0.2908245359953166,0.292913446144055,349276000
2013-04-01,0.2880394756793976,0.2970914616538051,0.2859505366838272,0.2970914616538051,442828000
2013-04-02,0.285021960735321,0.2889676950506963,0.2831651364490321,0.2882713824847402,371524000
2013-04-03,0.2815405130386352,0.2861825613620808,0.2794515746918105,0.2845578223138424,353156000
2013-04-04,0.2843257188796997,0.2852541174193411,0.279683670843915,0.2806120693835564,294676000
2013-04-05,0.2891998887062073,0.2891998887062073,0.2794515654155308,0.2801478781746919,551352000
2013-04-08,0.2885035872459411,0.2894319858486558,0.2831652261083549,0.2894319858486558,326660000
2013-04-09,0.2931455671787262,0.2952344773816908,0.2866466954701478,0.2887356056731125,380584000
2013-04-10,0.297787606716156,0.2982518058971219,0.2926813603879638,0.2933776729938044,384688000
2013-04-11,0.2963951528072357,0.2982519782730426,0.2854863412402195,0.2936099284429251,969220000
2013-04-12,0.30382239818573,0.3070718213951802,0.2952345854615647,0.2977877234609859,770548000
2013-04-15,0.2975556254386902,0.3038224140056155,0.2956988278902043,0.3028939875625767,430420000
2013-04-16,0.3008049726486206,0.3028938830039758,0.2987160346244791,0.3003407734217401,468844000
2013-04-17,0.2968592941761017,0.3012692291733633,0.2950024692466473,0.2984840056135774,532948000
2013-04-18,0.2910565733909607,0.2994122679351426,0.2910565733909607,0.2975554438510156,402548000
2013-04-19,0.2917530536651611,0.2926814800755422,0.2871110046196405,0.2908246549235749,303028000
2013-04-22,0.2922172546386719,0.2947703926952293,0.2891999448775703,0.2915209694130607,245568000
2013-04-23,0.2998766005039215,0.3028939095777551,0.2943061262862829,0.2947703255538889,376948000
2013-04-24,0.3100890815258026,0.3126422188893314,0.3005728724458723,0.3008049859039339,556556000
2013-04-25,0.3126422166824341,0.3133385293829165,0.3089285673923858,0.3117138181943156,353224000
2013-04-26,0.311249703168869,0.3126423290704522,0.3096249913962201,0.3121781296595236,324332000
2013-04-29,0.3149633407592773,0.3161238530729703,0.3103212915045053,0.3117139173484554,269712000
2013-04-30,0.3196052014827728,0.3196052014827728,0.3135705299438312,0.315659467477517,276712000
2013-05-01,0.3168201148509979,0.3216942768491959,0.3156596027246452,0.3196053384204861,341316000
2013-05-02,0.3205337822437286,0.3214621809280419,0.3147311936259948,0.3165880186634144,323480000
2013-05-03,0.3219263553619385,0.3242473795619312,0.3207658432619421,0.3226226681556945,293864000
2013-05-06,0.320997804403305,0.3237830265876665,0.3191409803908048,0.3219262025751663,217116000
2013-05-07,0.3168201148509979,0.3216942768491959,0.3138027777887225,0.320997964039626,448068000
2013-05-08,0.3226225972175598,0.3244794217030343,0.3161237253527914,0.3172842371976148,334032000
2013-05-09,0.3228548467159271,0.3242474449153321,0.3163559721123144,0.316820171512116,566800000
2013-05-10,0.3374772369861603,0.3388698625627337,0.3295857381668952,0.3295857381668952,861136000
2013-05-13,0.3305142223834991,0.3365488973815386,0.3291215965627836,0.3351562715608231,289812000
2013-05-14,0.3353883326053619,0.3381735561421631,0.3312104834657645,0.3344599063139006,454140000
2013-05-15,0.3411909341812134,0.3423514464334435,0.3337636336319044,0.3337636336319044,313172000
2013-05-16,0.339566171169281,0.3442082194756383,0.3384056314239013,0.3407266832458703,308368000
2013-05-17,0.3451365530490875,0.3474575767650083,0.3386376811107522,0.3411908182657792,312116000
2013-05-20,0.3444402515888214,0.3458328769311238,0.3425834270220135,0.3437439389176702,236380000
2013-05-21,0.3480562269687652,0.3494559266936484,0.3424574836879135,0.3464232624959619,357784000
2013-05-22,0.335925430059433,0.349455752001962,0.3345257310342543,0.349455752001962,480404000
2013-05-23,0.3412910401821136,0.3424574472255456,0.3310266415143097,0.3319597560253203,393884000
2013-05-24,0.3391914665699005,0.3422241302278893,0.3354589531740165,0.339424759085644,283304000
2013-05-28,0.338958203792572,0.3426907175159271,0.3356922751416397,0.3417576029897574,279300000
2013-05-29,0.3368586897850036,0.3389582114208043,0.3354589901549108,0.3368586897850036,335052000
2013-05-30,0.3412910401821136,0.3447902613124096,0.3354589771556163,0.3363921194759643,284504000
2013-05-31,0.3375584781169891,0.344323626875107,0.3375584781169891,0.3394247346807458,577508000
2013-06-03,0.3370919823646545,0.3405912036309444,0.3300935120227362,0.3380250969119297,444468000
2013-06-04,0.3375584781169891,0.3452567690616521,0.3354589290542628,0.3391914421817761,363676000
2013-06-05,0.3303267955780029,0.3396580520342614,0.3293936532467744,0.337091973194393,464520000
2013-06-06,0.3324263095855713,0.3349924161763318,0.3300934955246389,0.3303267880544671,341044000
2013-06-07,0.3370919823646545,0.339191504000693,0.3333594685568765,0.3347591403777893,274584000
2013-06-10,0.3368586897850036,0.3389582114208043,0.3342925830662797,0.3361588399699572,224148000
2013-06-11,0.3305600881576538,0.3370919732397818,0.3305600881576538,0.3324263172016865,296336000
2013-06-12,0.3277607262134552,0.334992461913442,0.3258944691480385,0.3321930902199875,312588000
2013-06-13,0.335225760936737,0.3368587254719499,0.3263610605621427,0.326594325318978,236256000
2013-06-14,0.3347590267658233,0.3368585754986465,0.332426213380017,0.3363920183833511,236012000
2013-06-17,0.3380250036716461,0.3410576668277734,0.335458897660462,0.3373251540495658,255336000
2013-06-18,0.335925430059433,0.3433904266386235,0.3331260320090757,0.3396579144443649,486772000
2013-06-19,0.3461898863315582,0.3611199111570307,0.3377917456291466,0.3389581525150741,1159588000
2013-06-20,0.3368586897850036,0.3438571323167905,0.3345258756077413,0.3433905750432058,628696000
2013-06-21,0.3363922536373138,0.3398914761631841,0.3307934809103122,0.3387250686545607,714228000
2013-06-24,0.3293936848640442,0.33569230582407,0.3244947914398847,0.331493234453833,580772000
2013-06-25,0.3317264020442962,0.3335926305641695,0.3282271540462088,0.332892808773882,457360000
2013-06-26,0.3298602402210235,0.335925568076336,0.3284605406207705,0.3354589830033597,579752000
2013-06-27,0.3268274664878845,0.3312598007173074,0.3233282464722363,0.33079324361042,808036000
2013-06-28,0.3275273442268371,0.3307932720653129,0.3226284246597923,0.3268274946016406,431536000
2013-07-01,0.3289270102977752,0.3305600019996836,0.3268274892657938,0.329860152385913,199524000
2013-07-02,0.3286938369274139,0.3335927299658144,0.3256611729649727,0.3270608447719421,256392000
2013-07-03,0.3296269178390503,0.3335926959349088,0.3258944044492213,0.3258944044492213,140388000
2013-07-05,0.3321931064128876,0.3328929563227009,0.3284605921001111,0.3305601418295513,184684000
2013-07-08,0.3305600881576538,0.3347591313160653,0.3286938313042832,0.3331261669978677,262084000
2013-07-09,0.3321931064128876,0.3342926283329853,0.3303268492564993,0.3312599639300222,157364000
2013-07-10,0.3366254270076751,0.3375585694466909,0.3312599483636931,0.3321930908027088,208468000
2013-07-11,0.3412910401821136,0.3417575974376189,0.3377917912424802,0.3384916410304069,239832000
2013-07-12,0.3415244221687317,0.3447903796973209,0.3394248998934112,0.340591307337333,216360000
2013-07-15,0.3408244848251343,0.3422241845229921,0.3354590063957994,0.3422241845229921,201332000
2013-07-16,0.342690646648407,0.3445569031241476,0.3405911254940313,0.3422240894818049,162560000
2013-07-17,0.3408244848251343,0.3438571489642661,0.339891370232789,0.3426907418191647,166100000
2013-07-18,0.3394248485565185,0.3415243705142932,0.3349924842543879,0.3403579632467866,344488000
2013-07-19,0.3321931064128876,0.3389582573192847,0.3286938846731631,0.3373252927359484,480532000
2013-07-22,0.3319597542285919,0.337791789414186,0.3305600824696517,0.3347591255558096,292384000
2013-07-23,0.3314931094646454,0.3361587363814403,0.3298601456056331,0.3361587363814403,246792000
2013-07-24,0.3314931094646454,0.3354588867820551,0.3310265523348319,0.3345257725224281,284252000
2013-07-25,0.3326595723628998,0.3370919353678507,0.3289270590755027,0.3312598729277922,243320000
2013-07-26,0.3312599658966064,0.3333595156385109,0.3286938866245132,0.3286938866245132,227360000
2013-07-29,0.3305600881576538,0.3347591313160653,0.3296269458262996,0.3305600881576538,179540000
2013-07-30,0.336158812046051,0.3405911753002668,0.3314931840790889,0.3317264766011715,266076000
2013-07-31,0.3368586897850036,0.3401246185094354,0.3342925830662797,0.3345258756077413,270160000
2013-08-01,0.3415244221687317,0.3422242721969541,0.3340594200895015,0.3380251998369663,277648000
2013-08-02,0.3443236351013183,0.3450234848056139,0.3384916005810794,0.340824414389175,209628000
2013-08-05,0.3459565341472626,0.3471229407382049,0.3415241724160859,0.3433904285234589,185188000
2013-08-06,0.3408244848251343,0.346889813103398,0.3401246349762054,0.3461899632544691,206608000
2013-08-07,0.340591162443161,0.3440903832862891,0.338724905764959,0.3389581704688997,244380000
2013-08-08,0.3429240882396698,0.3445570529374558,0.3384917237064284,0.3424575308702087,345696000
2013-08-09,0.3380250036716461,0.3431571878846833,0.3291603066804014,0.3293935713482075,906224000
2013-08-12,0.335225760936737,0.3401246545423754,0.305832260256199,0.3242615108945764,257568000
2013-08-13,0.3363922536373138,0.3377919259620528,0.3335928533691387,0.3356924035702701,197468000
2013-08-14,0.3506222665309906,0.352721787905802,0.3354589484543822,0.3356922409668436,828508000
2013-08-15,0.3529551327228546,0.3557545042405551,0.3454901049298675,0.3468898045933873,723616000
2013-08-16,0.3543549180030823,0.3592538123903593,0.3515555179996714,0.3522553680005241,660456000
2013-08-19,0.3487560451030731,0.3534216733491068,0.3485227525670362,0.3522552662875984,393432000
2013-08-20,0.3505144119262695,0.3528589876890233,0.3481698361635157,0.3486387457261569,234192000
2013-08-21,0.3488732278347015,0.3528590011940212,0.3474664711433892,0.3484042903045649,261540000
2013-08-22,0.3507488965988159,0.3540312916358022,0.3486387615468541,0.3486387615468541,129016000
2013-08-23,0.3507488965988159,0.3540312916358022,0.350045518248162,0.3512178061827355,245120000
2013-08-26,0.3514522016048431,0.352390048601095,0.3500454730347834,0.3509832920814899,300152000
2013-08-27,0.34699746966362,0.3505143325109422,0.3458251820478459,0.3481697572793941,277464000
2013-08-28,0.34699746966362,0.3502798638079708,0.3455907133448745,0.3477008478229927,318824000
2013-08-29,0.3462942540645599,0.3495766776993146,0.344887497085443,0.3458253443880391,276216000
2013-08-30,0.3458254039287567,0.3474666020539216,0.3441842058035917,0.3465287825394157,378120000
2013-09-03,0.3460597693920135,0.3509833906437246,0.3439496619695963,0.346763147849337,284680000
2013-09-04,0.3493421375751495,0.3514522446635347,0.3455908050296327,0.3460597146104351,222080000
2013-09-05,0.3502800166606903,0.3516867735933064,0.3477009995502989,0.3479354404060325,174904000
2013-09-06,0.3488732278347015,0.3523900916134334,0.3462941832171452,0.3505144253415333,226756000
2013-09-09,0.354734718799591,0.354734718799591,0.3507489448634899,0.3516867641603773,246408000
2013-09-10,0.3622373640537262,0.3624718328572751,0.3556725449994437,0.3573137707251794,292132000
2013-09-11,0.3683332800865173,0.3692711273680563,0.3591894158266704,0.3617684609139602,396164000
2013-09-12,0.3680987060070038,0.372787856868952,0.3664574808456868,0.3664574808456868,303808000
2013-09-13,0.3704434633255005,0.3720846613431008,0.3666921296142217,0.3692711750344206,159696000
2013-09-16,0.3706777989864349,0.3760703291844893,0.3692710702062139,0.373491312445976,231412000
2013-09-17,0.3718500733375549,0.3748980275074905,0.3704433446088106,0.3720845421004533,168608000
2013-09-18,0.3751325309276581,0.3760703501667963,0.3702089100483043,0.3720845764761319,268168000
2013-09-19,0.3734913468360901,0.3774771206713736,0.3718501211837214,0.3767737422417231,227572000
2013-09-20,0.370208740234375,0.37677355574573,0.3695053621528837,0.3744289807737845,356036000
2013-09-23,0.3666919767856598,0.3730223253292399,0.3645818419714358,0.3699743714528359,271244000
2013-09-24,0.3680987060070038,0.369505434495862,0.3648162836339138,0.3669264182915167,229732000
2013-09-25,0.3685676157474518,0.3713811006765757,0.3657541028687839,0.3673953280311881,233156000
2013-09-26,0.3673955202102661,0.3702090066110826,0.3652853844474849,0.3695056280234888,148816000
2013-09-27,0.3652853667736053,0.367629943319106,0.3631752590624775,0.3645819882200437,151920000
2013-09-30,0.3648163974285126,0.3673954423868649,0.3594238666653094,0.3615340019811119,226640000
2013-10-01,0.3645819127559662,0.3669265167657191,0.3624718054816052,0.3652852911639369,226976000
2013-10-02,0.3643475472927093,0.3657542764501114,0.3608306824748687,0.3608306824748687,162036000
2013-10-03,0.3605961501598358,0.3678643473503422,0.3589549524570108,0.36458192399514,436768000
2013-10-04,0.3655197918415069,0.3685677465756144,0.3591894135669938,0.3601272608426327,246228000
2013-10-07,0.3655197918415069,0.3680988369125718,0.3622373683011013,0.3641130349028254,169952000
2013-10-08,0.3624717593193054,0.3697399553601156,0.3596582739952829,0.3645818663249354,290712000
2013-10-09,0.356844812631607,0.3650508569405158,0.3549691741091097,0.3648163881504278,275860000
2013-10-10,0.360830545425415,0.3617683645074837,0.3568447444527569,0.3594237888527655,223484000
2013-10-11,0.3577826917171478,0.3596583583562994,0.3540313584388446,0.35520364659462,213704000
2013-10-14,0.3631752729415893,0.3631752729415893,0.3568448936671699,0.3568448936671699,166628000
2013-10-15,0.3612995743751526,0.3652853487155538,0.3610651055523707,0.3631752411087401,208820000
2013-10-16,0.3657543063163757,0.3671610635382059,0.3629408198222748,0.3634097295796984,210072000
2013-10-17,0.3664576411247253,0.3673954884770313,0.362940776440079,0.362940776440079,213324000
2013-10-18,0.3706777989864349,0.3718500869447272,0.3643474496015665,0.3657541783817875,255068000
2013-10-21,0.3716157078742981,0.3753670131944592,0.3704434197212063,0.3751325723335734,195008000
2013-10-22,0.3697400391101837,0.3718501465937755,0.366457615530697,0.3716157057342398,179452000
2013-10-23,0.3634096384048462,0.3690366379308648,0.3622373503306196,0.3690366379308648,252216000
2013-10-24,0.360830545425415,0.3666919845622105,0.3601271671390903,0.3643474089074923,236436000
2013-10-25,0.3573137521743774,0.3629407236718798,0.3561414641166018,0.3627062828300559,330492000
2013-10-28,0.3566102683544159,0.3584859342824184,0.3516866487871023,0.3568447091269514,394024000
2013-10-29,0.3570793271064758,0.3577827056171785,0.3528590839918148,0.3561415077252424,387952000
2013-10-30,0.356844812631607,0.3598927671549928,0.3537968581082212,0.3582515694730318,204032000
2013-10-31,0.3561415374279022,0.3598928432152549,0.3554381588585368,0.357313825726992,293368000
2013-11-01,0.3577826917171478,0.3594238895453227,0.35520364659462,0.3580171325785704,206136000
2013-11-04,0.3474664986133575,0.3589549379685295,0.3467631202120937,0.3589549379685295,410264000
2013-11-05,0.34699746966362,0.3486386667357954,0.341604941041151,0.3453562725914446,422368000
2013-11-06,0.3493421375751495,0.3495766063403251,0.3434806979412474,0.3469975617215887,198044000
2013-11-07,0.3411362171173095,0.349107766060215,0.3404328385753928,0.3481699466373638,553076000
2013-11-08,0.3648163974285126,0.3659886855096632,0.3502800028626033,0.351686759739805,734532000
2013-11-11,0.3678643405437469,0.3688021597995652,0.3627062787376428,0.3634096292047307,297624000
2013-11-12,0.3685676157474518,0.371615569399646,0.3643473743789939,0.3695054347406452,316032000
2013-11-13,0.3786494731903076,0.3786494731903076,0.3669265905325346,0.3676299411323555,332792000
2013-11-14,0.380290538072586,0.3826351137835502,0.3772425840584232,0.3774770528093385,307980000
2013-11-15,0.3791182339191437,0.3821661878022776,0.3753669017630486,0.3816972782701522,450332000
2013-11-18,0.3699743747711181,0.3741946164878714,0.3690365557005268,0.3709122217912556,316948000
2013-11-19,0.3639634847640991,0.3715067564639649,0.3634920355517808,0.3682065838768126,206716000
2013-11-20,0.3585416674613952,0.3651420392434988,0.3578344797524345,0.3641991129312451,204776000
2013-11-21,0.3613704144954681,0.3620776022519814,0.3573630546764531,0.359013140707704,213568000
2013-11-22,0.3578344881534576,0.3618418477970935,0.3571273004278939,0.3618418477970935,158668000
2013-11-25,0.3656134903430938,0.3660849394513327,0.3578344817039377,0.3578344817039377,248208000
2013-11-26,0.3686779737472534,0.3726853335583265,0.3672635982370299,0.3696208720201223,753176000
2013-11-27,0.370092362165451,0.3712709990981054,0.3660849741136893,0.368442247978998,181272000
2013-11-29,0.3677350580692291,0.3710352583220986,0.3653777842175741,0.370092360021805,116964000
2013-12-02,0.3712709546089172,0.3738639386894884,0.3656134811495554,0.3663206688445903,373872000
2013-12-03,0.3710352778434753,0.3762212749697843,0.3686780038677965,0.3712710164814122,290560000
2013-12-04,0.376221239566803,0.3769284273131437,0.3691494183052353,0.3700923446673295,493176000
2013-12-05,0.370092362165451,0.376928445134478,0.3696208849116524,0.376928445134478,271812000
2013-12-06,0.3646705448627472,0.3745710872562576,0.3637276186675608,0.3745710872562576,281000000
2013-12-09,0.3585416674613952,0.3658492269524596,0.3578344797524345,0.3646705901378311,385220000
2013-12-10,0.3667922616004944,0.3684423481345778,0.3580703515481144,0.3585418008291485,524268000
2013-12-11,0.3632562756538391,0.3679708237031888,0.362549087826252,0.3674993745184384,414156000
2013-12-12,0.3561844229698181,0.3639634322029124,0.3554772352030058,0.3620776075250531,258724000
2013-12-13,0.3540629148483276,0.3594846511042786,0.3535914656306199,0.3568916663564237,184588000
2013-12-16,0.3545342981815338,0.3575987596785404,0.3540628490514373,0.3542985876669454,237620000
2013-12-17,0.3561844229698181,0.3571273212582875,0.3512341367030525,0.3542985982919588,274104000
2013-12-18,0.3611347079277038,0.3618418957469813,0.3524127997590749,0.356891637213884,426232000
2013-12-19,0.3625489473342895,0.3630203963363479,0.35830585011394,0.360663123225144,258544000
2013-12-20,0.3698565065860748,0.3700922451384311,0.3623132101216187,0.3632561362301318,382080000
2013-12-23,0.3719781041145324,0.3750425653092935,0.3689136710206884,0.3719781041145324,168568000
2013-12-24,0.3729209899902344,0.3740996266220249,0.369149341528139,0.3740996266220249,79600000
2013-12-26,0.3693852126598358,0.3755141365850606,0.3684422861554575,0.3743354995302808,168920000
2013-12-27,0.3715067207813263,0.3722139085823417,0.3691494468452229,0.3712710102482691,210976000
2013-12-30,0.3764570355415344,0.3766927741932063,0.3712710381130695,0.3717424873154892,248180000
2013-12-31,0.3776356875896454,0.3795215125751128,0.3748069641619068,0.3771642383685098,235776000
2014-01-02,0.3738639652729034,0.3766927162541802,0.3705637932626402,0.3752783407635418,260092000
2014-01-03,0.3693852126598358,0.3752783979337351,0.3682065756050559,0.3745712100806824,259332000
2014-01-06,0.3743354678153991,0.3771641908870277,0.3696208918947894,0.3731568027595555,409492000
2014-01-07,0.3804643750190735,0.3818787506495817,0.3755141165141397,0.3781071010355081,333288000
2014-01-08,0.3856503367424011,0.3875361612388199,0.38046431235202,0.3818786877495635,308192000
2014-01-09,0.3712709546089172,0.3804643103416184,0.3700923178174982,0.3797571226465834,292172000
2014-01-10,0.3707994818687439,0.3750425799890393,0.3674993100534686,0.3724495958772996,218492000
2014-01-13,0.3620775938034057,0.3731567747271959,0.3613704060633937,0.3707995009944355,243332000
2014-01-14,0.3733924031257629,0.3740995906570328,0.3623131973713274,0.3639633109779275,241828000
2014-01-15,0.3773998022079468,0.3788141774224159,0.3733924432348364,0.3750425289177743,175044000
2014-01-16,0.3785783946514129,0.3792855821760785,0.3757496726536615,0.3773997581439406,220652000
2014-01-17,0.376928448677063,0.3830573720248373,0.3745711747895992,0.3785785347781034,340400000
2014-01-21,0.3783427476882934,0.3807000210987382,0.3743353885107204,0.3773998214635661,246076000
2014-01-22,0.3778713345527649,0.3795214204767762,0.3733924977865419,0.379049971370047,337940000
2014-01-23,0.3764570355415344,0.3807001345651599,0.3736283122260921,0.3766927741932063,185028000
2014-01-24,0.3667922616004944,0.3748070117817876,0.3667922616004944,0.3733926358377568,246696000
2014-01-27,0.3644348382949829,0.3719781080143826,0.3623132752451748,0.3667921118386026,233812000
2014-01-28,0.367970734834671,0.3682064734205745,0.3623132616812325,0.3637276369948212,167996000
2014-01-29,0.3644348382949829,0.3686779362936818,0.364199099700254,0.3665563732438737,162944000
2014-01-30,0.3705637454986572,0.3712709331528231,0.3653777214353846,0.3665563581586891,202896000
2014-01-31,0.370092362165451,0.3722138974038605,0.3651420758079342,0.3653777863339124,335348000
2014-02-03,0.3651420474052429,0.3731567666834968,0.3637276719557069,0.372685317567291,431728000
2014-02-04,0.3672634959220886,0.3679706834801869,0.3630203986744111,0.3649062227957025,280692000
2014-02-05,0.3639634847640991,0.3658493097142967,0.3611347332883404,0.3646706726330387,214676000
2014-02-06,0.3686779737472534,0.3696208720201223,0.3639634261810685,0.3644348753175029,168380000
2014-02-07,0.3740997016429901,0.3745711507700667,0.3663206926930077,0.3696208646834635,157248000
2014-02-10,0.3752782642841339,0.3802285493916107,0.3733924400479087,0.3736281786152796,324372000
2014-02-11,0.3830574452877044,0.3840003437826584,0.3755141730252922,0.3773999700152002,235384000
2014-02-12,0.3967295885086059,0.3995583398134186,0.3842360305820931,0.3842360305820931,744528000
2014-02-13,0.4092232286930084,0.4115805312878343,0.3995584201285868,0.4066302436102786,902836000
2014-02-14,0.4221881628036499,0.4231310611292229,0.4052157681359627,0.4054515067678167,817536000
2014-02-18,0.4219523966312408,0.4238382212602219,0.4184164859897462,0.422423873864176,428988000
2014-02-19,0.4276098608970642,0.4313815100701652,0.4200665625508621,0.4219523871374126,450340000
2014-02-20,0.4426964819431305,0.443639380297669,0.4278456502031516,0.4285528099185943,398088000
2014-02-21,0.4393962323665619,0.447646718500346,0.436567509518335,0.4419892447029728,451052000
2014-02-24,0.4457609057426452,0.4490610778030909,0.4344459859482429,0.4384533457647612,403112000
2014-02-25,0.4437482059001922,0.44706330774234,0.4390123703209583,0.4451689678650851,242184000
2014-02-26,0.4430377185344696,0.4494310889783339,0.4416169570012561,0.4428009155363346,360884000
2014-02-27,0.438065230846405,0.4475369023583896,0.4368812719074069,0.44303786968132,388848000
2014-02-28,0.4352236092090606,0.4399594435958562,0.428830210204647,0.4356971870021803,321692000
2014-03-03,0.4330925047397613,0.4330925047397613,0.4217264955701633,0.4255151747026299,375948000
2014-03-04,0.4375916421413421,0.4404331378794085,0.434513343330184,0.4352237243216523,260344000
2014-03-05,0.4413803219795227,0.4416171250677779,0.4352237521907834,0.4371180639855901,241472000
2014-03-06,0.4352236092090606,0.4444584749721921,0.4345132284054814,0.4420905577787943,290144000
2014-03-07,0.4347500205039978,0.4378283186235817,0.4314349475923232,0.4371179377917084,268452000
2014-03-10,0.4283566772937774,0.4352236548108171,0.4264623376950147,0.4333293152120544,300888000
2014-03-11,0.4326188266277313,0.4364075048820141,0.4290669513497645,0.4304876845242739,297220000
2014-03-12,0.433802843093872,0.4364075632706615,0.428830205748292,0.4304877421208856,239428000
2014-03-13,0.4200689196586609,0.4364075651295922,0.4179377772609919,0.4347500005221388,385172000
2014-03-14,0.4219631552696228,0.4257518333686064,0.4158065886435173,0.4158065886435173,460048000
2014-03-17,0.4219631552696228,0.4262254110740307,0.4214895775641984,0.4231471136470808,299656000
2014-03-18,0.4319085478782654,0.4347500431258125,0.4217264973657361,0.4236208369400349,293904000
2014-03-19,0.4394859075546264,0.4477736472789815,0.4340396914970464,0.435223678510072,366168000
2014-03-20,0.4397227168083191,0.4435113962656169,0.4352236846521067,0.4371179961529512,191800000
2014-03-21,0.4390123784542084,0.4470633160247436,0.4366444606207228,0.4435114392745152,566116000
2014-03-24,0.4368811547756195,0.4428009478834598,0.4304877556369118,0.4392490720187556,306096000
2014-03-25,0.4368811547756195,0.442090567064959,0.4335660536985488,0.4416169892618918,304424000
2014-03-26,0.4269359111785888,0.4491943518381304,0.4231472320197471,0.440906640877491,557756000
2014-03-27,0.421252965927124,0.4295406777781869,0.4165171023558542,0.4259888012705885,540728000
2014-03-28,0.4238577485084533,0.4264624697920415,0.4193587152671405,0.420542674354624,398820000
2014-03-31,0.4240943789482116,0.4283566355733484,0.4217264617373356,0.4245679567448269,273404000
2014-04-01,0.4416170418262481,0.4468264547356484,0.4323821465421351,0.437591587679339,656272000
2014-04-02,0.4387755692005157,0.4425642205003174,0.4368812294367124,0.4416170647323182,239948000
2014-04-03,0.4435112476348877,0.4541668732813149,0.4394857664751125,0.4397225694472622,599548000
2014-04-04,0.4297775030136108,0.4484840705222641,0.4278831631329133,0.4458793496578292,368032000
2014-04-07,0.4311981499195099,0.4394858605292689,0.4276462739438989,0.4300141912609729,428576000
2014-04-08,0.4465895891189575,0.4477735476407254,0.430487719349556,0.4311981001081763,470692000
2014-04-09,0.4461161494255066,0.4525095504085423,0.4425642725361793,0.4487208704354699,421968000
2014-04-10,0.4352236092090606,0.4503782679556865,0.4338028476019022,0.444221700189532,372748000
2014-04-11,0.4290671348571777,0.4385388063160216,0.4233841150451869,0.4319086306492694,353112000
2014-04-14,0.433802843093872,0.4354603794664656,0.4290670087562908,0.4319085037132797,290184000
2014-04-15,0.4368811547756195,0.4392490720187556,0.4300141778338446,0.4342764345170497,304636000
2014-04-16,0.4378283023834228,0.4394858387777779,0.4323820871781422,0.4390122609833621,235136000
2014-04-17,0.4394859075546264,0.443511390006623,0.435223678510072,0.4361708342471276,153532000
2014-04-21,0.4430377185344696,0.4442216770695481,0.4368811228609421,0.4397226176995709,117004000
2014-04-22,0.4468264579772949,0.4496679816101312,0.4413802419847636,0.4437481595269247,255120000
2014-04-23,0.4520358443260193,0.4532198029535005,0.4468264037828616,0.4475367846049104,261580000
2014-04-24,0.4560613930225372,0.4607972285190514,0.4551142372143568,0.4551142372143568,391492000
2014-04-25,0.4435112476348877,0.4593763128462486,0.4425640639740838,0.4551140569421187,313600000
2014-04-28,0.4416170418262481,0.4494311753042504,0.4361708258732282,0.4470632577792681,226788000
2014-04-29,0.4425641000270843,0.444221664511574,0.4375914912570072,0.4432744807736088,171300000
2014-04-30,0.43735471367836,0.4423273509651729,0.436407558113157,0.4418537731825714,305740000
2014-05-01,0.4397227168083191,0.4449321298912503,0.4361708404025289,0.443984974140828,198104000
2014-05-02,0.4364076852798462,0.4418539019362568,0.4338029643748389,0.4418539019362568,156376000
2014-05-05,0.4411434829235077,0.4444585563098159,0.4354604636826589,0.4359340415624452,239260000
2014-05-06,0.4321454465389251,0.449194450024744,0.4309614875714682,0.4454057982655667,416188000
2014-05-07,0.4326188266277313,0.4361707019056982,0.4278829929237756,0.4321452489028948,293900000
2014-05-08,0.438065230846405,0.4449321814014708,0.4288303341855353,0.4309614772124165,432728000
2014-05-09,0.4274094998836517,0.4288302616612917,0.4193585917511662,0.4248048075950489,539532000
2014-05-12,0.4399594366550445,0.4409065922263415,0.4281198226470383,0.4283566256537621,299856000
2014-05-13,0.4328557252883911,0.4411434648706122,0.4314349917071731,0.4340396840533079,221104000
2014-05-14,0.4285934269428253,0.4347500232204616,0.4283566521492552,0.4330924867542675,214320000
2014-05-15,0.4262255728244781,0.4300142523612464,0.421963315402565,0.4276463347077175,325896000
2014-05-16,0.4252783060073852,0.4283566037987423,0.4229103889721564,0.4229103889721564,283960000
2014-05-19,0.4390123784542084,0.4413802962876939,0.4278831702823877,0.4297775101947376,360076000
2014-05-20,0.4338977932929992,0.4403206106698261,0.431756863619994,0.4391311989941985,256200000
2014-05-21,0.4338977932929992,0.4393690926724485,0.431281076263494,0.4355629639673157,216712000
2014-05-22,0.4358008801937103,0.4381797036680448,0.4329462976960714,0.4329462976960714,130364000
2014-05-23,0.4398448467254638,0.441985804732207,0.4355629590697882,0.4381796760698708,182656000
2014-05-27,0.4476950168609619,0.4476950168609619,0.4410343051741872,0.4424616106634296,209680000
2014-05-28,0.4515011310577392,0.4543557135843999,0.4450783132832995,0.449360201252197,224676000
2014-05-29,0.4507874250411987,0.4550693125038598,0.4498359070974116,0.4512631840130922,171884000
2014-05-30,0.4519769847393036,0.453166396737651,0.4484087487442613,0.4507875727409561,239128000
2014-06-02,0.4505496025085449,0.4562587674289047,0.4467434736564301,0.4534041849687248,181500000
2014-06-03,0.4486464858055115,0.4519768268946962,0.4426993995328661,0.4515010679330711,243212000
2014-06-04,0.4491224288940429,0.4524527713485696,0.4472193639095332,0.4474572576667797,161236000
2014-06-05,0.4510253965854645,0.4524526737475958,0.4472192674374853,0.4498359847714478,188696000
2014-06-06,0.4526904821395874,0.4567344758735511,0.4515010705497269,0.4531662411039697,161052000
2014-06-09,0.4531663954257965,0.4574482842790155,0.4491224003146858,0.4522148771730007,247456000
2014-06-10,0.4555451273918152,0.4576860855648433,0.4495980686186479,0.451501133097624,217608000
2014-06-11,0.4614923000335693,0.4626817120085912,0.4538800407071748,0.4538800407071748,266228000
2014-06-12,0.4643467664718628,0.4664876961460364,0.4574481617347709,0.4614921841203608,337148000
2014-06-13,0.4648224711418152,0.4693422519980763,0.460302690285554,0.4691043583475017,227852000
2014-06-16,0.4633951783180237,0.466487654068965,0.4593511846550122,0.4626815540628753,198620000
2014-06-17,0.4664877355098724,0.4683908000240646,0.4614922230626583,0.4638710466159451,157608000
2014-06-18,0.4660120904445648,0.4681530491808309,0.4610165484177644,0.4652984375324761,215536000
2014-06-19,0.4553073048591614,0.4598270586085468,0.4519769346184106,0.4574482348756459,474592000
2014-06-20,0.4503117799758911,0.458161904250161,0.4467435442473881,0.456496733248423,353148000
2014-06-23,0.4450782835483551,0.4453161488676279,0.4391311968415587,0.4443646308749147,414200000
2014-06-24,0.438179612159729,0.4479327977107951,0.4362765481061299,0.4443645632444744,275780000
2014-06-25,0.442699521780014,0.4429374155054231,0.4353251849439513,0.4393691797711879,215420000
2014-06-26,0.4367524981498718,0.442937451941109,0.4353252207534611,0.442699558196131,256908000
2014-06-27,0.4372282028198242,0.4398448917298321,0.433659939110152,0.4362766563779737,302820000
2014-06-30,0.4410343766212463,0.4422237886023604,0.4355630758365579,0.4355630758365579,180512000
2014-07-01,0.4460299015045166,0.4486466191076488,0.4391312952589032,0.4405586009256694,321180000
2014-07-02,0.4443646073341369,0.4462676715765573,0.4417478904560828,0.4443646073341369,179284000
2014-07-03,0.4484087526798248,0.4495981646886114,0.4403207340053846,0.4403207340053846,136892000
2014-07-07,0.4448404908180237,0.4493602732036043,0.4441268379826354,0.4491223794725357,127496000
2014-07-08,0.4412721991539001,0.4455540872665197,0.4369903110412805,0.443651022732265,221940000
2014-07-09,0.4545936286449432,0.4564966932047723,0.4417479641344574,0.4450783342036119,387668000
2014-07-10,0.4522148668766022,0.4541179316966822,0.4424616773973285,0.4460299133007967,266308000
2014-07-11,0.4531663954257965,0.4545937011628091,0.4510254651780964,0.4526906362993986,191188000
2014-07-14,0.4588755667209625,0.4600649786554856,0.4534042661505928,0.4550694371873616,272636000
2014-07-15,0.460778534412384,0.4619679460963256,0.4564966466786321,0.4595891227284425,395440000
2014-07-16,0.4603027999401092,0.4662498874009328,0.4576861109494741,0.4626816519391274,319728000
2014-07-17,0.4591133594512939,0.4638710347944343,0.4550693651853281,0.4550693651853281,324832000
2014-07-18,0.4386554360389709,0.4531662696938691,0.437941783368469,0.4495980346991706,567816000
2014-07-21,0.4412721991539001,0.4443646754773373,0.4369903110412805,0.4369903110412805,243364000
2014-07-22,0.4393690824508667,0.4469813113262286,0.4384175644756254,0.4446024880303149,298816000
2014-07-23,0.4300918281078338,0.4398450188992465,0.4296160689282625,0.4396071534883718,297352000
2014-07-24,0.43080535531044,0.4336599379124803,0.4277128790091407,0.4324705261318124,254576000
2014-07-25,0.4231930673122406,0.4303295370135596,0.4224794146705467,0.4293779907053645,266132000
2014-07-28,0.4215278923511505,0.4250961274048753,0.4143914222437009,0.4250961274048753,330352000
2014-07-29,0.4229552447795868,0.4286644385155167,0.4215279392561506,0.4217658329626615,217972000
2014-07-30,0.4300918281078338,0.4312812402356734,0.4243826612373331,0.4255720733651726,246184000
2014-07-31,0.4162943959236145,0.42818851017831,0.4155807433967717,0.4248581695301173,401880000
2014-08-01,0.4208142757415771,0.4231930991543387,0.4148671888518612,0.416294494242643,219884000
2014-08-04,0.4198627173900604,0.4239067114048846,0.417721787722745,0.4203384763874848,241724000
2014-08-05,0.4201005399227142,0.4262854909152297,0.4151050004012359,0.4186732348143472,298136000
2014-08-06,0.4196250736713409,0.4248584821223583,0.4141537714170756,0.4172462207123409,223456000
2014-08-07,0.4153429567813873,0.4269991796152486,0.4124883461334281,0.423193079347654,407696000
2014-08-08,0.4519769847393036,0.4543558087359984,0.43342215189352,0.43342215189352,894348000
2014-08-11,0.4495980441570282,0.4543556909167092,0.4484086324671079,0.4524526265412745,344624000
2014-08-12,0.4495980441570282,0.4519768675368686,0.4446025037162385,0.4493601788337311,296152000
2014-08-13,0.4522148668766022,0.4560209965167622,0.4474572190053112,0.4503118020565221,256596000
2014-08-14,0.4472192227840423,0.4538799339490474,0.4453161584000678,0.4538799339490474,255992000
2014-08-15,0.4529285132884979,0.4555452025658093,0.4443647358988186,0.4486466245936582,369796000
2014-08-18,0.4591133594512939,0.459589146836077,0.4503117182000007,0.4548314714929366,284076000
2014-08-19,0.4628168046474457,0.4652061508251021,0.457560220269999,0.4592327853809611,248260000
2014-08-20,0.4599496722221374,0.4632947747300805,0.4587549988585706,0.4611443455857043,221468000
2014-08-21,0.4556489288806915,0.4611444330925792,0.4549321475131426,0.4587550859120424,272796000
2014-08-22,0.4558877348899841,0.4597107005972866,0.4523037152206092,0.4551709252594578,251224000
2014-08-25,0.4566045701503753,0.4609053996916882,0.4556488144282736,0.457799243440559,153380000
2014-08-26,0.4647282660007477,0.4656839930347348,0.4561266087618563,0.4577991453129597,269636000
2014-08-27,0.4594717621803283,0.4654451283950296,0.4587549525379128,0.4618611086662089,182972000
2014-08-28,0.4632946848869324,0.4642504119991452,0.4570823732077863,0.4585159923593597,179704000
2014-08-29,0.4647282660007477,0.4656839930347348,0.4599495453810565,0.4649671835176185,207932000
2014-09-02,0.4659229815006256,0.4659229815006256,0.4616221524891881,0.4659229815006256,192636000
2014-09-03,0.4702238440513611,0.4718963808742007,0.4652062050995855,0.4683123611895772,259456000
2014-09-04,0.4785866141319275,0.481453853010616,0.4692681447427096,0.4695070908103537,491832000
2014-09-05,0.4771530330181122,0.4802591897306752,0.4740468763055492,0.4781087603989336,253792000
2014-09-08,0.4728521704673767,0.4776308640108685,0.4709406873533279,0.4766751366954742,319288000
2014-09-09,0.4668787121772766,0.4738078335493771,0.4664008486130898,0.4707016776572806,198588000
2014-09-10,0.4685512483119964,0.4702238135094564,0.4642504192731437,0.4695070039224385,172376000
2014-09-11,0.463772565126419,0.4668787210777305,0.4587549263986656,0.4652061843295644,250720000
2014-09-12,0.4568435847759247,0.4666399192299877,0.4563657210549795,0.4666399192299877,262536000
2014-09-15,0.45063117146492,0.4589938838980045,0.4487196886407067,0.4582770742785175,294152000
2014-09-16,0.4573214948177337,0.4597108419989187,0.4480030237211534,0.4494366434231704,219936000
2014-09-17,0.4575602114200592,0.4618610401533065,0.4539761922228952,0.4561266208311452,173584000
2014-09-18,0.4644894599914551,0.4649673236524702,0.4589939566816293,0.4604275761479353,219604000
2014-09-19,0.4558877348899841,0.4664008763434377,0.4551709252594578,0.4659230127508389,601316000
2014-09-22,0.451348066329956,0.4652062838188172,0.4508701741712018,0.4652062838188172,221464000
2014-09-23,0.4494364559650421,0.4544540658627465,0.4472860273089517,0.4489585639415198,196144000
2014-09-24,0.4520648717880249,0.4534984913744666,0.4487197973973447,0.4491976610984043,159592000
2014-09-25,0.4422684013843536,0.4527815419826376,0.4413126742768978,0.4515868688566909,298440000
2014-09-26,0.443224161863327,0.4465692352595687,0.441790542703078,0.4437020254223252,241188000
2014-09-29,0.4425074458122253,0.4456136023271169,0.4353394054624417,0.439640235368964,208540000
2014-09-30,0.4408348500728607,0.4439410061742341,0.4355782650628796,0.440595904033041,277204000
2014-10-01,0.4365339875221252,0.4446577534922491,0.435339314380445,0.441551626110484,350976000
2014-10-02,0.4346226155757904,0.4379676898317888,0.4245873358412717,0.4358172890219701,288996000
2014-10-03,0.4355782270431518,0.4432241578509237,0.4355782270431518,0.4372507922093858,239140000
2014-10-06,0.4329500198364258,0.4408348692104387,0.4300827811671426,0.4372508493570926,199032000
2014-10-07,0.4284102022647857,0.4353393237252209,0.427932338694507,0.4310384946262017,301896000
2014-10-08,0.4362950623035431,0.4384454911510552,0.4245872478668819,0.4279323499130376,260172000
2014-10-09,0.4279323518276214,0.4348614735007092,0.4243483322156555,0.434383581432509,306956000
2014-10-10,0.4026052057743072,0.426020832760275,0.4023662882437893,0.4245872136441534,691376000
2014-10-13,0.4011716246604919,0.4133573019869085,0.4006937611048637,0.4052335076082127,397628000
2014-10-14,0.4104900956153869,0.4217200174415528,0.4042777838903142,0.4066671301717646,376620000
2014-10-15,0.416702389717102,0.4188528185164035,0.4018884480826868,0.4045167119708261,404428000
2014-10-16,0.4169414043426513,0.4217200978163134,0.4083397446967557,0.4092955004814441,351116000
2014-10-17,0.4162245690822601,0.4267377111691066,0.4145520321657699,0.4219590179887013,290716000
2014-10-20,0.419808566570282,0.4236315323039497,0.4133573368175672,0.4162245468761897,200336000
2014-10-21,0.4377287924289703,0.4382066561328381,0.4217201447249268,0.4229148182262278,351092000
2014-10-22,0.4274544715881347,0.4384454760298996,0.4274544715881347,0.4370118568476677,239512000
2014-10-23,0.4370118975639343,0.4401180537593331,0.4317553408780903,0.4348614970734892,214476000
2014-10-24,0.4415517449378967,0.4441800094669413,0.4370119686878453,0.4396402617001521,210156000
2014-10-27,0.4417904913425445,0.443463027846224,0.4365339358381587,0.4413126278391006,145092000
2014-10-28,0.4523037374019623,0.4527816010179958,0.4401180585351892,0.4405959221512227,192580000
2014-10-29,0.4494364559650421,0.4530204752419395,0.4453745446646223,0.4503921830455801,168340000
2014-10-30,0.4465692937374115,0.4501533136241036,0.4408348733120072,0.4482418591378077,170260000
2014-10-31,0.4668787121772766,0.4671176582009974,0.4544540886088907,0.4568434349130796,256316000
2014-11-03,0.4747636020183563,0.4793033774815743,0.4723742555061123,0.4776308121363977,308732000
2014-11-04,0.4809759557247162,0.4826484927305339,0.469984949429469,0.4778697992949063,360196000
2014-11-05,0.4809759557247162,0.484082112154526,0.4773919356479955,0.4838431945727004,335652000
2014-11-06,0.4831262826919555,0.4838430922523649,0.4745245964502973,0.4819315811024376,394088000
2014-11-07,0.4728521704673767,0.4943563198963502,0.4680734769238848,0.4886218990374641,450800000
2014-11-10,0.4783476889133453,0.4814538453268451,0.4711796203142828,0.4723742936669167,293388000
2014-11-11,0.4726132452487945,0.4781087199484656,0.4685513330158066,0.4754804556319402,212992000
2014-11-12,0.4695070385932922,0.4721353026287697,0.4630557803169912,0.4709406293899372,204584000
2014-11-13,0.4671177864074707,0.4718964803274223,0.4632948198782044,0.4711796705427771,225328000
2014-11-14,0.4728521704673767,0.4728521704673767,0.4630558373099143,0.4675956132661877,160248000
2014-11-17,0.4707017242908478,0.475719363420056,0.4675955680910168,0.4707017242908478,158732000
2014-11-18,0.4819315373897552,0.48312623887091,0.4697458614178361,0.4709405344157399,207772000
2014-11-19,0.4801321029663086,0.483731319444682,0.475093257104191,0.4822916328533326,240300000
2014-11-20,0.4880501925945282,0.4885301070669204,0.475333059755828,0.4767727459654148,220968000
2014-11-21,0.4906897246837616,0.4930891830623394,0.4866106511609394,0.492369339828006,198976000
2014-11-24,0.4938092231750488,0.495968696531416,0.4899700767971628,0.4918896213822942,136004000
2014-11-25,0.4935689866542816,0.4971682024339242,0.4918893716929797,0.492849143498353,190240000
2014-11-26,0.501967191696167,0.5024471062724701,0.4904497567333117,0.4906897426252645,219264000
2014-11-28,0.5031667351722717,0.5060461073155765,0.4990876627743129,0.503646649598684,124832000
2014-12-01,0.4938092231750488,0.5038869180584238,0.4930893796537188,0.5010076011807265,190060000
2014-12-02,0.4945288002490997,0.4966882724419644,0.4887700551812146,0.4933290426240929,245952000
2014-12-03,0.5072461366653442,0.5074860654033616,0.4954887703882639,0.4969284572315987,284424000
2014-12-04,0.5026870965957642,0.5084457861795149,0.4993278657725437,0.5065262420541344,185332000
2014-12-05,0.5055665373802185,0.5082059252063323,0.5026871636007364,0.5029270923464876,165680000
2014-12-08,0.4990878403186798,0.509885432489599,0.4950087664696406,0.5048465866538927,226944000
2014-12-09,0.4974082410335541,0.4986079989611682,0.4885302497581151,0.4959685544034598,239448000
2014-12-10,0.4863706827163696,0.4978881176710558,0.4858908253480092,0.4959685165748069,204364000
2014-12-11,0.4861307144165039,0.4926092460222414,0.4851709425503942,0.4892500158870586,135652000
2014-12-12,0.4710140526294708,0.4839711139436289,0.4705341381628916,0.479652083970978,323964000
2014-12-15,0.469574362039566,0.4851708669624585,0.4681346758609008,0.4765327784942613,254696000
2014-12-16,0.4642956256866455,0.4765328748687918,0.4640556970108741,0.4690945710514755,185308000
2014-12-17,0.4832514226436615,0.4839712659658487,0.4582970352985939,0.4736535879579748,345596000
2014-12-18,0.4851709008216858,0.4950086617164773,0.4806119133402783,0.4892499738075162,226156000
2014-12-19,0.4899698197841644,0.4918893633624019,0.4839711459888842,0.4885301334966897,325528000
2014-12-22,0.4986077547073364,0.4986077547073364,0.4878101674786688,0.4894897819884475,148976000
2014-12-23,0.4954886436462402,0.5048465485266239,0.4950087290853485,0.5024470901373665,109280000
2014-12-24,0.4935689866542816,0.497408131083369,0.4930891293553919,0.4966882879274404,45644000
2014-12-26,0.4940490126609802,0.4966884000233296,0.4923693973206118,0.4935690980461862,52636000
2014-12-29,0.4933290183544159,0.4966882480070276,0.4902097173319651,0.4926091752563434,82944000
2014-12-30,0.4887700974941253,0.4923693134731383,0.4880502542983227,0.4899698552229954,112120000
2014-12-31,0.4810919165611267,0.4921294371266568,0.4796522014126727,0.4894899927255931,166300000
2015-01-02,0.4830113351345062,0.4866105505620935,0.4753330470273788,0.4830113351345062,113680000
2015-01-05,0.4748531877994537,0.4844510484715717,0.4726936870255995,0.483011362219805,197952000
2015-01-06,0.460456520318985,0.4760530001608192,0.459976634352304,0.4755731141941383,197764000
2015-01-07,0.4592567980289459,0.4678948599747231,0.4578171115033826,0.4638157576868942,321808000
2015-01-08,0.476532906293869,0.479412279423408,0.4642956563047343,0.4645356136001299,283780000
2015-01-09,0.4784524142742157,0.4820516302003932,0.4717339255516812,0.4782124856150027,209540000
2015-01-12,0.4724538028240204,0.4798921352684591,0.4681347720047914,0.4796521779881352,190732000
2015-01-13,0.4717338979244232,0.4856507604766705,0.4683746680617895,0.4760529281790926,236720000
2015-01-14,0.4736536145210266,0.4750933012461404,0.4654954660221958,0.4666951954251889,155260000
2015-01-15,0.4702943861484527,0.4798922214237092,0.4700544288250492,0.4770128765618934,188932000
2015-01-16,0.4789323210716247,0.479412206986105,0.468134730674931,0.4695744170221696,181512000
2015-01-20,0.4803720414638519,0.4849309722764145,0.4743733669944176,0.4822915852578152,140308000
2015-01-21,0.4870904982089996,0.488290255976711,0.4743733633507742,0.4777326221720071,144780000
2015-01-22,0.4954886436462402,0.4969283301213147,0.4830114371390619,0.4880502825942222,159712000
2015-01-23,0.4969283938407898,0.4978881658780409,0.4918894905319072,0.4959685645959307,120416000
2015-01-26,0.4947686791419983,0.4971681369431538,0.4916493782797374,0.4947686791419983,133240000
2015-01-27,0.4710140526294708,0.4875703294240002,0.4700542523001069,0.4870904149574209,357948000
2015-01-28,0.4633357226848602,0.4786922691376241,0.4630957654731795,0.4767726972555546,272728000
2015-01-29,0.4746133387088775,0.4772527258077703,0.4614162887992114,0.4635758185388152,235340000
2015-01-30,0.4606963992118835,0.476772791886786,0.4599765846415546,0.471254032356879,298200000
2015-02-02,0.4707741737365722,0.4726937461109368,0.4544578514601728,0.4635757987855548,259604000
2015-02-03,0.4825315177440643,0.4830114323001481,0.4717339551005787,0.4741334134657978,183468000
2015-02-04,0.4837312698364258,0.4892500297322276,0.479652167780529,0.4810918828280333,181516000
2015-02-05,0.4916494786739349,0.4918894073407676,0.4837312605924729,0.4842111179261384,140448000
2015-02-06,0.4894897937774658,0.4969281521657236,0.4873302648382058,0.4911694083276969,210524000
2015-02-09,0.489010214805603,0.4904498443765692,0.4834914536261258,0.4866107559105091,273944000
2015-02-10,0.5026870965957642,0.5029270253095344,0.4873305147622831,0.4894900448090431,226204000
2015-02-11,0.4993279874324798,0.5038869201429326,0.4959686985831682,0.5038869201429326,320832000
2015-02-12,0.5350797772407532,0.5398786943920743,0.5247620996446521,0.5278814015137714,676904000
2015-02-13,0.5353196859359741,0.5360395292025387,0.5257218519919162,0.5338799994028449,310084000
2015-02-17,0.5369992256164551,0.5396386696251059,0.5310006088490378,0.5343598388153991,203340000
2015-02-18,0.5307607054710388,0.5372392949655826,0.5298009335040114,0.5362794657909515,170948000
2015-02-19,0.532200276851654,0.5384388790986392,0.5298008188495514,0.5374791073393164,169432000
2015-02-20,0.5360395908355713,0.5362795195494785,0.5278814424866309,0.5317205879471938,157752000
2015-02-23,0.5317204594612122,0.535799532650007,0.5290810154155954,0.535799532650007,125008000
2015-02-24,0.5373809933662415,0.5373809933662415,0.5289505795517103,0.5337679752822673,149356000
2015-02-25,0.5332860350608826,0.537621724230576,0.53087733799812,0.5352129697399455,123820000
2015-02-26,0.5347315073013306,0.5378628206458559,0.5303958161652677,0.5337680395248368,152864000
2015-02-27,0.5313591361045837,0.5344904482394771,0.5294321438681031,0.5332860709131927,157492000
2015-03-02,0.5443662405014038,0.5472567009432691,0.5291914380373867,0.529914053147853,301512000
2015-03-03,0.534249484539032,0.5429208051606457,0.5325634023942551,0.5402712557085486,160344000
2015-03-04,0.5402714610099792,0.5414757812448008,0.530154906869194,0.5323227522053382,226840000
2015-03-05,0.5506287217140198,0.5515921891319931,0.538826087917197,0.5402713177580932,323056000
2015-03-06,0.5431619882583618,0.5501471728207455,0.5426802256484514,0.5474976220359757,257392000
2015-03-09,0.5446069836616516,0.5487018209410193,0.5421982862532521,0.5434026636713899,222388000
2015-03-10,0.554000973701477,0.5576140488731388,0.5460522657517028,0.5470157333215188,527212000
2015-03-11,0.5511105060577393,0.5612270004906585,0.549665276159358,0.554000908426627,262120000
2015-03-12,0.5460522174835205,0.5499061448499987,0.5356948128108066,0.545811364969327,406972000
2015-03-13,0.5467749238014221,0.5482201539837847,0.5359357548615891,0.5434027583278336,359288000
2015-03-16,0.5532783269882202,0.5566505494313159,0.5474974644724365,0.5511105394372252,236956000
2015-03-17,0.5600225329399109,0.5602633853835424,0.5482199017840748,0.5520738280214763,299900000
2015-03-18,0.5508696436882019,0.562913131501496,0.5458113960349823,0.5600227288830333,413844000
2015-03-19,0.5593002438545227,0.5612271793813235,0.548701983601332,0.5527967646667036,310756000
2015-03-20,0.5653215646743774,0.5686937856272822,0.5585772376242738,0.5638763927549645,462084000
2015-03-23,0.5470156073570251,0.5556869283443358,0.5467747548770041,0.5484608370928883,426012000
2015-03-24,0.5395486950874329,0.5491834839845148,0.5371399978631624,0.5453295569401077,330480000
2015-03-25,0.506790280342102,0.5393077138192861,0.5051041410026389,0.5393077138192861,542552000
2015-03-26,0.5051043033599854,0.5072721482693773,0.4928199637291838,0.4964330385781704,311920000
2015-03-27,0.5149798393249512,0.5169067736800769,0.4998050446377975,0.5079946017888689,318288000
2015-03-30,0.517147958278656,0.519797508781484,0.510644422162442,0.5173888108440343,253252000
2015-03-31,0.5041408538818359,0.5161843414288024,0.5036591488366844,0.5157026363836509,357276000
2015-04-01,0.5060678720474243,0.5077539546468418,0.4973965490876477,0.5060678720474243,330768000
2015-04-02,0.5072721242904663,0.510403436535611,0.5029364921045055,0.5089582066643329,192204000
2015-04-06,0.5219651460647583,0.5236512282060036,0.4998051109034775,0.5051042097965728,515864000
2015-04-07,0.5265417098999023,0.532322571404962,0.51907470875416,0.5219651682206239,413964000
2015-04-08,0.5303956866264343,0.5323226791366854,0.5219652738562106,0.5270235215183449,366432000
2015-04-09,0.5426799654960632,0.5443660476806255,0.5260599386981201,0.5263007911736669,379432000
2015-04-10,0.5482199788093567,0.5484608312868281,0.5412347401118768,0.5431617322152511,258728000
2015-04-13,0.5431619882583618,0.5501471728207455,0.5407532326367048,0.5470158594260653,236724000
2015-04-14,0.5385852456092834,0.543161787716082,0.5332860885683653,0.5409939429137237,220276000
2015-04-15,0.5450887680053711,0.54918354802131,0.537380913017793,0.5400305204729546,243560000
2015-04-16,0.5417165756225586,0.5465339703895067,0.537862648323425,0.5419574281325433,155284000
2015-04-17,0.5347315073013306,0.5400306662138874,0.5301549635781176,0.5303958161652677,293636000
2015-04-20,0.5320819616317749,0.5405123765413371,0.5311184364182011,0.5371402105775123,231624000
2015-04-21,0.5313591361045837,0.5385852277786748,0.5287095289579068,0.5385852277786748,230456000
2015-04-22,0.5373809933662415,0.5381036084686137,0.5263009717003831,0.5344905903846395,207420000
2015-04-23,0.5352129340171814,0.5402712377108742,0.5214833674186006,0.5275051383875182,259380000
2015-04-24,0.5306366682052612,0.5352131540005733,0.5246148947612733,0.5349723014397378,240960000
2015-04-27,0.5347315073013306,0.5441254473349065,0.5277462654229361,0.5323228091461492,248456000
2015-04-28,0.5373809933662415,0.5393079861151964,0.5287096695656616,0.5337679752822673,234484000
2015-04-29,0.5332860350608826,0.5388260440480234,0.5311181904760358,0.5335268875387985,195156000
2015-04-30,0.5347315073013306,0.537381058043662,0.5294323483887738,0.5306367261803115,218844000
2015-05-01,0.5479792356491089,0.5496653181835033,0.5366583055315076,0.5390670030703396,256968000
2015-05-04,0.5446069836616516,0.5511105183494188,0.5429209012185595,0.5474974435228814,200720000
2015-05-05,0.5306366682052612,0.5434027727757434,0.5282279703132436,0.5426801576653494,292928000
2015-05-06,0.5323226451873779,0.5385852699475001,0.5253374054604819,0.5335269651800835,316484000
2015-05-07,0.5417165756225586,0.5434026580482029,0.5284687112995134,0.5301547937251577,534564000
2015-05-08,0.5017321705818176,0.5260600563151863,0.4935426103035225,0.5060678606782423,1146552000
2015-05-11,0.4969148635864258,0.5019731695963372,0.4908931472880041,0.4947470181536066,544144000
2015-05-12,0.5017321705818176,0.5058269507209652,0.4930608478168486,0.4933017577741256,388800000
2015-05-13,0.5046225786209106,0.5091991207749033,0.4998051839623523,0.5053451935624818,308524000
2015-05-14,0.5128121376037598,0.5154617448631479,0.5048634306813438,0.5060678080588609,293052000
2015-05-15,0.5130529403686523,0.5173885716807572,0.5099216287546301,0.5149798748567296,215824000
2015-05-18,0.5123304128646851,0.5154617250121907,0.5094399532122578,0.5118486504466565,324972000
2015-05-19,0.5091359615325928,0.5147016115215657,0.5081679772525133,0.5130076678782581,253808000
2015-05-20,0.5091359615325928,0.5154275708847936,0.508651969392553,0.509377928755781,196824000
2015-05-21,0.5055063366889954,0.5115559808760883,0.5050223443843022,0.5093781020454929,239692000
2015-05-22,0.5047805309295654,0.5086522974661288,0.5035706363395958,0.5067164430446973,212592000
2015-05-26,0.5016347765922546,0.5057485109375223,0.497763009651501,0.5023607364995026,259732000
2015-05-27,0.5284950137138367,0.5309148603530734,0.5033285625108178,0.5050224493889142,432332000
2015-05-28,0.5357545018196106,0.5374483885338939,0.5275270355806091,0.5284949626039582,327656000
2015-05-29,0.5355126261711121,0.5391423675535335,0.5347866663558879,0.5357545935449537,335168000
2015-06-01,0.5415624380111694,0.5468861262899961,0.5355128473110564,0.5389006227186176,372660000
2015-06-02,0.5309149622917175,0.5410783432054161,0.530430969793463,0.5381745036033005,224304000
2015-06-03,0.5251071453094482,0.536480416694511,0.5241391606732726,0.5323666839186596,250788000
2015-06-04,0.534544825553894,0.53623871295927,0.5219615960354298,0.5219615960354298,323712000
2015-06-05,0.5386583805084229,0.541078227092998,0.5272850496365953,0.5328507025504876,313320000
2015-06-08,0.5263172388076782,0.540594354118668,0.5202676498567017,0.5369646122868232,342812000
2015-06-09,0.5289789438247681,0.5328506518366455,0.5258331377948517,0.5268010647978211,256888000
2015-06-10,0.5195416212081909,0.5260752017959824,0.5166377819719731,0.522687427816194,529460000
2015-06-11,0.5251071453094482,0.5287368857672117,0.5195414932730177,0.5195414932730177,283052000
2015-06-12,0.5108301043510437,0.5248651911457238,0.5096201522393565,0.5217193848877677,323728000
2015-06-15,0.5098621249198914,0.5122819712010782,0.5042964727037929,0.5081681805987429,306548000
2015-06-16,0.5161536931991577,0.5168796528727182,0.5038124941360055,0.5088941541572409,256892000
2015-06-17,0.5222034454345703,0.525107284726705,0.5147019375214887,0.5159118320974116,233544000
2015-06-18,0.5309149622917175,0.5343027366983818,0.5251073407811923,0.5265592605822501,299404000
2015-06-19,0.5292211771011353,0.5352707671800547,0.5243814819605129,0.5309150646309814,355656000
2015-06-22,0.5270431041717529,0.5330927497312498,0.5190576043416868,0.5301889106316999,514236000
2015-06-23,0.5134919285774231,0.5321247414622389,0.5093781951634009,0.5280110080482167,414064000
2015-06-24,0.5084103345870972,0.5154279078908786,0.5059904876920381,0.512766035920723,253368000
2015-06-25,0.5122820138931274,0.5154278200902012,0.5084102479818298,0.5084102479818298,350460000
2015-06-26,0.5018765926361084,0.5086521971624034,0.4996987712648787,0.5081682048056363,421296000
2015-06-29,0.4868737757205963,0.5011508925190238,0.4861478157398532,0.496069172653822,391724000
2015-06-30,0.4866316616535187,0.4919553479746912,0.4832438874917278,0.489777468430525,315916000
2015-07-01,0.4936491250991821,0.505748357048929,0.4892934246747488,0.498730842903658,302892000
2015-07-02,0.4941331446170807,0.4972789508663083,0.4909873383678531,0.4934071848908211,145764000
2015-07-06,0.4880834817886352,0.4967949404946045,0.4844537409824672,0.4900193935531228,214776000
2015-07-07,0.4788881540298462,0.4871156508410618,0.4636431127106046,0.4851797963883999,594252000
2015-07-08,0.4755003452301025,0.479130115334534,0.4716285789133029,0.4762263050203585,332492000
2015-07-09,0.4696926474571228,0.4851797111318103,0.4667888374415416,0.4830018319849902,357588000
2015-07-10,0.4779201447963714,0.4822758742611548,0.4745323423918307,0.4757422656405569,216708000
2015-07-13,0.4810660183429718,0.4837278325546125,0.4779202116866239,0.4827599053588977,212472000
2015-07-14,0.4813079237937927,0.4822758797118209,0.4750163401374167,0.4817919161762298,249216000
2015-07-15,0.4779201447963714,0.4832438013213975,0.473564415331588,0.4800979951053403,265732000
2015-07-16,0.4885675013065338,0.4885675013065338,0.4791300823760849,0.4808239692055973,282848000
2015-07-17,0.4856636524200439,0.4873575392149394,0.4793720399283225,0.4868736045270789,220372000
2015-07-20,0.4767102301120758,0.4875995683930916,0.4755003068416125,0.4856636565441349,188412000
2015-07-21,0.4788881540298462,0.4856637311547147,0.4757423472739946,0.4757423472739946,149720000
2015-07-22,0.4696926474571228,0.4755002963351306,0.4638850274259605,0.4755002963351306,356472000
2015-07-23,0.4755003452301025,0.4825178892265974,0.469692695754903,0.4706606517575272,169916000
2015-07-24,0.4699347913265228,0.4793721840546721,0.4679989077588152,0.4788882203744589,188844000
2015-07-27,0.4672728180885315,0.472596474786607,0.4619491613904559,0.465820898604126,192420000
2015-07-28,0.47743621468544,0.4805819922748471,0.4636430656070034,0.4684827589406731,198308000
2015-07-29,0.4832439124584198,0.4871156792835154,0.4745324515253806,0.4764683349379285,232680000
2015-07-30,0.4844538271427154,0.4892935208741404,0.4820339514301529,0.4820339514301529,190180000
2015-07-31,0.482759952545166,0.4866316905533093,0.4798561418273454,0.4863897231541549,218340000
2015-08-03,0.4909873306751251,0.4914712653559213,0.4803399888327795,0.486631572385813,397132000
2015-08-04,0.4929232001304626,0.4943751196054318,0.4873575472722094,0.4892934591367326,260100000
2015-08-05,0.4980048835277557,0.5055063900331684,0.4970368988162215,0.5050223976774014,234628000
2015-08-06,0.4948591589927673,0.500424812379602,0.4866316337511215,0.4967950133474497,655676000
2015-08-07,0.5560815334320068,0.5655188987049423,0.5294631520860024,0.5434983028098024,1405248000
2015-08-10,0.5754400491714478,0.5795537824350072,0.5488216800882186,0.5522095113291128,662304000
2015-08-11,0.5725362300872803,0.5781018829758474,0.5669705771987131,0.5669705771987131,435008000
2015-08-12,0.573988139629364,0.578101872963809,0.5633408264288188,0.5633408264288188,384048000
2015-08-13,0.5691483020782471,0.5759239052629974,0.5676963829891093,0.5747139534574901,276884000
2015-08-14,0.5696324110031128,0.5730201844424843,0.5652766528436157,0.5686644262829872,214652000
2015-08-17,0.5660027265548706,0.5686645408371998,0.5589851532356016,0.5686645408371998,273880000
2015-08-18,0.5608511567115784,0.5681412425069203,0.5564770704725021,0.5642531851621142,287084000
2015-08-19,0.558664083480835,0.5664401977513255,0.55258898334393,0.5601221121486081,249248000
2015-08-20,0.5384950041770935,0.5550191795760581,0.5358219314993751,0.5523461648348058,426932000
2015-08-21,0.5217276215553284,0.5435978775091638,0.5212415926928862,0.5346067780773429,382664000
2015-08-24,0.5032594203948975,0.5304757635264796,0.4860061770094966,0.492567248348343,682284000
2015-08-25,0.4928101897239685,0.5273166114137434,0.4928101897239685,0.5253725542003195,622684000
2015-08-26,0.5299896597862244,0.5304756886056793,0.5049603632813766,0.5088484200276872,614976000
2015-08-27,0.5499159097671509,0.5501588952066094,0.5324196835244,0.5355787259831312,463764000
2015-08-28,0.5523459911346436,0.5557480193602803,0.5460279056090622,0.5499159626968391,320944000
2015-08-31,0.5462710857391357,0.5535612315868879,0.5440840999212787,0.5496731731135762,219352000
2015-09-01,0.523914635181427,0.5394668643907743,0.5200266358155413,0.5304757644683742,353408000
2015-09-02,0.5397096872329712,0.539952672636006,0.529260561728838,0.5382516589418952,344044000
2015-09-03,0.541167676448822,0.550401816334593,0.5401956769704329,0.5477287453484858,262556000
2015-09-04,0.5285317301750183,0.5404388880837903,0.5282887446880394,0.5319337587385378,287972000
2015-09-08,0.5511308908462524,0.553317933594617,0.5392237932901879,0.5414107781021105,238448000
2015-09-09,0.5401955842971802,0.5574487603721153,0.5389805417053182,0.5528317491577307,289392000
2015-09-10,0.548700749874115,0.5555048621582861,0.5346066124667528,0.5370366401532932,357076000
2015-09-11,0.5504021048545837,0.5540471192933618,0.5404389456532398,0.5426259890783826,301584000
2015-09-14,0.551374077796936,0.554776106555978,0.5484580200397817,0.553075092176457,192460000
2015-09-15,0.5574490427970886,0.5603651001458078,0.5499159718948295,0.5516169860360994,327976000
2015-09-16,0.5613369941711426,0.5644960363914797,0.552345896288813,0.5564769381300759,173508000
2015-09-17,0.5664401054382324,0.5761602177240286,0.5652250624342883,0.5710571182184782,268712000
2015-09-18,0.5659541487693787,0.5708142055315979,0.5552620354797858,0.5586640636260499,326412000
2015-09-21,0.5717859268188477,0.5730009693858614,0.5637668312730956,0.566682887084794,281840000
2015-09-22,0.556233823299408,0.5632809203003568,0.5533177671786224,0.5593928647847842,228356000
2015-09-23,0.558907151222229,0.5623091799902061,0.5545331225114667,0.5567201078986193,161632000
2015-09-24,0.5695993304252625,0.5754313880801003,0.5467570128777559,0.5555051283282416,382440000
2015-09-25,0.5737302303314209,0.5849083718399312,0.5681411595771657,0.5766462294620475,369692000
2015-09-28,0.5661971569061279,0.5773752994942727,0.5625521431566823,0.573730285744827,395584000
2015-09-29,0.5761603713035583,0.5771323712039435,0.564253213198591,0.5722723137655634,380736000
2015-09-30,0.599002480506897,0.5997314947347528,0.57810422713887,0.5815062549112371,556380000
2015-10-01,0.5873382687568665,0.6007033921408405,0.5703280169176498,0.5990023785442049,489296000
2015-10-02,0.6026477217674255,0.6026477217674255,0.5781043903317895,0.5841794913000466,386144000
2015-10-05,0.6177136898040771,0.6252467588532097,0.6033765079272206,0.6065355499657292,482024000
2015-10-06,0.6257330179214478,0.6284060321931226,0.6087228164957366,0.6111528452708382,453216000
2015-10-07,0.6322937607765198,0.6386118438911608,0.6169845816665918,0.6271907203853524,310152000
2015-10-08,0.6359392404556274,0.6376402550145365,0.6189289789936112,0.6296211532731294,460068000
2015-10-09,0.6335089802742004,0.6386120220893194,0.6216018247691474,0.6325369226496084,423248000
2015-10-12,0.6403130292892456,0.6439581005020011,0.6296209169592318,0.634237929913467,227588000
2015-10-13,0.6415281295776367,0.6454161286362172,0.6330230012799872,0.6352100442027736,298444000
2015-10-14,0.6648564338684082,0.6753055620137153,0.641528149123919,0.642257105517278,612148000
2015-10-15,0.6665574312210083,0.6801656018075981,0.6592673460428116,0.6660714023678831,526048000
2015-10-16,0.6770063042640686,0.6833243872942032,0.6670431510486929,0.6687442224260889,448396000
2015-10-19,0.675791323184967,0.6823524501167365,0.6680152693080316,0.6791934083135835,294712000
2015-10-20,0.6748194694519043,0.6779785119374034,0.6677723702199108,0.6728754700468785,264824000
2015-10-21,0.6660715341567993,0.6830817942080218,0.6648565486882596,0.6789506929801952,386280000
2015-10-22,0.690128743648529,0.6923157867185938,0.6728755583707748,0.6738475582008757,306884000
2015-10-23,0.6947457790374756,0.69936285041028,0.6857546796890573,0.6962038076748294,381776000
2015-10-26,0.6915869116783142,0.6969329987254846,0.6852688246052387,0.6952319841960355,247436000
2015-10-27,0.6911006569862366,0.6954746842758147,0.6876985713871886,0.6881846001688922,208268000
2015-10-28,0.6966899633407593,0.6966899633407593,0.6852687755602929,0.6954749199429926,217036000
2015-10-29,0.6726325154304504,0.6925587726754548,0.6714175301260888,0.6855117304499665,327168000
2015-10-30,0.6893996000289917,0.6942597141411226,0.674819431501918,0.6799225310419016,301160000
2015-11-02,0.697418749332428,0.6981477636055479,0.6874556508271962,0.6915866930839129,190088000
2015-11-03,0.6925586462020874,0.6971757169756944,0.6847825910394462,0.6932876604261538,376768000
2015-11-04,0.6811375617980957,0.6957177313029884,0.6779785192783913,0.690614689357209,442264000
2015-11-05,0.6733614802360535,0.6864836797635101,0.6714174807175506,0.6845396223085609,478800000
2015-11-06,0.7666746973991394,0.7761518257006913,0.7246351995730121,0.7399443845461159,1172272000
2015-11-09,0.7632724642753601,0.7654595066662688,0.7525802956552057,0.7591414228279318,492568000
2015-11-10,0.748692512512207,0.7574406266512317,0.7326543129134034,0.7533095260812193,552260000
2015-11-11,0.7414025068283081,0.7545246504805803,0.7387294346499154,0.7491785640602502,619896000
2015-11-12,0.7387294769287109,0.7465055925421492,0.7355704335817803,0.7397014768962761,291080000
2015-11-13,0.724149227142334,0.7426174563218301,0.7205041552282776,0.7394584133084654,292940000
2015-11-16,0.7387294769287109,0.7392155058807229,0.727794317968342,0.7336264336466501,344280000
2015-11-17,0.7387294769287109,0.7450475636225723,0.7355704335817803,0.7406735348002998,257048000
2015-11-18,0.7569015622138977,0.7578773107803186,0.7337286096553399,0.7417781573115232,350216000
2015-11-19,0.759097158908844,0.7666588347687333,0.7534868645107171,0.7595850333525087,254072000
2015-11-20,0.7656828761100769,0.7700735700973227,0.7600725836751037,0.7647071857206094,239744000
2015-11-23,0.7542183995246887,0.7720249676049186,0.7515352363564057,0.7720249676049186,242552000
2015-11-24,0.7603169679641724,0.7669029544100399,0.7508038505839371,0.7542187979030596,195428000
2015-11-25,0.7593409419059753,0.7678783652461469,0.7566577782991505,0.7588531256991555,138300000
2015-11-27,0.7656828761100769,0.7681221311619597,0.7569015462920132,0.7608043660063113,86996000
2015-11-30,0.7737324833869934,0.7771474872486656,0.7656829352781098,0.7664147176658658,327244000
2015-12-01,0.7988569736480713,0.7995887561249697,0.7798307455615912,0.7805625280384896,409496000
2015-12-02,0.7927588820457458,0.8083701073574616,0.7910514088207492,0.8000766493627793,294240000
2015-12-03,0.7910512089729309,0.8073942127031675,0.7871483890918826,0.7991007568037086,246656000
2015-12-04,0.8232495188713074,0.8247130838070562,0.791051322910587,0.791051322910587,458756000
2015-12-07,0.8076382279396057,0.8230055421712494,0.8051989726354787,0.8230055421712494,333588000
2015-12-08,0.8186149001121521,0.8220298461251615,0.7925148725035265,0.7976372915230406,314488000
2015-12-09,0.7978813052177429,0.8232496118864676,0.7895878471867115,0.8183711003203967,372676000
2015-12-10,0.8044672012329102,0.8088578375778248,0.7976372513940672,0.8003204148183798,236596000
2015-12-11,0.7925150394439697,0.8020281551896318,0.7908075660777919,0.7964178606337118,227320000
2015-12-14,0.7944661974906921,0.7988568919027924,0.7849530844209082,0.7932465989249532,275892000
2015-12-15,0.8042235374450684,0.8098338326468881,0.799101116756803,0.8034917547529653,307296000
2015-12-16,0.8091017603874207,0.811784982016993,0.7988569226773885,0.8059307225753338,236356000
2015-12-17,0.7969056367874146,0.8186150313095439,0.7964178205110535,0.8103215730469384,254160000
2015-12-18,0.7839775681495667,0.7993448856939183,0.7830018774488745,0.7912953356394271,395896000
2015-12-21,0.8025159239768982,0.8032477065414272,0.7854411331695983,0.7925149925224136,284216000
2015-12-22,0.8032475113868713,0.8112970594845496,0.7983690009129109,0.8049549842371143,130012000
2015-12-23,0.806418776512146,0.8095898150304561,0.8030038298482577,0.8044673950346237,122524000
2015-12-24,0.8091017603874207,0.8110531995867856,0.802759684763247,0.8039793415324046,52448000
2015-12-28,0.808370053768158,0.808370053768158,0.7893438832677515,0.8005644707079784,142024000
2015-12-29,0.8215420842170715,0.8239813398384773,0.8066625842169872,0.8088579317231849,203660000
2015-12-30,0.8144683241844177,0.8278842608064279,0.8142244160396471,0.8208104012000426,180344000
2015-12-31,0.8039793968200684,0.8169074570487034,0.8039793968200684,0.8132486028024918,148528000
2016-01-04,0.7895879149436951,0.7947103350807067,0.7815383643532768,0.7876365334123907,358076000
2016-01-05,0.8022720217704773,0.8156879580107365,0.7927589065177362,0.80446736948029,490272000
2016-01-06,0.7690979838371277,0.7927587552282137,0.7600726865824283,0.7890998430767903,449344000
2016-01-07,0.7386072278022766,0.7549502322795962,0.728850148575418,0.7498277555081198,645304000
2016-01-08,0.722752034664154,0.7488520600378228,0.7212884698820651,0.7481202776467782,398472000
2016-01-11,0.7239717841148376,0.7290942619198684,0.711043722772406,0.7234839678567502,409372000
2016-01-12,0.7361680269241333,0.7469007982675817,0.7310456075259706,0.736899809431934,469356000
2016-01-13,0.713726818561554,0.7466567945714739,0.7129950361474282,0.741778225758491,481672000
2016-01-14,0.6993354558944702,0.7073850073000975,0.6786017487814412,0.6990914895610121,600236000
2016-01-15,0.6612828969955444,0.6793334371870233,0.649818400077175,0.67128388689856,841452000
2016-01-19,0.6666491031646729,0.6939687851372226,0.6639658816890118,0.674942559356058,457140000
2016-01-20,0.6703079342842102,0.6788453564206174,0.6451836003258877,0.6539649305313142,481180000
2016-01-21,0.6781138181686401,0.688602624945886,0.6637221900999735,0.6776260018549947,481456000
2016-01-22,0.6939687728881836,0.6986033752130375,0.6895780786362911,0.6910416433869219,257996000
2016-01-25,0.6932368874549866,0.7017743084601902,0.6917733229219319,0.6937247616848123,270728000
2016-01-26,0.7000669836997986,0.7029941136270949,0.6876267978216688,0.6947006563750083,227944000
2016-01-27,0.691773533821106,0.7012866480297765,0.6786015653207563,0.6990913005609047,231700000
2016-01-28,0.6842118501663208,0.6998230740457299,0.6707959155710959,0.6973838184971834,276776000
2016-01-29,0.7144585847854614,0.7159221496996805,0.6873828664981605,0.6900660300699368,310504000
2016-02-01,0.7147026062011719,0.7183614606126634,0.7076287473407948,0.713726915568537,289884000
2016-02-02,0.6844558119773865,0.7110437169895899,0.6795773004975204,0.7073848624579124,341908000
2016-02-03,0.6878708004951477,0.6939689692965474,0.6720156662931147,0.6898222401004326,326772000
2016-02-04,0.6881146430969238,0.703725866350664,0.6812846929408619,0.688846367391366,348140000
2016-02-05,0.6446957588195801,0.691041667363272,0.6427443778553215,0.6834799934312282,600428000
2016-02-08,0.6151805520057678,0.6381095312685517,0.6061552585683974,0.6349384947973482,608852000
2016-02-09,0.6217669248580933,0.6476230489019948,0.6049360417840812,0.6078631721122391,425372000
2016-02-10,0.6203033924102783,0.6437202618012586,0.6168884456182803,0.6256697789094543,335800000
2016-02-11,0.6171321868896484,0.6234742624491796,0.604448035770586,0.604448035770586,340144000
2016-02-12,0.6276209950447083,0.6288406518097988,0.6037162574881414,0.6268892126169411,340816000
2016-02-16,0.6583557724952698,0.6593315213894303,0.6346949958626251,0.636646377338049,485352000
2016-02-17,0.6746987104415894,0.6810407862580998,0.6639659399106774,0.6666491616216241,771468000
2016-02-18,0.7327530980110168,0.7556821481000559,0.7293381516647057,0.7300699341898357,1068660000
2016-02-19,0.7425100803375244,0.7490961227047566,0.7232399439243535,0.728850237540295,525628000
2016-02-22,0.7688541412353516,0.7773915655240247,0.7517793508144505,0.7532429159103882,449668000
2016-02-23,0.7708055973052979,0.7781233647857234,0.7590971344427491,0.7627560472611851,369380000
2016-02-24,0.7761718034744263,0.7773914602747294,0.7464128637929884,0.767634438498053,336852000
2016-02-25,0.7778794169425964,0.7817822379893431,0.7639756642156754,0.7790990739631506,349616000
2016-02-26,0.7727569937705994,0.7834897079865233,0.764951351710047,0.7815383265496089,361964000
2016-02-29,0.7677382230758667,0.7838959757332155,0.7672486295822034,0.773858608693242,323344000
2016-03-01,0.8017675280570984,0.8017675280570984,0.7684727170528111,0.7696968175958823,348700000
2016-03-02,0.8064190149307251,0.8093568097455113,0.795891994668849,0.7973608920762421,233812000
2016-03-03,0.7993195056915283,0.808867222870766,0.7885476294165734,0.8054398342234327,302004000
2016-03-04,0.7968712449073792,0.8061741639144353,0.7907508589111193,0.805439715260151,175304000
2016-03-07,0.7917299866676331,0.7978503717543366,0.781447765404031,0.7924644352127702,239968000
2016-03-08,0.7772858738899231,0.7883025429143541,0.7748377317031956,0.7836510552490775,274940000
2016-03-09,0.776796281337738,0.7853647498166598,0.7667588575031689,0.7841407079060912,222788000
2016-03-10,0.7755722999572754,0.7858545220766023,0.759904199216467,0.7814478304390381,286084000
2016-03-11,0.7887923121452332,0.7890371672763016,0.7777756990336148,0.7870786180693887,277400000
2016-03-14,0.7907508015632629,0.7939333927115738,0.7814478248625627,0.7851200678676609,190312000
2016-03-15,0.7868338823318481,0.7917301681763859,0.7728794735117489,0.7865890855501206,226216000
2016-03-16,0.8103359937667847,0.8130289915988619,0.7772860380804755,0.7809582813204325,363644000
2016-03-17,0.8034812211990356,0.8113152428660443,0.7924645497973661,0.8073982612167032,353680000
2016-03-18,0.8277178406715393,0.8384896568018142,0.8078878440837309,0.8130289845752575,545512000
2016-03-21,0.8301658630371094,0.8304106597594043,0.8115599696713998,0.8203732937255062,337780000
2016-03-22,0.8286968469619751,0.8345723760315202,0.8184146273140395,0.8274728051579614,242012000
2016-03-23,0.8428962826728821,0.8490166097164267,0.8286970212036134,0.832369264124397,429008000
2016-03-24,0.8441200852394104,0.8455889819909665,0.832613824632728,0.8353067630983779,244956000
2016-03-28,0.8526888489723206,0.856361033509,0.8416721786256408,0.8426514239442006,265388000
2016-03-29,0.8663983345031738,0.868356824859915,0.8470579941650259,0.8490164845217671,261812000
2016-03-30,0.8754564523696899,0.887452366287746,0.8690912711736475,0.8695809229457708,376700000
2016-03-31,0.8722739815711975,0.881332102837195,0.8654192060298979,0.8793736122163438,379884000
2016-04-01,0.8850043416023254,0.8854939934394248,0.8602780620110491,0.86688804078613,348292000
2016-04-04,0.8764361143112183,0.8970005646262742,0.873008725381489,0.8923490748683044,393940000
2016-04-05,0.875211775302887,0.8832906512532167,0.8651743503646566,0.8686017965014028,339568000
2016-04-06,0.8764361143112183,0.8769257663161825,0.8477928436768032,0.8641953978705136,453376000
2016-04-07,0.867377758026123,0.8786392258136764,0.8637055732601043,0.8708051460392938,378104000
2016-04-08,0.8730082511901855,0.8801078803799954,0.8644397251516827,0.8744771480388784,255936000
2016-04-11,0.8783944249153137,0.8928384838950221,0.8754566304217039,0.8781495697952968,387524000
2016-04-12,0.8774150609970093,0.8825561422979163,0.8602780065906865,0.8813320419681863,292764000
2016-04-13,0.8994482755661011,0.8996930722667439,0.8813319772473589,0.8813319772473589,350716000
2016-04-14,0.9018964767456056,0.9058135160539896,0.8933279496104952,0.8970001922022042,416564000
2016-04-15,0.9089962244033812,0.9170751007816562,0.8987140021851252,0.9016517966384336,436972000
2016-04-18,0.9050792455673218,0.9072825915557516,0.8962659199819298,0.9072825915557516,307320000
2016-04-19,0.8889214396476746,0.91022027451646,0.8832907058082076,0.9085065805264037,309152000
2016-04-20,0.8923488259315491,0.8977347630102911,0.8864732953527638,0.887452540721174,200172000
2016-04-21,0.8913694620132446,0.8967553983756706,0.8874524226922361,0.8925935039688819,178280000
2016-04-22,0.8879421353340149,0.9004276443048942,0.8850043410498927,0.894307317370733,223540000
2016-04-25,0.8923488259315491,0.8972451111419241,0.8857388467343751,0.8881869893395626,191972000
2016-04-26,0.8930832743644714,0.9080169851108408,0.8891662345233201,0.8977347628238589,214536000
2016-04-27,0.913402795791626,0.9138924476234228,0.8891661682999037,0.8908798621587141,352396000
2016-04-28,0.8862282633781433,0.9131578850294376,0.8840249763309906,0.9077719490255164,381224000
2016-04-29,0.8698259592056274,0.8845148159950256,0.86027818478202,0.8825563251037706,321904000
2016-05-02,0.8813320994377136,0.8867180361767603,0.87398767208537,0.878149508414866,256076000
2016-05-03,0.8708052039146423,0.8749670408312851,0.8632159787570381,0.871294855821206,224024000
2016-05-04,0.8509751558303833,0.8610125224991186,0.8421618312188571,0.8602780739174648,525764000
2016-05-05,0.8561163544654846,0.8661537808734933,0.8497511714673154,0.8580749037401753,246884000
2016-05-06,0.8649296164512634,0.867132962334566,0.8529337000221596,0.8546473940308423,183240000
2016-05-09,0.8637055158615112,0.87080508816889,0.8566058851858118,0.8671329036469108,333336000
2016-05-10,0.8803529143333435,0.8818218115779256,0.8607677733877785,0.8690914466159788,269676000
2016-05-11,0.8828010559082031,0.8925936263694122,0.8781495674286316,0.8830459110275601,328176000
2016-05-12,0.8708052039146423,0.8930833442175478,0.8551371016928702,0.8891663040700226,670540000
2016-05-13,1.0032496452331543,1.0037392386535122,0.9547763945188544,0.959427823853827,2110256000
2016-05-16,1.032872438430786,1.047806209311048,0.992478051493728,0.9956606430929102,973032000
2016-05-17,1.035075545310974,1.0424199135133458,1.0150006976354602,1.0282206537890315,628392000
2016-05-18,1.0615154504776,1.0735114230078349,1.0282206468724795,1.0282206468724795,541072000
2016-05-19,1.066166877746582,1.0737561589133169,1.0558847162200025,1.0573534963781248,398880000
2016-05-20,1.0852627754211426,1.0896694675459475,1.0710635119545429,1.072777206102524,391084000
2016-05-23,1.086976408958435,1.0940759819275276,1.0803664295081346,1.089914203544491,413636000
2016-05-24,1.113362193107605,1.1167985984019515,1.0873444817175737,1.0902899050899906,415788000
2016-05-25,1.108698487281799,1.12146179055619,1.099862219199801,1.1167983411704157,458076000
2016-05-26,1.1204800605773926,1.1285799144628237,1.1074712078838145,1.1106620629610984,309964000
2016-05-27,1.1266167163848877,1.128334860692276,1.1180258778081429,1.1217077159295206,277416000
2016-05-31,1.1467430591583252,1.1491976167843485,1.1307887857084218,1.1315251998121287,412524000
2016-06-01,1.148952603340149,1.1599977655650942,1.1379073240754116,1.1413436123729224,387132000
2016-06-02,1.1570521593093872,1.1668701567690032,1.14379775740312,1.1550884661856546,329208000
2016-06-03,1.140852451324463,1.147234162029244,1.1207255895877062,1.145761567595624,461076000
2016-06-06,1.1349620819091797,1.152634508146925,1.1290712341499944,1.143798236508147,322512000
2016-06-07,1.137170910835266,1.148216190110999,1.1366800459465023,1.1418344783978998,193400000
2016-06-08,1.133489012718201,1.1415888673142764,1.1241618790524712,1.1374161652933636,234616000
2016-06-09,1.1629431247711182,1.164661268825019,1.1271074150300011,1.1295619734154514,472168000
2016-06-10,1.1339796781539917,1.1595065165237473,1.132506966937294,1.1491976550466168,400024000
2016-06-13,1.1484614610671997,1.1707974489223256,1.135207174615957,1.135207174615957,475588000
2016-06-14,1.1506704092025757,1.15607027250547,1.13299799098248,1.145761410643647,298344000
2016-06-15,1.1624523401260376,1.1725157727132918,1.1474799074689186,1.1602433310585265,301036000
2016-06-16,1.1671152114868164,1.169078786935401,1.1425702257802022,1.1538609309092172,246456000
2016-06-17,1.1467430591583252,1.1688336096335374,1.1420794933006804,1.1685881772788849,471000000
2016-06-20,1.1673609018325806,1.1823333288673057,1.1644154794887576,1.1651518935945884,293768000
2016-06-21,1.1602429151535034,1.1754607748030956,1.1585246545571808,1.1722699200494997,212508000
2016-06-22,1.1592615842819214,1.1703068646523596,1.1572980074924624,1.162697872923426,202620000
2016-06-23,1.1901878118515017,1.1914150907324117,1.169569971403283,1.1703063855477316,297880000
2016-06-24,1.122443675994873,1.1624520820540296,1.1118893808556936,1.1413433747359027,1017684000
2016-06-27,1.1104167699813845,1.1217074803615654,1.0939715107217336,1.113116643588968,449088000
2016-06-28,1.1266167163848877,1.1327528791742445,1.1111533005785896,1.1315257168402548,381920000
2016-06-29,1.1450252532958984,1.1538615229076368,1.13348910994706,1.1364345331509729,318932000
2016-06-30,1.1538618803024292,1.1609798910501163,1.1376621647030265,1.1469891850179703,430940000
2016-07-01,1.145270586013794,1.1624521418475748,1.1413434334436705,1.1474797117442903,218488000
2016-07-05,1.162206768989563,1.164170345375232,1.1298073489867968,1.1388889336604329,371084000
2016-07-06,1.1695704460144043,1.1764431403125837,1.1482162997959913,1.1541071471830584,273104000
2016-07-07,1.2000060081481934,1.2041787102204988,1.1720247238461496,1.1774245879634493,395400000
2016-07-08,1.2481143474578855,1.2540051937914394,1.2081059363620292,1.2127695035361288,481932000
2016-07-11,1.2768317461013794,1.2861587612061325,1.2645591914860002,1.266031902721436,448776000
2016-07-12,1.295977234840393,1.3077588109542786,1.274868406953325,1.2910682350396252,436760000
2016-07-13,1.2954862117767334,1.3057951929586955,1.2935226353267637,1.29843163497158,324604000
2016-07-14,1.3087401390075684,1.3205218285451648,1.291558703498159,1.3023585465610388,316892000
2016-07-15,1.2935224771499634,1.2994133228193014,1.272413769554528,1.2920497657326289,428616000
2016-07-18,1.3001494407653809,1.311440148715193,1.2952404423976256,1.3094765727760416,252992000
2016-07-19,1.3136491775512695,1.318803607902787,1.2969584906952554,1.2994130482186892,382652000
2016-07-20,1.3308310508728027,1.337949176406033,1.3126677639614202,1.3180676284378356,296460000
2016-07-21,1.3062858581542969,1.3320581316104096,1.301867724037309,1.3278854298821827,361308000
2016-07-22,1.3418760299682615,1.3418760299682615,1.3013767628295625,1.3109493275205055,315768000
2016-07-25,1.3666670322418213,1.3698578884865478,1.3440856060544966,1.3499764535954704,312528000
2016-07-26,1.3899847269058228,1.3971027360704114,1.3767304383704952,1.3786940149979894,514508000
2016-07-27,1.3759939670562744,1.4044662366162337,1.367648678954849,1.402011678153573,446676000
2016-07-28,1.378939151763916,1.3892480146276012,1.3747664499154135,1.379184584159751,221916000
2016-07-29,1.401520609855652,1.4052023299754766,1.3593031935596935,1.3840936218274975,409588000
2016-08-01,1.3924386501312256,1.4125656249307312,1.3833570677195253,1.4074111943122392,301120000
2016-08-02,1.3755033016204834,1.3998028721331466,1.362249011711723,1.3990664576716565,282748000
2016-08-03,1.3791849613189695,1.3818849524910468,1.3661761044640903,1.3737850960146163,299828000
2016-08-04,1.4047117233276367,1.411093435129374,1.383112146404723,1.3858120203702156,272712000
2016-08-05,1.4285202026367188,1.4292564998647783,1.4140386371269027,1.4209112127478931,371588000
2016-08-08,1.4417742490768433,1.4515922460554185,1.4265562718322229,1.4481559588168926,305064000
2016-08-09,1.4454565048217771,1.459447208373464,1.4417747838491544,1.4488927933348654,372344000
2016-08-10,1.436129093170166,1.4604286575919847,1.4314655262157026,1.4582196488408292,375740000
2016-08-11,1.4653376340866089,1.4714739124593217,1.4407926376355336,1.4437380606176176,681064000
2016-08-12,1.5473181009292605,1.5556633884143087,1.488164674233598,1.5193368153523843,1425744000
2016-08-15,1.5458452701568604,1.5586086913402226,1.52498199453327,1.549036125452701,573304000
2016-08-16,1.5365182161331177,1.546090664746763,1.5318546495040364,1.543636223754481,287652000
2016-08-17,1.5009280443191528,1.5399547268114178,1.4889010359313228,1.5365184387006092,595212000
2016-08-18,1.5242456197738647,1.5267000607012875,1.4928279332165402,1.49871877870598,331684000
2016-08-19,1.5281729698181152,1.539709112861232,1.516882259195523,1.5235094027088074,291560000
2016-08-22,1.5345548391342163,1.5367639652262748,1.5146734065444485,1.5328366949736114,244748000
2016-08-23,1.5469722747802734,1.5570542479555436,1.542545999756219,1.550169009421742,339764000
2016-08-24,1.5231202840805054,1.5531204475972302,1.5159891582207474,1.5523827934415877,298448000
2016-08-25,1.5130382776260376,1.52434979524726,1.4941038648563916,1.5236121411059802,406032000
2016-08-26,1.525333046913147,1.533939595890036,1.5049230967617406,1.516972382584821,300024000
2016-08-29,1.524349808692932,1.5376285213968264,1.521890844278177,1.5314810517322046,274652000
2016-08-30,1.5154972076416016,1.5304972289793295,1.5113168161595518,1.5223824479598431,285544000
2016-08-31,1.5083661079406738,1.5226284765589235,1.5039399486065863,1.518448201937234,388544000
2016-09-01,1.5528744459152222,1.5585301457822345,1.5083660320573655,1.509595572812963,428492000
2016-09-02,1.537628412246704,1.557792481842575,1.5201694261004297,1.556071171697795,323148000
2016-09-06,1.5521365404129028,1.5521365404129028,1.5351693250228344,1.5430382210209277,306812000
2016-09-07,1.5292677879333496,1.5548416733595845,1.5204153522695174,1.5472186612216576,397988000
2016-09-08,1.5403335094451904,1.5427925911499965,1.5103334630815632,1.5277924507127132,315808000
2016-09-09,1.463611721992493,1.5319725873153522,1.450824780672325,1.5233660372942583,697760000
2016-09-12,1.493857741355896,1.4968085921918848,1.4095131941137458,1.444185515553428,598260000
2016-09-13,1.472218632698059,1.5073827299435076,1.463857965307049,1.490169508428737,471768000
2016-09-14,1.4852510690689087,1.490169114307331,1.463365808797336,1.475660863265668,319048000
2016-09-15,1.5415631532669067,1.5432844636730587,1.4842677886258395,1.4877105266936208,515212000
2016-09-16,1.5452513694763184,1.555333345289632,1.527546382002849,1.5469726795601657,902444000
2016-09-19,1.5656614303588867,1.6047599128431072,1.5543499130659728,1.5614810385799012,417128000
2016-09-20,1.5513986349105835,1.5836118677178477,1.5427920862711952,1.5836118677178477,331112000
2016-09-21,1.594923496246338,1.5978743466358163,1.5558250217243474,1.5560709063808975,336212000
2016-09-22,1.5988579988479614,1.6091859759448552,1.5897596796320537,1.6042679306981502,308732000
2016-09-23,1.5971368551254272,1.605497521189569,1.5900057298148105,1.600825477386002,276132000
2016-09-26,1.5821365118026731,1.5885299817158756,1.562218448114052,1.5789397768460722,230040000
2016-09-27,1.6362357139587402,1.6386947960330769,1.5752519559343323,1.5759896102033408,402752000
2016-09-28,1.6421369314193726,1.6433664720928658,1.6212352089917992,1.6386943113379535,319788000
2016-09-29,1.6573827266693115,1.6625467737028072,1.6241859514850938,1.6394318561520225,336684000
2016-09-30,1.684924602508545,1.7014000544407497,1.6566457437247974,1.666481837930755,429932000
2016-10-03,1.6832022666931152,1.709268031259802,1.6802515338273774,1.6849236936433198,242596000
2016-10-04,1.6795145273208618,1.7139408541454677,1.6669734672239078,1.6856621149962692,281624000
2016-10-05,1.6777926683425903,1.710989560583855,1.6726287385954008,1.693776344171113,305440000
2016-10-06,1.655907392501831,1.6679565617935677,1.629349855518634,1.6576287024006504,360212000
2016-10-07,1.6438581943511963,1.6713992714687405,1.639186033730177,1.666972995524283,286260000
2016-10-10,1.6500060558319092,1.661317573630872,1.6345141460669403,1.652465020263613,287876000
2016-10-11,1.6261531114578247,1.6470548320477043,1.6136120556528084,1.6445958681723645,388540000
2016-10-12,1.6335307359695437,1.6421372880421747,1.605989652081646,1.6195142506608489,419920000
2016-10-13,1.6069730520248413,1.6180386850213089,1.56639914254144,1.6143501797743087,390116000
2016-10-14,1.6227107048034668,1.6377107264539037,1.6131204981936489,1.6266450944229247,330636000
2016-10-17,1.6133663654327393,1.6377107087353258,1.61115328595267,1.6224648025555524,195328000
2016-10-18,1.6379567384719849,1.647301061113884,1.629104302512347,1.635743658795942,269372000
2016-10-19,1.6345142126083374,1.6421372254423443,1.6185305327574226,1.6268913170298036,199060000
2016-10-20,1.66549813747406,1.670908071222824,1.6303341543845402,1.6536948481907836,312084000
2016-10-21,1.6608256101608276,1.6637763436830435,1.6450878175168868,1.6595960694608891,279508000
2016-10-24,1.738776683807373,1.7407438785728755,1.6718911237366476,1.6721371256808584,339836000
2016-10-25,1.7673012018203735,1.7778750636313927,1.7274650703475976,1.7358257355731637,397460000
2016-10-26,1.7744327783584597,1.7938590784090664,1.7508260862788545,1.7525473965836251,333792000
2016-10-27,1.7380387783050537,1.7913996210755274,1.7309076538598505,1.7879570011878123,388664000
2016-10-28,1.7350884675979614,1.7729574128413592,1.7318917316014455,1.7463999859505963,290856000
2016-10-31,1.7498425245285034,1.7613999270682223,1.7397604302974785,1.74074408642541,252388000
2016-11-01,1.6979565620422363,1.7658256475957914,1.6792679222859972,1.7562354430770002,473224000
2016-11-02,1.6908259391784668,1.7341048176516916,1.6878750879010125,1.7109900114040892,295848000
2016-11-03,1.671153545379639,1.7001700505655817,1.6386944198842397,1.6986946251107489,309664000
2016-11-04,1.6615633964538574,1.690088133234052,1.6372190514839458,1.6600879709476086,328780000
2016-11-07,1.752547025680542,1.763612656586731,1.7090222733191032,1.7102518139210008,487580000
2016-11-08,1.7498425245285034,1.7648425476327798,1.7336129605781796,1.7591867300942436,429884000
2016-11-09,1.7203338146209717,1.7434487327116244,1.6898420045749527,1.702382943684425,456532000
2016-11-10,1.666481375694275,1.758203051842006,1.641645262301416,1.757957167143383,869280000
2016-11-11,2.16320538520813,2.182877576537897,1.9303355916937712,1.955171832914785,2175344000
2016-11-14,2.0567288398742676,2.1686144722720213,2.0562370704598907,2.166155390689209,1348796000
2016-11-15,2.119433879852295,2.150417461607439,2.0638597183267704,2.0727122707614885,626092000
2016-11-16,2.2532050609588623,2.2760738645924543,2.123368546360063,2.1477128928473377,987984000
2016-11-17,2.2718939781188965,2.3309105400674106,2.229106747920801,2.269926665582891,832988000
2016-11-18,2.295746088027954,2.3195984285198454,2.257385260261217,2.27189351302514,576060000
2016-11-21,2.2864017486572266,2.320090415052091,2.2721392634475026,2.3136969438055406,436436000
2016-11-22,2.30287766456604,2.305090744692863,2.271648071749586,2.2942711115667396,330368000
2016-11-23,2.3142058849334717,2.34572836409874,2.284653428606132,2.30804897640983,443236000
2016-11-25,2.31888484954834,2.3420342600124013,2.3004143603681393,2.3252878929657625,195564000
2016-11-28,2.317652940750122,2.33316792266476,2.305092992175629,2.3117424043458867,278736000
2016-11-29,2.296473264694214,2.325779572765879,2.278741892606424,2.3149435124537283,444568000
2016-11-30,2.270615816116333,2.318884895538684,2.2681530528618588,2.3050935622308475,440500000
2016-12-01,2.158316850662231,2.269877517978408,2.087637218273525,2.268153630233856,1035524000
2016-12-02,2.1782641410827637,2.186883576951563,2.0962559629104525,2.1240845279420095,478292000
2016-12-05,2.262734889984131,2.2807126379517837,2.191808909413605,2.216189700555847,602284000
2016-12-06,2.29992151260376,2.3082948123126283,2.255100215348623,2.2708615687134395,498796000
2016-12-07,2.3412954807281494,2.346959648445298,2.2681531015081657,2.2863772211752935,480804000
2016-12-08,2.3021388053894043,2.379467850802063,2.2915493437912837,2.3442512209051554,381544000
2016-12-09,2.2612576484680176,2.3215939428948684,2.2339215852338143,2.3198700554787313,382312000
2016-12-12,2.206338882446289,2.215204688731009,2.155853412967606,2.212741925619362,601332000
2016-12-13,2.245249509811402,2.2728319382784252,2.21766731620638,2.2186523274459873,387796000
2016-12-14,2.3752810955047607,2.3915349585030987,2.2551007755985717,2.2789890643782584,983980000
2016-12-15,2.430938482284546,2.461229818210411,2.3789752485291853,2.3863633047743487,746548000
2016-12-16,2.472804307937622,2.479945993238574,2.4068036087272766,2.458520467611613,1089528000
2016-12-19,2.5028486251831055,2.5230427638573825,2.438079324425543,2.4553184295141146,744656000
2016-12-20,2.590029239654541,2.6136711595160977,2.5641706916410976,2.5754992632565092,848056000
2016-12-21,2.6062827110290527,2.609237979924373,2.5540733519817773,2.601603554849965,576136000
2016-12-22,2.6378042697906494,2.6811478032082112,2.623520437229166,2.6306623535099076,718612000
2016-12-23,2.7035598754882812,2.7050376275668815,2.617118894476073,2.619827793470761,647692000
2016-12-27,2.88924789428711,2.8902329056738636,2.7390226192913527,2.7597095024474503,1194272000
2016-12-28,2.690507173538208,2.9535242151955567,2.676716075851655,2.9453972847928354,2295764000
2016-12-29,2.7441940307617188,2.7456717825689374,2.5316624600147164,2.583379310889059,2175368000
2016-12-30,2.628692626953125,2.7562609605098585,2.617856800128936,2.742223495276858,1212932000
2017-01-03,2.5122077465057373,2.6195817518685773,2.4474384248550436,2.5710662944923595,1501996000
2017-01-04,2.5708203315734863,2.598156399220732,2.5003868367032593,2.546439533525571,1199220000
2017-01-05,2.5055575370788574,2.6060359602631302,2.488564802127327,2.574267117854439,984296000
2017-01-06,2.539050817489624,2.567371889360109,2.492259256705149,2.5328939095642866,822856000
2017-01-09,2.64199161529541,2.659723227170538,2.5489014749680172,2.5489014749680172,916248000
2017-01-10,2.622044324874878,2.689029800128496,2.6013574405719244,2.655044556781006,880920000
2017-01-11,2.589782476425171,2.6153946502484717,2.564909178540396,2.610469358669698,525664000
2017-01-12,2.54742431640625,2.5784545269824015,2.5026030055127255,2.5668798199500262,625616000
2017-01-13,2.547178030014038,2.585842429644508,2.5380658522482964,2.5513644460322435,457820000
2017-01-17,2.4900434017181396,2.5415138948381526,2.4767448065333615,2.5365886022959,580612000
2017-01-18,2.5353565216064453,2.5422520701821743,2.4407886292132925,2.468617193763345,654424000
2017-01-19,2.589782476425171,2.621797693704297,2.536095600420196,2.538311993373746,644872000
2017-01-20,2.561462163925171,2.630171775042514,2.539544128429709,2.6124401564293493,492024000
2017-01-23,2.5880582332611084,2.608006236824073,2.5538266277355985,2.556289390617346,369904000
2017-01-24,2.6432230472564697,2.6493799549120256,2.5833792670441382,2.5981556105554597,428052000
2017-01-25,2.6545519828796387,2.691738864749506,2.6185964827108714,2.685581956244005,522760000
2017-01-26,2.7003583908081055,2.707746446396198,2.6277085120827164,2.6572609692971376,458800000
2017-01-27,2.7525670528411865,2.755522321294567,2.6806560684869125,2.7072532497053436,471996000
2017-01-30,2.7094695568084717,2.733850344632813,2.6575065774391713,2.731633952078234,496004000
2017-01-31,2.6887826919555664,2.710208209657225,2.664648041477192,2.683118525923833,362756000
2017-02-01,2.8062546253204346,2.81044104103976,2.7055298154065133,2.723261194231866,590004000
2017-02-02,2.84171724319458,2.8503369142048207,2.759709297225785,2.7902467617026248,483240000
2017-02-03,2.816843271255493,2.854276510545357,2.805022433739192,2.843194313906225,372744000
2017-02-06,2.8890011310577393,2.8894936366841275,2.807485460909356,2.807485460909356,506768000
2017-02-07,2.9338231086730957,2.977905543052442,2.9035317744655984,2.923233413243114,746224000
2017-02-08,2.921015977859497,2.9382548469240493,2.866097497342175,2.9158443171401314,449580000
2017-02-09,2.866097927093506,2.9320986147235177,2.8468890328910375,2.9271730886168252,842568000
2017-02-10,2.7981274127960205,2.972486854000394,2.7730077466982177,2.9535240954501942,1651092000
2017-02-13,2.669081449508667,2.8069928856819946,2.664648429257081,2.7924629131847976,1180724000
2017-02-14,2.678933620452881,2.7126727381284823,2.617612060683789,2.6594781122560796,850632000
2017-02-15,2.6843512058258057,2.7040528479525854,2.653813730987927,2.6818886767065333,373020000
2017-02-16,2.6412529945373535,2.695186236729324,2.602095860825973,2.693954855212273,647176000
2017-02-17,2.6407604217529297,2.6451934424682513,2.5806705030214663,2.627708199594876,563740000
2017-02-21,2.735328912734986,2.7392691934372917,2.665141561809269,2.6653879321053124,551952000
2017-02-22,2.7311365604400635,2.756781057266583,2.7121496338521056,2.7474109345677835,433772000
2017-02-23,2.4778971672058105,2.6233802737663714,2.457924222175237,2.6014345847715257,1592888000
2017-02-24,2.5018157958984375,2.515131172013375,2.3597848037945206,2.393566488901127,1029904000
2017-02-27,2.574557065963745,2.5895985033101687,2.504281386237114,2.5200626319398034,715400000
2017-02-28,2.5023088455200195,2.594037328917585,2.485048216861695,2.5841738437889097,625360000
2017-03-01,2.5346107482910156,2.573570614804738,2.493185010883901,2.559268751749771,504804000
2017-03-02,2.441155433654785,2.5358428702554616,2.4384431176371817,2.5217876928620027,754332000
2017-03-03,2.4271018505096436,2.435485484330551,2.372607172460729,2.4305539765226847,864692000
2017-03-06,2.4083611965179443,2.4189642539770206,2.346715830806749,2.3908538881994903,883568000
2017-03-07,2.4347453117370605,2.454225364318928,2.395538995715347,2.4083612433200563,603400000
2017-03-08,2.4303078651428223,2.4978712546087833,2.4280886743510286,2.48307625739932,638712000
2017-03-09,2.429814338684082,2.452253159344654,2.401703966182263,2.414279770534455,478060000
2017-03-10,2.444115400314331,2.468033832447227,2.4258685186983966,2.4561980745456933,499740000
2017-03-13,2.511432409286499,2.5212956588131687,2.4537322937341925,2.4544721021172577,774136000
2017-03-14,2.509706974029541,2.5336251778644883,2.4774046650208428,2.5242552883559446,522016000
2017-03-15,2.528693914413452,2.5395434221091335,2.473706096978329,2.5212965334917827,615036000
2017-03-16,2.559762954711914,2.5602563172246557,2.5252416883294075,2.539296876138781,523100000
2017-03-17,2.615490198135376,2.616723133920902,2.5597625823584975,2.5772698942594374,1119688000
2017-03-20,2.698834180831909,2.7027796688139567,2.616969185318364,2.6329971129545777,748568000
2017-03-21,2.611544609069824,2.71141028742864,2.6036541025362205,2.681573853978959,913484000
2017-03-22,2.6648058891296387,2.6694909500585573,2.5965027190663954,2.600447971649062,616764000
2017-03-23,2.640641212463379,2.676888770359785,2.631024643006741,2.65691558781957,533940000
2017-03-24,2.6500120162963867,2.694889900653414,2.6241210648357014,2.686999392158302,439500000
2017-03-27,2.6692445278167725,2.673189780782143,2.554090972452435,2.6034072224156404,506644000
2017-03-28,2.655435800552368,2.6850255480308256,2.6450794242086695,2.6704772378837034,432444000
2017-03-29,2.646805763244629,2.6751625781436457,2.644586573104795,2.662833456617593,349992000
2017-03-30,2.697601079940796,2.712396071070881,2.6482848347711885,2.653956150055052,525532000
2017-03-31,2.686012029647827,2.7096840177600763,2.672943335106083,2.687984773709991,440808000
2017-04-03,2.672450065612793,2.7037658767975663,2.6487780787607176,2.6865052490166086,445232000
2017-04-04,2.485048294067383,2.5748040361960665,2.474198789310567,2.549652665685082,1271280000
2017-04-05,2.466554880142212,2.5242550036132254,2.453485949267638,2.4663081989278632,747048000
2017-04-06,2.4845547676086426,2.49663720610344,2.426607975780423,2.471732520793397,635120000
2017-04-07,2.473951816558838,2.5084733060381126,2.4589103792964018,2.490965997707498,429068000
2017-04-10,2.410827398300171,2.481349533271372,2.406635463943814,2.474691962668723,756332000
2017-04-11,2.4194576740264893,2.4386910473879277,2.3758127385322747,2.380744246103742,618148000
2017-04-12,2.399484634399414,2.4337594488644303,2.394306445321256,2.4194578173854873,414092000
2017-04-13,2.3546066284179688,2.3970186283624724,2.3546066284179688,2.3753196187265924,506892000
2017-04-17,2.4468274116516113,2.44707385761014,2.362249886521487,2.36742807355088,497292000
2017-04-18,2.448307752609253,2.454472431364373,2.406635558921817,2.432526504217974,370116000
2017-04-19,2.4579241275787354,2.489979510865935,2.451266322719167,2.465814632815312,380828000
2017-04-20,2.496884822845459,2.50156988536646,2.4512671335787095,2.472473255549238,404016000
2017-04-21,2.507240295410156,2.509952612408872,2.4746915507919667,2.4865273082795984,341896000
2017-04-24,2.538557291030884,2.551625990123874,2.517844529377762,2.538803737150462,371820000
2017-04-25,2.5826940536499023,2.597242362692018,2.5316517490054085,2.5531043084189147,388440000
2017-04-26,2.5649404525756836,2.5987218981352314,2.562967708713354,2.5962562622553262,327004000
2017-04-27,2.604886293411255,2.6132699248111173,2.554337118396484,2.572337551740117,319700000
2017-04-28,2.571845769882202,2.604887655959214,2.566174217110455,2.597983402315525,348248000
2017-05-01,2.629544496536255,2.6347229196144433,2.575543192379813,2.582694124098837,307732000
2017-05-02,2.5516247749328613,2.603900251884576,2.5289392793343435,2.6026673163983265,629972000
2017-05-03,2.5706119537353516,2.580228522258433,2.52992601929458,2.5447207762775395,336904000
2017-05-04,2.560748815536499,2.5878726946253305,2.552858074331348,2.57677650882571,209788000
2017-05-05,2.56099534034729,2.568146273343506,2.533624779220795,2.549159580913157,228428000
2017-05-08,2.5341176986694336,2.5743102667010582,2.522774833307852,2.572830885214799,365240000
2017-05-09,2.5383102893829346,2.5873801042145317,2.531406036369973,2.5397899065477016,847672000
2017-05-10,2.990786075592041,3.003855002300806,2.811521553863467,2.818179122627333,2129096000
2017-05-11,3.119256019592285,3.2161627020200703,2.9567589412015742,2.9602110673048863,1939792000
2017-05-12,3.1535308361053467,3.195696393020111,3.1015022633121214,3.122461701160371,962620000
2017-05-15,3.311835289001465,3.3143011598607437,3.1902706305079955,3.194709245086375,1087540000
2017-05-16,3.373481512069702,3.3890163143284093,3.288411062099139,3.362878452790508,1120700000
2017-05-17,3.149339437484741,3.325398591131988,3.1451475024829905,3.306658341824262,1271368000
2017-05-18,3.281259775161743,3.290136770472964,3.1328176667286507,3.1932301007652577,1156032000
2017-05-19,3.3570399284362793,3.4118384616334136,3.337786300672824,3.3824644911444244,1018372000
2017-05-22,3.4286246299743652,3.4429413246862755,3.389870424730146,3.400731592834757,836608000
2017-05-23,3.382464647293091,3.450592817430534,3.3498816196363177,3.448371290164133,681248000
2017-05-24,3.420477867126465,3.482188153994059,3.408382468225311,3.47947274506226,815996000
2017-05-25,3.4128260612487793,3.4565169595371077,3.3679009288645783,3.4557763719983674,608228000
2017-05-26,3.501195192337036,3.5861085217259445,3.384439423278809,3.404680344797055,779140000
2017-05-30,3.5759878158569336,3.61103907233236,3.5310626874995665,3.547107258495595,989652000
2017-05-31,3.5631532669067383,3.6285660423487767,3.5063796614636464,3.620913930302515,887316000
2017-06-01,3.5633997917175293,3.5799382493724083,3.517981003830303,3.578950720657552,503340000
2017-06-02,3.5456268787384033,3.586602370649756,3.53970264883635,3.560437218087437,487456000
2017-06-05,3.653496503829956,3.6663322574983312,3.5177340324839816,3.529335551906615,817376000
2017-06-06,3.636958360671997,3.694965959026698,3.62362896010126,3.6488065859536984,758728000
2017-06-07,3.680895328521729,3.6996553095352542,3.645844070014339,3.6613949953989886,612612000
2017-06-08,3.947977781295776,3.949458720970966,3.7468020958689103,3.788024526071077,1161744000
2017-06-09,3.692744016647339,4.159273925836498,3.5236577068552033,4.066461778895721,3692928000
2017-06-12,3.7018773555755615,3.7445809653833577,3.5078603486110578,3.6009194438016214,1697532000
2017-06-13,3.737175226211548,3.820360670300085,3.595241371681763,3.811227385471868,1672504000
2017-06-14,3.7450742721557617,3.802835157675937,3.665591525299349,3.740137571090648,1184640000
2017-06-15,3.76111912727356,3.791480392407653,3.616223147393803,3.627577960175783,963824000
2017-06-16,3.7426059246063232,3.818633147953035,3.708541956399725,3.770745898424974,924960000
2017-06-19,3.88330602645874,3.888489669301935,3.783088460678063,3.786790928191132,778176000
2017-06-20,3.8776278495788574,3.992409031306997,3.8734317361299944,3.925515096828308,1095444000
2017-06-21,3.9363765716552734,3.9400792744639017,3.8433174734680344,3.90527471552482,682652000
2017-06-22,3.909223079681397,3.957850908205838,3.885279459141734,3.944521275817941,469132000
2017-06-23,3.7971582412719727,3.9326740062486705,3.782100724802464,3.916876137560779,1088588000
2017-06-26,3.755688428878784,3.8655326738965305,3.661395109731288,3.8299875323316153,1063960000
2017-06-27,3.618197917938232,3.7468021466850656,3.612520629330547,3.7381627432807423,999492000
2017-06-28,3.745815515518189,3.75050551182451,3.597710691137471,3.685833092246795,994948000
2017-06-29,3.620666742324829,3.7203904204655136,3.5564879744280744,3.717428540783611,1064424000
2017-06-30,3.568336009979248,3.651521457332143,3.542170859321787,3.6379451177454887,731060000
2017-07-03,3.4392383098602295,3.5952419391988726,3.420725267122823,3.580431599171392,709072000
2017-07-05,3.5310633182525635,3.559943645366726,3.483669713458803,3.5026764023333614,820188000
2017-07-06,3.5416769981384277,3.588576952218697,3.449852147021174,3.5019357430672486,746284000
2017-07-07,3.622640609741211,3.640906943257351,3.575493954106884,3.598450282630977,654972000
2017-07-10,3.793949604034424,3.8013547748785776,3.6700353447344294,3.6962005014295007,958492000
2017-07-11,3.8477604389190674,3.8554125495002274,3.7556886417618474,3.797651661757429,757956000
2017-07-12,4.011415481567383,4.023510645453302,3.864545163569078,3.907495471885812,1145208000
2017-07-13,3.9650089740753174,4.104967754390067,3.9186029097753905,4.023510200924857,1369132000
2017-07-14,4.071644306182861,4.073125010087895,3.974388660503096,3.981300181433429,941948000
2017-07-17,4.054365634918213,4.134589195696882,3.992655348415274,4.105708638486622,930792000
2017-07-18,4.09657621383667,4.111139846600428,3.98154785599202,3.993396314988326,776640000
2017-07-19,4.075347423553467,4.132120774787683,4.063252259992133,4.105708685234267,687044000
2017-07-20,4.134589672088623,4.134836377669169,4.04597387501835,4.095835709394924,699596000
2017-07-21,4.149400234222412,4.179021383909583,4.099785102754026,4.114102031003843,648332000
2017-07-24,4.101266384124756,4.166185738711283,4.090652393568662,4.156559041368289,652524000
2017-07-25,4.08151912689209,4.095836055580858,4.03782822402159,4.078310070825049,496556000
2017-07-26,4.128666877746582,4.194573543201591,4.0938620754909,4.139034165479691,640404000
2017-07-27,3.992409229278565,4.165198245191339,3.889229560476147,4.153596491167867,782856000
2017-07-28,4.057821750640869,4.082259255988734,3.931686228504291,3.9566169095934502,513348000
2017-07-31,4.011415481567383,4.107436675970088,3.964762706578836,4.07139788987388,559672000
2017-08-01,4.060290336608887,4.062018217299158,3.974143007676133,4.00203580430133,431384000
2017-08-02,4.057821750640869,4.095341713576656,3.980807709367627,4.091392541148992,478444000
2017-08-03,4.109412670135498,4.113115137651735,4.040296961354836,4.057329065229124,442420000
2017-08-04,4.1274309158325195,4.1980273094375145,4.109411523701726,4.132120675323932,589096000
2017-08-07,4.254307746887207,4.254801158043025,4.146931498163025,4.156558665447548,717412000
2017-08-08,4.203706741333008,4.308860792023877,4.1644588838666,4.292322567302511,755336000
2017-08-09,4.248384952545166,4.2508534215946865,4.138787374970595,4.157547363097083,530784000
2017-08-10,4.066461563110352,4.261959719685869,4.056340984996345,4.249617379005804,1328088000
2017-08-11,3.849735975265503,3.924775689027909,3.774449555852816,3.8788632496171456,1497196000
2017-08-14,4.15680456161499,4.1605070278113745,3.9297107089325056,3.941312224799521,1279020000
2017-08-15,4.121753215789795,4.188153258154282,4.087442313466549,4.161988346719625,764532000
2017-08-16,4.0765838623046875,4.160263235103165,4.044247995204571,4.136813481420843,596632000
2017-08-17,3.985743522644043,4.085220466772134,3.9835222312200327,4.068188839543737,525444000
2017-08-18,3.986485481262207,4.057082365476319,3.940573047826729,4.04005026157741,601204000
2017-08-21,3.9284777641296382,4.02227745018217,3.884540153979132,4.01092287152525,623672000
2017-08-22,4.015934467315674,4.021863910948588,3.945770012628244,3.965040586628581,450456000
2017-08-23,4.096230506896973,4.1073481598629655,3.973936324271053,3.9825838065572783,579520000
2017-08-24,4.0811591148376465,4.132794721782083,4.054724240015659,4.12834728428752,469700000
2017-08-25,4.047065734863281,4.115501050298603,4.040641972090164,4.105371560526674,357200000
2017-08-28,4.075723171234131,4.078935051706847,4.010499755742688,4.0660880010425755,389496000
2017-08-29,4.069053649902344,4.0907951087611325,4.008771499267955,4.016924664146684,324096000
2017-08-30,4.093264579772949,4.1043822288289435,4.058429153737076,4.088817143169276,384400000
2017-08-31,4.186160087585449,4.190112737838081,4.106113265248257,4.1135247200853335,612684000
2017-09-01,4.211359024047852,4.246935696432413,4.190111883975963,4.198759364901671,445432000
2017-09-05,4.0989484786987305,4.164913163351103,4.040890037423131,4.159971879047322,695364000
2017-09-06,4.0964765548706055,4.145641517225272,4.06164159524952,4.131806302484795,397672000
2017-09-07,4.11550235748291,4.147866690754141,4.07523177963713,4.113278637841279,352868000
2017-09-08,4.044099807739258,4.118711474045685,4.019888184189037,4.103888098373841,498856000
2017-09-11,4.175290107727051,4.1859139174516065,4.084372538392992,4.089808140307951,567444000
2017-09-12,4.190359592437744,4.199994765221594,4.125136159398264,4.199994765221594,411488000
2017-09-13,4.209135055541992,4.238040566773092,4.132793989256891,4.1651583037751285,580960000
2017-09-14,4.185171604156494,4.263242095381917,4.145642277300084,4.170100830350117,513712000
2017-09-15,4.449770927429199,4.449770927429199,4.265465199763645,4.270653406068114,1364792000
2017-09-18,4.633582592010498,4.723759371486783,4.567124068866998,4.574041677651797,1684460000
2017-09-19,4.628641605377197,4.690406236476538,4.561194451035463,4.583182833118268,874280000
2017-09-20,4.591334819793701,4.679781708898288,4.5510642601304765,4.632346619002792,724920000
2017-09-21,4.465828895568848,4.513758298411942,4.388005346637158,4.487569878530267,1075600000
2017-09-22,4.42234992980957,4.504126663120046,4.41246782842514,4.4544678195697145,491232000
2017-09-25,4.224700450897217,4.392700306558007,4.203947627340066,4.3914647501691135,874580000
2017-09-26,4.24841833114624,4.414441884314873,4.208642080662409,4.359347936896705,1125620000
2017-09-27,4.341558933258057,4.354900303134278,4.26793541860981,4.3388413689716705,713720000
2017-09-28,4.340324878692627,4.352677617918958,4.292889304515495,4.348724496328598,435244000
2017-09-29,4.416664123535156,4.440381429450588,4.379111133469142,4.424322969436162,619092000
2017-10-02,4.42234992980957,4.495973493592918,4.372938480433423,4.466820564107001,503480000
2017-10-03,4.431488037109375,4.461382184906847,4.387264357945185,4.428523078993048,390332000
2017-10-04,4.468547344207764,4.490782648304624,4.401100192283727,4.437665029765094,427848000
2017-10-05,4.466076374053955,4.496464840657257,4.436182224245512,4.493006036773306,437364000
2017-10-06,4.479168891906738,4.492510257531356,4.422345569103331,4.438404498148305,318800000
2017-10-09,4.580216884613037,4.613322911988001,4.497205129031213,4.515981625604878,563492000
2017-10-10,4.6676764488220215,4.766994077654325,4.626417721951962,4.729441077725951,974876000
2017-10-11,4.717336177825928,4.7188186573807105,4.638277512897437,4.684230138054386,529508000
2017-10-12,4.719559192657471,4.77045309458209,4.692382603934965,4.720794277950883,528292000
2017-10-13,4.807511329650879,4.817640818771001,4.734876446278366,4.781817222665219,628728000
2017-10-16,4.890028953552246,4.892993912047512,4.774158545198851,4.837405652528424,576640000
2017-10-17,4.885583400726318,4.913995081317996,4.850995349784598,4.869277537964243,478596000
2017-10-18,4.881382942199707,4.895218161404153,4.776136318615373,4.8944773928554675,567316000
2017-10-19,4.886816501617432,4.891757312678304,4.7546402634001375,4.803804749848778,570772000
2017-10-20,4.864582538604736,4.931041060085757,4.855688133799093,4.903864942493903,451620000
2017-10-23,4.857665061950684,4.912759009527121,4.837406081193506,4.886323659659775,428696000
2017-10-24,4.908559322357178,4.910288724682846,4.840865237590448,4.866806272475474,407244000
2017-10-25,4.784534931182861,4.921899874191827,4.723017697464773,4.869029179432835,828160000
2017-10-26,4.834687232971191,4.8462987284194075,4.7882403087250625,4.812205010340844,322744000
2017-10-27,4.987123489379883,4.987370412186639,4.860876193571652,4.886817696309636,572192000
2017-10-30,5.036041736602783,5.091629534046241,4.971312139369533,4.9871241544183205,504056000
2017-10-31,5.109416961669922,5.136099231620547,5.062228790245137,5.067911313130441,411908000
2017-11-01,5.119051933288574,5.187487243115151,5.054816666955568,5.1721695483095855,502576000
2017-11-02,5.087923049926758,5.134123060323995,5.031346627084372,5.089405529197985,342308000
2017-11-03,5.155862808227539,5.155862808227539,5.073098451365165,5.119051056686102,353640000
2017-11-06,5.179086685180664,5.187733694167401,5.106698732455515,5.119051467800381,389944000
2017-11-07,5.2383809089660645,5.259875442286922,5.189710733592025,5.201816546741778,427700000
2017-11-08,5.167476654052734,5.237641379341567,5.120041552562118,5.233935180706283,522988000
2017-11-09,5.072605609893799,5.097558479826564,4.950311902064383,5.071370524589968,978564000
2017-11-10,5.339921474456787,5.402427327060702,5.228498059540233,5.264321648266947,1253256000
2017-11-13,5.253205299377441,5.365369510276178,5.237887603665737,5.33992279625022,582376000
2017-11-14,5.291498184204102,5.3068158773590675,5.218615915951695,5.2623452769031385,529292000
2017-11-15,5.1877336502075195,5.237639850370907,5.133875272182704,5.236404294110901,501948000
2017-11-16,5.228005886077881,5.29199424380355,5.219111951548242,5.261853164312221,441768000
2017-11-17,5.221827983856201,5.320404359405614,5.206757684147104,5.285075083270091,515664000
2017-11-20,5.289028167724609,5.301133980453848,5.200580809763252,5.237392564710524,396100000
2017-11-21,5.337697982788086,5.349309949204259,5.296933581409794,5.3288040515268715,399176000
2017-11-22,5.313716888427734,5.364893703494278,5.281082520674756,5.364893703494278,356640000
2017-11-24,5.3639044761657715,5.36489379652431,5.305558152713599,5.330034164729771,180752000
2017-11-27,5.294185638427734,5.373793860928678,5.290971526175311,5.372557917822222,422896000
2017-11-28,5.209386825561523,5.308773461909633,5.148321036240558,5.299378688817627,512752000
2017-11-29,4.8560943603515625,5.194799381206175,4.727781671315532,5.192079928942459,1396788000
2017-11-30,4.962154388427734,5.010858835380116,4.861779420346368,4.9248228789938455,823768000
2017-12-01,4.887243747711182,4.947815319998977,4.758436908864458,4.927542273967441,811548000
2017-12-04,4.614798069000244,4.95202007271624,4.561396454700136,4.945838941724896,1240844000
2017-12-05,4.6414995193481445,4.764125762379137,4.464482805556391,4.509478502911166,981488000
2017-12-06,4.679077625274658,4.700833714675682,4.5698015749585235,4.5910634757106905,467032000
2017-12-07,4.7465715408325195,4.786375893324269,4.700339434507561,4.745829786245209,542600000
2017-12-08,4.734210968017578,4.815549817785892,4.725805043441977,4.796512704522032,466876000
2017-12-11,4.812582015991211,4.8155490343253735,4.732479594280162,4.748302120215397,372748000
2017-12-12,4.718140602111816,4.792309938062277,4.694653905082281,4.769070335401875,455016000
2017-12-13,4.602931976318359,4.760417402288073,4.595514900389379,4.759181458743674,554280000
2017-12-14,4.610099792480469,4.681054997646454,4.563867693106612,4.596502060717096,438164000
2017-12-15,4.735941410064697,4.756214466107102,4.589086715607168,4.654108374324491,670036000
2017-12-18,4.892683982849121,4.895650529067493,4.746818183814195,4.776485532213909,477704000
2017-12-19,4.848430156707764,4.888481600496074,4.819998747979577,4.883289790334076,373100000
2017-12-20,4.865489959716797,4.896887920586472,4.809863075570586,4.8877407133752815,288820000
2017-12-21,4.842990875244141,4.893920124043345,4.834584953287393,4.868949924033491,300904000
2017-12-22,4.827662944793701,4.837057716317147,4.7282763250392765,4.806153949486824,466276000
2017-12-26,4.881312370300293,4.888976539556863,4.74236894622792,4.772283868609482,355080000
2017-12-27,4.874638080596924,4.943862712904329,4.853376643539437,4.867963230491602,329488000
2017-12-28,4.8803229331970215,4.929274489862355,4.874142273974676,4.898370722196552,240248000
2017-12-29,4.783902645111084,4.9065288493556105,4.783902645111084,4.9065288493556105,279964000
2018-01-02,4.928531646728516,4.932240418686014,4.808625375326003,4.840270419003538,355616000
2018-01-03,5.252898693084717,5.283308271761449,5.037314076259116,5.045967093389714,914704000
2018-01-04,5.280587673187256,5.390852561261847,5.258336925821881,5.334236844096128,583268000
2018-01-05,5.325337886810303,5.362669410950492,5.218534182020632,5.295422965695073,580124000
2018-01-08,5.488509654998779,5.562678513220074,5.4039567039345675,5.448952867740209,881216000
2018-01-09,5.487026214599609,5.533505416633515,5.40544028091156,5.493948628878952,497000000
2018-01-10,5.530045032501221,5.533506240156006,5.340172328710748,5.394562802079392,582664000
2018-01-11,5.539933204650879,5.594076571296828,5.51842373734853,5.562678143613948,406032000
2018-01-12,5.5127387046813965,5.562432024288863,5.472193064061473,5.528067043934403,359916000
2018-01-16,5.441781997680664,5.624732226719882,5.357229531998501,5.5391909122510885,702348000
2018-01-17,5.555756568908691,5.565645530782648,5.362422672309141,5.456369932105361,538408000
2018-01-18,5.548834800720215,5.603225276250291,5.5053221373636365,5.53647300749461,408632000
2018-01-19,5.6890130043029785,5.713241453808726,5.612124694118849,5.639072596102207,609380000
2018-01-22,5.777521133422852,5.779251736893939,5.639319478519338,5.696924053294426,550944000
2018-01-23,5.906576156616211,5.929321098289492,5.812381333897702,5.830923313653374,475228000
2018-01-24,5.829687118530273,5.94563802891413,5.77406023855731,5.909789542758876,579972000
2018-01-25,5.843284606933594,5.927342895011972,5.828450930082728,5.884077336161995,409884000
2018-01-26,6.0158514976501465,6.016098592001294,5.874188628015064,5.88704460758633,516356000
2018-01-29,6.102875709533691,6.1340270420813825,5.9486044420742274,6.001264298261663,455116000
2018-01-30,6.000770568847656,6.092245939857234,5.894214425207659,5.960966684737286,570832000
2018-01-31,6.076916694641113,6.162705581597857,6.0435405698559705,6.076174940105346,478576000
2018-02-01,5.9458842277526855,6.104111826017726,5.885560206427219,5.896932675059915,519224000
2018-02-02,5.773317337036133,5.883335131817482,5.715218581987567,5.859353781027756,718464000
2018-02-05,5.283308982849121,5.7661492899389,5.068218525736487,5.612125092729859,1165204000
2018-02-06,5.577017784118652,5.57998433084788,5.0434948941007605,5.05338432630635,1114800000
2018-02-07,5.656625747680664,5.809166896904459,5.604707641396188,5.67590995255354,802932000
2018-02-08,5.377748966217041,5.8153458548161865,5.377501400387581,5.78221730284882,1144000000
2018-02-09,5.7377166748046875,5.9060803263000325,5.3777497744673575,5.890257802318756,1674604000
2018-02-12,5.637588024139404,5.821774661949401,5.563419180414873,5.8188076441301755,1093172000
2018-02-13,5.751316070556641,5.7975481843109264,5.568859974043135,5.60124725742038,625524000
2018-02-14,5.968629837036133,5.997555905547845,5.699890712604371,5.7110160872970255,744988000
2018-02-15,6.0942230224609375,6.140455127802304,5.971102609330808,6.051946784316371,698900000
2018-02-16,6.028460502624512,6.180754091033498,6.019312824355167,6.067028442104457,637656000
2018-02-20,6.158009052276611,6.226986100852342,6.047249480483804,6.050958253536445,686240000
2018-02-21,5.970854759216309,6.229457834989471,5.96714645808926,6.222535421390149,892292000
2018-02-22,5.990397930145264,6.076487375000942,5.9248413831604765,6.004746328236906,534364000
2018-02-23,6.08390998840332,6.08390998840332,5.999552209456847,6.050265870358884,415300000
2018-02-26,6.099989891052246,6.134623471587733,6.037648974241224,6.130170650068477,469312000
2018-02-27,6.087126731872559,6.157631085537884,6.064119933808233,6.073272825968691,455436000
2018-02-28,5.986688137054443,6.137591933903856,5.975060879540058,6.09801056372888,523116000
2018-03-01,5.744499206542969,6.038391083821471,5.643319137357673,5.984461315186211,1040120000
2018-03-02,5.8516154289245605,5.8580476484197295,5.488208711013022,5.636886312705319,913428000
2018-03-05,5.829598903656006,5.869180270679983,5.677952431461967,5.801397073485821,620776000
2018-03-06,5.990644454956055,6.009940639280906,5.871900374877237,5.914945092109632,636808000
2018-03-07,5.982730388641357,6.034928484845222,5.886498096441713,5.887734807945896,581208000
2018-03-08,5.966403961181641,6.010190915859192,5.922122038719342,6.010190915859192,411912000
2018-03-09,6.069066524505615,6.08193002057617,5.997819969257524,6.013899575269276,505524000
2018-03-12,6.178657054901123,6.258809249903008,6.102215465492341,6.110379364013688,605060000
2018-03-13,6.127943992614746,6.2959178016109165,6.086630943949415,6.22145513174335,619772000
2018-03-14,6.153425216674805,6.198201627277066,6.091084294558158,6.170989256342004,505496000
2018-03-15,6.168266773223877,6.249408428850852,6.126211514484495,6.16703006201702,401952000
2018-03-16,6.196470737457275,6.215519210799486,6.146993778881167,6.18459622965123,399456000
2018-03-19,5.961948871612549,6.168514090312586,5.862995459305732,6.139570518015361,713772000
2018-03-20,6.174205303192139,6.213044460247804,5.964918429506009,5.964918429506009,554696000
2018-03-21,6.148972511291504,6.234072512210338,6.118544029357242,6.167773262790552,438688000
2018-03-22,5.982977390289307,6.13214998819366,5.9456226647565025,6.085641899256775,551196000
2018-03-23,5.763299942016602,5.999056457255399,5.752167653428224,5.996582562919416,735620000
2018-03-26,6.048038482666016,6.049275193920681,5.835783254093983,5.887733620037756,611424000
2018-03-27,5.578999996185303,6.18459558449469,5.4387335079957335,6.128934129864798,1409000000
2018-03-28,5.475841045379639,5.67473738103299,5.368229213181982,5.544613718812532,945904000
2018-03-29,5.729162693023682,5.825889491705469,5.45976150613532,5.544119301028524,916628000
2018-04-02,5.468419075012207,5.804861211799618,5.380597934610169,5.658657476410285,922092000
2018-04-03,5.574794769287109,5.698486688679941,5.47584132814229,5.635404017402377,667432000
2018-04-04,5.5968122482299805,5.6072023244283224,5.294014191523086,5.3189999183591805,789168000
2018-04-05,5.476582050323486,5.668304378728764,5.4050882498799,5.655193163416321,701240000
2018-04-06,5.300199031829834,5.482026320609433,5.271007728689748,5.373919505434089,662988000
2018-04-09,5.328895568847656,5.4911794073670555,5.308857160046402,5.3632819086752965,499524000
2018-04-10,5.638124465942383,5.665089116084822,5.502063088259853,5.559208970692893,761676000
2018-04-11,5.5968122482299805,5.664595463319572,5.564157588221694,5.623282406479335,460244000
2018-04-12,5.803624629974365,5.821436390930149,5.645546372128949,5.689828290648072,593920000
2018-04-13,5.726935386657715,5.875613022202001,5.678695616848717,5.867201874107248,503036000
2018-04-16,5.726687431335449,5.760084299811818,5.632434078425284,5.733614147299692,350792000
2018-04-17,5.876353740692139,5.897628853438739,5.723223322184177,5.778884762339266,447224000
2018-04-18,5.847410202026367,5.918656757203468,5.758352361940327,5.82588783955547,391364000
2018-04-19,5.666079521179199,5.766517398019447,5.610665780493406,5.733120521725171,471996000
2018-04-20,5.65791654586792,5.741779379344047,5.626746314231516,5.657421578066124,386200000
2018-04-23,5.538429260253906,5.726935521966214,5.512454071565692,5.675727360244763,427508000
2018-04-24,5.472128868103027,5.660140106673841,5.406819571883442,5.564155560789982,414596000
2018-04-25,5.359816551208496,5.481529502672807,5.20248056157128,5.442442635165923,588492000
2018-04-26,5.571577072143555,5.579740970535124,5.455554118762364,5.521605633982791,375824000
2018-04-27,5.599038124084473,5.697249818657661,5.556735605846674,5.677459130979078,400848000
2018-04-30,5.563662052154541,5.665089380551641,5.544366333142125,5.61536517991178,327844000
2018-05-01,5.619075775146484,5.621796917660815,5.496867835131047,5.555498146454636,253788000
2018-05-02,5.5985426902771,5.660140918146858,5.5723197857763305,5.615612232215377,268248000
2018-05-03,5.763795375823975,5.790018282575462,5.5851842335823045,5.630455610789167,443144000
2018-05-04,5.9139580726623535,5.917174183353301,5.717782870070184,5.7350996632564755,400660000
2018-05-07,6.1519389152526855,6.209084782474681,6.00870361134544,6.0185991875307545,687616000
2018-05-08,6.194491386413574,6.197212529298162,6.10320640880285,6.152188396267077,506616000
2018-05-09,6.327583312988281,6.3298099599466715,6.187316822637004,6.214529194619265,596760000
2018-05-10,6.435194969177246,6.444347860329408,6.362711224455021,6.38052298278593,994080000
2018-05-11,6.296658515930176,6.426782613035466,6.197952827714176,6.2533665474143865,1214456000
2018-05-14,6.317192554473877,6.394624087913714,6.2934440153883,6.334757064764962,523140000
2018-05-15,6.074755668640137,6.256335638904531,5.974317826148298,6.253614024914683,963528000
2018-05-16,6.085887908935547,6.147981097524908,5.999303497560304,6.036163719751042,553828000
2018-05-17,6.127943992614746,6.221702379647557,6.071540328544249,6.087620407413383,519784000
2018-05-18,6.084157466888428,6.243225171930542,6.079209677381901,6.1798952592662815,483716000
2018-05-21,6.042101860046387,6.185337196830497,5.9493329353274635,6.1816265908328285,640624000
2018-05-22,6.004005432128906,6.080694284307306,5.943396188540577,6.05546131205039,518264000
2018-05-23,6.1275248527526855,6.1287628009439,5.94707053300779,5.947813207494739,442956000
2018-05-24,6.1312384605407715,6.17356760620898,6.070592212062383,6.1238126590922075,437372000
2018-05-25,6.170597076416016,6.18693450104351,6.108218076277748,6.143863151765477,292112000
2018-05-29,6.153517246246338,6.221590245286395,6.106732994097086,6.152527170792134,352684000
2018-05-30,6.26243257522583,6.271096324244064,6.162427888193122,6.187181659161896,390996000
2018-05-31,6.2426300048828125,6.317138722779872,6.219856855361887,6.230500755573351,493868000
2018-06-01,6.377042770385742,6.383231568042655,6.278770820286163,6.287434570439075,421968000
2018-06-04,6.556013107299805,6.578043586823855,6.3790242357097675,6.411203815935667,642024000
2018-06-05,6.561458110809326,6.599083811090331,6.514425985458069,6.559230086922034,391712000
2018-06-06,6.563436985015869,6.566655083736314,6.455015953037363,6.471353375282602,371356000
2018-06-07,6.507742881774902,6.571607234441996,6.417391531749834,6.559725384611143,369448000
2018-06-08,6.492395401000977,6.534971477875245,6.416153926237636,6.434966776067771,360456000
2018-06-11,6.451303482055664,6.521356151249096,6.438431558456218,6.47977015445347,265372000
2018-06-12,6.499820232391357,6.511949480997829,6.4275395423305595,6.47778975869628,319160000
2018-06-13,6.495365619659424,6.576310070715226,6.486206595581126,6.5013065444481875,338208000
2018-06-14,6.607004165649414,6.663690110712842,6.525564448253936,6.540416994936527,430016000
2018-06-15,6.566161155700684,6.621114357436662,6.518881629026692,6.549823730107257,432260000
2018-06-18,6.561954021453857,6.579528924871867,6.494871563162496,6.522100293417708,356268000
2018-06-19,6.440164089202881,6.526059377209481,6.312682805815575,6.458729063366877,594932000
2018-06-20,6.493137359619141,6.546109931009988,6.442887141291563,6.481255511337796,369780000
2018-06-21,6.364418983459473,6.543387989980937,6.356745308413323,6.525070413486416,359516000
2018-06-22,6.211936950683594,6.398580132048667,6.196590070456049,6.385212930910311,434160000
2018-06-25,5.919100284576416,6.109208465259689,5.830482156875028,6.105495564243447,665816000
2018-06-26,5.990142345428467,6.080741085711662,5.938654650262679,6.03247148952847,478884000
2018-06-27,5.834936141967773,6.100047778173687,5.829490020204329,6.033708018931398,453892000
2018-06-28,5.962170600891113,5.974052448646908,5.817361348593089,5.825035022262918,338012000
2018-06-29,5.864145278930664,6.039896130994587,5.8629073308801605,6.027272082568057,392300000
2018-07-02,5.996331214904785,6.000044115536288,5.774043007984825,5.794588606138498,357572000
2018-07-03,5.862660884857178,6.036926888634016,5.854244536442996,6.030985964585119,222732000
2018-07-05,6.008459568023682,6.013409944080932,5.878997673314478,5.917860840162393,306216000
2018-07-06,6.12232780456543,6.130744154216776,5.962666450577031,5.983954725536616,296352000
2018-07-09,6.169851779937744,6.206239986694157,6.0911353886226,6.196586165366441,303880000
2018-07-10,6.268868446350098,6.29089891893234,6.1418819714412916,6.182230488541349,360016000
2018-07-11,6.1272783279418945,6.210698201105286,6.11663395495908,6.176043201019297,367508000
2018-07-12,6.218866348266602,6.26688854420968,6.162675676509351,6.172577374375072,345508000
2018-07-13,6.171587944030762,6.237432924767739,6.129506664761962,6.237432924767739,246988000
2018-07-16,6.143864631652832,6.196837692077683,6.131487977826765,6.143864631652832,197036000
2018-07-17,6.279759407043457,6.2948593520955205,6.069105683576071,6.094602126347052,362136000
2018-07-18,6.230501174926758,6.286197048460998,6.179508749806437,6.272335048317182,277640000
2018-07-19,6.2386698722839355,6.272335270556275,6.196589068721484,6.211688545639296,235752000
2018-07-20,6.210450649261475,6.275057671624511,6.199558875725473,6.236194497881875,222352000
2018-07-23,6.173815727233887,6.185697577504424,6.022075443652956,6.183964827345763,301584000
2018-07-24,6.156486988067627,6.308474641936027,6.138911617034922,6.221836679279951,354620000
2018-07-25,6.234707832336426,6.24733235316905,6.107968766768293,6.16589265000363,319112000
2018-07-26,6.3082275390625,6.345110563301713,6.197826339304394,6.214659037881903,325124000
2018-07-27,6.23842191696167,6.351793808808183,6.184458796329842,6.34486280910675,295420000
2018-07-30,6.043116092681885,6.258473322404388,6.00821321783401,6.252532397491154,340340000
2018-07-31,6.061187744140625,6.13594388935123,5.993857874914594,6.0327210610750805,283988000
2018-08-01,6.101037979125977,6.147822691981243,6.037173642616299,6.09262210375238,283556000
2018-08-02,6.2037672996521,6.207727601359724,5.970835176504149,6.029748677586334,269668000
2018-08-03,6.240401268005371,6.264164962301577,6.211439796738114,6.228272020082191,214288000
2018-08-06,6.288177013397217,6.291642513330718,6.181241317084065,6.227778165373638,207508000
2018-08-07,6.360457897186279,6.379023345740433,6.310208146674644,6.336942071538125,258132000
2018-08-08,6.396843910217285,6.441895870579155,6.326791253938566,6.361694117770964,262100000
2018-08-09,6.348328590393066,6.41739118966231,6.340654915792154,6.414668364250174,204280000
2018-08-10,6.306988716125488,6.339416157975717,6.255253627336859,6.266392799690204,256396000
2018-08-13,6.339912414550781,6.460710588509444,6.3139211638074855,6.315653913857038,375208000
2018-08-14,6.471353530883789,6.485463402153292,6.362189821795851,6.445362283991163,466220000
2018-08-15,6.413181781768799,6.526058374849984,6.334464905872668,6.492145586278049,591136000
2018-08-16,6.37258768081665,6.485464786511278,6.3124362268032534,6.482989361687553,801260000
2018-08-17,6.0601959228515625,6.261938543667501,6.033214125043516,6.261195869069054,1143188000
2018-08-20,6.134951591491699,6.267631130478663,5.909197888005959,6.019599551386734,854388000
2018-08-21,6.27060079574585,6.275056370133156,6.131485081724465,6.151288001776048,673988000
2018-08-22,6.505760669708252,6.510711517951717,6.234460701482852,6.237926200825502,749856000
2018-08-23,6.605271816253662,6.670621514774874,6.453284145386549,6.467146145419659,720684000
2018-08-24,6.73844575881958,6.753050431540471,6.609231727820069,6.613687302658173,531512000
2018-08-27,6.829539775848389,6.9038006207522615,6.736713483649078,6.768150382655216,505776000
2018-08-28,6.791913986206055,6.846372379049316,6.671858498862244,6.823598757718386,475384000
2018-08-29,6.897424221038818,6.922439074905445,6.763433452796604,6.784237829588971,420108000
2018-08-30,6.880581378936768,6.977421393707401,6.843678179797916,6.866216251597537,346608000
2018-08-31,6.951663494110107,6.964542459825396,6.850613002375618,6.860520117109178,306592000
2018-09-04,7.02646017074585,7.064105976684454,6.910053940228386,6.938536185117473,391720000
2018-09-05,6.895689487457275,7.0442929090346285,6.814700757330836,7.008875869664056,393156000
2018-09-06,6.754513740539551,6.88181719213677,6.721573492955746,6.879340414306828,322796000
2018-09-07,6.733216285705566,6.858786077065272,6.617553136187918,6.66238174160701,295420000
2018-09-10,6.8042988777160645,6.83401975233547,6.711917338819199,6.755755333634524,220140000
2018-09-11,6.756496429443359,6.845658082310702,6.737177748517391,6.757982118439867,243112000
2018-09-12,6.642568111419678,6.736188264207356,6.487029910654714,6.716622043892023,419092000
2018-09-13,6.720337390899658,6.810985219630127,6.6911120649443445,6.708449042647122,305536000
2018-09-14,6.846402168273926,6.912530691235202,6.773834398989934,6.81073759636974,386936000
2018-09-17,6.784483432769775,6.869930630817947,6.765165223365851,6.820891554180493,205528000
2018-09-18,6.712412357330322,6.891231731163302,6.705725573942201,6.788448005073297,299520000
2018-09-19,6.73618745803833,6.7540199784345045,6.643805941808614,6.6938356354449295,224860000
2018-09-20,6.595015048980713,6.65643755096063,6.541022410264526,6.614085724206859,430584000
2018-09-21,6.524923324584961,6.652474816805509,6.491735532568908,6.606903132517118,435128000
2018-09-24,6.580649375915527,6.584116771123281,6.406783598502202,6.493964023324514,293912000
2018-09-25,6.647769927978516,6.672784780511723,6.561084556900463,6.646779310907488,280388000
2018-09-26,6.610865592956543,6.69309293692581,6.595014777741767,6.6527223457164295,268548000
2018-09-27,6.622755527496338,6.667336605516448,6.591301425655845,6.646036683645038,214428000
2018-09-28,6.960084438323975,6.982374975561883,6.726777350617428,6.754764526446273,709396000
2018-10-01,7.166642189025879,7.233513316592928,6.999215652993143,7.037852545923775,622060000
2018-10-02,7.09531307220459,7.250850799273947,7.073022537327065,7.139151061144093,383964000
2018-10-03,7.101504325866699,7.173081474532593,6.997481993925633,7.165651139252094,320552000
2018-10-04,6.917237281799316,7.089616926258841,6.840211021337104,7.0653451557867974,391220000
2018-10-05,6.683681011199951,6.95463432372686,6.626220982416748,6.892468746814339,426636000
2018-10-08,6.582383632659912,6.715878831895351,6.441458097749331,6.600463690978605,408612000
2018-10-09,6.576688289642334,6.656438396168938,6.5088260603266175,6.561827616433509,273500000
2018-10-10,6.085058689117432,6.516503829718721,6.082829446452293,6.470684129980975,684940000
2018-10-11,5.823516368865967,6.131372910944792,5.8019689146256965,5.9978772367144995,725436000
2018-10-12,6.106109142303467,6.18041107223223,5.935463231605909,6.080599224013442,608236000
2018-10-15,5.829708099365234,6.092736036089197,5.828717482398618,6.092736036089197,449760000
2018-10-16,6.088525772094727,6.099671040053119,5.8931125147950025,5.942399135483466,408712000
2018-10-17,6.019920349121094,6.18883306305501,5.9708812655397425,6.150691238671365,329668000
2018-10-18,5.932492256164551,6.127657985060296,5.87206036511888,6.08926909465541,524020000
2018-10-19,5.675902843475342,6.007288030940109,5.639495194692938,5.9877222855493,613608000
2018-10-22,5.726675510406494,5.82822105628428,5.6238918116069945,5.728161671830268,368844000
2018-10-23,5.475040912628174,5.552562229560125,5.36730318446275,5.459437162402221,626436000
2018-10-24,4.938831329345703,5.483214812828313,4.924961746632418,5.436652507320217,884288000
2018-10-25,5.147618770599365,5.194924153964966,4.7969148673493285,4.841248399920005,951720000
2018-10-26,4.911091327667236,5.073316288477235,4.783044773124897,4.911586399881422,664784000
2018-10-29,4.597291469573975,5.0557326727108505,4.359278374475803,5.052265277008594,758016000
2018-10-30,5.027744770050049,5.037651883419425,4.597290803449994,4.620324416876345,807192000
2018-10-31,5.221672534942627,5.265262985331463,5.052759834934126,5.192447210599568,745772000
2018-11-01,5.401978015899658,5.411389585008951,5.131519762566331,5.2580801646965245,566528000
2018-11-02,5.322970867156982,5.4983228235564425,5.2063170990310255,5.392566786769668,452960000
2018-11-05,5.2449541091918945,5.3331256339925455,5.084214812320023,5.309844009169884,379332000
2018-11-06,5.22736930847168,5.321236993864527,5.190218103167157,5.237028413996088,299012000
2018-11-07,5.294984340667725,5.384641563731165,5.230341970352969,5.293993723588164,483812000
2018-11-08,5.101799011230469,5.236532347680313,5.048301450984281,5.235789266960584,511352000
2018-11-09,5.093872547149658,5.184272817721568,4.9792005137058295,5.012883843952159,413240000
2018-11-12,4.6943793296813965,5.024526441101933,4.672583864639357,5.002483439892698,617116000
2018-11-13,4.9363555908203125,5.057714937530893,4.7860184470364615,4.792210631250156,644712000
2018-11-14,4.883848190307617,5.123842523624307,4.775863376941356,5.109477395863765,526580000
2018-11-15,5.012637138366699,5.084709830686116,4.84199074456194,4.877903322661585,840708000
2018-11-16,4.072473526000977,4.226773081483235,4.002629606476951,4.0449819011066905,1963520000
2018-11-19,3.5838160514831543,4.007830506654468,3.5820823540036764,4.0070878983608065,1697820000
2018-11-20,3.6922974586486816,3.820591581853612,3.3017184503451458,3.3202938196294576,1692032000
2018-11-21,3.58406400680542,3.846348846272988,3.556820152341425,3.829507177902595,1025496000
2018-11-23,3.591247081756592,3.704928536609855,3.536511592701165,3.5493905590905155,411968000
2018-11-26,3.7906224727630615,3.801024658101046,3.629883199844872,3.712358074222166,814832000
2018-11-27,3.807464838027954,3.888701338160336,3.728705116629768,3.764617463481125,738060000
2018-11-28,3.964487791061402,3.969688883134327,3.792603271780172,3.925107823996623,804524000
2018-11-29,3.9012691974639897,4.00390796939808,3.8710230212910366,3.966720063377888,549172000
2018-11-30,4.051756858825684,4.062417237761142,3.8606103158096103,3.910938095276004,729564000
2018-12-03,4.21563196182251,4.3306670254902615,4.148693442717484,4.27909961576816,890804000
2018-12-04,3.895071029663086,4.1759642314845555,3.8799477061600034,4.171005718250445,812112000
2018-12-06,3.924325466156006,3.9292837427914833,3.738881285864784,3.7545001764536754,692308000
2018-12-07,3.6595473289489746,3.938705371196474,3.6102113925964496,3.928540559604419,681676000
2018-12-10,3.7649130821228023,3.7897051766590977,3.610954690480573,3.6146735755914983,629472000
2018-12-11,3.673927068710327,3.8648253732087,3.594840516813087,3.856644013923984,671912000
2018-12-12,3.6915283203125,3.787721150214742,3.5903769776801417,3.67962807890814,654136000
2018-12-13,3.6912803649902344,3.802596518815194,3.6553320928045623,3.738385291014789,471384000
2018-12-14,3.630788326263428,3.733427091264943,3.607235861276153,3.649630061818323,471820000
2018-12-17,3.5596354007720947,3.67293478878222,3.5016220682361747,3.600790212603076,662868000
2018-12-18,3.6429362297058105,3.726981040116141,3.5762457421556,3.6035168547122054,564372000
2018-12-19,3.4339401721954346,3.6627704349992536,3.3823727623878184,3.609219572339438,745364000
2018-12-20,3.3493988513946533,3.51550525020698,3.2896500951215173,3.425510321904588,749588000
2018-12-21,3.212299346923828,3.4088999594373757,3.1847802121194433,3.375926507147233,863740000
2018-12-24,3.1505682468414307,3.222465056586054,3.086604777075731,3.1359409591518523,463840000
2018-12-26,3.2998151779174805,3.300806786003362,3.085612226661851,3.1966803710681195,695100000
2018-12-27,3.2519664764404297,3.2819648676628312,3.103462405351536,3.2475040035457465,637044000
2018-12-28,3.313450813293457,3.40617303143989,3.2306456223341833,3.27254402188619,628728000
2018-12-31,3.309731960296631,3.389314065222245,3.278989745357333,3.3568366543541996,465140000
2019-01-02,3.3771660327911377,3.4331959088077877,3.22419949194613,3.2388267751101627,508752000
2019-01-03,3.173128128051758,3.350886775601996,3.1656905940167737,3.3169217137144797,705552000
2019-01-04,3.376422166824341,3.4146016756137247,3.215522065273659,3.2462640411921755,585620000
2019-01-07,3.55517315864563,3.5921132835916265,3.3823727782146125,3.433692404427686,709160000
2019-01-08,3.466665029525757,3.638969576320197,3.394024420567132,3.6367381035703574,786016000
2019-01-09,3.5348432064056396,3.582195919323559,3.4674088935532117,3.5179844508663427,617260000
2019-01-10,3.600541591644287,3.609218752586293,3.455012598727183,3.515505177977728,523156000
2019-01-11,3.689793586730957,3.712602229451064,3.5504624735758616,3.578229393529933,874764000
2019-01-14,3.729708433151245,3.754996332020921,3.613929790189277,3.637482256608825,730168000
2019-01-15,3.7155768871307377,3.8018529349791064,3.69723071955572,3.762433559468091,617012000
2019-01-16,3.690041065216065,3.7758213112496786,3.684586984353502,3.742848096532631,470104000
2019-01-17,3.761441707611084,3.801356884561018,3.6297961716015745,3.6570675191834106,493436000
2019-01-18,3.890608787536621,3.916640512270986,3.759707048808256,3.8112744577460855,651336000
2019-01-22,3.6883063316345215,3.87201512141612,3.658060151618433,3.86036289677271,661552000
2019-01-23,3.701198101043701,3.832347866819182,3.669960313469122,3.7435925453113,591020000
2019-01-24,3.9131693840026855,3.930771492182378,3.781028025703517,3.78573851895067,708972000
2019-01-25,3.970438003540039,3.988536149250462,3.751029018881535,3.853667772498338,1154572000
2019-01-28,3.421543836593628,3.511538775931837,3.2477520997881224,3.38534753923327,2511528000
2019-01-29,3.262627124786377,3.4237752648008613,3.247999841171022,3.375430704579049,1153932000
2019-01-30,3.406172513961792,3.420551775615729,3.259155871049647,3.3387382052306096,974228000
2019-01-31,3.563850164413452,3.599550659300803,3.3811330006037914,3.4029500353779913,842852000
2019-02-01,3.5881459712982178,3.639217571453608,3.5348433711332614,3.5824438700656303,625048000
2019-02-04,3.6984705924987793,3.7356584977000353,3.5819481270012767,3.6040129444490905,528592000
2019-02-05,3.717560052871704,3.754252151089736,3.676653265836587,3.710370303503436,542424000
2019-02-06,3.7931759357452393,3.8576351905941415,3.7453274168733377,3.7507814978286778,702464000
2019-02-07,3.654836416244507,3.7490460412380697,3.6119464109925055,3.746814804822117,637120000
2019-02-08,3.6734306812286377,3.684091059486308,3.5732709327499834,3.5876501960683105,461604000
2019-02-11,3.630788326263428,3.6835951208731545,3.582443767980608,3.6293006777195345,495180000
2019-02-12,3.7478063106536865,3.763425438009055,3.6548363165244897,3.669215815585946,591060000
2019-02-13,3.79020094871521,3.8633373669012743,3.763673421971473,3.777309097494787,605372000
2019-02-14,3.8311071395874023,3.8593700943270304,3.746070491596269,3.789208747892254,827264000
2019-02-15,3.900773286819458,4.062664778284348,3.877964645186721,4.039856373086544,1516748000
2019-02-19,3.8834195137023926,3.9639937182747698,3.8710237004773944,3.890113460906675,551892000
2019-02-20,3.930771350860596,3.997957645844248,3.901517020739179,3.9126732028340383,540988000
2019-02-21,3.8618500232696538,3.967959665754317,3.8472227384773094,3.943415826169995,448548000
2019-02-22,3.9466381072998047,3.965480078870193,3.9000292188340384,3.913664893486544,401740000
2019-02-25,3.934242248535156,4.097621376367747,3.925564850678126,4.03018730106737,656020000
2019-02-26,3.894822597503662,3.9855613467508366,3.861353346017959,3.9295314771667873,488464000
2019-02-27,3.852925300598145,3.906971733173809,3.7959035704030306,3.8804444392283792,500256000
2019-02-28,3.828355073928833,3.8690559817245687,3.80601947832275,3.846720149439891,324944000
2019-03-01,3.8827061653137207,3.924895786418245,3.819917693709132,3.878238856325306,357188000
2019-03-04,3.8908958435058594,3.944005341336765,3.834311666926963,3.9211731920186,409992000
2019-03-05,3.884443044662475,3.922661905165011,3.820909987702736,3.875260388297741,362924000
2019-03-06,3.773508310317993,3.883946327742124,3.770778459449249,3.875508499293919,403524000
2019-03-07,3.704267978668213,3.7596112541016375,3.6581073609446326,3.749932281292625,450104000
2019-03-08,3.738516330718994,3.749187933745592,3.5935816709617354,3.614924877014932,422416000
2019-03-11,3.999099731445313,4.0219316406329035,3.7149386955701456,3.762092168923421,859728000
2019-03-12,4.033348083496094,4.079756492853326,3.9507053669074703,4.0268952786862915,579576000
2019-03-13,4.184735298156738,4.2140200156985275,4.06337739512096,4.070822830775678,768900000
2019-03-14,4.108792781829834,4.205829570513756,4.101099308625447,4.193917065335535,519384000
2019-03-15,4.214267253875732,4.256953174659468,4.148500442206128,4.151974883122909,661484000
2019-03-18,4.1929240226745605,4.299639533800837,4.16587261287947,4.245785226672027,486992000
2019-03-19,4.360691070556641,4.405114692761736,4.270603630402509,4.2874792863060325,854972000
2019-03-20,4.328181266784668,4.44308637144721,4.293436371576382,4.389728595971831,719148000
2019-03-21,4.564939975738525,4.591246802463729,4.346297702344163,4.35126132600661,824312000
2019-03-22,4.405114650726318,4.586282632615262,4.391216884812334,4.537640451916316,747644000
2019-03-25,4.3127946853637695,4.4286924300929424,4.246531765619962,4.364415244165796,525212000
2019-03-26,4.389479637145996,4.51058900985758,4.333143509682086,4.454501394895716,703508000
2019-03-27,4.380297660827637,4.461450969360857,4.310808820912816,4.415042554142267,474372000
2019-03-28,4.398911952972412,4.464678325754755,4.345802208245104,4.40635691692071,480264000
2019-03-29,4.456238269805908,4.4805598314759,4.415289566289316,4.465668963508858,456896000
2019-04-01,4.523744106292725,4.554021459162338,4.4763425798006855,4.548065204278134,483824000
2019-04-02,4.541611194610596,4.586034818572296,4.504881518137105,4.5478159604328825,440920000
2019-04-03,4.68108606338501,4.740152047019069,4.586283031911772,4.591246655415244,783504000
2019-04-04,4.672152519226074,4.714590416904225,4.609364046586918,4.665699713172194,457376000
2019-04-05,4.738911151885986,4.756283835055177,4.67885300844419,4.715334649049337,481744000
2019-04-08,4.759757995605469,4.784823678760386,4.6843124336172295,4.708385486749751,424192000
2019-04-09,4.696969509124756,4.737422140827427,4.654779656551858,4.726254224753506,439972000
2019-04-10,4.767451286315918,4.793261561895307,4.691758153919017,4.696225225969831,444772000
2019-04-11,4.753553867340088,4.801451940864966,4.704167085260483,4.769933448300097,374600000
2019-04-12,4.715583801269531,4.796241049699818,4.706897694313326,4.792270055080984,471708000
2019-04-15,4.583802223205566,4.712853622392226,4.544094173203101,4.707889997802594,440092000
2019-04-16,4.6709113121032715,4.68977270489064,4.590254551042735,4.623013712545587,394964000
2019-04-17,4.6480793952941895,4.7267508960104765,4.625743560344529,4.705904242952725,351004000
2019-04-18,4.623509407043457,4.688779685433278,4.595713871920384,4.654779857414121,380988000
2019-04-22,4.677363872528076,4.69299886151223,4.5684150280058,4.599933045157507,279936000
2019-04-23,4.731961727142334,4.763232174587185,4.680837733630485,4.690516467511366,346856000
2019-04-24,4.74437141418457,4.785072088397006,4.681582945174319,4.742385680628854,318204000
2019-04-25,4.638648986816406,4.726503150176021,4.558984851013382,4.704167313840032,499296000
2019-04-26,4.41975736618042,4.489246674747815,4.30088128210903,4.484779129606712,868988000
2019-04-29,4.450531959533691,4.478327497963614,4.355480401234242,4.427699571996782,391920000
2019-04-30,4.491976261138916,4.517538021147229,4.39915849573698,4.4182679242945175,362920000
2019-05-01,4.478823184967041,4.58653134894412,4.478574672452426,4.544341497677258,354280000
2019-05-02,4.546327114105225,4.588020416968985,4.445319786317039,4.488502270956563,394684000
2019-05-03,4.541860103607178,4.564692015477626,4.480312305186082,4.554765241338322,336824000
2019-05-06,4.463437557220459,4.475598106533134,4.318254609803516,4.355480848791321,422176000
2019-05-07,4.296165466308594,4.415041530876594,4.248019367893642,4.415041530876594,555220000
2019-05-08,4.316268444061279,4.396429121036192,4.256706379500316,4.26861888708395,419168000
2019-05-09,4.223699569702148,4.256955287379729,4.104823928857741,4.247276550501877,660248000
2019-05-10,4.189698219299316,4.258442929575115,4.07007755730806,4.192924621544337,569500000
2019-05-13,3.9323408603668217,4.080749939884971,3.9164575961922776,4.057669516159789,656912000
2019-05-14,4.021435260772705,4.056676225230183,3.9333328496290094,3.9720480186914617,524880000
2019-05-15,3.9603848457336426,3.9968664867634978,3.90653075801096,3.9658445479217614,502320000
2019-05-16,3.975522756576538,4.018209158407917,3.9124864938264,3.954924383149612,781088000
2019-05-17,3.884690999984741,4.06288110796303,3.845231234428484,3.933581697554699,1022068000
2019-05-20,3.766063451766968,3.8410124679471944,3.741245805830737,3.785917473844507,572064000
2019-05-21,3.848209142684937,3.864092406656991,3.788150765280584,3.82686617683523,361848000
2019-05-22,3.777231931686402,3.835553100645876,3.7663120522413505,3.809494781540147,325868000
2019-05-23,3.656121253967285,3.714938721475612,3.5963109198118848,3.714938721475612,591844000
2019-05-24,3.6022675037384033,3.710223714778292,3.5955666591393607,3.6749827441966216,357584000
2019-05-28,3.5570998191833496,3.652647452410576,3.555114322219888,3.619888290924512,428356000
2019-05-29,3.4828953742980957,3.544442703052247,3.4481507160128766,3.509450005571907,559800000
2019-05-30,3.456310272216797,3.5219033772699504,3.4180475486195356,3.486125298427434,394300000
2019-05-31,3.3656227588653564,3.474696203369739,3.3638835548623973,3.4073638918851503,389720000
2019-06-03,3.3238821029663086,3.415563277116883,3.294563955112986,3.376803667722783,478644000
2019-06-04,3.5529606342315674,3.558178245912716,3.365871106712142,3.3879838757820697,641836000
2019-06-05,3.510225534439087,3.632218832975695,3.473950577102758,3.6267526623672257,511616000
2019-06-06,3.572340488433838,3.596937902553327,3.5119649958724777,3.514449640599399,408140000
2019-06-07,3.6150753498077393,3.649362546323389,3.559172028702184,3.5783035085876738,348856000
2019-06-10,3.6878743171691895,3.756448956237812,3.6712274797818214,3.6712274797818214,402780000
2019-06-11,3.745515823364258,3.785517746959614,3.706011018229893,3.7477519086437514,383872000
2019-06-12,3.63246750831604,3.70824751565187,3.617311554238628,3.702035903686525,358892000
2019-06-13,3.683650493621826,3.702036298322122,3.636940067068439,3.65458066781247,308080000
2019-06-14,3.593708038330078,3.614827045911955,3.548985615235168,3.5904781895451867,394428000
2019-06-17,3.603398084640503,3.6404184879933794,3.56911064850605,3.5919688602794255,276040000
2019-06-18,3.7984378337860103,3.853844035260928,3.6538348796125057,3.664766984360565,581920000
2019-06-19,3.804401397705078,3.845148532930124,3.778313099230887,3.833719545104363,331644000
2019-06-20,3.828749418258667,3.90900158562251,3.8143389069871008,3.8950879558501375,350168000
2019-06-21,3.770609855651855,3.863036682041209,3.764149922542619,3.813841861505192,434428000
2019-06-24,3.792971611022949,3.822538313320386,3.74477054797526,3.79197784795457,282948000
2019-06-25,3.7636542320251465,3.872976247997893,3.760921264557908,3.7979416712811953,311868000
2019-06-26,3.956954717636109,4.018075890767459,3.8781934191471903,3.891113287983365,584072000
2019-06-27,4.055593490600586,4.074724737198405,4.006646975741638,4.042673620003699,445440000
2019-06-28,4.080438613891602,4.108762994332991,4.0337284316468605,4.0995698564825584,397668000
2019-07-01,4.1286396980285645,4.321940598852988,4.091122179552119,4.287653165839552,709756000
2019-07-02,4.0307464599609375,4.13311163470817,4.017578270454573,4.111992393143728,400228000
2019-07-03,4.043666362762451,4.0598163154070654,3.983787992901101,4.054101585545819,246636000
2019-07-05,3.98105525970459,3.9897512792010863,3.9176980046329457,3.9852791083025343,396552000
2019-07-08,3.906020164489746,3.9403075952902618,3.875956818917564,3.921424676121789,329788000
2019-07-09,3.908504009246826,3.936579823024056,3.8511100596908823,3.863781364988125,342860000
2019-07-10,3.976831197738647,4.034224923336196,3.938071595534883,3.951985225982774,452076000
2019-07-11,4.131373405456543,4.1721205428015145,4.012609927908385,4.049878656869001,682560000
2019-07-12,4.164417743682861,4.235477257878733,4.15920013178468,4.15920013178468,506392000
2019-07-15,4.155970096588135,4.201686518778212,4.127646188167227,4.185537038267442,289840000
2019-07-16,4.151249408721924,4.1783312304111115,4.095594409841845,4.141062507589218,341444000
2019-07-17,4.2165961265563965,4.223552945373888,4.12367236218248,4.152990519741264,348204000
2019-07-18,4.228271484375,4.291131620960904,4.170380637187413,4.227029398974181,442192000
2019-07-19,4.185040473937988,4.272994921990984,4.179077420349852,4.266535223710774,344896000
2019-07-22,4.256595134735107,4.269515000614863,4.198952619741011,4.206406552559214,315940000
2019-07-23,4.36442756652832,4.366415092995309,4.280199853346676,4.295853164441361,428176000
2019-07-24,4.438964366912842,4.444679097034165,4.331630371171994,4.407658697138014,366236000
2019-07-25,4.307778358459473,4.410143543446418,4.284423266209168,4.397471997240203,392700000
2019-07-26,4.349767684936523,4.396477865521099,4.334860291406818,4.334860291406818,274160000
2019-07-29,4.3435564041137695,4.3597063572260515,4.255353652473047,4.342562641043361,248160000
2019-07-30,4.35921049118042,4.371384921611379,4.282685026002463,4.297095779407486,197772000
2019-07-31,4.191996097564697,4.328648698706648,4.1497580897786355,4.327654461810294,359416000
2019-08-01,4.0975823402404785,4.292870766755365,4.0454057500594125,4.202431691299694,421212000
2019-08-02,4.004907608032227,4.074227926198215,3.9574522139465897,4.004907608032227,428348000
2019-08-05,3.7465102672576904,3.822538597461443,3.699551523029263,3.8212962750592463,589156000
2019-08-06,3.785269975662231,3.8667644843534026,3.73756602327395,3.8212966177100736,361272000
2019-08-07,3.8235323429107666,3.835458448357647,3.707005203339961,3.724397242992687,372560000
2019-08-08,3.9321093559265137,3.933351678465907,3.8237813421486058,3.8811753165553458,309300000
2019-08-09,3.830737352371216,3.8945912483711345,3.7803002052439703,3.8911128407726174,341816000
2019-08-12,3.7629082202911377,3.83073740636705,3.741043774400308,3.778561054705098,279200000
2019-08-13,3.877199649810791,3.923164634315361,3.7224100107760902,3.761417941921215,351956000
2019-08-14,3.728621006011963,3.800177163150289,3.6848923486268808,3.7889964987881273,419880000
2019-08-15,3.6963210105896,3.767380279928316,3.6620338166533615,3.747503597685824,477200000
2019-08-16,3.9644079208374023,4.013602505317011,3.897820825677204,3.9591903098024632,1007960000
2019-08-19,4.243178367614746,4.25907999699463,4.061555269228273,4.077705220878908,815112000
2019-08-20,4.170876502990723,4.2382087902532914,4.14975726633966,4.237711671903758,463188000
2019-08-21,4.254358291625977,4.309516155591337,4.215350376506548,4.236966257744536,427244000
2019-08-22,4.260570049285889,4.3065347769954645,4.221313338863427,4.264048455989345,303488000
2019-08-23,4.0359625816345215,4.238456534141436,4.016085906620778,4.184044118520164,568056000
2019-08-26,4.110750198364258,4.13882625430878,4.0724877161807695,4.114725724287434,318208000
2019-08-27,4.020062446594238,4.151745274110044,3.9907443080013145,4.149012307613659,290968000
2019-08-28,4.009618759155273,4.062344150691334,3.954406262671588,3.993701856730591,255612000
2019-08-29,4.153368949890137,4.185700354271746,4.097658861975754,4.101140712822491,357976000
2019-08-30,4.166053295135498,4.24936963634604,4.147897859053402,4.199628494635267,290616000
2019-09-03,4.082984447479248,4.126259006141953,4.060103853541809,4.093181429841881,296140000
2019-09-04,4.197140693664551,4.204602005993086,4.14366914122656,4.14366914122656,227728000
2019-09-05,4.470219135284424,4.47643665878179,4.2976179885950545,4.299358914148982,695676000
2019-09-06,4.44310998916626,4.503793814868232,4.405058195453415,4.446840408356419,376976000
2019-09-09,4.489120006561279,4.575669617235703,4.472705498835086,4.474197856182906,417524000
2019-09-10,4.555773735046387,4.582384755788009,4.446592082100578,4.456291457142539,352812000
2019-09-11,4.584374904632568,4.632623687982583,4.54134889838539,4.570447499025006,361512000
2019-09-12,4.582881450653076,4.68559651680179,4.574923002833702,4.6308816543812075,327840000
2019-09-13,4.524934768676758,4.553287192918415,4.481162579968584,4.516230139440291,324592000
2019-09-16,4.481907844543457,4.516477786278243,4.439379454039742,4.449825006992703,231832000
2019-09-17,4.503297328948975,4.507525359346143,4.442115883815484,4.488623743817637,223048000
2019-09-18,4.476187705993652,4.512001438992079,4.389638562797423,4.49633310869276,258152000
2019-09-19,4.400581359863281,4.500560763185718,4.389886764733637,4.482156287610649,245476000
2019-09-20,4.294881343841553,4.42321315808413,4.284684834184158,4.399586381787043,350244000
2019-09-23,4.348353385925293,4.39386649268725,4.291399979035365,4.295130872616926,249712000
2019-09-24,4.290902137756348,4.409285530015651,4.255337453900069,4.379689800542464,317268000
2019-09-25,4.4326653480529785,4.452313143606244,4.245639149597959,4.290406086558118,308432000
2019-09-26,4.410529136657715,4.431669283656626,4.359544690134751,4.422964656764894,234564000
2019-09-27,4.27175235748291,4.419482924890661,4.211068061333984,4.3687470450950885,362056000
2019-09-30,4.329202651977539,4.339399635853765,4.266280297759916,4.297617428009608,186184000
2019-10-01,4.327461242675781,4.50155470462264,4.322736077759915,4.352331805006264,366008000
2019-10-02,4.303587436676025,4.317514842701942,4.231214259477042,4.305576930574959,293372000
2019-10-03,4.50926399230957,4.515481513485148,4.277720031368588,4.3080619331732315,450588000
2019-10-04,4.525679111480713,4.555026270819616,4.446342259169057,4.5115026679278225,265524000
2019-10-07,4.584374904632568,4.684105280229583,4.581887800150264,4.590592428654991,480984000
2019-10-08,4.407793045043945,4.492601244327179,4.389637614345289,4.492601244327179,444436000
2019-10-09,4.494342803955078,4.543835369834429,4.455793875766572,4.484643429882052,292412000
2019-10-10,4.552042007446289,4.603026452067715,4.4868815922346394,4.492104368174887,309124000
2019-10-11,4.625660419464111,4.708976292793463,4.617204358303706,4.636105974650476,446404000
2019-10-14,4.639089107513428,4.659980212895733,4.585866122915701,4.616954212886972,200040000
2019-10-15,4.883814334869385,4.956436541409517,4.715441229267077,4.729369107133634,664124000
2019-10-16,4.830093860626221,4.954695253064103,4.818653562070151,4.8497416495673775,428944000
2019-10-17,4.832083702087402,4.9196275758296,4.777616934003701,4.874612087029121,263436000
2019-10-18,4.737576007843018,4.86516164659299,4.663213352051364,4.832581200278946,307440000
2019-10-21,4.8748602867126465,4.888290551661717,4.7801036766308185,4.799005285035759,261868000
2019-10-22,4.8649139404296875,5.037017491288982,4.8572040588339185,4.931815295939197,328720000
2019-10-23,4.851980686187744,4.866156658213106,4.751006533420689,4.782840802817358,279916000
2019-10-24,4.896002769470215,4.929577499147939,4.859194281672552,4.893266622068747,232020000
2019-10-25,5.087005615234375,5.107896717164591,4.9688707979910705,4.976580677184345,423092000
2019-10-28,5.142964839935303,5.195441168710671,5.101430725108639,5.130777888075237,330792000
2019-10-29,5.046716213226318,5.135503886966472,5.0273174648628975,5.129037321267588,211236000
2019-10-30,5.048705577850342,5.0792965313522265,4.980560443479402,5.073576144485224,205960000
2019-10-31,4.999462604522705,5.048706132637017,4.919628593911619,5.027815025140034,209732000
2019-11-01,5.038509368896484,5.07084077539784,4.939027096410339,4.964146232646767,283640000
2019-11-04,5.235235214233398,5.247670737342684,5.096458286647373,5.119587458333909,376716000
2019-11-05,5.213099002838135,5.261098729925604,5.165098801384125,5.2349848518961615,300868000
2019-11-06,5.16385555267334,5.214590952245611,5.076311206589392,5.188974684389315,269012000
2019-11-07,5.181514739990234,5.265079647165269,5.136747808490513,5.250406062923324,280340000
2019-11-08,5.1675872802734375,5.1991729847474,5.127048379340189,5.164603039575898,189100000
2019-11-11,5.177535533905029,5.200664703086255,5.080540361625758,5.166840937752793,243436000
2019-11-12,5.213099002838135,5.269057651734468,5.180767128201791,5.2158346746745705,283504000
2019-11-13,5.187233924865723,5.209368342980656,5.120829721787799,5.181762106581593,300188000
2019-11-14,5.217576503753662,5.219815039843929,5.136250141306643,5.196187787124285,518080000
2019-11-15,5.078300952911377,5.267067521842271,4.990010432098567,5.21533690351096,1053628000
2019-11-18,5.279505252838135,5.306116277333899,5.067857525855879,5.070841766918,574588000
2019-11-19,5.172810077667236,5.27204331534341,5.114613351719055,5.248416534703051,414564000
2019-11-20,5.2521467208862305,5.335960191924732,5.137245157265,5.149929247041148,472588000
2019-11-21,5.22727632522583,5.303379917672177,5.205639038635529,5.247670296792932,288388000
2019-11-22,5.24493408203125,5.29641566752283,5.22130682973307,5.249907815976528,224100000
2019-11-25,5.501597881317139,5.506572090196298,5.360084816961732,5.373017475427545,506476000
2019-11-26,5.396892070770264,5.48866397418946,5.390425505825156,5.483938334519332,385244000
2019-11-27,5.431736469268799,5.476785177188441,5.405354568093553,5.442438955359344,215784000
2019-11-29,5.394402027130127,5.429246218269743,5.370508596224962,5.400873362465484,141556000
2019-12-02,5.207984924316406,5.4008736416527015,5.192803015127847,5.387433467394658,372036000
2019-12-03,5.1684136390686035,5.172395562482075,4.986974080154775,5.024307223097743,465232000
2019-12-04,5.212217330932617,5.274439390328195,5.183595240576649,5.252039410968456,273424000
2019-12-05,5.19529390335083,5.24980040049692,5.164680372594099,5.23412050778983,184884000
2019-12-06,5.280660629272461,5.313514338329015,5.254527482573958,5.264483238297137,232236000
2019-12-09,5.280660629272461,5.335416336316824,5.2490521017561464,5.257763150655648,211880000
2019-12-10,5.325710296630859,5.3774790918331785,5.258012385749654,5.3107766616725405,256388000
2019-12-11,5.409337043762207,5.414812900478476,5.333675277744945,5.336164217212946,233796000
2019-12-12,5.576838493347168,5.595007322829574,5.3715059874596935,5.380465789086191,404348000
2019-12-13,5.574848175048828,5.69904355345229,5.520839183395513,5.579826054178629,454704000
2019-12-16,5.603718280792236,5.6761448460180475,5.594260501579074,5.622385087709869,320976000
2019-12-17,5.6818695068359375,5.704518236970812,5.612927360953992,5.622385140255545,321196000
2019-12-18,5.712234020233154,5.772713869839721,5.708251622324569,5.716713921182411,343548000
2019-12-19,5.86032247543335,5.87376265328227,5.741851713065646,5.746829591877591,445360000
2019-12-20,5.957637786865234,5.983024208500768,5.907611198148669,5.926775508813562,603044000
2019-12-23,5.943948745727539,6.018366273885949,5.9332467340486685,5.986259764132707,355060000
2019-12-24,5.93897008895874,5.95614343547066,5.89417013713922,5.928516830163061,138864000
2019-12-26,5.953158378601074,5.981282493413734,5.923540330405871,5.94245589111793,182852000
2019-12-27,5.89541482925415,5.981779064559832,5.869032456133393,5.968338889160913,254644000
2019-12-30,5.782171726226807,5.878740485662543,5.750811944449215,5.873513855366277,258056000
2019-12-31,5.856339454650879,5.86579723273448,5.727664207248046,5.746828514894233,231004000
2020-01-02,5.971077919006348,5.971077919006348,5.891682979787332,5.942207075173676,237536000
2020-01-03,5.875504493713379,5.9193089700123815,5.826473387405685,5.851362305182769,205384000
2020-01-06,5.900144577026367,5.9053712073821005,5.756038640237342,5.782171792016009,262636000
2020-01-07,5.971574783325195,6.017370217404022,5.883468334889304,5.928517039782527,314856000
2020-01-08,5.982776641845703,6.024092188442411,5.927274660437708,5.967345499763796,277108000
2020-01-09,6.0484795570373535,6.12090609653212,5.9947198178284475,6.06913731811867,255112000
2020-01-10,6.080838203430176,6.186118028449944,6.066651769083089,6.155753723131289,316296000
2020-01-13,6.271486282348633,6.296623954505938,6.141317545571688,6.163966752912107,319840000
2020-01-14,6.154508590698242,6.254063792280203,6.141317164517189,6.2286768954430665,359088000
2020-01-15,6.111948013305664,6.1896012087473915,6.086063614825088,6.167201230265484,263104000
2020-01-16,6.195574760437012,6.201548119865506,6.142063751814368,6.165459211777373,284192000
2020-01-17,6.204286098480225,6.2222061775969015,6.156748447081117,6.2147393592857885,253792000
2020-01-21,6.170936584472656,6.204536561495266,6.136838629576711,6.167700915087865,217916000
2020-01-22,6.224944114685059,6.31155712176519,6.197317502973292,6.216233063669337,239240000
2020-01-23,6.2933878898620605,6.301850188800662,6.176161835918426,6.265015025340445,244516000
2020-01-24,6.2341532707214355,6.458650589403411,6.179895527061451,6.408872747111983,373512000
2020-01-27,5.978295803070068,6.029317874683954,5.77993165006869,5.9295134446454965,470536000
2020-01-28,6.171682834625244,6.204038101810153,5.990989512300894,6.0442517783573875,310976000
2020-01-29,6.111202239990234,6.193335342652405,6.071379683662624,6.157246432843524,258848000
2020-01-30,6.117920398712158,6.131360573548575,5.958383358696446,6.0133873406747975,290504000
2020-01-31,5.884464740753174,6.084073126385558,5.842651697517958,6.072126406970737,370420000
2020-02-03,5.981531143188477,6.000944205107071,5.860073468931658,5.8662955798175345,255564000
2020-02-04,6.150775909423828,6.169940698178717,6.073371923868579,6.1233985213907545,271544000
2020-02-05,6.241121292114258,6.281938851591867,6.157743488432498,6.271734343043309,208220000
2020-02-06,6.327983856201172,6.327983856201172,6.194331171243668,6.275468797628245,218284000
2020-02-07,6.261778354644775,6.310062726456048,6.23639146189148,6.287911501846782,189752000
2020-02-10,6.54501485824585,6.5457611128780195,6.2794507479977755,6.2844286271790315,529608000
2020-02-11,6.667466640472412,6.782204223899052,6.5913069033457505,6.653280208935729,638556000
2020-02-12,6.783199787139893,6.789671124211894,6.681404401745411,6.720231000027536,374644000
2020-02-13,6.739396572113037,6.806596521112005,6.697832275255539,6.725210137747723,528016000
2020-02-14,7.212532520294189,7.341456544672368,7.118203946999055,7.149563729349154,1041924000
2020-02-18,7.3812785148620605,7.399696571436016,7.089830500246091,7.109243562917757,620164000
2020-02-19,7.832513332366943,7.850184660782708,7.503732155214372,7.503732155214372,694332000
2020-02-20,7.683180332183838,7.872832958406956,7.375803197693167,7.78447774536213,810052000
2020-02-21,7.319056034088135,7.596068848922085,7.234185246897619,7.570931179614776,768180000
2020-02-24,6.801616668701172,7.015411926138312,6.6702037264038765,6.724710209301433,856916000
2020-02-25,6.522115230560303,6.938754022182925,6.420319858510135,6.876780723963402,1055496000
2020-02-26,6.661493301391602,6.855626291029535,6.520871793715685,6.522364777496906,747732000
2020-02-27,6.290676593780518,6.6492901160508096,6.198283766428199,6.347955007233262,906416000
2020-02-28,6.725744247436523,6.785264187900651,6.021467622824609,6.038152966176298,1133252000
2020-03-02,6.8841328620910645,6.913021448545588,6.499868777188003,6.895837826861566,890744000
2020-03-03,6.621647834777832,6.999686077057141,6.5362280041934895,6.939917228179043,652792000
2020-03-04,7.085353374481201,7.094816809264024,6.65427000384894,6.7289814060818225,597408000
2020-03-05,6.805934906005859,7.052730474037817,6.761357053076483,6.885875600923197,540328000
2020-03-06,6.625381946563721,6.683905807483006,6.425155938142313,6.626378022600567,515412000
2020-03-09,6.112366199493408,6.460021937653119,5.931565322628148,5.974399445452702,614160000
2020-03-10,6.501862049102783,6.501862049102783,6.126065260185184,6.388799061962937,580648000
2020-03-11,6.138016700744629,6.390291382312683,6.04089239234254,6.36190107562578,499964000
2020-03-12,5.3869218826293945,5.880264149213543,5.374220841755505,5.61479059242201,816540000
2020-03-13,5.997808933258057,6.002291513290289,5.469103414722863,5.740304494178519,634836000
2020-03-16,4.891088962554932,5.630729524713613,4.8313201098048415,5.289797356213266,726972000
2020-03-17,5.410828590393066,5.500233193091708,4.7566084388934895,5.003403997386374,833632000
2020-03-18,5.050970554351807,5.228284949788543,4.499602693892896,4.983232620140205,874268000
2020-03-19,5.303743362426758,5.397381175638423,4.816128672882115,5.029553080920315,765512000
2020-03-20,5.123937606811523,5.7358213595626415,5.108497240970758,5.453911420342216,804636000
2020-03-23,5.296769618988037,5.391155078470453,4.943884109658483,5.122941742356388,643876000
2020-03-24,6.205506324768066,6.292171604857981,5.679291186682041,5.70294954037005,1101644000
2020-03-25,6.116849422454834,6.520289265304306,6.068037887825773,6.3205614963132195,793432000
2020-03-26,6.406230449676514,6.530250721317108,6.22592736148756,6.324047752504339,696108000
2020-03-27,6.293914794921875,6.5526642311293,6.193054598613622,6.225927488151051,638828000
2020-03-30,6.614176273345947,6.623390809349524,6.315331566479305,6.359411144117115,602252000
2020-03-31,6.56461763381958,6.8584814665930685,6.418930693842656,6.654270660343303,949960000
2020-04-01,6.053345203399658,6.5130679036251715,6.008767820198306,6.366634237437696,656912000
2020-04-02,6.362151145935059,6.37534998710841,6.034418319343871,6.082482203239504,675764000
2020-04-03,6.0742645263671875,6.366135773824001,5.936796025943674,6.324546620752095,663212000
2020-04-06,6.6841559410095215,6.72101361117626,6.298895318897043,6.356423114393711,727884000
2020-04-07,6.450808525085449,6.929458092806241,6.407725019484068,6.905799262273358,784520000
2020-04-08,6.648045063018799,6.672948867099333,6.489906453358047,6.559885910074075,542444000
2020-04-09,6.548430442810059,6.7967203623339065,6.485423993071213,6.773809185156452,525564000
2020-04-13,6.7202653884887695,6.7289816478123194,6.400252796179829,6.488660840747557,398408000
2020-04-14,7.071408271789551,7.1055261364577325,6.820876830501493,6.848519962641627,530948000
2020-04-15,6.993958473205566,7.076887880789214,6.857984321807403,6.903308880606586,366148000
2020-04-16,7.339122772216797,7.446208795471153,7.136157888607355,7.149356728799016,745620000
2020-04-17,7.279853343963623,7.442723456928721,7.145871343771936,7.421306153923963,539120000
2020-04-20,7.148609638214111,7.309238675011775,7.104281161663931,7.153341593716966,449388000
2020-04-21,6.711798667907715,7.091829035567349,6.652029823288924,7.030566314208489,735160000
2020-04-22,7.12619686126709,7.169031464681237,6.858482252430744,6.904055709260202,483356000
2020-04-23,7.072902679443359,7.300273585870351,7.047749973310746,7.168284222501299,424160000
2020-04-24,7.211865425109863,7.213857577547646,6.987981026144072,7.062692442567916,352328000
2020-04-27,7.398395538330078,7.558277434583946,7.3216919571832015,7.346346866302099,479388000
2020-04-28,7.255943298339844,7.575706964463241,7.250464642923559,7.545822309918801,442904000
2020-04-29,7.432761669158936,7.485557509288624,7.315465024460151,7.390674242239296,379160000
2020-04-30,7.278855800628662,7.432760720852031,7.264909785203958,7.378719436080781,375916000
2020-05-01,7.042272567749023,7.194683183473529,6.993959299365625,7.081371298090013,342096000
2020-05-04,7.254201412200928,7.267898528320557,6.9949537071019074,6.9949537071019074,317556000
2020-05-05,7.315216064453125,7.477837263737754,7.254201764682971,7.358299567249931,368896000
2020-05-06,7.416075229644775,7.520920200232866,7.3568046614743645,7.394658405012081,323464000
2020-05-07,7.59239387512207,7.655649225730638,7.503985819448694,7.555287305768912,373732000
2020-05-08,7.782410144805908,7.788635977921629,7.630248446454644,7.664117415604735,339216000
2020-05-11,8.03443431854248,8.0812532199306,7.748788480019479,7.777427686453684,469060000
2020-05-12,7.772448062896728,8.141022875859981,7.762735725697156,8.09221181454888,493060000
2020-05-13,7.750035285949707,8.047385189290235,7.56549850114975,7.887005510227171,625852000
2020-05-14,7.999568462371826,8.005047117825006,7.657889222281336,7.811545225222865,602312000
2020-05-15,8.458046913146973,8.467758774357401,7.843672178972516,7.859361447082682,987660000
2020-05-18,8.716546058654785,8.882155932664498,8.647064885649483,8.726756669383285,774460000
2020-05-19,8.771584510803223,9.052497941010737,8.728998810744676,8.756393042945989,717320000
2020-05-20,8.935450553894043,9.008169334494244,8.854513314184649,8.956369577080315,587536000
2020-05-21,8.741451263427734,9.017632732956065,8.703846419920787,9.016637131804204,761068000
2020-05-22,8.991485595703125,9.05797903478298,8.679691377999005,8.791259527464495,1038764000
2020-05-26,8.68416976928711,9.146383190789784,8.638596327727678,9.121478918079026,770780000
2020-05-27,8.492414474487305,8.599499552152,7.96594949684625,8.591779842948718,1175892000
2020-05-28,8.454314231872559,8.726760384109577,8.3469783234028,8.379851221936049,734896000
2020-05-29,8.841313362121582,8.841313362121582,8.45231740901086,8.521549680755234,745256000
2020-06-01,8.772330284118652,8.806697520882684,8.656030209707732,8.799226712890857,389876000
2020-06-02,8.79125690460205,8.803210767049968,8.624651431110726,8.762369274520486,391320000
2020-06-03,8.735723495483398,8.832101115137124,8.666491209530859,8.788270910721511,365440000
2020-06-04,8.736721992492676,8.912870831436944,8.648023612555617,8.698351988030383,424280000
2020-06-05,8.88969898223877,8.96643707994783,8.678419249212652,8.764625577406946,481748000
2020-06-08,8.775091171264648,8.859552513936833,8.6562459473122,8.847095164462296,387736000
2020-06-09,9.015271186828612,9.078804900685602,8.72152316013126,8.770107485305786,468488000
2020-06-10,9.334930419921877,9.46772799834327,9.12240468175973,9.136607026501476,632180000
2020-06-11,8.766369819641113,9.229789434182624,8.756154547254663,9.118917422183276,583652000
2020-06-12,8.902155876159668,9.156040732560726,8.673684691916993,9.131375052473423,570908000
2020-06-15,9.142585754394531,9.151056977868004,8.714046204354432,8.78530408707632,400004000
2020-06-16,9.037694931030272,9.235272266881235,8.808725684298462,9.19366413237696,535716000
2020-06-17,9.20462417602539,9.267409883163973,9.03943674835207,9.082789870444396,408304000
2020-06-18,9.186685562133787,9.250966302054232,9.083536801290917,9.19565481298218,254408000
2020-06-19,9.229790687561035,9.412916672824586,9.195906734704266,9.211105138399326,524160000
2020-06-22,9.494386672973633,9.498871773981955,9.241747842834547,9.268407534142762,398468000
2020-06-23,9.417898178100586,9.609744370023234,9.37554300672744,9.518554914018466,375108000
2020-06-24,9.20412826538086,9.524037959353112,9.113436828219283,9.444059823033964,449372000
2020-06-25,9.457762718200684,9.47271210611004,9.151058380419418,9.323969070455242,376072000
2020-06-26,9.123902320861816,9.46773070194911,9.094004490030066,9.46773070194911,592084000
2020-06-29,9.168747901916504,9.17323300343453,8.869766795785965,9.138601062533104,342248000
2020-06-30,9.46548557281494,9.493888360378252,9.235021339890494,9.282359635974212,367892000
2020-07-01,9.497625350952148,9.543220549413103,9.38102318446714,9.488407085889031,326648000
2020-07-02,9.579598426818848,9.70442282760441,9.54571352620814,9.606257171832585,364056000
2020-07-06,9.805825233459473,9.875089108391595,9.679505816564967,9.708656597453643,315892000
2020-07-07,9.838214874267578,10.035791223092335,9.817286303933148,9.912461876354556,357800000
2020-07-08,10.18129539489746,10.190265597048889,9.931646628346138,9.959800403312192,365480000
2020-07-09,10.473301887512209,10.534094547843514,10.198737434711536,10.344989389421626,494548000
2020-07-10,10.443652153015137,10.61905392719354,10.343493443043974,10.552780115287431,497676000
2020-07-13,10.018104553222656,10.7555907024869,9.990946826745455,10.559011304257549,457076000
2020-07-14,10.341750144958496,10.36741283425982,9.752259134498589,10.040775965444766,542676000
2020-07-15,10.192506790161133,10.397557343822024,10.021589192844909,10.37887180037714,403984000
2020-07-16,10.100321769714355,10.172076731074126,9.861884339535033,9.980978547691462,344964000
2020-07-17,10.166845321655272,10.213685593661824,10.053482225991832,10.19076396064472,266284000
2020-07-20,10.47504711151123,10.49547766000352,10.122249480410373,10.239350662892605,284852000
2020-07-21,10.293414115905762,10.524128339173831,10.25180598532388,10.477287115097871,277036000
2020-07-22,10.40328884124756,10.566482262810975,10.256538888598485,10.332280922279889,367292000
2020-07-23,10.095340728759766,10.511173062182085,9.997175070301086,10.414502437665949,411660000
2020-07-24,10.159870147705078,10.329541762567551,9.743788814776028,9.841455491581248,473292000
2020-07-27,10.386096954345703,10.406277531256803,10.183038512490914,10.197489869903114,292132000
2020-07-28,10.18079948425293,10.34673400204098,10.17457128474858,10.339010768533832,271636000
2020-07-29,10.42994785308838,10.48052523133756,10.311850649072026,10.355451837217872,284508000
2020-07-30,10.57794189453125,10.586911144390022,10.260274388194826,10.339753518235089,308880000
2020-07-31,10.578691482543944,10.729926548729097,10.397558592820966,10.527366109282356,386080000
2020-08-03,10.972848892211914,11.061048285507654,10.678850914559442,10.696042378108976,412720000
2020-08-04,11.189610481262209,11.189610481262209,10.868953739845129,11.01246464203605,310336000
2020-08-05,11.248409271240234,11.333120568178716,11.12831899195888,11.205805084089429,249924000
2020-08-06,11.296992301940918,11.319415905932198,11.140775066047947,11.311193696033984,244316000
2020-08-07,11.161456108093262,11.465669360906174,11.000006708128012,11.274072170779698,342516000
2020-08-10,11.127073287963867,11.369496879369624,10.819620950570869,11.29574884493329,427796000
2020-08-11,10.81314182281494,11.098917544126015,10.759075400874924,11.036130884846417,354512000
2020-08-12,11.401386260986328,11.428044999705826,10.921023332854274,10.953413191915978,464412000
2020-08-13,11.404128074645996,11.68193158165282,11.317174705404248,11.506777872851409,374460000
2020-08-14,11.524717330932615,11.6649891360862,11.401636988520456,11.490832433229327,366436000
2020-08-17,12.295092582702637,12.36759555091088,11.777108468542542,11.81099241956231,621300000
2020-08-18,12.219100952148438,12.4535522966283,12.045194202427965,12.407708076223615,503448000
2020-08-19,12.097261428833008,12.273161164726735,12.056898382986583,12.254724639264532,622624000
2020-08-20,12.09975814819336,12.332963481130468,11.8383990359287,11.934322617469864,921388000
2020-08-21,12.640414237976074,12.765238624874096,12.15382210104728,12.160300263755312,999868000
2020-08-24,12.677037239074709,12.868634383475165,12.465009554237854,12.839981634008474,490564000
2020-08-25,12.70668601989746,12.717897345471156,12.531034315766782,12.58784083646991,289076000
2020-08-26,12.729609489440918,12.82478506539273,12.634682927368807,12.75577020332935,321244000
2020-08-27,12.58535099029541,12.806347947098889,12.523810349181772,12.738080129802974,317604000
2020-08-28,13.103087425231934,13.103336439127528,12.599553765736273,12.631943630422956,537160000
2020-08-31,13.329068183898926,13.52888663787732,12.993462065874189,13.137969018429311,500840000
2020-09-01,13.778170585632324,13.95038477629032,13.394861600029344,13.4382267458466,511316000
2020-09-02,14.302045822143556,14.681117543199818,13.856928587081113,14.658188096874104,874012000
2020-09-03,12.975168228149414,13.841474893223763,12.838841762272091,13.785897755272424,945128000
2020-09-04,12.58338451385498,13.134172141716103,11.668478174710607,12.744133979096368,1463684000
2020-09-08,11.876086235046388,12.511112497161491,11.667983300343312,11.698139163954473,795728000
2020-09-09,12.6756010055542,12.769558685379517,12.19384780494827,12.361576543239256,736200000
2020-09-10,12.273597717285156,13.024762692469324,12.129295687593542,12.948997994743744,698684000
2020-09-11,12.126806259155272,12.613294016291684,11.858888841112012,12.446811679539705,636928000
2020-09-14,12.832361221313477,13.273739209787468,12.592108805183384,13.040465071713278,1201744000
2020-09-15,12.950742721557615,13.2575387925387,12.787998642925388,13.238846706255323,727556000
2020-09-16,12.475717544555664,13.05217549389546,12.47497027949737,12.917095450622478,556384000
2020-09-17,12.42487621307373,12.550735236367329,11.997454851454291,12.09465255135114,792512000
2020-09-18,12.151476860046388,12.593352980887191,11.951598651235248,12.55472336706476,698460000
2020-09-21,12.478461265563965,12.483694973903694,11.867610018715604,11.88804667529522,721044000
2020-09-22,12.598586082458496,12.608804409623732,12.117831282562603,12.536030677655903,646452000
2020-09-23,12.086179733276367,12.687560838178769,12.04181823412238,12.53652961819629,647012000
2020-09-24,12.309736251831056,12.530550274972123,11.97677159825077,12.03484152218712,731240000
2020-09-25,12.833857536315918,12.843577688833532,12.207804227081589,12.4089288617746,588016000
2020-09-28,12.994606018066406,13.011304446570705,12.710489349429492,12.999839726157738,573808000
2020-09-29,13.184764862060549,13.401092411141748,12.89317174291456,12.89740814672181,621460000
2020-09-30,13.488569259643556,13.580284158354722,13.109497680908255,13.11672504576124,689184000
2020-10-01,13.572310447692873,13.720100667181514,13.41903648100408,13.71536608655448,525004000
2020-10-02,13.021773338317873,13.477606072110223,13.010557705011829,13.184019258253109,552496000
2020-10-05,13.600224494934082,13.601969064421914,13.18177500481166,13.194984295527709,479820000
2020-10-06,13.69393253326416,14.098176363229635,13.622654275454853,13.787142928368263,784420000
2020-10-07,13.92072582244873,14.0754952559767,13.820537161801743,13.956365422396289,418084000
2020-10-08,13.79586410522461,14.040852960874489,13.715364833292714,14.031381899047844,378900000
2020-10-09,13.720101356506348,13.781411326549796,13.618418151320464,13.724338711308537,346892000
2020-10-12,14.181917190551758,14.302542532312062,13.869389192426144,13.946150254972268,434744000
2020-10-13,14.204096794128418,14.304036377631371,13.975308163127476,14.25219747228432,344604000
2020-10-14,14.0515718460083,14.298304361964878,13.916740866696482,14.246216365246951,276100000
2020-10-15,13.92671012878418,13.962348784110764,13.725086380494536,13.767953352964804,267224000
2020-10-16,13.76870059967041,14.07774039175941,13.749759423521498,13.99325283964249,242392000
2020-10-19,13.455924034118652,13.940168059936456,13.365205465785674,13.859917859739577,298068000
2020-10-20,13.603217124938965,13.756989297836052,13.465146079357403,13.541408969381164,229212000
2020-10-21,13.48284149169922,13.74876526544246,13.435738107562516,13.582781096915694,219596000
2020-10-22,13.31959629058838,13.569568842575755,13.190746292496502,13.480595803068136,290480000
2020-10-23,13.548136711120604,13.55112767335209,13.250063461704103,13.408321110787174,233484000
2020-10-26,13.100528717041016,13.650320097165912,12.998097284565896,13.385393648162433,336896000
2020-10-27,13.355237007141112,13.400346726970827,13.150622291842872,13.264767528358536,250520000
2020-10-28,12.587871551513672,13.218910396008535,12.569927679431007,13.157102246605223,376520000
2020-10-29,12.98363971710205,13.151866582703397,12.710488656298974,12.79871442390701,320080000
2020-10-30,12.495159149169922,12.896411055077888,12.261884079576626,12.810179890792629,416820000
2020-11-02,12.541765213012695,12.796971486220077,12.35659080784414,12.618526270619803,299652000
2020-11-03,12.979156494140623,13.064391321084145,12.56369791533839,12.669120313420844,272900000
2020-11-04,13.751503944396973,13.784651715579656,13.295671227164693,13.347759223710232,410228000
2020-11-05,14.116121292114258,14.294566513756212,13.947645310964258,14.118614077596796,319028000
2020-11-06,14.516875267028809,14.543541985718916,13.851942362045998,14.06602622889892,383348000
2020-11-09,13.588508605957031,14.645971395758416,13.568571079455158,14.507402211518222,582976000
2020-11-10,12.730429649353027,13.564336776684897,12.5891185599537,13.564336776684897,644068000
2020-11-11,13.376419067382812,13.393366583689213,12.90812437650842,13.013297662236877,404744000
2020-11-12,13.415051460266112,13.723343065028084,13.274737671002764,13.43723268908236,365812000
2020-11-13,13.2557954788208,13.626393386360808,13.018782160079738,13.58502189438396,346312000
2020-11-16,13.47336769104004,13.6072013508254,13.115230905233268,13.131679294091388,413776000
2020-11-17,13.380657196044922,13.55411779538012,13.262524644847929,13.510503557144846,312028000
2020-11-18,13.387136459350586,13.563588009896126,13.1441421824514,13.423523328788992,510924000
2020-11-19,13.398601531982422,13.445704907564874,13.059405888959796,13.17180655068119,565936000
2020-11-20,13.047192573547363,13.452681814970418,13.024512222080595,13.41230763297263,341088000
2020-11-23,13.099284172058104,13.341032104619744,12.975169679315655,13.130437339461547,361356000
2020-11-24,12.917594909667969,13.12121133321575,12.845070266957617,13.101771983293112,346500000
2020-11-25,13.193737030029297,13.228379329098727,12.979653173979193,12.992114247965226,259916000
2020-11-27,13.2201566696167,13.365954204656186,13.129688136870538,13.333554646789729,167276000
2020-11-30,13.359971046447754,13.370937590814924,12.932051446429709,13.223894627264986,286952000
2020-12-01,13.348508834838867,13.486828967158198,13.187259257531718,13.450442092292176,296948000
2020-12-02,13.502528190612791,13.631128151987834,13.19323932249745,13.309129121055353,283360000
2020-12-03,13.358434677124023,13.621694304141696,13.291623122358182,13.549397381312977,199520000
2020-12-04,13.52022647857666,13.521971563114915,13.351201489300315,13.410783525535034,202244000
2020-12-07,13.56859302520752,13.692744171965034,13.462142841272858,13.563108608262407,223244000
2020-12-08,13.312562942504885,13.56061510598697,13.24425451987971,13.546903589065858,271920000
2020-12-09,12.894487380981444,13.376381837972524,12.832162653647892,13.26320049071074,401300000
2020-12-10,12.935873031616213,13.032102820669692,12.813466967276163,12.83291301548905,207764000
2020-12-11,12.976758003234863,12.983489181090263,12.787041115310338,12.930886519220268,209264000
2020-12-14,13.271427154541016,13.35120272682699,13.040825861183126,13.051296369383168,270156000
2020-12-15,13.32303237915039,13.426241539720865,13.149769716731504,13.402059515570322,193016000
2020-12-16,13.205363273620604,13.399566952819772,13.175446720365391,13.384857838152648,223116000
2020-12-17,13.303837776184082,13.341980481922512,13.141543929806868,13.329265612676409,231384000
2020-12-18,13.234781265258787,13.367407711372202,13.033846398297577,13.341480601086888,342064000
2020-12-21,13.294862747192385,13.332507130400108,12.93113568684749,13.0380851445966,302332000
2020-12-22,13.241012573242188,13.299847130440972,13.017391613694231,13.281897959126036,185580000
2020-12-23,12.97276496887207,13.237769598854852,12.968527314135624,13.218822831504266,179144000
2020-12-24,12.957310676574709,13.09567164994418,12.902465562166906,13.000688634360822,97884000
2020-12-28,12.863821983337402,13.025866637699115,12.727456224694288,13.025866637699115,212564000
2020-12-29,12.906951904296877,13.035839963058338,12.806235314111811,12.888753571154451,170372000
2020-12-30,13.108885765075684,13.17669491469826,12.860584432443018,12.953821418799093,225396000
2020-12-31,13.018389701843262,13.114120204120733,12.87878196648037,13.099661201740249,192424000
