stock,mae,rmse,mape,direction_accuracy,buy_hold_value,buy_hold_return,optimal_n_days_threshold,optimal_final_value,optimal_return_percent
BA.csv,1.9831170463026389,3.740304021451951,1.3514797436886454,50.37517053206003,201838.44801916444,101.83844801916445,6,265408.77113648225,165.40877113648224
A.csv,0.709695159895194,1.1010959439354482,1.1063135352953097,48.046875,180758.93382767163,80.75893382767163,6,100958.27143809217,0.9582714380921679
AMD.csv,0.29573584397774105,0.631940275485734,2.5253979689773938,48.98464586428925,543167.3885177847,443.1673885177847,6,544295.4864472892,444.29548644728925
AAPL.csv,1.6523542540694383,2.9454099233400552,1.1872389835134165,48.56133266027259,308504.91685471666,208.50491685471667,6,168796.75429979624,68.79675429979625
